-- phpMyAdmin SQL Dump
-- version 4.9.7
-- https://www.phpmyadmin.net/
--
-- Host: localhost:3306
-- Generation Time: Oct 22, 2022 at 08:17 AM
-- Server version: 5.7.40
-- PHP Version: 7.4.30

SET SQL_MODE = "NO_AUTO_VALUE_ON_ZERO";
SET AUTOCOMMIT = 0;
START TRANSACTION;
SET time_zone = "+00:00";


/*!40101 SET @OLD_CHARACTER_SET_CLIENT=@@CHARACTER_SET_CLIENT */;
/*!40101 SET @OLD_CHARACTER_SET_RESULTS=@@CHARACTER_SET_RESULTS */;
/*!40101 SET @OLD_COLLATION_CONNECTION=@@COLLATION_CONNECTION */;
/*!40101 SET NAMES utf8mb4 */;

--
-- Database: `mia_proins54321`
--

-- --------------------------------------------------------

--
-- Table structure for table `accounts`
--

CREATE TABLE `accounts` (
  `id` int(10) UNSIGNED NOT NULL,
  `business_id` int(11) NOT NULL,
  `name` varchar(191) COLLATE utf8mb4_unicode_ci NOT NULL,
  `account_number` varchar(191) COLLATE utf8mb4_unicode_ci NOT NULL,
  `account_details` text COLLATE utf8mb4_unicode_ci,
  `account_type_id` int(11) DEFAULT NULL,
  `note` text COLLATE utf8mb4_unicode_ci,
  `created_by` int(11) NOT NULL,
  `is_closed` tinyint(1) NOT NULL DEFAULT '0',
  `deleted_at` timestamp NULL DEFAULT NULL,
  `created_at` timestamp NULL DEFAULT NULL,
  `updated_at` timestamp NULL DEFAULT NULL
) ENGINE=InnoDB DEFAULT CHARSET=utf8mb4 COLLATE=utf8mb4_unicode_ci;

--
-- Dumping data for table `accounts`
--

INSERT INTO `accounts` (`id`, `business_id`, `name`, `account_number`, `account_details`, `account_type_id`, `note`, `created_by`, `is_closed`, `deleted_at`, `created_at`, `updated_at`) VALUES
(1, 10, 'CRDB', '123456789', NULL, 4, 'Main Bank Account', 18, 0, NULL, '2021-03-12 23:31:38', '2021-03-12 23:31:38'),
(2, 20, 'Payables', '1000010000002', '[{\"label\":null,\"value\":null},{\"label\":null,\"value\":null},{\"label\":null,\"value\":null},{\"label\":null,\"value\":null},{\"label\":null,\"value\":null},{\"label\":null,\"value\":null}]', 0, NULL, 33, 0, NULL, '2022-03-08 11:16:36', '2022-03-08 11:16:36');

-- --------------------------------------------------------

--
-- Table structure for table `account_transactions`
--

CREATE TABLE `account_transactions` (
  `id` int(10) UNSIGNED NOT NULL,
  `account_id` int(11) NOT NULL,
  `type` enum('debit','credit') COLLATE utf8mb4_unicode_ci NOT NULL,
  `sub_type` enum('opening_balance','fund_transfer','deposit') COLLATE utf8mb4_unicode_ci DEFAULT NULL,
  `amount` decimal(22,4) NOT NULL,
  `reff_no` varchar(191) COLLATE utf8mb4_unicode_ci DEFAULT NULL,
  `operation_date` datetime NOT NULL,
  `created_by` int(11) NOT NULL,
  `transaction_id` int(11) DEFAULT NULL,
  `transaction_payment_id` int(11) DEFAULT NULL,
  `transfer_transaction_id` int(11) DEFAULT NULL,
  `note` text COLLATE utf8mb4_unicode_ci,
  `deleted_at` timestamp NULL DEFAULT NULL,
  `created_at` timestamp NULL DEFAULT NULL,
  `updated_at` timestamp NULL DEFAULT NULL
) ENGINE=InnoDB DEFAULT CHARSET=utf8mb4 COLLATE=utf8mb4_unicode_ci;

--
-- Dumping data for table `account_transactions`
--

INSERT INTO `account_transactions` (`id`, `account_id`, `type`, `sub_type`, `amount`, `reff_no`, `operation_date`, `created_by`, `transaction_id`, `transaction_payment_id`, `transfer_transaction_id`, `note`, `deleted_at`, `created_at`, `updated_at`) VALUES
(1, 1, 'credit', NULL, '35000.0000', NULL, '2021-01-30 21:31:32', 18, 93, 34, NULL, NULL, NULL, '2021-03-12 23:32:52', '2021-03-12 23:32:52'),
(2, 1, 'debit', NULL, '5000.0000', NULL, '2021-03-13 00:19:00', 18, 170, 72, NULL, NULL, NULL, '2021-03-13 00:22:10', '2021-03-13 00:22:10'),
(3, 2, 'debit', NULL, '1500.0000', NULL, '2022-02-18 13:32:00', 33, 296, 127, NULL, NULL, NULL, '2022-03-08 11:19:49', '2022-03-08 11:19:49');

-- --------------------------------------------------------

--
-- Table structure for table `account_types`
--

CREATE TABLE `account_types` (
  `id` int(10) UNSIGNED NOT NULL,
  `name` varchar(191) COLLATE utf8mb4_unicode_ci NOT NULL,
  `parent_account_type_id` int(11) DEFAULT NULL,
  `business_id` int(11) NOT NULL,
  `created_at` timestamp NULL DEFAULT NULL,
  `updated_at` timestamp NULL DEFAULT NULL
) ENGINE=InnoDB DEFAULT CHARSET=utf8mb4 COLLATE=utf8mb4_unicode_ci;

--
-- Dumping data for table `account_types`
--

INSERT INTO `account_types` (`id`, `name`, `parent_account_type_id`, `business_id`, `created_at`, `updated_at`) VALUES
(1, 'Purchases', NULL, 1, '2021-01-20 20:39:44', '2021-01-20 20:40:26'),
(2, 'Cash Purchases', 1, 1, '2021-01-20 20:40:05', '2021-01-20 20:41:22'),
(3, 'Credit Purchases', 1, 1, '2021-01-20 20:41:52', '2021-01-20 20:41:52'),
(4, 'BANK', NULL, 10, '2021-03-12 23:31:01', '2021-03-12 23:31:01');

-- --------------------------------------------------------

--
-- Table structure for table `activity_log`
--

CREATE TABLE `activity_log` (
  `id` int(10) UNSIGNED NOT NULL,
  `log_name` varchar(191) COLLATE utf8mb4_unicode_ci DEFAULT NULL,
  `description` text COLLATE utf8mb4_unicode_ci NOT NULL,
  `subject_id` int(11) DEFAULT NULL,
  `subject_type` varchar(191) COLLATE utf8mb4_unicode_ci DEFAULT NULL,
  `business_id` int(11) DEFAULT NULL,
  `causer_id` int(11) DEFAULT NULL,
  `causer_type` varchar(191) COLLATE utf8mb4_unicode_ci DEFAULT NULL,
  `properties` text COLLATE utf8mb4_unicode_ci,
  `created_at` timestamp NULL DEFAULT NULL,
  `updated_at` timestamp NULL DEFAULT NULL
) ENGINE=InnoDB DEFAULT CHARSET=utf8mb4 COLLATE=utf8mb4_unicode_ci;

--
-- Dumping data for table `activity_log`
--

INSERT INTO `activity_log` (`id`, `log_name`, `description`, `subject_id`, `subject_type`, `business_id`, `causer_id`, `causer_type`, `properties`, `created_at`, `updated_at`) VALUES
(1, 'default', 'edited', 23, 'App\\Transaction', 5, 5, 'App\\User', '[]', '2020-04-01 13:41:29', '2022-01-07 07:13:41'),
(2, 'default', 'added', 35, 'App\\Transaction', 1, 1, 'App\\User', '[]', '2021-01-17 19:57:25', '2022-01-07 07:13:41'),
(3, 'default', 'added', 42, 'App\\Transaction', 1, 1, 'App\\User', '[]', '2021-01-19 15:11:46', '2022-01-07 07:13:41'),
(4, 'default', 'added', 51, 'App\\Transaction', 1, 1, 'App\\User', '[]', '2021-01-20 13:51:18', '2022-01-07 07:13:41'),
(5, 'default', 'added', 57, 'App\\Transaction', 1, 1, 'App\\User', '[]', '2021-01-20 14:12:43', '2022-01-07 07:13:41'),
(6, 'default', 'added', 58, 'App\\Transaction', 1, 15, 'App\\User', '[]', '2021-01-20 14:42:35', '2022-01-07 07:13:41'),
(7, 'default', 'added', 59, 'App\\Transaction', 1, 15, 'App\\User', '[]', '2021-01-20 14:43:08', '2022-01-07 07:13:41'),
(8, 'default', 'added', 62, 'App\\Transaction', 1, 1, 'App\\User', '[]', '2021-01-20 17:30:46', '2022-01-07 07:13:41'),
(9, 'default', 'added', 71, 'App\\Transaction', 1, 1, 'App\\User', '[]', '2021-01-21 13:30:24', '2022-01-07 07:13:41'),
(10, 'default', 'added', 72, 'App\\Transaction', 1, 1, 'App\\User', '[]', '2021-01-21 14:12:43', '2022-01-07 07:13:41'),
(11, 'default', 'added', 73, 'App\\Transaction', 1, 1, 'App\\User', '[]', '2021-01-21 14:12:59', '2022-01-07 07:13:41'),
(12, 'default', 'added', 74, 'App\\Transaction', 1, 1, 'App\\User', '[]', '2021-01-21 14:13:20', '2022-01-07 07:13:41'),
(13, 'default', 'added', 75, 'App\\Transaction', 1, 1, 'App\\User', '[]', '2021-01-21 19:55:34', '2022-01-07 07:13:41'),
(14, 'default', 'added', 76, 'App\\Transaction', 1, 1, 'App\\User', '[]', '2021-01-21 19:56:30', '2022-01-07 07:13:41'),
(15, 'default', 'added', 80, 'App\\Transaction', 1, 1, 'App\\User', '[]', '2021-01-22 13:45:13', '2022-01-07 07:13:41'),
(16, 'default', 'added', 81, 'App\\Transaction', 1, 1, 'App\\User', '[]', '2021-01-22 13:51:35', '2022-01-07 07:13:41'),
(17, 'default', 'added', 82, 'App\\Transaction', 2, 2, 'App\\User', '[]', '2021-01-29 21:40:30', '2022-01-07 07:13:41'),
(18, 'default', 'added', 83, 'App\\Transaction', 2, 2, 'App\\User', '[]', '2021-01-29 21:40:53', '2022-01-07 07:13:41'),
(19, 'default', 'added', 84, 'App\\Transaction', 2, 2, 'App\\User', '[]', '2021-01-29 21:45:15', '2022-01-07 07:13:41'),
(20, 'default', 'added', 85, 'App\\Transaction', 2, 2, 'App\\User', '[]', '2021-01-29 21:47:19', '2022-01-07 07:13:41'),
(21, 'default', 'edited', 83, 'App\\Transaction', 2, 2, 'App\\User', '[]', '2021-01-29 21:48:27', '2022-01-07 07:13:41'),
(22, 'default', 'added', 86, 'App\\Transaction', 2, 2, 'App\\User', '[]', '2021-01-29 22:00:05', '2022-01-07 07:13:41'),
(23, 'default', 'added', 93, 'App\\Transaction', 10, 18, 'App\\User', '[]', '2021-01-30 21:31:32', '2022-01-07 07:13:41'),
(24, 'default', 'added', 94, 'App\\Transaction', 10, 18, 'App\\User', '[]', '2021-01-30 21:38:58', '2022-01-07 07:13:41'),
(25, 'default', 'edited', 94, 'App\\Transaction', 10, 18, 'App\\User', '[]', '2021-01-30 21:40:01', '2022-01-07 07:13:41'),
(26, 'default', 'added', 95, 'App\\Transaction', 10, 18, 'App\\User', '[]', '2021-01-30 21:47:22', '2022-01-07 07:13:41'),
(27, 'default', 'added', 96, 'App\\Transaction', 10, 18, 'App\\User', '[]', '2021-01-30 21:59:34', '2022-01-07 07:13:41'),
(28, 'default', 'edited', 95, 'App\\Transaction', 10, 18, 'App\\User', '[]', '2021-01-30 22:01:32', '2022-01-07 07:13:41'),
(29, 'default', 'added', 97, 'App\\Transaction', 10, 18, 'App\\User', '[]', '2021-02-02 11:36:37', '2022-01-07 07:13:41'),
(30, 'default', 'added', 100, 'App\\Transaction', 10, 18, 'App\\User', '[]', '2021-02-05 18:34:34', '2022-01-07 07:13:41'),
(31, 'default', 'added', 101, 'App\\Transaction', 10, 18, 'App\\User', '[]', '2021-02-05 18:34:56', '2022-01-07 07:13:41'),
(32, 'default', 'added', 102, 'App\\Transaction', 10, 18, 'App\\User', '[]', '2021-02-05 18:37:11', '2022-01-07 07:13:41'),
(33, 'default', 'added', 105, 'App\\Transaction', 10, 18, 'App\\User', '[]', '2021-02-06 13:56:32', '2022-01-07 07:13:41'),
(34, 'default', 'added', 106, 'App\\Transaction', 10, 18, 'App\\User', '[]', '2021-02-15 16:07:04', '2022-01-07 07:13:41'),
(35, 'default', 'added', 107, 'App\\Transaction', 10, 18, 'App\\User', '[]', '2021-02-15 16:23:06', '2022-01-07 07:13:41'),
(36, 'default', 'added', 108, 'App\\Transaction', 10, 18, 'App\\User', '[]', '2021-02-16 11:37:10', '2022-01-07 07:13:41'),
(37, 'default', 'added', 110, 'App\\Transaction', 10, 18, 'App\\User', '[]', '2021-02-17 12:14:11', '2022-01-07 07:13:41'),
(38, 'default', 'added', 111, 'App\\Transaction', 10, 18, 'App\\User', '[]', '2021-02-18 07:43:18', '2022-01-07 07:13:41'),
(39, 'default', 'added', 112, 'App\\Transaction', 10, 18, 'App\\User', '[]', '2021-02-18 09:59:28', '2022-01-07 07:13:41'),
(40, 'default', 'added', 115, 'App\\Transaction', 10, 18, 'App\\User', '[]', '2021-02-18 11:03:07', '2022-01-07 07:13:41'),
(41, 'default', 'added', 116, 'App\\Transaction', 10, 18, 'App\\User', '[]', '2021-02-18 11:06:13', '2022-01-07 07:13:41'),
(42, 'default', 'added', 120, 'App\\Transaction', 1, 1, 'App\\User', '[]', '2021-02-18 11:36:55', '2022-01-07 07:13:41'),
(43, 'default', 'added', 121, 'App\\Transaction', 1, 1, 'App\\User', '[]', '2021-02-18 13:05:09', '2022-01-07 07:13:41'),
(44, 'default', 'added', 122, 'App\\Transaction', 1, 1, 'App\\User', '[]', '2021-02-18 13:28:04', '2022-01-07 07:13:41'),
(45, 'default', 'added', 123, 'App\\Transaction', 10, 18, 'App\\User', '[]', '2021-02-24 11:50:31', '2022-01-07 07:13:41'),
(46, 'default', 'added', 125, 'App\\Transaction', 12, 20, 'App\\User', '[]', '2021-02-25 11:02:07', '2022-01-07 07:13:41'),
(47, 'default', 'added', 126, 'App\\Transaction', 12, 20, 'App\\User', '[]', '2021-02-25 11:02:48', '2022-01-07 07:13:41'),
(48, 'default', 'added', 128, 'App\\Transaction', 10, 18, 'App\\User', '[]', '2021-02-25 13:45:44', '2022-01-07 07:13:41'),
(49, 'default', 'added', 133, 'App\\Transaction', 10, 18, 'App\\User', '[]', '2021-02-26 15:33:17', '2022-01-07 07:13:41'),
(50, 'default', 'added', 134, 'App\\Transaction', 10, 18, 'App\\User', '[]', '2021-02-26 15:34:52', '2022-01-07 07:13:41'),
(51, 'default', 'added', 135, 'App\\Transaction', 10, 18, 'App\\User', '[]', '2021-02-26 15:35:27', '2022-01-07 07:13:41'),
(52, 'default', 'added', 138, 'App\\Transaction', 10, 18, 'App\\User', '[]', '2021-02-26 15:42:51', '2022-01-07 07:13:41'),
(53, 'default', 'added', 139, 'App\\Transaction', 10, 18, 'App\\User', '[]', '2021-02-27 00:57:00', '2022-01-07 07:13:41'),
(54, 'default', 'added', 140, 'App\\Transaction', 10, 18, 'App\\User', '[]', '2021-02-27 00:59:33', '2022-01-07 07:13:41'),
(55, 'default', 'added', 141, 'App\\Transaction', 10, 18, 'App\\User', '[]', '2021-02-27 01:02:52', '2022-01-07 07:13:41'),
(56, 'default', 'added', 142, 'App\\Transaction', 10, 18, 'App\\User', '[]', '2021-03-02 20:53:45', '2022-01-07 07:13:41'),
(57, 'default', 'added', 143, 'App\\Transaction', 10, 18, 'App\\User', '[]', '2021-03-03 07:13:52', '2022-01-07 07:13:41'),
(58, 'default', 'added', 144, 'App\\Transaction', 10, 18, 'App\\User', '[]', '2021-03-03 07:19:53', '2022-01-07 07:13:41'),
(59, 'default', 'added', 145, 'App\\Transaction', 10, 18, 'App\\User', '[]', '2021-03-03 07:24:21', '2022-01-07 07:13:41'),
(60, 'default', 'edited', 145, 'App\\Transaction', 10, 18, 'App\\User', '[]', '2021-03-03 07:28:09', '2022-01-07 07:13:41'),
(61, 'default', 'added', 146, 'App\\Transaction', 10, 18, 'App\\User', '[]', '2021-03-03 07:29:39', '2022-01-07 07:13:41'),
(62, 'default', 'added', 147, 'App\\Transaction', 10, 18, 'App\\User', '[]', '2021-03-03 07:36:19', '2022-01-07 07:13:41'),
(63, 'default', 'added', 148, 'App\\Transaction', 10, 18, 'App\\User', '[]', '2021-03-03 07:37:21', '2022-01-07 07:13:41'),
(64, 'default', 'added', 149, 'App\\Transaction', 10, 18, 'App\\User', '[]', '2021-03-03 07:37:48', '2022-01-07 07:13:41'),
(65, 'default', 'added', 153, 'App\\Transaction', 10, 18, 'App\\User', '[]', '2021-03-03 10:44:38', '2022-01-07 07:13:41'),
(66, 'default', 'added', 154, 'App\\Transaction', 10, 18, 'App\\User', '[]', '2021-03-03 14:13:23', '2022-01-07 07:13:41'),
(67, 'default', 'added', 155, 'App\\Transaction', 10, 18, 'App\\User', '[]', '2021-03-03 14:19:31', '2022-01-07 07:13:41'),
(68, 'default', 'added', 157, 'App\\Transaction', 10, 18, 'App\\User', '[]', '2021-03-03 14:26:22', '2022-01-07 07:13:41'),
(69, 'default', 'edited', 139, 'App\\Transaction', 10, 18, 'App\\User', '[]', '2021-03-03 15:50:57', '2022-01-07 07:13:41'),
(70, 'default', 'added', 163, 'App\\Transaction', 10, 18, 'App\\User', '[]', '2021-03-03 16:00:19', '2022-01-07 07:13:41'),
(71, 'default', 'added', 164, 'App\\Transaction', 10, 18, 'App\\User', '[]', '2021-03-03 18:32:38', '2022-01-07 07:13:41'),
(72, 'default', 'added', 165, 'App\\Transaction', 10, 18, 'App\\User', '[]', '2021-03-03 18:37:22', '2022-01-07 07:13:41'),
(73, 'default', 'added', 166, 'App\\Transaction', 10, 18, 'App\\User', '[]', '2021-03-03 19:00:14', '2022-01-07 07:13:41'),
(74, 'default', 'added', 167, 'App\\Transaction', 10, 18, 'App\\User', '[]', '2021-03-03 19:01:38', '2022-01-07 07:13:41'),
(75, 'default', 'added', 168, 'App\\Transaction', 10, 18, 'App\\User', '[]', '2021-03-03 19:04:47', '2022-01-07 07:13:41'),
(76, 'default', 'edited', 168, 'App\\Transaction', 10, 18, 'App\\User', '[]', '2021-03-03 19:09:58', '2022-01-07 07:13:41'),
(77, 'default', 'added', 171, 'App\\Transaction', 10, 18, 'App\\User', '[]', '2021-03-13 09:56:51', '2022-01-07 07:13:41'),
(78, 'default', 'added', 172, 'App\\Transaction', 10, 18, 'App\\User', '[]', '2021-03-15 11:34:23', '2022-01-07 07:13:41'),
(79, 'default', 'added', 173, 'App\\Transaction', 10, 18, 'App\\User', '[]', '2021-03-15 11:34:48', '2022-01-07 07:13:41'),
(80, 'default', 'added', 174, 'App\\Transaction', 10, 18, 'App\\User', '[]', '2021-03-15 11:35:17', '2022-01-07 07:13:41'),
(81, 'default', 'edited', 174, 'App\\Transaction', 10, 18, 'App\\User', '[]', '2021-03-15 11:43:14', '2022-01-07 07:13:41'),
(82, 'default', 'added', 175, 'App\\Transaction', 10, 18, 'App\\User', '[]', '2021-03-17 01:21:51', '2022-01-07 07:13:41'),
(83, 'default', 'added', 176, 'App\\Transaction', 10, 18, 'App\\User', '[]', '2021-03-17 16:29:55', '2022-01-07 07:13:41'),
(84, 'default', 'added', 177, 'App\\Transaction', 10, 18, 'App\\User', '[]', '2021-03-17 16:31:56', '2022-01-07 07:13:41'),
(85, 'default', 'added', 178, 'App\\Transaction', 10, 18, 'App\\User', '[]', '2021-03-18 13:54:08', '2022-01-07 07:13:41'),
(86, 'default', 'edited', 128, 'App\\Transaction', 10, 18, 'App\\User', '[]', '2021-03-19 08:06:22', '2022-01-07 07:13:41'),
(87, 'default', 'added', 179, 'App\\Transaction', 10, 18, 'App\\User', '[]', '2021-03-22 15:46:14', '2022-01-07 07:13:41'),
(88, 'default', 'added', 180, 'App\\Transaction', 10, 18, 'App\\User', '[]', '2021-03-22 16:03:40', '2022-01-07 07:13:41'),
(89, 'default', 'added', 181, 'App\\Transaction', 10, 18, 'App\\User', '[]', '2021-03-23 11:24:08', '2022-01-07 07:13:41'),
(90, 'default', 'added', 182, 'App\\Transaction', 10, 18, 'App\\User', '[]', '2021-03-23 15:06:08', '2022-01-07 07:13:41'),
(91, 'default', 'added', 183, 'App\\Transaction', 10, 18, 'App\\User', '[]', '2021-03-23 17:05:22', '2022-01-07 07:13:41'),
(92, 'default', 'added', 184, 'App\\Transaction', 10, 18, 'App\\User', '[]', '2021-03-23 19:04:22', '2022-01-07 07:13:41'),
(93, 'default', 'added', 185, 'App\\Transaction', 10, 18, 'App\\User', '[]', '2021-03-23 19:07:12', '2022-01-07 07:13:41'),
(94, 'default', 'added', 186, 'App\\Transaction', 10, 18, 'App\\User', '[]', '2021-03-23 19:28:42', '2022-01-07 07:13:41'),
(95, 'default', 'added', 187, 'App\\Transaction', 10, 18, 'App\\User', '[]', '2021-03-23 19:30:30', '2022-01-07 07:13:41'),
(96, 'default', 'added', 188, 'App\\Transaction', 10, 18, 'App\\User', '[]', '2021-03-23 19:32:12', '2022-01-07 07:13:41'),
(97, 'default', 'added', 189, 'App\\Transaction', 10, 18, 'App\\User', '[]', '2021-03-23 19:46:52', '2022-01-07 07:13:41'),
(98, 'default', 'added', 190, 'App\\Transaction', 10, 18, 'App\\User', '[]', '2021-03-23 19:48:26', '2022-01-07 07:13:41'),
(99, 'default', 'added', 191, 'App\\Transaction', 10, 18, 'App\\User', '[]', '2021-03-23 19:53:07', '2022-01-07 07:13:41'),
(100, 'default', 'added', 192, 'App\\Transaction', 10, 18, 'App\\User', '[]', '2021-03-23 19:56:06', '2022-01-07 07:13:41'),
(101, 'default', 'edited', 192, 'App\\Transaction', 10, 18, 'App\\User', '[]', '2021-03-23 19:58:41', '2022-01-07 07:13:41'),
(102, 'default', 'added', 193, 'App\\Transaction', 10, 18, 'App\\User', '[]', '2021-03-23 20:16:29', '2022-01-07 07:13:41'),
(103, 'default', 'added', 194, 'App\\Transaction', 10, 18, 'App\\User', '[]', '2021-03-24 18:01:50', '2022-01-07 07:13:41'),
(104, 'default', 'added', 195, 'App\\Transaction', 10, 18, 'App\\User', '[]', '2021-03-24 18:05:56', '2022-01-07 07:13:41'),
(105, 'default', 'added', 196, 'App\\Transaction', 10, 18, 'App\\User', '[]', '2021-03-24 18:52:05', '2022-01-07 07:13:41'),
(106, 'default', 'added', 197, 'App\\Transaction', 10, 18, 'App\\User', '[]', '2021-03-24 18:54:42', '2022-01-07 07:13:41'),
(107, 'default', 'added', 198, 'App\\Transaction', 10, 18, 'App\\User', '[]', '2021-03-24 19:02:56', '2022-01-07 07:13:41'),
(108, 'default', 'added', 201, 'App\\Transaction', 17, 26, 'App\\User', '[]', '2021-04-14 15:20:26', '2022-01-07 07:13:41'),
(109, 'default', 'added', 205, 'App\\Transaction', 17, 26, 'App\\User', '[]', '2021-04-17 11:06:04', '2022-01-07 07:13:41'),
(110, 'default', 'added', 206, 'App\\Transaction', 17, 26, 'App\\User', '[]', '2021-04-17 11:19:59', '2022-01-07 07:13:41'),
(111, 'default', 'added', 259, 'App\\Transaction', 7, 10, 'App\\User', '[]', '2021-05-01 12:59:46', '2022-01-07 07:13:41'),
(112, 'default', 'edited', 259, 'App\\Transaction', 7, 10, 'App\\User', '[]', '2021-05-01 13:51:32', '2022-01-07 07:13:41'),
(113, 'default', 'edited', 259, 'App\\Transaction', 7, 10, 'App\\User', '[]', '2021-05-01 13:56:24', '2022-01-07 07:13:41'),
(114, 'default', 'edited', 259, 'App\\Transaction', 7, 10, 'App\\User', '[]', '2021-05-01 14:00:58', '2022-01-07 07:13:41'),
(115, 'default', 'edited', 259, 'App\\Transaction', 7, 10, 'App\\User', '[]', '2021-05-01 14:02:12', '2022-01-07 07:13:41'),
(116, 'default', 'edited', 259, 'App\\Transaction', 7, 10, 'App\\User', '[]', '2021-05-01 14:04:19', '2022-01-07 07:13:41'),
(117, 'default', 'added', 260, 'App\\Transaction', 7, 10, 'App\\User', '[]', '2021-05-01 14:07:06', '2022-01-07 07:13:41'),
(118, 'default', 'added', 261, 'App\\Transaction', 7, 10, 'App\\User', '[]', '2021-05-08 13:44:29', '2022-01-07 07:13:41'),
(119, 'default', 'edited', 261, 'App\\Transaction', 7, 10, 'App\\User', '[]', '2021-05-08 13:58:05', '2022-01-07 07:13:41'),
(120, 'default', 'added', 263, 'App\\Transaction', 10, 18, 'App\\User', '[]', '2021-06-21 14:34:45', '2022-01-07 07:13:41'),
(121, 'default', 'added', 264, 'App\\Transaction', 10, 18, 'App\\User', '[]', '2021-07-14 20:51:50', '2022-01-07 07:13:41'),
(122, 'default', 'added', 265, 'App\\Transaction', 10, 18, 'App\\User', '[]', '2021-07-14 20:53:24', '2022-01-07 07:13:41'),
(123, 'default', 'added', 267, 'App\\Transaction', 10, 18, 'App\\User', '[]', '2021-07-14 21:14:30', '2022-01-07 07:13:41'),
(124, 'default', 'added', 268, 'App\\Transaction', 10, 18, 'App\\User', '[]', '2021-07-14 21:15:07', '2022-01-07 07:13:41'),
(125, 'default', 'added', 271, 'App\\Transaction', 10, 18, 'App\\User', '[]', '2021-11-16 16:01:05', '2022-01-07 07:13:41'),
(126, 'default', 'added', 272, 'App\\Transaction', 10, 18, 'App\\User', '[]', '2021-11-16 16:01:46', '2022-01-07 07:13:41'),
(127, 'default', 'added', 273, 'App\\Transaction', 10, 18, 'App\\User', '[]', '2021-11-16 16:08:14', '2022-01-07 07:13:41'),
(128, 'default', 'login', 1, 'App\\User', 1, 1, 'App\\User', '[]', '2022-01-07 10:23:19', '2022-01-07 10:23:19'),
(129, 'default', 'login', 1, 'App\\User', 1, 1, 'App\\User', '[]', '2022-01-07 18:41:30', '2022-01-07 18:41:30'),
(130, 'default', 'login', 1, 'App\\User', 1, 1, 'App\\User', '[]', '2022-01-08 08:01:21', '2022-01-08 08:01:21'),
(131, 'default', 'added', 274, 'App\\Transaction', 1, 1, 'App\\User', '{\"attributes\":{\"type\":\"sell\",\"status\":\"draft\",\"sub_status\":\"quotation\",\"final_total\":2200}}', '2022-01-08 12:40:03', '2022-01-08 12:40:03'),
(132, 'default', 'login', 1, 'App\\User', 1, 1, 'App\\User', '[]', '2022-01-12 18:22:30', '2022-01-12 18:22:30'),
(133, 'default', 'login', 1, 'App\\User', 1, 1, 'App\\User', '[]', '2022-01-13 11:10:33', '2022-01-13 11:10:33'),
(134, 'default', 'added', 275, 'App\\Transaction', 1, 1, 'App\\User', '{\"attributes\":{\"type\":\"sell\",\"status\":\"final\",\"payment_status\":\"due\",\"final_total\":1000}}', '2022-01-13 15:54:46', '2022-01-13 15:54:46'),
(135, 'default', 'added', 276, 'App\\Transaction', 1, 1, 'App\\User', '{\"attributes\":{\"type\":\"sell\",\"status\":\"final\",\"payment_status\":\"due\",\"final_total\":7000}}', '2022-01-13 15:55:12', '2022-01-13 15:55:12'),
(136, 'default', 'payment_edited', 276, 'App\\Transaction', 1, 1, 'App\\User', '{\"attributes\":{\"type\":\"sell\",\"status\":\"final\",\"payment_status\":\"partial\",\"final_total\":\"7000.0000\"},\"old\":{\"type\":\"sell\",\"status\":\"final\",\"payment_status\":\"due\",\"final_total\":\"7000.0000\"}}', '2022-01-13 15:56:57', '2022-01-13 15:56:57'),
(137, 'default', 'payment_edited', 276, 'App\\Transaction', 1, 1, 'App\\User', '{\"attributes\":{\"type\":\"sell\",\"status\":\"final\",\"payment_status\":\"partial\",\"final_total\":\"7000.0000\"},\"old\":{\"type\":\"sell\",\"status\":\"final\",\"payment_status\":\"partial\",\"final_total\":\"7000.0000\"}}', '2022-01-13 15:57:48', '2022-01-13 15:57:48'),
(138, 'default', 'shipping_edited', 276, 'App\\Transaction', 1, 1, 'App\\User', '{\"update_note\":\"Null note\",\"attributes\":{\"type\":\"sell\",\"status\":\"final\",\"shipping_status\":\"delivered\",\"payment_status\":\"partial\",\"final_total\":\"7000.0000\"},\"old\":{\"type\":\"sell\",\"status\":\"final\",\"payment_status\":\"partial\",\"final_total\":\"7000.0000\"}}', '2022-01-13 16:00:20', '2022-01-13 16:00:20'),
(139, 'default', 'shipping_edited', 276, 'App\\Transaction', 1, 1, 'App\\User', '{\"update_note\":null,\"attributes\":{\"type\":\"sell\",\"status\":\"final\",\"shipping_status\":\"shipped\",\"payment_status\":\"partial\",\"final_total\":\"7000.0000\"},\"old\":{\"type\":\"sell\",\"status\":\"final\",\"shipping_status\":\"delivered\",\"payment_status\":\"partial\",\"final_total\":\"7000.0000\"}}', '2022-01-13 16:00:34', '2022-01-13 16:00:34'),
(140, 'default', 'login', 1, 'App\\User', 1, 1, 'App\\User', '[]', '2022-01-14 10:18:00', '2022-01-14 10:18:00'),
(141, 'default', 'login', 1, 'App\\User', 1, 1, 'App\\User', '[]', '2022-01-19 09:43:20', '2022-01-19 09:43:20'),
(142, 'default', 'login', 1, 'App\\User', 1, 1, 'App\\User', '[]', '2022-01-29 08:52:51', '2022-01-29 08:52:51'),
(143, 'default', 'login', 1, 'App\\User', 1, 1, 'App\\User', '[]', '2022-01-30 18:54:32', '2022-01-30 18:54:32'),
(144, 'default', 'added', 277, 'App\\Transaction', 1, 1, 'App\\User', '{\"attributes\":{\"type\":\"sell\",\"status\":\"draft\",\"sub_status\":\"quotation\",\"final_total\":1000}}', '2022-01-30 18:55:01', '2022-01-30 18:55:01'),
(145, 'default', 'added', 278, 'App\\Transaction', 1, 1, 'App\\User', '{\"attributes\":{\"type\":\"sell\",\"status\":\"draft\",\"sub_status\":\"quotation\",\"final_total\":1000}}', '2022-01-30 19:08:26', '2022-01-30 19:08:26'),
(146, 'default', 'added', 280, 'App\\Transaction', 1, 1, 'App\\User', '{\"attributes\":{\"type\":\"sell\",\"status\":\"final\",\"payment_status\":\"paid\",\"final_total\":2000}}', '2022-01-30 19:17:26', '2022-01-30 19:17:26'),
(147, 'default', 'added', 281, 'App\\Transaction', 1, 1, 'App\\User', '{\"attributes\":{\"type\":\"sell\",\"status\":\"final\",\"payment_status\":\"paid\",\"final_total\":1000}}', '2022-01-30 19:20:45', '2022-01-30 19:20:45'),
(148, 'default', 'added', 282, 'App\\Transaction', 1, 1, 'App\\User', '{\"attributes\":{\"type\":\"sell\",\"status\":\"final\",\"payment_status\":\"paid\",\"final_total\":1000}}', '2022-01-30 19:22:21', '2022-01-30 19:22:21'),
(149, 'default', 'added', 284, 'App\\Transaction', 1, 1, 'App\\User', '{\"attributes\":{\"type\":\"sell\",\"status\":\"final\",\"payment_status\":\"paid\",\"final_total\":2200}}', '2022-01-30 19:24:10', '2022-01-30 19:24:10'),
(150, 'default', 'added', 285, 'App\\Transaction', 1, 1, 'App\\User', '{\"attributes\":{\"type\":\"sell\",\"status\":\"draft\",\"sub_status\":\"quotation\",\"final_total\":1000}}', '2022-01-30 19:47:15', '2022-01-30 19:47:15'),
(151, 'default', 'login', 3, 'App\\User', 3, 3, 'App\\User', '[]', '2022-02-02 20:08:09', '2022-02-02 20:08:09'),
(152, 'default', 'login', 3, 'App\\User', 3, 3, 'App\\User', '[]', '2022-02-03 11:13:13', '2022-02-03 11:13:13'),
(153, 'default', 'login', 1, 'App\\User', 1, 1, 'App\\User', '[]', '2022-02-10 14:19:33', '2022-02-10 14:19:33'),
(154, 'default', 'logout', 1, 'App\\User', 1, 1, 'App\\User', '[]', '2022-02-10 14:35:55', '2022-02-10 14:35:55'),
(155, 'default', 'login', 32, 'App\\User', 1, 32, 'App\\User', '[]', '2022-02-10 14:36:05', '2022-02-10 14:36:05'),
(156, 'default', 'logout', 32, 'App\\User', 1, 32, 'App\\User', '[]', '2022-02-10 14:37:06', '2022-02-10 14:37:06'),
(157, 'default', 'login', 1, 'App\\User', 1, 1, 'App\\User', '[]', '2022-02-10 14:37:15', '2022-02-10 14:37:15'),
(158, 'default', 'converted', 35, 'App\\Contact', 1, 1, 'App\\User', '{\"update_note\":\"Converted to customer from leads\"}', '2022-02-10 14:42:28', '2022-02-10 14:42:28'),
(159, 'default', 'logout', 1, 'App\\User', 1, 1, 'App\\User', '[]', '2022-02-10 14:47:09', '2022-02-10 14:47:09'),
(160, 'default', 'login', 32, 'App\\User', 1, 32, 'App\\User', '[]', '2022-02-10 14:47:26', '2022-02-10 14:47:26'),
(161, 'default', 'added', 286, 'App\\Transaction', 1, 32, 'App\\User', '[]', '2022-02-10 14:48:13', '2022-02-10 14:48:13'),
(162, 'default', 'logout', 32, 'App\\User', 1, 32, 'App\\User', '[]', '2022-02-10 14:48:23', '2022-02-10 14:48:23'),
(163, 'default', 'login', 1, 'App\\User', 1, 1, 'App\\User', '[]', '2022-02-10 14:48:35', '2022-02-10 14:48:35'),
(164, 'default', 'edited', 286, 'App\\Transaction', 1, 1, 'App\\User', '[]', '2022-02-10 14:51:11', '2022-02-10 14:51:11'),
(165, 'default', 'payment_edited', 284, 'App\\Transaction', 1, 1, 'App\\User', '{\"attributes\":{\"type\":\"sell\",\"status\":\"final\",\"payment_status\":\"paid\",\"final_total\":\"2200.0000\"},\"old\":{\"type\":\"sell\",\"status\":\"final\",\"payment_status\":\"paid\",\"final_total\":\"2200.0000\"}}', '2022-02-10 16:05:07', '2022-02-10 16:05:07'),
(166, 'default', 'payment_edited', 275, 'App\\Transaction', 1, 1, 'App\\User', '{\"attributes\":{\"type\":\"sell\",\"status\":\"final\",\"payment_status\":\"paid\",\"final_total\":\"1000.0000\"},\"old\":{\"type\":\"sell\",\"status\":\"final\",\"payment_status\":\"due\",\"final_total\":\"1000.0000\"}}', '2022-02-10 16:05:32', '2022-02-10 16:05:32'),
(167, 'default', 'shipping_edited', 282, 'App\\Transaction', 1, 1, 'App\\User', '{\"update_note\":\"shbfhbshbf\",\"attributes\":{\"type\":\"sell\",\"status\":\"final\",\"shipping_status\":\"ordered\",\"payment_status\":\"paid\",\"final_total\":\"1000.0000\"},\"old\":{\"type\":\"sell\",\"status\":\"final\",\"payment_status\":\"paid\",\"final_total\":\"1000.0000\"}}', '2022-02-10 16:12:45', '2022-02-10 16:12:45'),
(168, 'default', 'shipping_edited', 282, 'App\\Transaction', 1, 1, 'App\\User', '{\"update_note\":null,\"attributes\":{\"type\":\"sell\",\"status\":\"final\",\"shipping_status\":\"delivered\",\"payment_status\":\"paid\",\"final_total\":\"1000.0000\"},\"old\":{\"type\":\"sell\",\"status\":\"final\",\"shipping_status\":\"ordered\",\"payment_status\":\"paid\",\"final_total\":\"1000.0000\"}}', '2022-02-10 16:13:07', '2022-02-10 16:13:07'),
(169, 'default', 'added', 287, 'App\\Transaction', 1, 1, 'App\\User', '{\"attributes\":{\"type\":\"sell\",\"status\":\"final\",\"payment_status\":\"due\",\"final_total\":1000}}', '2022-02-10 17:26:26', '2022-02-10 17:26:26'),
(170, 'default', 'added', 288, 'App\\Transaction', 1, 1, 'App\\User', '{\"attributes\":{\"type\":\"sell\",\"status\":\"final\",\"payment_status\":\"partial\",\"final_total\":1000}}', '2022-02-10 17:30:00', '2022-02-10 17:30:00'),
(171, 'default', 'edited', 287, 'App\\Transaction', 1, 1, 'App\\User', '{\"attributes\":{\"type\":\"sell\",\"status\":\"final\",\"payment_status\":\"due\",\"final_total\":1000},\"old\":{\"type\":\"sell\",\"status\":\"final\",\"payment_status\":\"due\",\"final_total\":\"1000.0000\"}}', '2022-02-10 17:31:49', '2022-02-10 17:31:50'),
(172, 'default', 'payment_edited', 288, 'App\\Transaction', 1, 1, 'App\\User', '{\"attributes\":{\"type\":\"sell\",\"status\":\"final\",\"payment_status\":\"partial\",\"final_total\":\"1000.0000\"},\"old\":{\"type\":\"sell\",\"status\":\"final\",\"payment_status\":\"partial\",\"final_total\":\"1000.0000\"}}', '2022-02-10 17:36:41', '2022-02-10 17:36:41'),
(173, 'default', 'added', 289, 'App\\Transaction', 1, 1, 'App\\User', '{\"attributes\":{\"type\":\"sell_return\",\"final_total\":1000}}', '2022-02-10 18:48:22', '2022-02-10 18:48:22'),
(174, 'default', 'payment_edited', 289, 'App\\Transaction', 1, 1, 'App\\User', '{\"attributes\":{\"type\":\"sell_return\",\"payment_status\":\"paid\",\"final_total\":\"1000.0000\"},\"old\":{\"type\":\"sell_return\",\"payment_status\":\"due\",\"final_total\":\"1000.0000\"}}', '2022-02-10 18:49:10', '2022-02-10 18:49:10'),
(175, 'default', 'added', 291, 'App\\Transaction', 1, 1, 'App\\User', '{\"attributes\":{\"type\":\"sell\",\"status\":\"final\",\"payment_status\":\"paid\",\"final_total\":1000}}', '2022-02-10 18:53:06', '2022-02-10 18:53:06'),
(176, 'default', 'added', 292, 'App\\Transaction', 1, 1, 'App\\User', '{\"attributes\":{\"type\":\"sell_return\",\"final_total\":1000}}', '2022-02-10 18:53:46', '2022-02-10 18:53:46'),
(177, 'default', 'payment_edited', 292, 'App\\Transaction', 1, 1, 'App\\User', '{\"attributes\":{\"type\":\"sell_return\",\"payment_status\":\"paid\",\"final_total\":\"1000.0000\"},\"old\":{\"type\":\"sell_return\",\"payment_status\":\"due\",\"final_total\":\"1000.0000\"}}', '2022-02-10 18:59:16', '2022-02-10 18:59:16'),
(178, 'default', 'login', 1, 'App\\User', 1, 1, 'App\\User', '[]', '2022-02-13 09:04:39', '2022-02-13 09:04:39'),
(179, 'default', 'login', 3, 'App\\User', 3, 3, 'App\\User', '[]', '2022-02-13 10:41:49', '2022-02-13 10:41:49'),
(180, 'default', 'logout', 3, 'App\\User', 3, 3, 'App\\User', '[]', '2022-02-13 10:42:14', '2022-02-13 10:42:14'),
(181, 'default', 'login', 3, 'App\\User', 3, 3, 'App\\User', '[]', '2022-02-13 10:42:18', '2022-02-13 10:42:18'),
(182, 'default', 'logout', 3, 'App\\User', 3, 3, 'App\\User', '[]', '2022-02-13 10:42:33', '2022-02-13 10:42:33'),
(183, 'default', 'login', 3, 'App\\User', 3, 3, 'App\\User', '[]', '2022-02-13 10:43:46', '2022-02-13 10:43:46'),
(184, 'default', 'login', 1, 'App\\User', 1, 1, 'App\\User', '[]', '2022-02-18 06:59:09', '2022-02-18 06:59:09'),
(185, 'default', 'added', 37, 'App\\Contact', 1, 1, 'App\\User', '[]', '2022-02-18 07:06:54', '2022-02-18 07:06:54'),
(186, 'default', 'added', 293, 'App\\Transaction', 1, 1, 'App\\User', '{\"attributes\":{\"type\":\"purchase\",\"status\":\"received\",\"payment_status\":\"due\",\"final_total\":667.03}}', '2022-02-18 07:09:29', '2022-02-18 07:09:29'),
(187, 'default', 'logout', 1, 'App\\User', 1, 1, 'App\\User', '[]', '2022-02-18 07:11:27', '2022-02-18 07:11:27'),
(188, 'default', 'login', 33, 'App\\User', 20, 33, 'App\\User', '[]', '2022-02-18 07:14:42', '2022-02-18 07:14:42'),
(189, 'default', 'added', 39, 'App\\Contact', 20, 33, 'App\\User', '[]', '2022-02-18 10:18:47', '2022-02-18 10:18:47'),
(190, 'default', 'added', 295, 'App\\Transaction', 20, 33, 'App\\User', '[]', '2022-02-18 10:20:22', '2022-02-18 10:20:22'),
(191, 'default', 'edited', 33, 'App\\User', 20, 33, 'App\\User', '{\"name\":\"Mr Admin Proin\"}', '2022-02-18 10:21:05', '2022-02-18 10:21:05'),
(192, 'default', 'edited', 295, 'App\\Transaction', 20, 33, 'App\\User', '[]', '2022-02-18 10:23:11', '2022-02-18 10:23:11'),
(193, 'default', 'status_updated', 295, 'App\\Transaction', 20, 33, 'App\\User', '{\"from\":\"ordered\",\"to\":\"completed\"}', '2022-02-18 10:23:23', '2022-02-18 10:23:23'),
(194, 'default', 'shipping_edited', 295, 'App\\Transaction', 20, 33, 'App\\User', '{\"update_note\":null}', '2022-02-18 10:26:12', '2022-02-18 10:26:12'),
(195, 'default', 'added', 296, 'App\\Transaction', 20, 33, 'App\\User', '{\"attributes\":{\"type\":\"purchase\",\"status\":\"received\",\"payment_status\":\"due\",\"final_total\":1500}}', '2022-02-18 10:27:34', '2022-02-18 10:27:34'),
(196, 'default', 'payment_edited', 296, 'App\\Transaction', 20, 33, 'App\\User', '{\"attributes\":{\"type\":\"purchase\",\"status\":\"received\",\"payment_status\":\"paid\",\"final_total\":\"1500.0000\"},\"old\":{\"type\":\"purchase\",\"status\":\"received\",\"payment_status\":\"due\",\"final_total\":\"1500.0000\"}}', '2022-02-18 10:33:04', '2022-02-18 10:33:04'),
(197, 'default', 'payment_edited', 296, 'App\\Transaction', 20, 33, 'App\\User', '{\"attributes\":{\"type\":\"purchase\",\"status\":\"received\",\"payment_status\":\"paid\",\"final_total\":\"1500.0000\"},\"old\":{\"type\":\"purchase\",\"status\":\"received\",\"payment_status\":\"paid\",\"final_total\":\"1500.0000\"}}', '2022-02-18 10:41:42', '2022-02-18 10:41:42'),
(198, 'default', 'edited', 296, 'App\\Transaction', 20, 33, 'App\\User', '{\"attributes\":{\"type\":\"purchase\",\"status\":\"received\",\"payment_status\":\"paid\",\"final_total\":1500},\"old\":{\"type\":\"purchase\",\"status\":\"received\",\"payment_status\":\"paid\",\"final_total\":\"1500.0000\"}}', '2022-02-18 10:50:53', '2022-02-18 10:50:53'),
(199, 'default', 'added', 297, 'App\\Transaction', 20, 33, 'App\\User', '{\"attributes\":{\"type\":\"sell\",\"status\":\"draft\",\"sub_status\":\"proforma\",\"final_total\":875}}', '2022-02-18 10:52:01', '2022-02-18 10:52:01'),
(200, 'default', 'edited', 296, 'App\\Transaction', 20, 33, 'App\\User', '{\"attributes\":{\"type\":\"purchase\",\"status\":\"received\",\"payment_status\":\"partial\",\"final_total\":1600},\"old\":{\"type\":\"purchase\",\"status\":\"received\",\"payment_status\":\"paid\",\"final_total\":\"1500.0000\"}}', '2022-02-18 10:57:58', '2022-02-18 10:57:58'),
(201, 'default', 'payment_edited', 296, 'App\\Transaction', 20, 33, 'App\\User', '{\"attributes\":{\"type\":\"purchase\",\"status\":\"received\",\"payment_status\":\"paid\",\"final_total\":\"1600.0000\"},\"old\":{\"type\":\"purchase\",\"status\":\"received\",\"payment_status\":\"partial\",\"final_total\":\"1600.0000\"}}', '2022-02-18 10:58:16', '2022-02-18 10:58:16'),
(202, 'default', 'logout', 33, 'App\\User', 20, 33, 'App\\User', '[]', '2022-02-18 12:52:24', '2022-02-18 12:52:24'),
(203, 'default', 'login', 33, 'App\\User', 20, 33, 'App\\User', '[]', '2022-02-18 12:52:55', '2022-02-18 12:52:55'),
(204, 'default', 'logout', 33, 'App\\User', 20, 33, 'App\\User', '[]', '2022-02-18 13:52:48', '2022-02-18 13:52:48'),
(205, 'default', 'login', 33, 'App\\User', 20, 33, 'App\\User', '[]', '2022-02-18 13:53:05', '2022-02-18 13:53:05'),
(206, 'default', 'logout', 33, 'App\\User', 20, 33, 'App\\User', '[]', '2022-02-18 15:36:31', '2022-02-18 15:36:31'),
(207, 'default', 'login', 33, 'App\\User', 20, 33, 'App\\User', '[]', '2022-02-18 15:45:35', '2022-02-18 15:45:36'),
(208, 'default', 'edited', 296, 'App\\Transaction', 20, 33, 'App\\User', '{\"attributes\":{\"type\":\"purchase\",\"status\":\"pending\",\"payment_status\":\"paid\",\"final_total\":1600},\"old\":{\"type\":\"purchase\",\"status\":\"pending\",\"payment_status\":\"paid\",\"final_total\":\"1600.0000\"}}', '2022-02-18 15:47:16', '2022-02-18 15:47:16'),
(209, 'default', 'edited', 295, 'App\\Transaction', 20, 33, 'App\\User', '[]', '2022-02-18 16:49:42', '2022-02-18 16:49:42'),
(210, 'default', 'login', 33, 'App\\User', 20, 33, 'App\\User', '[]', '2022-02-19 09:44:27', '2022-02-19 09:44:28'),
(211, 'default', 'edited', 296, 'App\\Transaction', 20, 33, 'App\\User', '{\"attributes\":{\"type\":\"purchase\",\"status\":\"received\",\"payment_status\":\"paid\",\"final_total\":1600},\"old\":{\"type\":\"purchase\",\"status\":\"received\",\"payment_status\":\"paid\",\"final_total\":\"1600.0000\"}}', '2022-02-19 09:44:49', '2022-02-19 09:44:49'),
(213, 'default', 'edited', 296, 'App\\Transaction', 20, 33, 'App\\User', '{\"attributes\":{\"type\":\"purchase\",\"status\":\"received\",\"payment_status\":\"paid\",\"final_total\":1600},\"old\":{\"type\":\"purchase\",\"status\":\"received\",\"payment_status\":\"paid\",\"final_total\":\"1600.0000\"}}', '2022-02-19 11:27:41', '2022-02-19 11:27:41'),
(214, 'default', 'edited', 296, 'App\\Transaction', 20, 33, 'App\\User', '{\"attributes\":{\"type\":\"purchase\",\"status\":\"received\",\"payment_status\":\"paid\",\"final_total\":1600},\"old\":{\"type\":\"purchase\",\"status\":\"received\",\"payment_status\":\"paid\",\"final_total\":\"1600.0000\"}}', '2022-02-19 12:38:37', '2022-02-19 12:38:37'),
(215, 'default', 'edited', 296, 'App\\Transaction', 20, 33, 'App\\User', '{\"attributes\":{\"type\":\"purchase\",\"status\":\"received\",\"payment_status\":\"paid\",\"final_total\":1500},\"old\":{\"type\":\"purchase\",\"status\":\"received\",\"payment_status\":\"paid\",\"final_total\":\"1600.0000\"}}', '2022-02-19 12:43:37', '2022-02-19 12:43:37'),
(216, 'default', 'edited', 296, 'App\\Transaction', 20, 33, 'App\\User', '{\"attributes\":{\"type\":\"purchase\",\"status\":\"received\",\"payment_status\":\"partial\",\"final_total\":2200},\"old\":{\"type\":\"purchase\",\"status\":\"received\",\"payment_status\":\"paid\",\"final_total\":\"1500.0000\"}}', '2022-02-19 12:50:59', '2022-02-19 12:50:59'),
(217, 'default', 'edited', 296, 'App\\Transaction', 20, 33, 'App\\User', '{\"attributes\":{\"type\":\"purchase\",\"status\":\"received\",\"payment_status\":\"paid\",\"final_total\":1500},\"old\":{\"type\":\"purchase\",\"status\":\"received\",\"payment_status\":\"partial\",\"final_total\":\"2200.0000\"}}', '2022-02-19 12:51:22', '2022-02-19 12:51:22'),
(218, 'default', 'login', 1, 'App\\User', 1, 1, 'App\\User', '[]', '2022-02-19 13:33:20', '2022-02-19 13:33:21'),
(219, 'default', 'added', 40, 'App\\Contact', 20, 33, 'App\\User', '[]', '2022-02-19 14:30:59', '2022-02-19 14:30:59'),
(220, 'default', 'added', 298, 'App\\Transaction', 20, 33, 'App\\User', '{\"attributes\":{\"type\":\"purchase\",\"status\":\"ordered\",\"payment_status\":\"due\",\"final_total\":7800}}', '2022-02-19 14:31:43', '2022-02-19 14:31:43'),
(221, 'default', 'edited', 298, 'App\\Transaction', 20, 33, 'App\\User', '{\"attributes\":{\"type\":\"purchase\",\"status\":\"received\",\"payment_status\":\"due\",\"final_total\":9300},\"old\":{\"type\":\"purchase\",\"status\":\"received\",\"payment_status\":\"due\",\"final_total\":\"7800.0000\"}}', '2022-02-19 14:33:12', '2022-02-19 14:33:12'),
(222, 'default', 'payment_edited', 298, 'App\\Transaction', 20, 33, 'App\\User', '{\"attributes\":{\"type\":\"purchase\",\"status\":\"received\",\"payment_status\":\"paid\",\"final_total\":\"9300.0000\"},\"old\":{\"type\":\"purchase\",\"status\":\"received\",\"payment_status\":\"due\",\"final_total\":\"9300.0000\"}}', '2022-02-19 14:33:25', '2022-02-19 14:33:25'),
(223, 'default', 'login', 1, 'App\\User', 1, 1, 'App\\User', '[]', '2022-02-26 08:32:27', '2022-02-26 08:32:27'),
(224, 'default', 'logout', 1, 'App\\User', 1, 1, 'App\\User', '[]', '2022-02-26 08:33:30', '2022-02-26 08:33:31'),
(225, 'default', 'login', 33, 'App\\User', 20, 33, 'App\\User', '[]', '2022-02-26 08:33:40', '2022-02-26 08:33:40'),
(226, 'default', 'login', 33, 'App\\User', 20, 33, 'App\\User', '[]', '2022-03-01 15:32:28', '2022-03-01 15:32:28'),
(227, 'default', 'added', 299, 'App\\Transaction', 20, 33, 'App\\User', '{\"attributes\":{\"type\":\"sell\",\"status\":\"draft\",\"sub_status\":\"proforma\",\"shipping_status\":\"ordered\",\"final_total\":4529}}', '2022-03-01 15:36:37', '2022-03-01 15:36:37'),
(228, 'default', 'edited', 299, 'App\\Transaction', 20, 33, 'App\\User', '{\"attributes\":{\"type\":\"sell\",\"status\":\"draft\",\"sub_status\":\"quotation\",\"shipping_status\":\"ordered\",\"payment_status\":\"due\",\"final_total\":4529},\"old\":{\"type\":\"sell\",\"status\":\"draft\",\"sub_status\":\"proforma\",\"shipping_status\":\"ordered\",\"final_total\":\"4529.0000\"}}', '2022-03-01 15:41:28', '2022-03-01 15:41:28'),
(229, 'default', 'edited', 299, 'App\\Transaction', 20, 33, 'App\\User', '{\"attributes\":{\"type\":\"sell\",\"status\":\"draft\",\"sub_status\":\"proforma\",\"shipping_status\":\"ordered\",\"payment_status\":\"due\",\"final_total\":\"4529.0000\"},\"old\":{\"type\":\"sell\",\"status\":\"draft\",\"sub_status\":\"quotation\",\"shipping_status\":\"ordered\",\"payment_status\":\"due\",\"final_total\":\"4529.0000\"}}', '2022-03-01 15:44:07', '2022-03-01 15:44:07'),
(230, 'default', 'edited', 299, 'App\\Transaction', 20, 33, 'App\\User', '{\"attributes\":{\"type\":\"sell\",\"status\":\"draft\",\"sub_status\":\"quotation\",\"shipping_status\":\"ordered\",\"payment_status\":\"due\",\"final_total\":4529},\"old\":{\"type\":\"sell\",\"status\":\"draft\",\"sub_status\":\"proforma\",\"shipping_status\":\"ordered\",\"payment_status\":\"due\",\"final_total\":\"4529.0000\"}}', '2022-03-01 15:51:47', '2022-03-01 15:51:47'),
(231, 'default', 'edited', 299, 'App\\Transaction', 20, 33, 'App\\User', '{\"attributes\":{\"type\":\"sell\",\"status\":\"draft\",\"sub_status\":\"proforma\",\"shipping_status\":\"ordered\",\"payment_status\":\"due\",\"final_total\":\"4529.0000\"},\"old\":{\"type\":\"sell\",\"status\":\"draft\",\"sub_status\":\"quotation\",\"shipping_status\":\"ordered\",\"payment_status\":\"due\",\"final_total\":\"4529.0000\"}}', '2022-03-01 15:55:58', '2022-03-01 15:55:58'),
(232, 'default', 'edited', 299, 'App\\Transaction', 20, 33, 'App\\User', '{\"attributes\":{\"type\":\"sell\",\"status\":\"final\",\"shipping_status\":\"ordered\",\"payment_status\":\"paid\",\"final_total\":2531},\"old\":{\"type\":\"sell\",\"status\":\"draft\",\"sub_status\":\"proforma\",\"shipping_status\":\"ordered\",\"payment_status\":\"due\",\"final_total\":\"4529.0000\"}}', '2022-03-01 15:57:39', '2022-03-01 15:57:39'),
(233, 'default', 'login', 33, 'App\\User', 20, 33, 'App\\User', '[]', '2022-03-03 07:54:07', '2022-03-03 07:54:07'),
(234, 'default', 'login', 33, 'App\\User', 20, 33, 'App\\User', '[]', '2022-03-04 15:29:33', '2022-03-04 15:29:33'),
(235, 'default', 'added', 41, 'App\\Contact', 20, 33, 'App\\User', '[]', '2022-03-04 17:10:11', '2022-03-04 17:10:11'),
(236, 'default', 'added', 42, 'App\\Contact', 20, 33, 'App\\User', '[]', '2022-03-04 17:10:12', '2022-03-04 17:10:13'),
(237, 'default', 'added', 300, 'App\\Transaction', 20, 33, 'App\\User', '{\"attributes\":{\"type\":\"purchase\",\"status\":\"pending\",\"payment_status\":\"due\",\"final_total\":1770}}', '2022-03-04 18:50:00', '2022-03-04 18:50:00'),
(238, 'default', 'edited', 300, 'App\\Transaction', 20, 33, 'App\\User', '{\"attributes\":{\"type\":\"purchase\",\"status\":\"pending\",\"payment_status\":\"due\",\"final_total\":1770},\"old\":{\"type\":\"purchase\",\"status\":\"pending\",\"payment_status\":\"due\",\"final_total\":\"1770.0000\"}}', '2022-03-04 19:21:18', '2022-03-04 19:21:18'),
(239, 'default', 'login', 33, 'App\\User', 20, 33, 'App\\User', '[]', '2022-03-05 13:36:21', '2022-03-05 13:36:21'),
(240, 'default', 'login', 33, 'App\\User', 20, 33, 'App\\User', '[]', '2022-03-05 15:33:15', '2022-03-05 15:33:15'),
(241, 'default', 'payment_edited', 299, 'App\\Transaction', 20, 33, 'App\\User', '{\"attributes\":{\"type\":\"sell\",\"status\":\"final\",\"shipping_status\":\"ordered\",\"payment_status\":\"due\",\"final_total\":\"2531.0000\"},\"old\":{\"type\":\"sell\",\"status\":\"final\",\"shipping_status\":\"ordered\",\"payment_status\":\"paid\",\"final_total\":\"2531.0000\"}}', '2022-03-05 16:11:27', '2022-03-05 16:11:27'),
(242, 'default', 'payment_deleted', 130, 'App\\TransactionPayment', 20, 33, 'App\\User', '{\"id\":130,\"ref_no\":\"SP2022\\/0001\"}', '2022-03-05 16:11:27', '2022-03-05 16:11:27'),
(243, 'default', 'added', 301, 'App\\Transaction', 20, 33, 'App\\User', '{\"attributes\":{\"type\":\"sell\",\"status\":\"draft\",\"final_total\":14400}}', '2022-03-05 16:25:50', '2022-03-05 16:25:50'),
(244, 'default', 'added', 302, 'App\\Transaction', 20, 33, 'App\\User', '{\"attributes\":{\"type\":\"sell\",\"status\":\"draft\",\"final_total\":14400}}', '2022-03-05 16:56:10', '2022-03-05 16:56:10'),
(245, 'default', 'sell_deleted', 302, 'App\\Transaction', 20, 33, 'App\\User', '{\"id\":302,\"invoice_no\":\"2022\\/0004\",\"attributes\":{\"type\":\"sell\",\"status\":\"draft\",\"final_total\":\"14400.0000\"}}', '2022-03-05 16:56:29', '2022-03-05 16:56:29'),
(246, 'default', 'sell_deleted', 301, 'App\\Transaction', 20, 33, 'App\\User', '{\"id\":301,\"invoice_no\":\"2022\\/0003\",\"attributes\":{\"type\":\"sell\",\"status\":\"draft\",\"final_total\":\"14400.0000\"}}', '2022-03-05 16:56:34', '2022-03-05 16:56:34'),
(247, 'default', 'sell_deleted', 297, 'App\\Transaction', 20, 33, 'App\\User', '{\"id\":297,\"invoice_no\":\"2022\\/0001\",\"attributes\":{\"type\":\"sell\",\"status\":\"draft\",\"sub_status\":\"proforma\",\"final_total\":\"875.0000\"}}', '2022-03-05 16:58:55', '2022-03-05 16:58:55'),
(248, 'default', 'added', 303, 'App\\Transaction', 20, 33, 'App\\User', '{\"attributes\":{\"type\":\"sell\",\"status\":\"draft\",\"final_total\":13718}}', '2022-03-05 16:59:54', '2022-03-05 16:59:54'),
(249, 'default', 'edited', 303, 'App\\Transaction', 20, 33, 'App\\User', '{\"attributes\":{\"type\":\"sell\",\"status\":\"draft\",\"sub_status\":\"proforma\",\"payment_status\":\"due\",\"final_total\":13718},\"old\":{\"type\":\"sell\",\"status\":\"draft\",\"final_total\":\"13718.0000\"}}', '2022-03-05 17:22:14', '2022-03-05 17:22:14'),
(250, 'default', 'added', 43, 'App\\Contact', 20, 33, 'App\\User', '[]', '2022-03-05 17:29:12', '2022-03-05 17:29:12'),
(251, 'default', 'added', 304, 'App\\Transaction', 20, 33, 'App\\User', '{\"attributes\":{\"type\":\"sell\",\"status\":\"draft\",\"sub_status\":\"quotation\",\"final_total\":13718}}', '2022-03-05 17:29:37', '2022-03-05 17:29:37'),
(252, 'default', 'added', 305, 'App\\Transaction', 20, 33, 'App\\User', '{\"attributes\":{\"type\":\"sell\",\"status\":\"draft\",\"sub_status\":\"quotation\",\"final_total\":13718}}', '2022-03-05 17:29:56', '2022-03-05 17:29:56'),
(253, 'default', 'sell_deleted', 304, 'App\\Transaction', 20, 33, 'App\\User', '{\"id\":304,\"invoice_no\":\"2022\\/0006\",\"attributes\":{\"type\":\"sell\",\"status\":\"draft\",\"sub_status\":\"quotation\",\"final_total\":\"13718.0000\"}}', '2022-03-05 17:38:40', '2022-03-05 17:38:40'),
(254, 'default', 'sell_deleted', 305, 'App\\Transaction', 20, 33, 'App\\User', '{\"id\":305,\"invoice_no\":\"2022\\/0007\",\"attributes\":{\"type\":\"sell\",\"status\":\"draft\",\"sub_status\":\"quotation\",\"final_total\":\"13718.0000\"}}', '2022-03-05 17:38:45', '2022-03-05 17:38:45'),
(255, 'default', 'sell_deleted', 303, 'App\\Transaction', 20, 33, 'App\\User', '{\"id\":303,\"invoice_no\":\"2022\\/0005\",\"attributes\":{\"type\":\"sell\",\"status\":\"draft\",\"sub_status\":\"proforma\",\"payment_status\":\"due\",\"final_total\":\"13718.0000\"}}', '2022-03-05 17:38:59', '2022-03-05 17:38:59'),
(256, 'default', 'added', 306, 'App\\Transaction', 20, 33, 'App\\User', '{\"attributes\":{\"type\":\"sell\",\"status\":\"draft\",\"final_total\":13718}}', '2022-03-05 18:25:46', '2022-03-05 18:25:46'),
(257, 'default', 'sell_deleted', 306, 'App\\Transaction', 20, 33, 'App\\User', '{\"id\":306,\"invoice_no\":\"2022\\/0008\",\"attributes\":{\"type\":\"sell\",\"status\":\"draft\",\"final_total\":\"13718.0000\"}}', '2022-03-05 18:29:44', '2022-03-05 18:29:44'),
(258, 'default', 'added', 307, 'App\\Transaction', 20, 33, 'App\\User', '{\"attributes\":{\"type\":\"sell\",\"status\":\"draft\",\"final_total\":13718}}', '2022-03-05 18:30:22', '2022-03-05 18:30:22'),
(259, 'default', 'sell_deleted', 307, 'App\\Transaction', 20, 33, 'App\\User', '{\"id\":307,\"invoice_no\":\"2022\\/0009\",\"attributes\":{\"type\":\"sell\",\"status\":\"draft\",\"final_total\":\"13718.0000\"}}', '2022-03-05 18:46:27', '2022-03-05 18:46:27'),
(260, 'default', 'added', 311, 'App\\Transaction', 20, 33, 'App\\User', '{\"attributes\":{\"type\":\"sell\",\"status\":\"draft\",\"final_total\":13718}}', '2022-03-05 18:54:11', '2022-03-05 18:54:11'),
(261, 'default', 'sell_deleted', 311, 'App\\Transaction', 20, 33, 'App\\User', '{\"id\":311,\"invoice_no\":\"2022\\/0010\",\"attributes\":{\"type\":\"sell\",\"status\":\"draft\",\"final_total\":\"13718.0000\"}}', '2022-03-05 18:55:28', '2022-03-05 18:55:28'),
(262, 'default', 'sell_deleted', 299, 'App\\Transaction', 20, 33, 'App\\User', '{\"id\":299,\"invoice_no\":\"2022\\/0002\",\"attributes\":{\"type\":\"sell\",\"status\":\"final\",\"shipping_status\":\"ordered\",\"payment_status\":\"due\",\"final_total\":\"2531.0000\"}}', '2022-03-05 19:00:53', '2022-03-05 19:00:53'),
(263, 'default', 'added', 312, 'App\\Transaction', 20, 33, 'App\\User', '{\"attributes\":{\"type\":\"sell\",\"status\":\"draft\",\"sub_status\":\"quotation\",\"final_total\":14125}}', '2022-03-05 19:01:44', '2022-03-05 19:01:44'),
(264, 'default', 'sell_deleted', 312, 'App\\Transaction', 20, 33, 'App\\User', '{\"id\":312,\"invoice_no\":\"2022\\/0011\",\"attributes\":{\"type\":\"sell\",\"status\":\"draft\",\"sub_status\":\"quotation\",\"final_total\":\"14125.0000\"}}', '2022-03-05 19:17:41', '2022-03-05 19:17:41'),
(265, 'default', 'added', 313, 'App\\Transaction', 20, 33, 'App\\User', '{\"attributes\":{\"type\":\"sell\",\"status\":\"draft\",\"sub_status\":\"quotation\",\"final_total\":2529}}', '2022-03-05 19:22:18', '2022-03-05 19:22:18'),
(266, 'default', 'added', 314, 'App\\Transaction', 20, 33, 'App\\User', '{\"attributes\":{\"type\":\"sell\",\"status\":\"draft\",\"sub_status\":\"quotation\",\"final_total\":2529}}', '2022-03-05 19:24:56', '2022-03-05 19:24:56'),
(267, 'default', 'edited', 314, 'App\\Transaction', 20, 33, 'App\\User', '{\"attributes\":{\"type\":\"sell\",\"status\":\"draft\",\"sub_status\":\"proforma\",\"final_total\":\"2529.0000\"},\"old\":{\"type\":\"sell\",\"status\":\"draft\",\"sub_status\":\"quotation\",\"final_total\":\"2529.0000\"}}', '2022-03-05 19:28:43', '2022-03-05 19:28:43'),
(268, 'default', 'edited', 314, 'App\\Transaction', 20, 33, 'App\\User', '{\"attributes\":{\"type\":\"sell\",\"status\":\"draft\",\"sub_status\":\"quotation\",\"payment_status\":\"due\",\"final_total\":2529},\"old\":{\"type\":\"sell\",\"status\":\"draft\",\"sub_status\":\"proforma\",\"final_total\":\"2529.0000\"}}', '2022-03-05 20:33:58', '2022-03-05 20:33:58'),
(269, 'default', 'edited', 314, 'App\\Transaction', 20, 33, 'App\\User', '{\"attributes\":{\"type\":\"sell\",\"status\":\"draft\",\"sub_status\":\"quotation\",\"payment_status\":\"due\",\"final_total\":2529},\"old\":{\"type\":\"sell\",\"status\":\"draft\",\"sub_status\":\"quotation\",\"payment_status\":\"due\",\"final_total\":\"2529.0000\"}}', '2022-03-05 20:52:15', '2022-03-05 20:52:15'),
(270, 'default', 'edited', 314, 'App\\Transaction', 20, 33, 'App\\User', '{\"attributes\":{\"type\":\"sell\",\"status\":\"draft\",\"sub_status\":\"quotation\",\"payment_status\":\"due\",\"final_total\":2529},\"old\":{\"type\":\"sell\",\"status\":\"draft\",\"sub_status\":\"quotation\",\"payment_status\":\"due\",\"final_total\":\"2529.0000\"}}', '2022-03-05 20:58:03', '2022-03-05 20:58:03'),
(271, 'default', 'edited', 314, 'App\\Transaction', 20, 33, 'App\\User', '{\"attributes\":{\"type\":\"sell\",\"status\":\"draft\",\"sub_status\":\"proforma\",\"payment_status\":\"due\",\"final_total\":\"2529.0000\"},\"old\":{\"type\":\"sell\",\"status\":\"draft\",\"sub_status\":\"quotation\",\"payment_status\":\"due\",\"final_total\":\"2529.0000\"}}', '2022-03-05 21:34:27', '2022-03-05 21:34:27'),
(272, 'default', 'edited', 314, 'App\\Transaction', 20, 33, 'App\\User', '{\"attributes\":{\"type\":\"sell\",\"status\":\"draft\",\"sub_status\":\"quotation\",\"payment_status\":\"due\",\"final_total\":3211},\"old\":{\"type\":\"sell\",\"status\":\"draft\",\"sub_status\":\"proforma\",\"payment_status\":\"due\",\"final_total\":\"2529.0000\"}}', '2022-03-05 21:35:36', '2022-03-05 21:35:36'),
(273, 'default', 'edited', 314, 'App\\Transaction', 20, 33, 'App\\User', '{\"attributes\":{\"type\":\"sell\",\"status\":\"draft\",\"sub_status\":\"proforma\",\"payment_status\":\"due\",\"final_total\":\"3211.0000\"},\"old\":{\"type\":\"sell\",\"status\":\"draft\",\"sub_status\":\"quotation\",\"payment_status\":\"due\",\"final_total\":\"3211.0000\"}}', '2022-03-05 21:35:53', '2022-03-05 21:35:53'),
(274, 'default', 'edited', 314, 'App\\Transaction', 20, 33, 'App\\User', '{\"attributes\":{\"type\":\"sell\",\"status\":\"draft\",\"sub_status\":\"quotation\",\"payment_status\":\"due\",\"final_total\":3211},\"old\":{\"type\":\"sell\",\"status\":\"draft\",\"sub_status\":\"proforma\",\"payment_status\":\"due\",\"final_total\":\"3211.0000\"}}', '2022-03-05 21:36:59', '2022-03-05 21:36:59'),
(275, 'default', 'edited', 314, 'App\\Transaction', 20, 33, 'App\\User', '{\"attributes\":{\"type\":\"sell\",\"status\":\"final\",\"payment_status\":\"partial\",\"final_total\":3211},\"old\":{\"type\":\"sell\",\"status\":\"draft\",\"sub_status\":\"quotation\",\"payment_status\":\"due\",\"final_total\":\"3211.0000\"}}', '2022-03-05 21:37:22', '2022-03-05 21:37:22'),
(276, 'default', 'login', 33, 'App\\User', 20, 33, 'App\\User', '[]', '2022-03-07 21:07:02', '2022-03-07 21:07:02'),
(277, 'default', 'login', 33, 'App\\User', 20, 33, 'App\\User', '[]', '2022-03-08 09:39:12', '2022-03-08 09:39:12'),
(278, 'default', 'login', 33, 'App\\User', 20, 33, 'App\\User', '[]', '2022-03-08 09:41:20', '2022-03-08 09:41:20'),
(279, 'default', 'logout', 33, 'App\\User', 20, 33, 'App\\User', '[]', '2022-03-08 09:41:20', '2022-03-08 09:41:20'),
(280, 'default', 'login', 33, 'App\\User', 20, 33, 'App\\User', '[]', '2022-03-08 09:41:48', '2022-03-08 09:41:48'),
(281, 'default', 'logout', 33, 'App\\User', 20, 33, 'App\\User', '[]', '2022-03-08 09:46:08', '2022-03-08 09:46:08'),
(282, 'default', 'login', 33, 'App\\User', 20, 33, 'App\\User', '[]', '2022-03-08 09:54:04', '2022-03-08 09:54:04');
INSERT INTO `activity_log` (`id`, `log_name`, `description`, `subject_id`, `subject_type`, `business_id`, `causer_id`, `causer_type`, `properties`, `created_at`, `updated_at`) VALUES
(283, 'default', 'login', 33, 'App\\User', 20, 33, 'App\\User', '[]', '2022-03-08 09:57:05', '2022-03-08 09:57:05'),
(284, 'default', 'added', 34, 'App\\User', 20, 33, 'App\\User', '{\"name\":\"Mr Juma \"}', '2022-03-08 10:03:18', '2022-03-08 10:03:18'),
(285, 'default', 'logout', 33, 'App\\User', 20, 33, 'App\\User', '[]', '2022-03-08 10:03:53', '2022-03-08 10:03:53'),
(286, 'default', 'login', 34, 'App\\User', 20, 34, 'App\\User', '[]', '2022-03-08 10:04:04', '2022-03-08 10:04:04'),
(287, 'default', 'logout', 34, 'App\\User', 20, 34, 'App\\User', '[]', '2022-03-08 10:04:27', '2022-03-08 10:04:27'),
(288, 'default', 'login', 33, 'App\\User', 20, 33, 'App\\User', '[]', '2022-03-08 10:04:33', '2022-03-08 10:04:33'),
(289, 'default', 'added', 315, 'App\\Transaction', 20, 33, 'App\\User', '{\"attributes\":{\"type\":\"purchase\",\"status\":\"pending\",\"payment_status\":\"due\",\"final_total\":2346.829999999999927240423858165740966796875}}', '2022-03-08 10:43:23', '2022-03-08 10:43:23'),
(290, 'default', 'payment_edited', 315, 'App\\Transaction', 20, 33, 'App\\User', '{\"attributes\":{\"type\":\"purchase\",\"status\":\"pending\",\"payment_status\":\"partial\",\"final_total\":\"2346.8300\"},\"old\":{\"type\":\"purchase\",\"status\":\"pending\",\"payment_status\":\"due\",\"final_total\":\"2346.8300\"}}', '2022-03-08 10:48:28', '2022-03-08 10:48:28'),
(291, 'default', 'edited', 315, 'App\\Transaction', 20, 33, 'App\\User', '{\"attributes\":{\"type\":\"purchase\",\"status\":\"ordered\",\"payment_status\":\"partial\",\"final_total\":2346.829999999999927240423858165740966796875},\"old\":{\"type\":\"purchase\",\"status\":\"pending\",\"payment_status\":\"partial\",\"final_total\":\"2346.8300\"}}', '2022-03-08 10:50:25', '2022-03-08 10:50:25'),
(292, 'default', 'payment_edited', 315, 'App\\Transaction', 20, 33, 'App\\User', '{\"attributes\":{\"type\":\"purchase\",\"status\":\"ordered\",\"payment_status\":\"paid\",\"final_total\":\"2346.8300\"},\"old\":{\"type\":\"purchase\",\"status\":\"ordered\",\"payment_status\":\"partial\",\"final_total\":\"2346.8300\"}}', '2022-03-08 10:51:20', '2022-03-08 10:51:20'),
(293, 'default', 'edited', 315, 'App\\Transaction', 20, 33, 'App\\User', '{\"attributes\":{\"type\":\"purchase\",\"status\":\"ordered\",\"payment_status\":\"partial\",\"final_total\":2634.59999999999990905052982270717620849609375},\"old\":{\"type\":\"purchase\",\"status\":\"ordered\",\"payment_status\":\"paid\",\"final_total\":\"2346.8300\"}}', '2022-03-08 10:55:30', '2022-03-08 10:55:30'),
(294, 'default', 'added', 316, 'App\\Transaction', 20, 33, 'App\\User', '{\"attributes\":{\"type\":\"purchase_return\",\"final_total\":0}}', '2022-03-08 10:56:29', '2022-03-08 10:56:29'),
(295, 'default', 'edited', 316, 'App\\Transaction', 20, 33, 'App\\User', '{\"attributes\":{\"type\":\"purchase_return\",\"payment_status\":\"paid\",\"final_total\":1770},\"old\":{\"type\":\"purchase_return\",\"payment_status\":\"paid\",\"final_total\":\"0.0000\"}}', '2022-03-08 10:57:04', '2022-03-08 10:57:04'),
(296, 'default', 'added', 317, 'App\\Transaction', 20, 33, 'App\\User', '{\"attributes\":{\"type\":\"sell\",\"status\":\"draft\",\"sub_status\":\"quotation\",\"shipping_status\":\"ordered\",\"final_total\":14300}}', '2022-03-08 11:05:31', '2022-03-08 11:05:31'),
(297, 'default', 'edited', 317, 'App\\Transaction', 20, 33, 'App\\User', '{\"attributes\":{\"type\":\"sell\",\"status\":\"draft\",\"sub_status\":\"proforma\",\"shipping_status\":\"ordered\",\"final_total\":\"14300.0000\"},\"old\":{\"type\":\"sell\",\"status\":\"draft\",\"sub_status\":\"quotation\",\"shipping_status\":\"ordered\",\"final_total\":\"14300.0000\"}}', '2022-03-08 11:07:24', '2022-03-08 11:07:24'),
(298, 'default', 'login', 33, 'App\\User', 20, 33, 'App\\User', '[]', '2022-03-08 16:00:04', '2022-03-08 16:00:04'),
(299, 'default', 'login', 33, 'App\\User', 20, 33, 'App\\User', '[]', '2022-03-19 11:02:14', '2022-03-19 11:02:14'),
(300, 'default', 'added', 318, 'App\\Transaction', 20, 33, 'App\\User', '{\"attributes\":{\"type\":\"sell\",\"status\":\"final\",\"payment_status\":\"paid\",\"final_total\":13718}}', '2022-03-19 11:10:40', '2022-03-19 11:10:40');

-- --------------------------------------------------------

--
-- Table structure for table `barcodes`
--

CREATE TABLE `barcodes` (
  `id` int(10) UNSIGNED NOT NULL,
  `name` varchar(191) COLLATE utf8mb4_unicode_ci NOT NULL,
  `description` text COLLATE utf8mb4_unicode_ci,
  `width` double(22,4) DEFAULT NULL,
  `height` double(22,4) DEFAULT NULL,
  `paper_width` double(22,4) DEFAULT NULL,
  `paper_height` double(22,4) DEFAULT NULL,
  `top_margin` double(22,4) DEFAULT NULL,
  `left_margin` double(22,4) DEFAULT NULL,
  `row_distance` double(22,4) DEFAULT NULL,
  `col_distance` double(22,4) DEFAULT NULL,
  `stickers_in_one_row` int(11) DEFAULT NULL,
  `is_default` tinyint(1) NOT NULL DEFAULT '0',
  `is_continuous` tinyint(1) NOT NULL DEFAULT '0',
  `stickers_in_one_sheet` int(11) DEFAULT NULL,
  `business_id` int(10) UNSIGNED DEFAULT NULL,
  `created_at` timestamp NULL DEFAULT NULL,
  `updated_at` timestamp NULL DEFAULT NULL
) ENGINE=InnoDB DEFAULT CHARSET=utf8mb4 COLLATE=utf8mb4_unicode_ci;

--
-- Dumping data for table `barcodes`
--

INSERT INTO `barcodes` (`id`, `name`, `description`, `width`, `height`, `paper_width`, `paper_height`, `top_margin`, `left_margin`, `row_distance`, `col_distance`, `stickers_in_one_row`, `is_default`, `is_continuous`, `stickers_in_one_sheet`, `business_id`, `created_at`, `updated_at`) VALUES
(1, '20 Labels per Sheet - (8.5\" x 11\")', 'Sheet Size: 8.5\" x 11\"\\r\\nLabel Size: 4\" x 1\"\\r\\nLabels per sheet: 20', 3.7500, 1.0000, 8.5000, 11.0000, 0.5000, 0.5000, 0.0000, 0.1562, 2, 0, 0, 20, NULL, '2017-12-18 06:13:44', '2017-12-18 06:13:44'),
(2, '30 Labels per sheet - (8.5\" x 11\")', 'Sheet Size: 8.5\" x 11\"\\r\\nLabel Size: 2.625\" x 1\"\\r\\nLabels per sheet: 30', 2.6250, 1.0000, 8.5000, 11.0000, 0.5000, 0.2198, 0.0000, 0.1400, 3, 0, 0, 30, NULL, '2017-12-18 06:04:39', '2017-12-18 06:10:40'),
(3, '32 Labels per sheet - (8.5\" x 11\")', 'Sheet Size: 8.5\" x 11\"\\r\\nLabel Size: 2\" x 1.25\"\\r\\nLabels per sheet: 32', 2.0000, 1.2500, 8.5000, 11.0000, 0.5000, 0.2500, 0.0000, 0.0000, 4, 0, 0, 32, NULL, '2017-12-18 05:55:40', '2017-12-18 05:55:40'),
(4, '40 Labels per sheet - (8.5\" x 11\")', 'Sheet Size: 8.5\" x 11\"\\r\\nLabel Size: 2\" x 1\"\\r\\nLabels per sheet: 40', 2.0000, 1.0000, 8.5000, 11.0000, 0.5000, 0.2500, 0.0000, 0.0000, 4, 0, 0, 40, NULL, '2017-12-18 05:58:40', '2017-12-18 05:58:40'),
(5, '50 Labels per Sheet - (8.5\" x 11\")', 'Sheet Size: 8.5\" x 11\"\\r\\nLabel Size: 1.5\" x 1\"\\r\\nLabels per sheet: 50', 1.5000, 1.0000, 8.5000, 11.0000, 0.5000, 0.5000, 0.0000, 0.0000, 5, 0, 0, 50, NULL, '2017-12-18 05:51:10', '2017-12-18 05:51:10'),
(6, 'Continuous Rolls - 31.75mm x 25.4mm', 'Label Size: 31.75mm x 25.4mm\\r\\nGap: 3.18mm', 1.2500, 1.0000, 1.2500, 0.0000, 0.1250, 0.0000, 0.1250, 0.0000, 1, 0, 1, NULL, NULL, '2017-12-18 05:51:10', '2017-12-18 05:51:10');

-- --------------------------------------------------------

--
-- Table structure for table `bookings`
--

CREATE TABLE `bookings` (
  `id` int(10) UNSIGNED NOT NULL,
  `contact_id` int(10) UNSIGNED NOT NULL,
  `waiter_id` int(10) UNSIGNED DEFAULT NULL,
  `table_id` int(10) UNSIGNED DEFAULT NULL,
  `correspondent_id` int(11) DEFAULT NULL,
  `business_id` int(10) UNSIGNED NOT NULL,
  `location_id` int(10) UNSIGNED NOT NULL,
  `booking_start` datetime NOT NULL,
  `booking_end` datetime NOT NULL,
  `created_by` int(10) UNSIGNED NOT NULL,
  `booking_status` varchar(191) COLLATE utf8mb4_unicode_ci NOT NULL,
  `booking_note` text COLLATE utf8mb4_unicode_ci,
  `created_at` timestamp NULL DEFAULT NULL,
  `updated_at` timestamp NULL DEFAULT NULL
) ENGINE=InnoDB DEFAULT CHARSET=utf8mb4 COLLATE=utf8mb4_unicode_ci;

--
-- Dumping data for table `bookings`
--

INSERT INTO `bookings` (`id`, `contact_id`, `waiter_id`, `table_id`, `correspondent_id`, `business_id`, `location_id`, `booking_start`, `booking_end`, `created_by`, `booking_status`, `booking_note`, `created_at`, `updated_at`) VALUES
(1, 15, 15, 3, 15, 1, 1, '2021-01-20 18:00:00', '2021-01-20 19:00:00', 1, 'booked', 'birthday party', '2021-01-20 14:38:43', '2021-01-20 14:38:43'),
(2, 17, NULL, NULL, 18, 10, 10, '2021-02-18 14:37:00', '2021-02-17 14:37:00', 18, 'booked', 'add extra chillie', '2021-02-17 14:37:55', '2021-02-17 14:37:55'),
(3, 17, NULL, 4, 18, 10, 10, '2021-03-03 08:39:00', '2021-03-04 08:39:00', 18, 'booked', 'chakula chote', '2021-03-03 08:39:51', '2021-03-03 08:39:51'),
(4, 35, NULL, NULL, NULL, 1, 1, '2022-02-10 17:36:00', '2022-02-10 17:36:00', 32, 'waiting', 'Nakuja', '2022-02-10 14:36:57', '2022-02-10 14:36:57'),
(5, 7, NULL, NULL, 15, 1, 1, '2022-02-19 12:12:00', '2022-02-10 20:50:00', 1, 'booked', 'Unakaribishwa kuchukua gari yako tar 11', '2022-02-10 17:13:46', '2022-02-10 17:13:46');

-- --------------------------------------------------------

--
-- Table structure for table `brands`
--

CREATE TABLE `brands` (
  `id` int(10) UNSIGNED NOT NULL,
  `business_id` int(10) UNSIGNED NOT NULL,
  `name` varchar(191) COLLATE utf8mb4_unicode_ci NOT NULL,
  `description` text COLLATE utf8mb4_unicode_ci,
  `created_by` int(10) UNSIGNED NOT NULL,
  `deleted_at` timestamp NULL DEFAULT NULL,
  `created_at` timestamp NULL DEFAULT NULL,
  `updated_at` timestamp NULL DEFAULT NULL
) ENGINE=InnoDB DEFAULT CHARSET=utf8mb4 COLLATE=utf8mb4_unicode_ci;

--
-- Dumping data for table `brands`
--

INSERT INTO `brands` (`id`, `business_id`, `name`, `description`, `created_by`, `deleted_at`, `created_at`, `updated_at`) VALUES
(1, 2, 'Hp', 'Electronics Products', 2, NULL, '2020-03-27 23:39:04', '2020-03-27 23:39:04'),
(2, 1, 'test', 'TEST', 1, NULL, '2020-04-01 10:09:59', '2020-04-01 10:09:59'),
(3, 20, 'Toyota', NULL, 33, NULL, '2022-02-18 07:28:37', '2022-02-18 07:28:37'),
(4, 20, 'SUV', NULL, 33, NULL, '2022-02-19 14:28:21', '2022-02-19 14:28:21');

-- --------------------------------------------------------

--
-- Table structure for table `business`
--

CREATE TABLE `business` (
  `id` int(10) UNSIGNED NOT NULL,
  `name` varchar(191) COLLATE utf8mb4_unicode_ci NOT NULL,
  `currency_id` int(10) UNSIGNED NOT NULL,
  `start_date` date DEFAULT NULL,
  `tax_number_1` varchar(100) COLLATE utf8mb4_unicode_ci DEFAULT NULL,
  `tax_label_1` varchar(10) COLLATE utf8mb4_unicode_ci DEFAULT NULL,
  `tax_number_2` varchar(100) COLLATE utf8mb4_unicode_ci DEFAULT NULL,
  `tax_label_2` varchar(10) COLLATE utf8mb4_unicode_ci DEFAULT NULL,
  `code_label_1` varchar(191) COLLATE utf8mb4_unicode_ci DEFAULT NULL,
  `code_1` varchar(191) COLLATE utf8mb4_unicode_ci DEFAULT NULL,
  `code_label_2` varchar(191) COLLATE utf8mb4_unicode_ci DEFAULT NULL,
  `code_2` varchar(191) COLLATE utf8mb4_unicode_ci DEFAULT NULL,
  `default_sales_tax` int(10) UNSIGNED DEFAULT NULL,
  `default_profit_percent` double(5,2) NOT NULL DEFAULT '0.00',
  `owner_id` int(10) UNSIGNED NOT NULL,
  `time_zone` varchar(191) COLLATE utf8mb4_unicode_ci NOT NULL DEFAULT 'Asia/Kolkata',
  `fy_start_month` tinyint(4) NOT NULL DEFAULT '1',
  `accounting_method` enum('fifo','lifo','avco') COLLATE utf8mb4_unicode_ci NOT NULL DEFAULT 'fifo',
  `default_sales_discount` decimal(5,2) DEFAULT NULL,
  `sell_price_tax` enum('includes','excludes') COLLATE utf8mb4_unicode_ci NOT NULL DEFAULT 'includes',
  `logo` varchar(191) COLLATE utf8mb4_unicode_ci DEFAULT NULL,
  `sku_prefix` varchar(191) COLLATE utf8mb4_unicode_ci DEFAULT NULL,
  `enable_product_expiry` tinyint(1) NOT NULL DEFAULT '0',
  `expiry_type` enum('add_expiry','add_manufacturing') COLLATE utf8mb4_unicode_ci NOT NULL DEFAULT 'add_expiry',
  `on_product_expiry` enum('keep_selling','stop_selling','auto_delete') COLLATE utf8mb4_unicode_ci NOT NULL DEFAULT 'keep_selling',
  `stop_selling_before` int(11) NOT NULL COMMENT 'Stop selling expied item n days before expiry',
  `enable_tooltip` tinyint(1) NOT NULL DEFAULT '1',
  `purchase_in_diff_currency` tinyint(1) NOT NULL DEFAULT '0' COMMENT 'Allow purchase to be in different currency then the business currency',
  `purchase_currency_id` int(10) UNSIGNED DEFAULT NULL,
  `p_exchange_rate` decimal(20,3) NOT NULL DEFAULT '1.000',
  `transaction_edit_days` int(10) UNSIGNED NOT NULL DEFAULT '30',
  `stock_expiry_alert_days` int(10) UNSIGNED NOT NULL DEFAULT '30',
  `keyboard_shortcuts` text COLLATE utf8mb4_unicode_ci,
  `pos_settings` text COLLATE utf8mb4_unicode_ci,
  `manufacturing_settings` text COLLATE utf8mb4_unicode_ci,
  `weighing_scale_setting` text COLLATE utf8mb4_unicode_ci NOT NULL COMMENT 'used to store the configuration of weighing scale',
  `enable_brand` tinyint(1) NOT NULL DEFAULT '1',
  `enable_category` tinyint(1) NOT NULL DEFAULT '1',
  `enable_sub_category` tinyint(1) NOT NULL DEFAULT '1',
  `enable_price_tax` tinyint(1) NOT NULL DEFAULT '1',
  `enable_purchase_status` tinyint(1) DEFAULT '1',
  `enable_lot_number` tinyint(1) NOT NULL DEFAULT '0',
  `default_unit` int(11) DEFAULT NULL,
  `enable_sub_units` tinyint(1) NOT NULL DEFAULT '0',
  `enable_racks` tinyint(1) NOT NULL DEFAULT '0',
  `enable_row` tinyint(1) NOT NULL DEFAULT '0',
  `enable_position` tinyint(1) NOT NULL DEFAULT '0',
  `enable_editing_product_from_purchase` tinyint(1) NOT NULL DEFAULT '1',
  `sales_cmsn_agnt` enum('logged_in_user','user','cmsn_agnt') COLLATE utf8mb4_unicode_ci DEFAULT NULL,
  `item_addition_method` tinyint(1) NOT NULL DEFAULT '1',
  `enable_inline_tax` tinyint(1) NOT NULL DEFAULT '1',
  `currency_symbol_placement` enum('before','after') COLLATE utf8mb4_unicode_ci NOT NULL DEFAULT 'before',
  `enabled_modules` text COLLATE utf8mb4_unicode_ci,
  `date_format` varchar(191) COLLATE utf8mb4_unicode_ci NOT NULL DEFAULT 'm/d/Y',
  `time_format` enum('12','24') COLLATE utf8mb4_unicode_ci NOT NULL DEFAULT '24',
  `ref_no_prefixes` text COLLATE utf8mb4_unicode_ci,
  `theme_color` char(20) COLLATE utf8mb4_unicode_ci DEFAULT NULL,
  `created_by` int(11) DEFAULT NULL,
  `crm_settings` text COLLATE utf8mb4_unicode_ci,
  `enable_rp` tinyint(1) NOT NULL DEFAULT '0' COMMENT 'rp is the short form of reward points',
  `rp_name` varchar(191) COLLATE utf8mb4_unicode_ci DEFAULT NULL COMMENT 'rp is the short form of reward points',
  `amount_for_unit_rp` decimal(22,4) NOT NULL DEFAULT '1.0000' COMMENT 'rp is the short form of reward points',
  `min_order_total_for_rp` decimal(22,4) NOT NULL DEFAULT '1.0000' COMMENT 'rp is the short form of reward points',
  `max_rp_per_order` int(11) DEFAULT NULL COMMENT 'rp is the short form of reward points',
  `redeem_amount_per_unit_rp` decimal(22,4) NOT NULL DEFAULT '1.0000' COMMENT 'rp is the short form of reward points',
  `min_order_total_for_redeem` decimal(22,4) NOT NULL DEFAULT '1.0000' COMMENT 'rp is the short form of reward points',
  `min_redeem_point` int(11) DEFAULT NULL COMMENT 'rp is the short form of reward points',
  `max_redeem_point` int(11) DEFAULT NULL COMMENT 'rp is the short form of reward points',
  `rp_expiry_period` int(11) DEFAULT NULL COMMENT 'rp is the short form of reward points',
  `rp_expiry_type` enum('month','year') COLLATE utf8mb4_unicode_ci NOT NULL DEFAULT 'year' COMMENT 'rp is the short form of reward points',
  `email_settings` text COLLATE utf8mb4_unicode_ci,
  `sms_settings` text COLLATE utf8mb4_unicode_ci,
  `custom_labels` text COLLATE utf8mb4_unicode_ci,
  `common_settings` text COLLATE utf8mb4_unicode_ci,
  `is_active` tinyint(1) NOT NULL DEFAULT '1',
  `created_at` timestamp NULL DEFAULT NULL,
  `updated_at` timestamp NULL DEFAULT NULL
) ENGINE=InnoDB DEFAULT CHARSET=utf8mb4 COLLATE=utf8mb4_unicode_ci;

--
-- Dumping data for table `business`
--

INSERT INTO `business` (`id`, `name`, `currency_id`, `start_date`, `tax_number_1`, `tax_label_1`, `tax_number_2`, `tax_label_2`, `code_label_1`, `code_1`, `code_label_2`, `code_2`, `default_sales_tax`, `default_profit_percent`, `owner_id`, `time_zone`, `fy_start_month`, `accounting_method`, `default_sales_discount`, `sell_price_tax`, `logo`, `sku_prefix`, `enable_product_expiry`, `expiry_type`, `on_product_expiry`, `stop_selling_before`, `enable_tooltip`, `purchase_in_diff_currency`, `purchase_currency_id`, `p_exchange_rate`, `transaction_edit_days`, `stock_expiry_alert_days`, `keyboard_shortcuts`, `pos_settings`, `manufacturing_settings`, `weighing_scale_setting`, `enable_brand`, `enable_category`, `enable_sub_category`, `enable_price_tax`, `enable_purchase_status`, `enable_lot_number`, `default_unit`, `enable_sub_units`, `enable_racks`, `enable_row`, `enable_position`, `enable_editing_product_from_purchase`, `sales_cmsn_agnt`, `item_addition_method`, `enable_inline_tax`, `currency_symbol_placement`, `enabled_modules`, `date_format`, `time_format`, `ref_no_prefixes`, `theme_color`, `created_by`, `crm_settings`, `enable_rp`, `rp_name`, `amount_for_unit_rp`, `min_order_total_for_rp`, `max_rp_per_order`, `redeem_amount_per_unit_rp`, `min_order_total_for_redeem`, `min_redeem_point`, `max_redeem_point`, `rp_expiry_period`, `rp_expiry_type`, `email_settings`, `sms_settings`, `custom_labels`, `common_settings`, `is_active`, `created_at`, `updated_at`) VALUES
(1, 'Riverton Africa Limited', 2, '2020-03-27', '40-006672-A', 'VAT', NULL, NULL, NULL, NULL, NULL, NULL, NULL, 25.00, 1, 'Africa/Dar_es_Salaam', 1, 'fifo', '0.00', 'includes', '1643570076_riverton_logo.png', NULL, 1, 'add_expiry', 'stop_selling', 0, 1, 0, NULL, '1.000', 30, 30, '{\"pos\":{\"express_checkout\":\"shift+e\",\"pay_n_ckeckout\":\"shift+p\",\"draft\":\"shift+d\",\"cancel\":\"shift+c\",\"recent_product_quantity\":\"f2\",\"weighing_scale\":null,\"edit_discount\":\"shift+i\",\"edit_order_tax\":\"shift+t\",\"add_payment_row\":\"shift+r\",\"finalize_payment\":\"shift+f\",\"add_new_product\":\"f4\"}}', '{\"cmmsn_calculation_type\":\"invoice_value\",\"amount_rounding_method\":null,\"enable_msp\":\"1\",\"enable_sales_order\":\"1\",\"enable_payment_link\":\"1\",\"razor_pay_key_id\":null,\"razor_pay_key_secret\":null,\"stripe_public_key\":null,\"stripe_secret_key\":null,\"cash_denominations\":null,\"disable_pay_checkout\":0,\"disable_draft\":0,\"disable_express_checkout\":0,\"hide_product_suggestion\":0,\"hide_recent_trans\":0,\"disable_discount\":0,\"disable_order_tax\":0,\"is_pos_subtotal_editable\":0}', '{\"ref_no_prefix\":\"xxx\",\"disable_editing_ingredient_qty\":true,\"enable_updating_product_price\":true}', '{\"label_prefix\":null,\"product_sku_length\":\"4\",\"qty_length\":\"3\",\"qty_length_decimal\":\"2\"}', 1, 1, 1, 1, 1, 0, NULL, 1, 0, 0, 0, 1, NULL, 1, 1, 'before', '[\"purchases\",\"add_sale\",\"pos_sale\",\"stock_transfers\",\"stock_adjustment\",\"expenses\",\"account\",\"service_staff\",\"booking\",\"subscription\"]', 'm/d/Y', '24', '{\"purchase\":\"PO\",\"purchase_return\":null,\"purchase_order\":null,\"stock_transfer\":\"ST\",\"stock_adjustment\":\"SA\",\"sell_return\":\"CN\",\"expense\":\"EP\",\"contacts\":\"CO\",\"purchase_payment\":\"PP\",\"sell_payment\":\"SP\",\"expense_payment\":null,\"business_location\":\"BL\",\"username\":null,\"subscription\":null,\"draft\":null,\"sales_order\":null}', 'yellow', NULL, '{\"order_request_prefix\":null,\"enable_order_request\":1}', 0, NULL, '1.0000', '1.0000', NULL, '1.0000', '1.0000', NULL, NULL, NULL, 'year', '{\"mail_driver\":\"smtp\",\"mail_host\":null,\"mail_port\":null,\"mail_username\":null,\"mail_password\":null,\"mail_encryption\":null,\"mail_from_address\":null,\"mail_from_name\":null}', '{\"sms_service\":\"other\",\"nexmo_key\":null,\"nexmo_secret\":null,\"nexmo_from\":null,\"twilio_sid\":null,\"twilio_token\":null,\"twilio_from\":null,\"url\":null,\"send_to_param_name\":\"to\",\"msg_param_name\":\"text\",\"request_method\":\"post\",\"header_1\":null,\"header_val_1\":null,\"header_2\":null,\"header_val_2\":null,\"header_3\":null,\"header_val_3\":null,\"param_1\":null,\"param_val_1\":null,\"param_2\":null,\"param_val_2\":null,\"param_3\":null,\"param_val_3\":null,\"param_4\":null,\"param_val_4\":null,\"param_5\":null,\"param_val_5\":null,\"param_6\":null,\"param_val_6\":null,\"param_7\":null,\"param_val_7\":null,\"param_8\":null,\"param_val_8\":null,\"param_9\":null,\"param_val_9\":null,\"param_10\":null,\"param_val_10\":null}', '{\"payments\":{\"custom_pay_1\":\"MPESA\",\"custom_pay_2\":\"TIGOPESA\",\"custom_pay_3\":\"AIRTEL MONEY\",\"custom_pay_4\":\"T-PESA\",\"custom_pay_5\":\"EAZY PESA\",\"custom_pay_6\":\"HALOPESA\",\"custom_pay_7\":\"Other\"},\"contact\":{\"custom_field_1\":\"Discount request\",\"custom_field_2\":\"Discount status (Approved\\/Rejected\\/Pending)\",\"custom_field_3\":\"Credit sale? (Yes\\/No)\",\"custom_field_4\":null,\"custom_field_5\":null,\"custom_field_6\":null,\"custom_field_7\":null,\"custom_field_8\":null,\"custom_field_9\":null,\"custom_field_10\":null},\"product\":{\"custom_field_1\":\"TBS status\",\"custom_field_2\":\"Inspection status (Yes\\/No)\",\"custom_field_3\":\"Registration status (Registered\\/Pending)\",\"custom_field_4\":null},\"location\":{\"custom_field_1\":null,\"custom_field_2\":null,\"custom_field_3\":null,\"custom_field_4\":null},\"user\":{\"custom_field_1\":null,\"custom_field_2\":null,\"custom_field_3\":null,\"custom_field_4\":null},\"purchase\":{\"custom_field_1\":null,\"custom_field_2\":null,\"custom_field_3\":null,\"custom_field_4\":null},\"purchase_shipping\":{\"custom_field_1\":null,\"custom_field_2\":null,\"custom_field_3\":null,\"custom_field_4\":null,\"custom_field_5\":null},\"sell\":{\"custom_field_1\":null,\"custom_field_2\":null,\"custom_field_3\":null,\"custom_field_4\":null},\"shipping\":{\"custom_field_1\":null,\"custom_field_2\":null,\"custom_field_3\":null,\"custom_field_4\":null,\"custom_field_5\":null},\"types_of_service\":{\"custom_field_1\":null,\"custom_field_2\":null,\"custom_field_3\":null,\"custom_field_4\":null,\"custom_field_5\":null,\"custom_field_6\":null}}', '{\"default_credit_limit\":null,\"default_datatable_page_entries\":\"25\"}', 1, '2020-03-28 01:01:40', '2022-02-18 07:09:28'),
(2, 'ZiliC Cloud', 138, '2020-03-27', NULL, NULL, NULL, NULL, NULL, NULL, NULL, NULL, NULL, 25.00, 2, 'Africa/Dar_es_Salaam', 1, 'fifo', '0.00', 'includes', NULL, NULL, 0, 'add_expiry', 'keep_selling', 0, 1, 0, NULL, '1.000', 30, 30, '{\"pos\":{\"express_checkout\":\"shift+e\",\"pay_n_ckeckout\":\"shift+p\",\"draft\":\"shift+d\",\"cancel\":\"shift+c\",\"recent_product_quantity\":\"f2\",\"weighing_scale\":null,\"edit_discount\":\"shift+i\",\"edit_order_tax\":\"shift+t\",\"add_payment_row\":\"shift+r\",\"finalize_payment\":\"shift+f\",\"add_new_product\":\"f4\"}}', '{\"amount_rounding_method\":null,\"disable_pay_checkout\":\"1\",\"disable_order_tax\":\"1\",\"is_pos_subtotal_editable\":\"1\",\"enable_transaction_date\":\"1\",\"inline_service_staff\":\"1\",\"disable_credit_sale_button\":\"1\",\"show_invoice_scheme\":\"1\",\"show_invoice_layout\":\"1\",\"print_on_suspend\":\"1\",\"disable_draft\":0,\"disable_express_checkout\":0,\"hide_product_suggestion\":0,\"hide_recent_trans\":0,\"disable_discount\":0}', NULL, '{\"label_prefix\":null,\"product_sku_length\":\"4\",\"qty_length\":\"3\",\"qty_length_decimal\":\"2\"}', 1, 1, 1, 1, 1, 0, NULL, 0, 0, 0, 0, 1, NULL, 1, 0, 'before', '[\"purchases\",\"add_sale\",\"pos_sale\",\"stock_transfers\",\"stock_adjustment\",\"expenses\",\"account\",\"tables\",\"service_staff\",\"booking\",\"kitchen\",\"subscription\",\"types_of_service\"]', 'm/d/Y', '24', '{\"purchase\":\"PO\",\"purchase_return\":null,\"stock_transfer\":\"ST\",\"stock_adjustment\":\"SA\",\"sell_return\":\"CN\",\"expense\":\"EP\",\"contacts\":\"CO\",\"purchase_payment\":\"PP\",\"sell_payment\":\"SP\",\"expense_payment\":null,\"business_location\":\"BL\",\"username\":null,\"subscription\":null,\"draft\":null}', NULL, NULL, NULL, 0, NULL, '1.0000', '1.0000', NULL, '1.0000', '1.0000', NULL, NULL, NULL, 'year', '{\"mail_driver\":\"smtp\",\"mail_host\":null,\"mail_port\":null,\"mail_username\":null,\"mail_password\":null,\"mail_encryption\":null,\"mail_from_address\":null,\"mail_from_name\":null}', '{\"sms_service\":\"twilio\",\"nexmo_key\":null,\"nexmo_secret\":null,\"nexmo_from\":null,\"twilio_sid\":null,\"twilio_token\":null,\"twilio_from\":null,\"url\":null,\"send_to_param_name\":\"to\",\"msg_param_name\":\"text\",\"request_method\":\"post\",\"header_1\":null,\"header_val_1\":null,\"header_2\":null,\"header_val_2\":null,\"header_3\":null,\"header_val_3\":null,\"param_1\":null,\"param_val_1\":null,\"param_2\":null,\"param_val_2\":null,\"param_3\":null,\"param_val_3\":null,\"param_4\":null,\"param_val_4\":null,\"param_5\":null,\"param_val_5\":null,\"param_6\":null,\"param_val_6\":null,\"param_7\":null,\"param_val_7\":null,\"param_8\":null,\"param_val_8\":null,\"param_9\":null,\"param_val_9\":null,\"param_10\":null,\"param_val_10\":null}', '{\"payments\":{\"custom_pay_1\":null,\"custom_pay_2\":null,\"custom_pay_3\":null},\"contact\":{\"custom_field_1\":null,\"custom_field_2\":null,\"custom_field_3\":null,\"custom_field_4\":null,\"custom_field_5\":null,\"custom_field_6\":null,\"custom_field_7\":null,\"custom_field_8\":null,\"custom_field_9\":null,\"custom_field_10\":null},\"product\":{\"custom_field_1\":null,\"custom_field_2\":null,\"custom_field_3\":null,\"custom_field_4\":null},\"location\":{\"custom_field_1\":null,\"custom_field_2\":null,\"custom_field_3\":null,\"custom_field_4\":null},\"user\":{\"custom_field_1\":null,\"custom_field_2\":null,\"custom_field_3\":null,\"custom_field_4\":null},\"purchase\":{\"custom_field_1\":null,\"custom_field_2\":null,\"custom_field_3\":null,\"custom_field_4\":null},\"sell\":{\"custom_field_1\":null,\"custom_field_2\":null,\"custom_field_3\":null,\"custom_field_4\":null},\"types_of_service\":{\"custom_field_1\":null,\"custom_field_2\":null,\"custom_field_3\":null,\"custom_field_4\":null}}', '{\"default_datatable_page_entries\":\"25\"}', 1, '2020-03-28 01:10:32', '2021-01-30 09:47:14'),
(3, 'ZiliC Inc', 41, '2020-03-27', NULL, NULL, NULL, NULL, NULL, NULL, NULL, NULL, NULL, 25.00, 3, 'Europe/Paris', 1, 'fifo', '0.00', 'includes', NULL, NULL, 0, 'add_expiry', 'keep_selling', 0, 1, 0, NULL, '1.000', 30, 30, '{\"pos\":{\"express_checkout\":\"shift+e\",\"pay_n_ckeckout\":\"shift+p\",\"draft\":\"shift+d\",\"cancel\":\"shift+c\",\"recent_product_quantity\":\"f2\",\"weighing_scale\":null,\"edit_discount\":\"shift+i\",\"edit_order_tax\":\"shift+t\",\"add_payment_row\":\"shift+r\",\"finalize_payment\":\"shift+f\",\"add_new_product\":\"f4\"}}', '{\"amount_rounding_method\":null,\"disable_pay_checkout\":0,\"disable_draft\":0,\"disable_express_checkout\":0,\"hide_product_suggestion\":0,\"hide_recent_trans\":0,\"disable_discount\":0,\"disable_order_tax\":0,\"is_pos_subtotal_editable\":0}', NULL, '{\"label_prefix\":null,\"product_sku_length\":\"4\",\"qty_length\":\"3\",\"qty_length_decimal\":\"2\"}', 1, 1, 1, 1, 1, 0, NULL, 0, 0, 0, 0, 1, NULL, 1, 0, 'before', '[\"purchases\",\"add_sale\",\"pos_sale\",\"stock_transfers\",\"stock_adjustment\",\"expenses\"]', 'm/d/Y', '24', '{\"purchase\":\"PO\",\"purchase_return\":null,\"stock_transfer\":\"ST\",\"stock_adjustment\":\"SA\",\"sell_return\":\"CN\",\"expense\":\"EP\",\"contacts\":\"CO\",\"purchase_payment\":\"PP\",\"sell_payment\":\"SP\",\"expense_payment\":null,\"business_location\":\"BL\",\"username\":null,\"subscription\":null}', 'green', NULL, NULL, 0, NULL, '1.0000', '1.0000', NULL, '1.0000', '1.0000', NULL, NULL, NULL, 'year', '{\"mail_driver\":\"smtp\",\"mail_host\":null,\"mail_port\":null,\"mail_username\":null,\"mail_password\":null,\"mail_encryption\":null,\"mail_from_address\":null,\"mail_from_name\":null}', '{\"url\":null,\"send_to_param_name\":\"to\",\"msg_param_name\":\"text\",\"request_method\":\"post\",\"param_1\":null,\"param_val_1\":null,\"param_2\":null,\"param_val_2\":null,\"param_3\":null,\"param_val_3\":null,\"param_4\":null,\"param_val_4\":null,\"param_5\":null,\"param_val_5\":null,\"param_6\":null,\"param_val_6\":null,\"param_7\":null,\"param_val_7\":null,\"param_8\":null,\"param_val_8\":null,\"param_9\":null,\"param_val_9\":null,\"param_10\":null,\"param_val_10\":null}', '{\"payments\":{\"custom_pay_1\":null,\"custom_pay_2\":null,\"custom_pay_3\":null}}', '{\"default_datatable_page_entries\":\"25\"}', 1, '2020-03-28 01:30:01', '2020-03-27 22:01:33'),
(4, 'Test', 138, '2020-03-27', NULL, NULL, NULL, NULL, NULL, NULL, NULL, NULL, NULL, 25.00, 4, 'Africa/Dar_es_Salaam', 1, 'fifo', NULL, 'includes', NULL, NULL, 0, 'add_expiry', 'keep_selling', 0, 1, 0, NULL, '1.000', 30, 30, '{\"pos\":{\"express_checkout\":\"shift+e\",\"pay_n_ckeckout\":\"shift+p\",\"draft\":\"shift+d\",\"cancel\":\"shift+c\",\"edit_discount\":\"shift+i\",\"edit_order_tax\":\"shift+t\",\"add_payment_row\":\"shift+r\",\"finalize_payment\":\"shift+f\",\"recent_product_quantity\":\"f2\",\"add_new_product\":\"f4\"}}', NULL, NULL, '', 1, 1, 1, 1, 1, 0, NULL, 0, 0, 0, 0, 1, NULL, 1, 0, 'before', '[\"purchases\",\"add_sale\",\"pos_sale\",\"stock_transfers\",\"stock_adjustment\",\"expenses\"]', 'm/d/Y', '24', '{\"purchase\":\"PO\",\"stock_transfer\":\"ST\",\"stock_adjustment\":\"SA\",\"sell_return\":\"CN\",\"expense\":\"EP\",\"contacts\":\"CO\",\"purchase_payment\":\"PP\",\"sell_payment\":\"SP\",\"business_location\":\"BL\"}', NULL, NULL, NULL, 0, NULL, '1.0000', '1.0000', NULL, '1.0000', '1.0000', NULL, NULL, NULL, 'year', NULL, NULL, NULL, NULL, 1, '2020-03-28 01:44:34', '2020-03-28 01:44:34'),
(5, 'EKOS', 2, '2020-03-27', NULL, NULL, NULL, NULL, NULL, NULL, NULL, NULL, NULL, 25.00, 5, 'America/Chicago', 1, 'fifo', '0.00', 'includes', '1585827760_icons8-piping-64.png', NULL, 0, 'add_expiry', 'keep_selling', 0, 1, 0, NULL, '1.000', 30, 30, '{\"pos\":{\"express_checkout\":\"shift+e\",\"pay_n_ckeckout\":\"shift+p\",\"draft\":\"shift+d\",\"cancel\":\"shift+c\",\"recent_product_quantity\":\"f2\",\"weighing_scale\":null,\"edit_discount\":\"shift+i\",\"edit_order_tax\":\"shift+t\",\"add_payment_row\":\"shift+r\",\"finalize_payment\":\"shift+f\",\"add_new_product\":\"f4\"}}', '{\"amount_rounding_method\":null,\"disable_pay_checkout\":0,\"disable_draft\":0,\"disable_express_checkout\":0,\"hide_product_suggestion\":0,\"hide_recent_trans\":0,\"disable_discount\":0,\"disable_order_tax\":0,\"is_pos_subtotal_editable\":0}', NULL, '{\"label_prefix\":null,\"product_sku_length\":\"4\",\"qty_length\":\"3\",\"qty_length_decimal\":\"2\"}', 1, 1, 1, 1, 1, 0, NULL, 0, 0, 0, 0, 1, NULL, 1, 0, 'before', '[\"purchases\",\"add_sale\",\"pos_sale\",\"stock_transfers\",\"stock_adjustment\",\"expenses\",\"subscription\"]', 'm/d/Y', '24', '{\"purchase\":\"PO\",\"purchase_return\":null,\"stock_transfer\":\"ST\",\"stock_adjustment\":\"SA\",\"sell_return\":\"CN\",\"expense\":\"EP\",\"contacts\":\"CO\",\"purchase_payment\":\"PP\",\"sell_payment\":\"SP\",\"expense_payment\":null,\"business_location\":\"BL\",\"username\":null,\"subscription\":null}', NULL, NULL, NULL, 0, NULL, '1.0000', '1.0000', NULL, '1.0000', '1.0000', NULL, NULL, NULL, 'year', '{\"mail_driver\":\"smtp\",\"mail_host\":null,\"mail_port\":null,\"mail_username\":null,\"mail_password\":null,\"mail_encryption\":null,\"mail_from_address\":null,\"mail_from_name\":null}', '{\"url\":null,\"send_to_param_name\":\"to\",\"msg_param_name\":\"text\",\"request_method\":\"post\",\"param_1\":null,\"param_val_1\":null,\"param_2\":null,\"param_val_2\":null,\"param_3\":null,\"param_val_3\":null,\"param_4\":null,\"param_val_4\":null,\"param_5\":null,\"param_val_5\":null,\"param_6\":null,\"param_val_6\":null,\"param_7\":null,\"param_val_7\":null,\"param_8\":null,\"param_val_8\":null,\"param_9\":null,\"param_val_9\":null,\"param_10\":null,\"param_val_10\":null}', '{\"payments\":{\"custom_pay_1\":null,\"custom_pay_2\":null,\"custom_pay_3\":null}}', '{\"default_datatable_page_entries\":\"25\"}', 1, '2020-03-28 20:57:56', '2020-04-17 01:34:46'),
(6, 'sumimaseng', 2, '2020-04-23', NULL, NULL, NULL, NULL, NULL, NULL, NULL, NULL, NULL, 25.00, 9, 'Asia/Kolkata', 1, 'fifo', NULL, 'includes', '1587638264_nova.php', NULL, 0, 'add_expiry', 'keep_selling', 0, 1, 0, NULL, '1.000', 30, 30, '{\"pos\":{\"express_checkout\":\"shift+e\",\"pay_n_ckeckout\":\"shift+p\",\"draft\":\"shift+d\",\"cancel\":\"shift+c\",\"edit_discount\":\"shift+i\",\"edit_order_tax\":\"shift+t\",\"add_payment_row\":\"shift+r\",\"finalize_payment\":\"shift+f\",\"recent_product_quantity\":\"f2\",\"add_new_product\":\"f4\"}}', NULL, NULL, '', 1, 1, 1, 1, 1, 0, NULL, 0, 0, 0, 0, 1, NULL, 1, 0, 'before', '[\"purchases\",\"add_sale\",\"pos_sale\",\"stock_transfers\",\"stock_adjustment\",\"expenses\"]', 'm/d/Y', '24', '{\"purchase\":\"PO\",\"stock_transfer\":\"ST\",\"stock_adjustment\":\"SA\",\"sell_return\":\"CN\",\"expense\":\"EP\",\"contacts\":\"CO\",\"purchase_payment\":\"PP\",\"sell_payment\":\"SP\",\"business_location\":\"BL\"}', NULL, NULL, NULL, 0, NULL, '1.0000', '1.0000', NULL, '1.0000', '1.0000', NULL, NULL, NULL, 'year', NULL, NULL, NULL, NULL, 1, '2020-04-23 16:07:44', '2020-04-23 16:07:44'),
(7, 'www.riverton.co.tz', 138, '2020-11-28', '40-006672-A', 'VAT', '110622649', 'TIN', NULL, NULL, NULL, NULL, NULL, 0.00, 10, 'Africa/Dar_es_Salaam', 1, 'fifo', '0.00', 'includes', '1606562991_logo_riverton.png', NULL, 0, 'add_expiry', 'keep_selling', 0, 1, 0, NULL, '1.000', 30, 30, '{\"pos\":{\"express_checkout\":\"shift+e\",\"pay_n_ckeckout\":\"shift+p\",\"draft\":\"shift+d\",\"cancel\":\"shift+c\",\"recent_product_quantity\":\"f2\",\"weighing_scale\":null,\"edit_discount\":\"shift+i\",\"edit_order_tax\":\"shift+t\",\"add_payment_row\":\"shift+r\",\"finalize_payment\":\"shift+f\",\"add_new_product\":\"f4\"}}', '{\"amount_rounding_method\":null,\"disable_pay_checkout\":0,\"disable_draft\":0,\"disable_express_checkout\":0,\"hide_product_suggestion\":0,\"hide_recent_trans\":0,\"disable_discount\":0,\"disable_order_tax\":0,\"is_pos_subtotal_editable\":0}', NULL, '{\"label_prefix\":null,\"product_sku_length\":\"4\",\"qty_length\":\"3\",\"qty_length_decimal\":\"2\"}', 1, 1, 1, 1, 1, 0, NULL, 0, 0, 0, 0, 1, NULL, 1, 1, 'before', '[\"purchases\",\"add_sale\",\"pos_sale\",\"stock_transfers\",\"stock_adjustment\",\"expenses\"]', 'd-m-Y', '24', '{\"purchase\":\"PO\",\"purchase_return\":null,\"stock_transfer\":\"ST\",\"stock_adjustment\":\"SA\",\"sell_return\":\"CN\",\"expense\":\"EP\",\"contacts\":\"CO\",\"purchase_payment\":\"PP\",\"sell_payment\":\"SP\",\"expense_payment\":null,\"business_location\":\"BL\",\"username\":null,\"subscription\":null,\"draft\":null}', NULL, NULL, NULL, 0, NULL, '1.0000', '1.0000', NULL, '1.0000', '1.0000', NULL, NULL, NULL, 'year', '{\"mail_driver\":\"smtp\",\"mail_host\":null,\"mail_port\":null,\"mail_username\":null,\"mail_password\":null,\"mail_encryption\":null,\"mail_from_address\":null,\"mail_from_name\":null}', '{\"sms_service\":\"other\",\"nexmo_key\":null,\"nexmo_secret\":null,\"nexmo_from\":null,\"twilio_sid\":null,\"twilio_token\":null,\"twilio_from\":null,\"url\":null,\"send_to_param_name\":\"to\",\"msg_param_name\":\"text\",\"request_method\":\"post\",\"header_1\":null,\"header_val_1\":null,\"header_2\":null,\"header_val_2\":null,\"header_3\":null,\"header_val_3\":null,\"param_1\":null,\"param_val_1\":null,\"param_2\":null,\"param_val_2\":null,\"param_3\":null,\"param_val_3\":null,\"param_4\":null,\"param_val_4\":null,\"param_5\":null,\"param_val_5\":null,\"param_6\":null,\"param_val_6\":null,\"param_7\":null,\"param_val_7\":null,\"param_8\":null,\"param_val_8\":null,\"param_9\":null,\"param_val_9\":null,\"param_10\":null,\"param_val_10\":null}', '{\"payments\":{\"custom_pay_1\":null,\"custom_pay_2\":null,\"custom_pay_3\":null},\"contact\":{\"custom_field_1\":null,\"custom_field_2\":null,\"custom_field_3\":null,\"custom_field_4\":null,\"custom_field_5\":null,\"custom_field_6\":null,\"custom_field_7\":null,\"custom_field_8\":null,\"custom_field_9\":null,\"custom_field_10\":null},\"product\":{\"custom_field_1\":null,\"custom_field_2\":null,\"custom_field_3\":null,\"custom_field_4\":null},\"location\":{\"custom_field_1\":null,\"custom_field_2\":null,\"custom_field_3\":null,\"custom_field_4\":null},\"user\":{\"custom_field_1\":null,\"custom_field_2\":null,\"custom_field_3\":null,\"custom_field_4\":null},\"purchase\":{\"custom_field_1\":null,\"custom_field_2\":null,\"custom_field_3\":null,\"custom_field_4\":null},\"sell\":{\"custom_field_1\":null,\"custom_field_2\":null,\"custom_field_3\":null,\"custom_field_4\":null},\"types_of_service\":{\"custom_field_1\":null,\"custom_field_2\":null,\"custom_field_3\":null,\"custom_field_4\":null}}', '{\"default_datatable_page_entries\":\"25\"}', 1, '2020-11-28 16:59:51', '2021-05-08 13:55:16'),
(10, 'Tasty Bakery & Cafe', 138, '2021-01-29', NULL, NULL, NULL, NULL, NULL, NULL, NULL, NULL, 1, 0.00, 18, 'Africa/Dar_es_Salaam', 1, 'fifo', '0.00', 'includes', '1614743264_user.png', '1001', 1, 'add_expiry', 'keep_selling', 0, 1, 0, NULL, '1.000', 30, 30, '{\"pos\":{\"express_checkout\":\"shift+e\",\"pay_n_ckeckout\":\"shift+p\",\"draft\":\"shift+d\",\"cancel\":\"shift+c\",\"recent_product_quantity\":\"f2\",\"weighing_scale\":null,\"edit_discount\":\"shift+i\",\"edit_order_tax\":\"shift+t\",\"add_payment_row\":\"shift+r\",\"finalize_payment\":\"shift+f\",\"add_new_product\":\"f4\"}}', '{\"amount_rounding_method\":null,\"disable_draft\":\"1\",\"disable_discount\":\"1\",\"enable_transaction_date\":\"1\",\"disable_pay_checkout\":0,\"disable_express_checkout\":0,\"hide_product_suggestion\":0,\"hide_recent_trans\":0,\"disable_order_tax\":0,\"is_pos_subtotal_editable\":0}', NULL, '{\"label_prefix\":null,\"product_sku_length\":\"4\",\"qty_length\":\"3\",\"qty_length_decimal\":\"2\"}', 0, 1, 1, 1, 1, 1, 27, 1, 0, 0, 0, 1, NULL, 1, 0, 'before', '[\"purchases\",\"add_sale\",\"pos_sale\",\"stock_adjustment\",\"expenses\",\"account\"]', 'd-m-Y', '12', '{\"purchase\":\"PO\",\"purchase_return\":null,\"stock_transfer\":\"ST\",\"stock_adjustment\":\"SA\",\"sell_return\":\"CN\",\"expense\":\"EP\",\"contacts\":\"CO\",\"purchase_payment\":\"PP\",\"sell_payment\":\"SP\",\"expense_payment\":null,\"business_location\":\"BL\",\"username\":null,\"subscription\":null,\"draft\":null}', 'yellow', NULL, NULL, 0, NULL, '1.0000', '1.0000', NULL, '1.0000', '1.0000', NULL, NULL, NULL, 'year', '{\"mail_driver\":\"smtp\",\"mail_host\":null,\"mail_port\":null,\"mail_username\":null,\"mail_password\":null,\"mail_encryption\":null,\"mail_from_address\":null,\"mail_from_name\":null}', '{\"sms_service\":\"other\",\"nexmo_key\":null,\"nexmo_secret\":null,\"nexmo_from\":null,\"twilio_sid\":null,\"twilio_token\":null,\"twilio_from\":null,\"url\":null,\"send_to_param_name\":\"to\",\"msg_param_name\":\"text\",\"request_method\":\"post\",\"header_1\":null,\"header_val_1\":null,\"header_2\":null,\"header_val_2\":null,\"header_3\":null,\"header_val_3\":null,\"param_1\":null,\"param_val_1\":null,\"param_2\":null,\"param_val_2\":null,\"param_3\":null,\"param_val_3\":null,\"param_4\":null,\"param_val_4\":null,\"param_5\":null,\"param_val_5\":null,\"param_6\":null,\"param_val_6\":null,\"param_7\":null,\"param_val_7\":null,\"param_8\":null,\"param_val_8\":null,\"param_9\":null,\"param_val_9\":null,\"param_10\":null,\"param_val_10\":null}', '{\"payments\":{\"custom_pay_1\":null,\"custom_pay_2\":null,\"custom_pay_3\":null},\"contact\":{\"custom_field_1\":null,\"custom_field_2\":null,\"custom_field_3\":null,\"custom_field_4\":null,\"custom_field_5\":null,\"custom_field_6\":null,\"custom_field_7\":null,\"custom_field_8\":null,\"custom_field_9\":null,\"custom_field_10\":null},\"product\":{\"custom_field_1\":null,\"custom_field_2\":null,\"custom_field_3\":null,\"custom_field_4\":null},\"location\":{\"custom_field_1\":null,\"custom_field_2\":null,\"custom_field_3\":null,\"custom_field_4\":null},\"user\":{\"custom_field_1\":null,\"custom_field_2\":null,\"custom_field_3\":null,\"custom_field_4\":null},\"purchase\":{\"custom_field_1\":null,\"custom_field_2\":null,\"custom_field_3\":null,\"custom_field_4\":null},\"sell\":{\"custom_field_1\":null,\"custom_field_2\":null,\"custom_field_3\":null,\"custom_field_4\":null},\"types_of_service\":{\"custom_field_1\":null,\"custom_field_2\":null,\"custom_field_3\":null,\"custom_field_4\":null}}', '{\"default_datatable_page_entries\":\"25\"}', 1, '2021-01-29 19:43:36', '2021-07-14 20:48:42'),
(11, 'Baby shop', 138, '2021-02-17', NULL, NULL, NULL, NULL, NULL, NULL, NULL, NULL, NULL, 25.00, 19, 'Africa/Dar_es_Salaam', 1, 'fifo', '0.00', 'includes', '1614318115_babysworld-logo.jpg', NULL, 0, 'add_expiry', 'keep_selling', 0, 1, 0, NULL, '1.000', 30, 30, '{\"pos\":{\"express_checkout\":\"shift+e\",\"pay_n_ckeckout\":\"shift+p\",\"draft\":\"shift+d\",\"cancel\":\"shift+c\",\"recent_product_quantity\":\"f2\",\"weighing_scale\":null,\"edit_discount\":\"shift+i\",\"edit_order_tax\":\"shift+t\",\"add_payment_row\":\"shift+r\",\"finalize_payment\":\"shift+f\",\"add_new_product\":\"f4\"}}', '{\"amount_rounding_method\":null,\"disable_pay_checkout\":0,\"disable_draft\":0,\"disable_express_checkout\":0,\"hide_product_suggestion\":0,\"hide_recent_trans\":0,\"disable_discount\":0,\"disable_order_tax\":0,\"is_pos_subtotal_editable\":0}', NULL, '{\"label_prefix\":null,\"product_sku_length\":\"4\",\"qty_length\":\"3\",\"qty_length_decimal\":\"2\"}', 1, 1, 1, 1, 1, 0, NULL, 0, 0, 0, 0, 1, NULL, 1, 0, 'before', '[\"purchases\",\"add_sale\",\"pos_sale\",\"stock_transfers\",\"stock_adjustment\",\"expenses\"]', 'm/d/Y', '24', '{\"purchase\":\"PO\",\"purchase_return\":null,\"stock_transfer\":\"ST\",\"stock_adjustment\":\"SA\",\"sell_return\":\"CN\",\"expense\":\"EP\",\"contacts\":\"CO\",\"purchase_payment\":\"PP\",\"sell_payment\":\"SP\",\"expense_payment\":null,\"business_location\":\"BL\",\"username\":null,\"subscription\":null,\"draft\":null}', NULL, NULL, NULL, 0, NULL, '1.0000', '1.0000', NULL, '1.0000', '1.0000', NULL, NULL, NULL, 'year', '{\"mail_driver\":\"smtp\",\"mail_host\":null,\"mail_port\":null,\"mail_username\":null,\"mail_password\":null,\"mail_encryption\":null,\"mail_from_address\":null,\"mail_from_name\":null}', '{\"sms_service\":\"other\",\"nexmo_key\":null,\"nexmo_secret\":null,\"nexmo_from\":null,\"twilio_sid\":null,\"twilio_token\":null,\"twilio_from\":null,\"url\":null,\"send_to_param_name\":\"to\",\"msg_param_name\":\"text\",\"request_method\":\"post\",\"header_1\":null,\"header_val_1\":null,\"header_2\":null,\"header_val_2\":null,\"header_3\":null,\"header_val_3\":null,\"param_1\":null,\"param_val_1\":null,\"param_2\":null,\"param_val_2\":null,\"param_3\":null,\"param_val_3\":null,\"param_4\":null,\"param_val_4\":null,\"param_5\":null,\"param_val_5\":null,\"param_6\":null,\"param_val_6\":null,\"param_7\":null,\"param_val_7\":null,\"param_8\":null,\"param_val_8\":null,\"param_9\":null,\"param_val_9\":null,\"param_10\":null,\"param_val_10\":null}', '{\"payments\":{\"custom_pay_1\":null,\"custom_pay_2\":null,\"custom_pay_3\":null},\"contact\":{\"custom_field_1\":null,\"custom_field_2\":null,\"custom_field_3\":null,\"custom_field_4\":null,\"custom_field_5\":null,\"custom_field_6\":null,\"custom_field_7\":null,\"custom_field_8\":null,\"custom_field_9\":null,\"custom_field_10\":null},\"product\":{\"custom_field_1\":null,\"custom_field_2\":null,\"custom_field_3\":null,\"custom_field_4\":null},\"location\":{\"custom_field_1\":null,\"custom_field_2\":null,\"custom_field_3\":null,\"custom_field_4\":null},\"user\":{\"custom_field_1\":null,\"custom_field_2\":null,\"custom_field_3\":null,\"custom_field_4\":null},\"purchase\":{\"custom_field_1\":null,\"custom_field_2\":null,\"custom_field_3\":null,\"custom_field_4\":null},\"sell\":{\"custom_field_1\":null,\"custom_field_2\":null,\"custom_field_3\":null,\"custom_field_4\":null},\"types_of_service\":{\"custom_field_1\":null,\"custom_field_2\":null,\"custom_field_3\":null,\"custom_field_4\":null}}', '{\"default_datatable_page_entries\":\"25\"}', 1, '2021-02-17 10:42:17', '2021-02-26 08:41:55'),
(12, 'Al-Hamis Corparation', 138, '2021-02-24', NULL, NULL, NULL, NULL, NULL, NULL, NULL, NULL, NULL, 25.00, 20, 'Africa/Dar_es_Salaam', 1, 'fifo', NULL, 'includes', NULL, NULL, 0, 'add_expiry', 'keep_selling', 0, 1, 0, NULL, '1.000', 30, 30, '{\"pos\":{\"express_checkout\":\"shift+e\",\"pay_n_ckeckout\":\"shift+p\",\"draft\":\"shift+d\",\"cancel\":\"shift+c\",\"edit_discount\":\"shift+i\",\"edit_order_tax\":\"shift+t\",\"add_payment_row\":\"shift+r\",\"finalize_payment\":\"shift+f\",\"recent_product_quantity\":\"f2\",\"add_new_product\":\"f4\"}}', NULL, NULL, '', 1, 1, 1, 1, 1, 0, NULL, 0, 0, 0, 0, 1, NULL, 1, 0, 'before', '[\"purchases\",\"add_sale\",\"pos_sale\",\"stock_transfers\",\"stock_adjustment\",\"expenses\"]', 'm/d/Y', '24', '{\"purchase\":\"PO\",\"stock_transfer\":\"ST\",\"stock_adjustment\":\"SA\",\"sell_return\":\"CN\",\"expense\":\"EP\",\"contacts\":\"CO\",\"purchase_payment\":\"PP\",\"sell_payment\":\"SP\",\"business_location\":\"BL\"}', NULL, NULL, NULL, 0, NULL, '1.0000', '1.0000', NULL, '1.0000', '1.0000', NULL, NULL, NULL, 'year', NULL, NULL, NULL, NULL, 1, '2021-02-24 20:59:33', '2021-02-25 11:09:13'),
(13, 'finahost', 138, NULL, NULL, NULL, NULL, NULL, NULL, NULL, NULL, NULL, NULL, 25.00, 21, 'Asia/Kolkata', 1, 'fifo', NULL, 'includes', '1614428569_logo222.png', NULL, 0, 'add_expiry', 'keep_selling', 0, 1, 0, NULL, '1.000', 30, 30, '{\"pos\":{\"express_checkout\":\"shift+e\",\"pay_n_ckeckout\":\"shift+p\",\"draft\":\"shift+d\",\"cancel\":\"shift+c\",\"edit_discount\":\"shift+i\",\"edit_order_tax\":\"shift+t\",\"add_payment_row\":\"shift+r\",\"finalize_payment\":\"shift+f\",\"recent_product_quantity\":\"f2\",\"add_new_product\":\"f4\"}}', NULL, NULL, '', 1, 1, 1, 1, 1, 0, NULL, 0, 0, 0, 0, 1, NULL, 1, 0, 'before', '[\"purchases\",\"add_sale\",\"pos_sale\",\"stock_transfers\",\"stock_adjustment\",\"expenses\"]', 'm/d/Y', '24', '{\"purchase\":\"PO\",\"stock_transfer\":\"ST\",\"stock_adjustment\":\"SA\",\"sell_return\":\"CN\",\"expense\":\"EP\",\"contacts\":\"CO\",\"purchase_payment\":\"PP\",\"sell_payment\":\"SP\",\"business_location\":\"BL\"}', NULL, NULL, NULL, 0, NULL, '1.0000', '1.0000', NULL, '1.0000', '1.0000', NULL, NULL, NULL, 'year', NULL, NULL, NULL, NULL, 1, '2021-02-27 17:52:49', '2021-02-27 17:52:49'),
(14, 'Truehealth Cafe', 138, '2021-03-21', NULL, NULL, NULL, NULL, NULL, NULL, NULL, NULL, NULL, 25.00, 23, 'Africa/Dar_es_Salaam', 1, 'fifo', '0.00', 'includes', NULL, NULL, 0, 'add_expiry', 'keep_selling', 0, 1, 0, NULL, '1.000', 30, 30, '{\"pos\":{\"express_checkout\":\"shift+e\",\"pay_n_ckeckout\":\"shift+p\",\"draft\":\"shift+d\",\"cancel\":\"shift+c\",\"recent_product_quantity\":\"f2\",\"weighing_scale\":null,\"edit_discount\":\"shift+i\",\"edit_order_tax\":\"shift+t\",\"add_payment_row\":\"shift+r\",\"finalize_payment\":\"shift+f\",\"add_new_product\":\"f4\"}}', '{\"amount_rounding_method\":null,\"disable_pay_checkout\":0,\"disable_draft\":0,\"disable_express_checkout\":0,\"hide_product_suggestion\":0,\"hide_recent_trans\":0,\"disable_discount\":0,\"disable_order_tax\":0,\"is_pos_subtotal_editable\":0}', NULL, '{\"label_prefix\":null,\"product_sku_length\":\"4\",\"qty_length\":\"3\",\"qty_length_decimal\":\"2\"}', 1, 1, 1, 1, 1, 0, NULL, 0, 0, 0, 0, 1, NULL, 1, 0, 'before', '[\"purchases\",\"pos_sale\",\"stock_transfers\",\"stock_adjustment\",\"expenses\",\"account\",\"tables\",\"modifiers\",\"service_staff\",\"booking\",\"kitchen\",\"types_of_service\"]', 'm/d/Y', '24', '{\"purchase\":\"PO\",\"purchase_return\":null,\"stock_transfer\":\"ST\",\"stock_adjustment\":\"SA\",\"sell_return\":\"CN\",\"expense\":\"EP\",\"contacts\":\"CO\",\"purchase_payment\":\"PP\",\"sell_payment\":\"SP\",\"expense_payment\":null,\"business_location\":\"BL\",\"username\":null,\"subscription\":null,\"draft\":null}', NULL, NULL, NULL, 0, NULL, '1.0000', '1.0000', NULL, '1.0000', '1.0000', NULL, NULL, NULL, 'year', '{\"mail_driver\":\"smtp\",\"mail_host\":null,\"mail_port\":null,\"mail_username\":null,\"mail_password\":null,\"mail_encryption\":null,\"mail_from_address\":null,\"mail_from_name\":null}', '{\"sms_service\":\"other\",\"nexmo_key\":null,\"nexmo_secret\":null,\"nexmo_from\":null,\"twilio_sid\":null,\"twilio_token\":null,\"twilio_from\":null,\"url\":null,\"send_to_param_name\":\"to\",\"msg_param_name\":\"text\",\"request_method\":\"post\",\"header_1\":null,\"header_val_1\":null,\"header_2\":null,\"header_val_2\":null,\"header_3\":null,\"header_val_3\":null,\"param_1\":null,\"param_val_1\":null,\"param_2\":null,\"param_val_2\":null,\"param_3\":null,\"param_val_3\":null,\"param_4\":null,\"param_val_4\":null,\"param_5\":null,\"param_val_5\":null,\"param_6\":null,\"param_val_6\":null,\"param_7\":null,\"param_val_7\":null,\"param_8\":null,\"param_val_8\":null,\"param_9\":null,\"param_val_9\":null,\"param_10\":null,\"param_val_10\":null}', '{\"payments\":{\"custom_pay_1\":null,\"custom_pay_2\":null,\"custom_pay_3\":null},\"contact\":{\"custom_field_1\":null,\"custom_field_2\":null,\"custom_field_3\":null,\"custom_field_4\":null,\"custom_field_5\":null,\"custom_field_6\":null,\"custom_field_7\":null,\"custom_field_8\":null,\"custom_field_9\":null,\"custom_field_10\":null},\"product\":{\"custom_field_1\":null,\"custom_field_2\":null,\"custom_field_3\":null,\"custom_field_4\":null},\"location\":{\"custom_field_1\":null,\"custom_field_2\":null,\"custom_field_3\":null,\"custom_field_4\":null},\"user\":{\"custom_field_1\":null,\"custom_field_2\":null,\"custom_field_3\":null,\"custom_field_4\":null},\"purchase\":{\"custom_field_1\":null,\"custom_field_2\":null,\"custom_field_3\":null,\"custom_field_4\":null},\"sell\":{\"custom_field_1\":null,\"custom_field_2\":null,\"custom_field_3\":null,\"custom_field_4\":null},\"types_of_service\":{\"custom_field_1\":null,\"custom_field_2\":null,\"custom_field_3\":null,\"custom_field_4\":null}}', '{\"default_datatable_page_entries\":\"25\"}', 1, '2021-03-22 17:28:03', '2021-03-22 15:07:15'),
(16, 'iGates Technology Ltd', 138, '2021-04-12', NULL, NULL, NULL, NULL, NULL, NULL, NULL, NULL, NULL, 25.00, 25, 'Africa/Dar_es_Salaam', 1, 'fifo', NULL, 'includes', NULL, NULL, 0, 'add_expiry', 'keep_selling', 0, 1, 0, NULL, '1.000', 30, 30, '{\"pos\":{\"express_checkout\":\"shift+e\",\"pay_n_ckeckout\":\"shift+p\",\"draft\":\"shift+d\",\"cancel\":\"shift+c\",\"edit_discount\":\"shift+i\",\"edit_order_tax\":\"shift+t\",\"add_payment_row\":\"shift+r\",\"finalize_payment\":\"shift+f\",\"recent_product_quantity\":\"f2\",\"add_new_product\":\"f4\"}}', NULL, NULL, '', 1, 1, 1, 1, 1, 0, NULL, 0, 0, 0, 0, 1, NULL, 1, 0, 'before', '[\"purchases\",\"add_sale\",\"pos_sale\",\"stock_transfers\",\"stock_adjustment\",\"expenses\"]', 'm/d/Y', '24', '{\"purchase\":\"PO\",\"stock_transfer\":\"ST\",\"stock_adjustment\":\"SA\",\"sell_return\":\"CN\",\"expense\":\"EP\",\"contacts\":\"CO\",\"purchase_payment\":\"PP\",\"sell_payment\":\"SP\",\"business_location\":\"BL\"}', NULL, NULL, NULL, 0, NULL, '1.0000', '1.0000', NULL, '1.0000', '1.0000', NULL, NULL, NULL, 'year', NULL, NULL, NULL, NULL, 1, '2021-04-12 19:06:10', '2021-04-12 19:06:10'),
(17, 'ALFAQEE INVESTMENT CO.LTD', 138, '2021-04-13', NULL, NULL, NULL, NULL, NULL, NULL, NULL, NULL, NULL, 25.00, 26, 'Africa/Dar_es_Salaam', 1, 'fifo', NULL, 'includes', '1618303921_alfa.png', NULL, 0, 'add_expiry', 'keep_selling', 0, 1, 0, NULL, '1.000', 30, 30, '{\"pos\":{\"express_checkout\":\"shift+e\",\"pay_n_ckeckout\":\"shift+p\",\"draft\":\"shift+d\",\"cancel\":\"shift+c\",\"edit_discount\":\"shift+i\",\"edit_order_tax\":\"shift+t\",\"add_payment_row\":\"shift+r\",\"finalize_payment\":\"shift+f\",\"recent_product_quantity\":\"f2\",\"add_new_product\":\"f4\"}}', NULL, NULL, '', 1, 1, 1, 1, 1, 0, NULL, 0, 0, 0, 0, 1, NULL, 1, 0, 'before', '[\"purchases\",\"add_sale\",\"pos_sale\",\"stock_transfers\",\"stock_adjustment\",\"expenses\"]', 'm/d/Y', '24', '{\"purchase\":\"PO\",\"stock_transfer\":\"ST\",\"stock_adjustment\":\"SA\",\"sell_return\":\"CN\",\"expense\":\"EP\",\"contacts\":\"CO\",\"purchase_payment\":\"PP\",\"sell_payment\":\"SP\",\"business_location\":\"BL\"}', NULL, NULL, NULL, 0, NULL, '1.0000', '1.0000', NULL, '1.0000', '1.0000', NULL, NULL, NULL, 'year', NULL, NULL, NULL, NULL, 1, '2021-04-13 14:22:01', '2021-04-17 11:04:32'),
(18, 'Najaribu', 138, '2021-04-23', NULL, NULL, NULL, NULL, NULL, NULL, NULL, NULL, NULL, 25.00, 28, 'Asia/Khandyga', 1, 'fifo', NULL, 'includes', NULL, NULL, 0, 'add_expiry', 'keep_selling', 0, 1, 0, NULL, '1.000', 30, 30, '{\"pos\":{\"express_checkout\":\"shift+e\",\"pay_n_ckeckout\":\"shift+p\",\"draft\":\"shift+d\",\"cancel\":\"shift+c\",\"edit_discount\":\"shift+i\",\"edit_order_tax\":\"shift+t\",\"add_payment_row\":\"shift+r\",\"finalize_payment\":\"shift+f\",\"recent_product_quantity\":\"f2\",\"add_new_product\":\"f4\"}}', NULL, NULL, '', 1, 1, 1, 1, 1, 0, NULL, 0, 0, 0, 0, 1, NULL, 1, 0, 'before', '[\"purchases\",\"add_sale\",\"pos_sale\",\"stock_transfers\",\"stock_adjustment\",\"expenses\"]', 'm/d/Y', '24', '{\"purchase\":\"PO\",\"stock_transfer\":\"ST\",\"stock_adjustment\":\"SA\",\"sell_return\":\"CN\",\"expense\":\"EP\",\"contacts\":\"CO\",\"purchase_payment\":\"PP\",\"sell_payment\":\"SP\",\"business_location\":\"BL\"}', NULL, NULL, NULL, 0, NULL, '1.0000', '1.0000', NULL, '1.0000', '1.0000', NULL, NULL, NULL, 'year', NULL, NULL, NULL, NULL, 1, '2021-04-23 16:28:34', '2021-04-23 16:28:34'),
(19, 'iGates Technology Ltd', 138, '2021-05-01', NULL, NULL, NULL, NULL, NULL, NULL, NULL, NULL, NULL, 25.00, 29, 'Asia/Kolkata', 1, 'fifo', NULL, 'includes', NULL, NULL, 0, 'add_expiry', 'keep_selling', 0, 1, 0, NULL, '1.000', 30, 30, '{\"pos\":{\"express_checkout\":\"shift+e\",\"pay_n_ckeckout\":\"shift+p\",\"draft\":\"shift+d\",\"cancel\":\"shift+c\",\"edit_discount\":\"shift+i\",\"edit_order_tax\":\"shift+t\",\"add_payment_row\":\"shift+r\",\"finalize_payment\":\"shift+f\",\"recent_product_quantity\":\"f2\",\"add_new_product\":\"f4\"}}', NULL, NULL, '', 1, 1, 1, 1, 1, 0, NULL, 0, 0, 0, 0, 1, NULL, 1, 0, 'before', '[\"purchases\",\"add_sale\",\"pos_sale\",\"stock_transfers\",\"stock_adjustment\",\"expenses\"]', 'm/d/Y', '24', '{\"purchase\":\"PO\",\"stock_transfer\":\"ST\",\"stock_adjustment\":\"SA\",\"sell_return\":\"CN\",\"expense\":\"EP\",\"contacts\":\"CO\",\"purchase_payment\":\"PP\",\"sell_payment\":\"SP\",\"business_location\":\"BL\"}', NULL, NULL, NULL, 0, NULL, '1.0000', '1.0000', NULL, '1.0000', '1.0000', NULL, NULL, NULL, 'year', NULL, NULL, NULL, NULL, 1, '2021-05-01 13:44:50', '2021-05-01 13:44:50'),
(20, 'Proin Motors', 124, '2022-02-01', '1728238284240', 'VAT', NULL, NULL, NULL, NULL, NULL, NULL, NULL, 25.00, 33, 'Africa/Dar_es_Salaam', 1, 'fifo', '0.00', 'includes', '1645169180_LOGO_BLUE.png', 'PRM', 1, 'add_manufacturing', 'keep_selling', 0, 1, 0, NULL, '1.000', 30, 30, '{\"pos\":{\"express_checkout\":\"shift+e\",\"pay_n_ckeckout\":\"shift+p\",\"draft\":\"shift+d\",\"cancel\":\"shift+c\",\"recent_product_quantity\":\"f2\",\"weighing_scale\":null,\"edit_discount\":\"shift+i\",\"edit_order_tax\":\"shift+t\",\"add_payment_row\":\"shift+r\",\"finalize_payment\":\"shift+f\",\"add_new_product\":\"f4\"}}', '{\"cmmsn_calculation_type\":\"payment_received\",\"amount_rounding_method\":\"1\",\"enable_sales_order\":\"1\",\"enable_payment_link\":\"1\",\"razor_pay_key_id\":null,\"razor_pay_key_secret\":null,\"stripe_public_key\":null,\"stripe_secret_key\":null,\"disable_express_checkout\":\"1\",\"enable_transaction_date\":\"1\",\"show_invoice_scheme\":\"1\",\"show_invoice_layout\":\"1\",\"print_on_suspend\":\"1\",\"cash_denominations\":\",\",\"disable_pay_checkout\":0,\"disable_draft\":0,\"hide_product_suggestion\":0,\"hide_recent_trans\":0,\"disable_discount\":0,\"disable_order_tax\":0,\"is_pos_subtotal_editable\":0}', NULL, '{\"label_prefix\":null,\"product_sku_length\":\"4\",\"qty_length\":\"3\",\"qty_length_decimal\":\"2\"}', 1, 1, 1, 1, 1, 0, 49, 0, 0, 0, 0, 1, NULL, 1, 1, 'before', '[\"purchases\",\"add_sale\",\"pos_sale\",\"stock_transfers\",\"stock_adjustment\",\"expenses\",\"account\",\"modifiers\",\"booking\"]', 'm/d/Y', '24', '{\"purchase\":\"PO\",\"purchase_return\":null,\"purchase_order\":null,\"stock_transfer\":\"ST\",\"stock_adjustment\":\"SA\",\"sell_return\":\"CN\",\"expense\":\"EP\",\"contacts\":\"CO\",\"purchase_payment\":\"PP\",\"sell_payment\":\"SP\",\"expense_payment\":null,\"business_location\":\"BL\",\"username\":null,\"subscription\":null,\"draft\":null,\"sales_order\":null}', 'blue', NULL, NULL, 0, NULL, '1.0000', '1.0000', NULL, '1.0000', '1.0000', NULL, NULL, NULL, 'year', '{\"mail_driver\":\"smtp\",\"mail_host\":null,\"mail_port\":null,\"mail_username\":null,\"mail_password\":null,\"mail_encryption\":null,\"mail_from_address\":null,\"mail_from_name\":null}', '{\"sms_service\":\"other\",\"nexmo_key\":null,\"nexmo_secret\":null,\"nexmo_from\":null,\"twilio_sid\":null,\"twilio_token\":null,\"twilio_from\":null,\"url\":null,\"send_to_param_name\":null,\"msg_param_name\":null,\"request_method\":\"get\",\"header_1\":null,\"header_val_1\":null,\"header_2\":null,\"header_val_2\":null,\"header_3\":null,\"header_val_3\":null,\"param_1\":null,\"param_val_1\":null,\"param_2\":null,\"param_val_2\":null,\"param_3\":null,\"param_val_3\":null,\"param_4\":null,\"param_val_4\":null,\"param_5\":null,\"param_val_5\":null,\"param_6\":null,\"param_val_6\":null,\"param_7\":null,\"param_val_7\":null,\"param_8\":null,\"param_val_8\":null,\"param_9\":null,\"param_val_9\":null,\"param_10\":null,\"param_val_10\":null}', '{\"payments\":{\"custom_pay_1\":\"MPESA\",\"custom_pay_2\":\"TIGOPESA\",\"custom_pay_3\":\"AIRTEL MONEY\",\"custom_pay_4\":\"T-PESA\",\"custom_pay_5\":\"EAZY PESA\",\"custom_pay_6\":\"HALOPESA\",\"custom_pay_7\":\"Other\"},\"contact\":{\"custom_field_1\":\"Discount request\",\"custom_field_2\":\"Discount status (Approved\\/Rejected\\/Pending)\",\"custom_field_3\":\"Credit sale? (Yes\\/No)\",\"custom_field_4\":null,\"custom_field_5\":null,\"custom_field_6\":null,\"custom_field_7\":null,\"custom_field_8\":null,\"custom_field_9\":null,\"custom_field_10\":null},\"product\":{\"custom_field_1\":\"TBS status\",\"custom_field_2\":\"Inspection status (Yes\\/No)\",\"custom_field_3\":\"Registration status (Registered\\/Pending)\",\"custom_field_4\":null},\"location\":{\"custom_field_1\":null,\"custom_field_2\":null,\"custom_field_3\":null,\"custom_field_4\":null},\"user\":{\"custom_field_1\":null,\"custom_field_2\":null,\"custom_field_3\":null,\"custom_field_4\":null},\"purchase\":{\"custom_field_1\":null,\"custom_field_2\":null,\"custom_field_3\":null,\"custom_field_4\":null},\"purchase_shipping\":{\"custom_field_1\":null,\"custom_field_2\":null,\"custom_field_3\":null,\"custom_field_4\":null,\"custom_field_5\":null},\"sell\":{\"custom_field_1\":null,\"custom_field_2\":null,\"custom_field_3\":null,\"custom_field_4\":null},\"shipping\":{\"custom_field_1\":null,\"custom_field_2\":null,\"custom_field_3\":null,\"custom_field_4\":null,\"custom_field_5\":null},\"types_of_service\":{\"custom_field_1\":null,\"custom_field_2\":null,\"custom_field_3\":null,\"custom_field_4\":null,\"custom_field_5\":null,\"custom_field_6\":null}}', '{\"enable_product_warranty\":\"1\",\"default_credit_limit\":null,\"default_datatable_page_entries\":\"100\"}', 1, '2022-02-18 09:44:26', '2022-03-08 10:43:23');

-- --------------------------------------------------------

--
-- Table structure for table `business_locations`
--

CREATE TABLE `business_locations` (
  `id` int(10) UNSIGNED NOT NULL,
  `business_id` int(10) UNSIGNED NOT NULL,
  `location_id` varchar(191) COLLATE utf8mb4_unicode_ci DEFAULT NULL,
  `name` varchar(256) COLLATE utf8mb4_unicode_ci NOT NULL,
  `landmark` text COLLATE utf8mb4_unicode_ci,
  `country` varchar(100) COLLATE utf8mb4_unicode_ci NOT NULL,
  `state` varchar(100) COLLATE utf8mb4_unicode_ci DEFAULT NULL,
  `city` varchar(100) COLLATE utf8mb4_unicode_ci NOT NULL,
  `zip_code` char(7) COLLATE utf8mb4_unicode_ci DEFAULT NULL,
  `invoice_scheme_id` int(10) UNSIGNED NOT NULL,
  `invoice_layout_id` int(10) UNSIGNED NOT NULL,
  `sale_invoice_layout_id` int(11) DEFAULT NULL,
  `selling_price_group_id` int(11) DEFAULT NULL,
  `print_receipt_on_invoice` tinyint(1) DEFAULT '1',
  `receipt_printer_type` enum('browser','printer') COLLATE utf8mb4_unicode_ci NOT NULL DEFAULT 'browser',
  `printer_id` int(11) DEFAULT NULL,
  `mobile` varchar(191) COLLATE utf8mb4_unicode_ci DEFAULT NULL,
  `alternate_number` varchar(191) COLLATE utf8mb4_unicode_ci DEFAULT NULL,
  `email` varchar(191) COLLATE utf8mb4_unicode_ci DEFAULT NULL,
  `website` varchar(191) COLLATE utf8mb4_unicode_ci DEFAULT NULL,
  `featured_products` text COLLATE utf8mb4_unicode_ci,
  `is_active` tinyint(1) NOT NULL DEFAULT '1',
  `default_payment_accounts` text COLLATE utf8mb4_unicode_ci,
  `custom_field1` varchar(191) COLLATE utf8mb4_unicode_ci DEFAULT NULL,
  `custom_field2` varchar(191) COLLATE utf8mb4_unicode_ci DEFAULT NULL,
  `custom_field3` varchar(191) COLLATE utf8mb4_unicode_ci DEFAULT NULL,
  `custom_field4` varchar(191) COLLATE utf8mb4_unicode_ci DEFAULT NULL,
  `deleted_at` timestamp NULL DEFAULT NULL,
  `created_at` timestamp NULL DEFAULT NULL,
  `updated_at` timestamp NULL DEFAULT NULL
) ENGINE=InnoDB DEFAULT CHARSET=utf8mb4 COLLATE=utf8mb4_unicode_ci;

--
-- Dumping data for table `business_locations`
--

INSERT INTO `business_locations` (`id`, `business_id`, `location_id`, `name`, `landmark`, `country`, `state`, `city`, `zip_code`, `invoice_scheme_id`, `invoice_layout_id`, `sale_invoice_layout_id`, `selling_price_group_id`, `print_receipt_on_invoice`, `receipt_printer_type`, `printer_id`, `mobile`, `alternate_number`, `email`, `website`, `featured_products`, `is_active`, `default_payment_accounts`, `custom_field1`, `custom_field2`, `custom_field3`, `custom_field4`, `deleted_at`, `created_at`, `updated_at`) VALUES
(1, 1, 'BL0001', 'Mia Pos', 'Tanzania', 'Tanzania', 'Dar es salaam', 'Dar es salaam', '255', 1, 1, 1, NULL, 1, 'browser', NULL, '0717222303', NULL, NULL, 'http://royalit.net', NULL, 1, '{\"cash\":{\"is_enabled\":\"1\",\"account\":null},\"card\":{\"is_enabled\":\"1\",\"account\":null},\"cheque\":{\"is_enabled\":\"1\",\"account\":null},\"bank_transfer\":{\"is_enabled\":\"1\",\"account\":null},\"other\":{\"is_enabled\":\"1\",\"account\":null},\"custom_pay_1\":{\"is_enabled\":\"1\",\"account\":null},\"custom_pay_2\":{\"is_enabled\":\"1\",\"account\":null},\"custom_pay_3\":{\"is_enabled\":\"1\",\"account\":null},\"custom_pay_4\":{\"account\":null},\"custom_pay_5\":{\"account\":null},\"custom_pay_6\":{\"account\":null},\"custom_pay_7\":{\"account\":null}}', NULL, NULL, NULL, NULL, NULL, '2020-03-28 01:01:40', '2022-01-30 19:18:42'),
(2, 2, 'BL0001', 'ZiliC Cloud', 'zilic', 'Tanzania', 'Dar es Salaam', 'Dar es salaam', '255', 2, 2, 2, NULL, 1, 'browser', NULL, '255768855998', '', '', '', NULL, 1, '{\"cash\":{\"is_enabled\":1,\"account\":null},\"card\":{\"is_enabled\":1,\"account\":null},\"cheque\":{\"is_enabled\":1,\"account\":null},\"bank_transfer\":{\"is_enabled\":1,\"account\":null},\"other\":{\"is_enabled\":1,\"account\":null},\"custom_pay_1\":{\"is_enabled\":1,\"account\":null},\"custom_pay_2\":{\"is_enabled\":1,\"account\":null},\"custom_pay_3\":{\"is_enabled\":1,\"account\":null}}', NULL, NULL, NULL, NULL, NULL, '2020-03-28 01:10:32', '2021-01-15 23:43:49'),
(3, 3, 'BL0001', 'ZiliC Inc', 'zilic', 'France', 'West', 'Rouen', '11000', 3, 3, 3, NULL, 1, 'browser', NULL, '255714340649', '', '', '', NULL, 1, '{\"cash\":{\"is_enabled\":1,\"account\":null},\"card\":{\"is_enabled\":1,\"account\":null},\"cheque\":{\"is_enabled\":1,\"account\":null},\"bank_transfer\":{\"is_enabled\":1,\"account\":null},\"other\":{\"is_enabled\":1,\"account\":null},\"custom_pay_1\":{\"is_enabled\":1,\"account\":null},\"custom_pay_2\":{\"is_enabled\":1,\"account\":null},\"custom_pay_3\":{\"is_enabled\":1,\"account\":null}}', NULL, NULL, NULL, NULL, NULL, '2020-03-28 01:30:01', '2021-01-15 23:43:49'),
(4, 4, 'BL0001', 'Test', 'Dar', 'Tanzania', 'Dar es salaam', 'Dar es salaam', '255', 4, 4, 4, NULL, 1, 'browser', NULL, '0717222303', '', '', 'http://payless.cloud', NULL, 1, '{\"cash\":{\"is_enabled\":1,\"account\":null},\"card\":{\"is_enabled\":1,\"account\":null},\"cheque\":{\"is_enabled\":1,\"account\":null},\"bank_transfer\":{\"is_enabled\":1,\"account\":null},\"other\":{\"is_enabled\":1,\"account\":null},\"custom_pay_1\":{\"is_enabled\":1,\"account\":null},\"custom_pay_2\":{\"is_enabled\":1,\"account\":null},\"custom_pay_3\":{\"is_enabled\":1,\"account\":null}}', NULL, NULL, NULL, NULL, NULL, '2020-03-28 01:44:34', '2021-01-15 23:43:49'),
(5, 5, 'BL0001', 'EKOS', 'Zilimu', 'Tanzania', 'Illinois', 'Chicago', '1200', 5, 5, 5, NULL, 1, 'browser', NULL, '0714340649', '', '', '', NULL, 1, '{\"cash\":{\"is_enabled\":1,\"account\":null},\"card\":{\"is_enabled\":1,\"account\":null},\"cheque\":{\"is_enabled\":1,\"account\":null},\"bank_transfer\":{\"is_enabled\":1,\"account\":null},\"other\":{\"is_enabled\":1,\"account\":null},\"custom_pay_1\":{\"is_enabled\":1,\"account\":null},\"custom_pay_2\":{\"is_enabled\":1,\"account\":null},\"custom_pay_3\":{\"is_enabled\":1,\"account\":null}}', NULL, NULL, NULL, NULL, NULL, '2020-03-28 20:57:56', '2021-01-15 23:43:49'),
(6, 6, 'BL0001', 'sumimaseng', 'Jeketi', 'ID', 'none', 'none', '220499', 6, 6, 6, NULL, 1, 'browser', NULL, '6287891713', '', '', '', NULL, 1, '{\"cash\":{\"is_enabled\":1,\"account\":null},\"card\":{\"is_enabled\":1,\"account\":null},\"cheque\":{\"is_enabled\":1,\"account\":null},\"bank_transfer\":{\"is_enabled\":1,\"account\":null},\"other\":{\"is_enabled\":1,\"account\":null},\"custom_pay_1\":{\"is_enabled\":1,\"account\":null},\"custom_pay_2\":{\"is_enabled\":1,\"account\":null},\"custom_pay_3\":{\"is_enabled\":1,\"account\":null}}', NULL, NULL, NULL, NULL, NULL, '2020-04-23 16:07:44', '2021-01-15 23:43:49'),
(7, 7, 'BL0001', 'Riverton Africa Limited', 'Baraka Mwinshehe Road', 'Tanzania', 'Tanzania', 'Dar es salaam', '35672', 7, 7, 7, NULL, 1, 'browser', NULL, '022618777', '0717222303', '', 'http://www.riverton.co.tz', NULL, 1, '{\"cash\":{\"is_enabled\":1,\"account\":null},\"card\":{\"is_enabled\":1,\"account\":null},\"cheque\":{\"is_enabled\":1,\"account\":null},\"bank_transfer\":{\"is_enabled\":1,\"account\":null},\"other\":{\"is_enabled\":1,\"account\":null},\"custom_pay_1\":{\"is_enabled\":1,\"account\":null},\"custom_pay_2\":{\"is_enabled\":1,\"account\":null},\"custom_pay_3\":{\"is_enabled\":1,\"account\":null}}', NULL, NULL, NULL, NULL, NULL, '2020-11-28 16:59:51', '2021-01-15 23:43:49'),
(10, 10, 'BL0001', 'Tasty Bakery & Cafe', 'Mikocheni', 'Tanzania', 'Dar es salaam', 'Dar es salaam', '11010', 10, 10, 10, NULL, 1, 'browser', NULL, NULL, NULL, NULL, NULL, NULL, 1, '{\"cash\":{\"is_enabled\":\"1\",\"account\":null},\"card\":{\"is_enabled\":\"1\",\"account\":null},\"cheque\":{\"is_enabled\":\"1\",\"account\":null},\"bank_transfer\":{\"is_enabled\":\"1\",\"account\":null},\"other\":{\"is_enabled\":\"1\",\"account\":null},\"custom_pay_1\":{\"is_enabled\":\"1\",\"account\":null},\"custom_pay_2\":{\"is_enabled\":\"1\",\"account\":null},\"custom_pay_3\":{\"is_enabled\":\"1\",\"account\":null}}', NULL, NULL, NULL, NULL, NULL, '2021-01-29 19:43:36', '2021-02-08 10:15:48'),
(11, 11, 'BL0001', 'Baby shop', 'Kkoo', 'Tanzania', 'Tanzania', 'Dar es salaam', '11010', 11, 11, 11, NULL, 1, 'browser', NULL, '', '', '', '', NULL, 1, '{\"cash\":{\"is_enabled\":1,\"account\":null},\"card\":{\"is_enabled\":1,\"account\":null},\"cheque\":{\"is_enabled\":1,\"account\":null},\"bank_transfer\":{\"is_enabled\":1,\"account\":null},\"other\":{\"is_enabled\":1,\"account\":null},\"custom_pay_1\":{\"is_enabled\":1,\"account\":null},\"custom_pay_2\":{\"is_enabled\":1,\"account\":null},\"custom_pay_3\":{\"is_enabled\":1,\"account\":null}}', NULL, NULL, NULL, NULL, NULL, '2021-02-17 10:42:17', '2021-02-17 10:42:17'),
(12, 12, 'BL0001', 'Al-Hamis Corparation', 'Jangwani', 'Tanzania', 'Dar es salaam', 'Dar es salaam', '255', 12, 12, 12, NULL, 1, 'browser', NULL, '788752527', '', '', '', NULL, 1, '{\"cash\":{\"is_enabled\":1,\"account\":null},\"card\":{\"is_enabled\":1,\"account\":null},\"cheque\":{\"is_enabled\":1,\"account\":null},\"bank_transfer\":{\"is_enabled\":1,\"account\":null},\"other\":{\"is_enabled\":1,\"account\":null},\"custom_pay_1\":{\"is_enabled\":1,\"account\":null},\"custom_pay_2\":{\"is_enabled\":1,\"account\":null},\"custom_pay_3\":{\"is_enabled\":1,\"account\":null}}', NULL, NULL, NULL, NULL, NULL, '2021-02-24 20:59:33', '2021-02-24 20:59:33'),
(13, 13, 'BL0001', 'finahost', 'kelege', 'tz', 'tz', 'bg', '255', 13, 13, 13, NULL, 1, 'browser', NULL, '', '', '', 'https://finahost.com', NULL, 1, '{\"cash\":{\"is_enabled\":1,\"account\":null},\"card\":{\"is_enabled\":1,\"account\":null},\"cheque\":{\"is_enabled\":1,\"account\":null},\"bank_transfer\":{\"is_enabled\":1,\"account\":null},\"other\":{\"is_enabled\":1,\"account\":null},\"custom_pay_1\":{\"is_enabled\":1,\"account\":null},\"custom_pay_2\":{\"is_enabled\":1,\"account\":null},\"custom_pay_3\":{\"is_enabled\":1,\"account\":null}}', NULL, NULL, NULL, NULL, NULL, '2021-02-27 17:52:49', '2021-02-27 17:52:49'),
(14, 14, 'BL0001', 'Truehealth Cafe', 'Mikocheni - Kwa Mwalimu', 'Tanzania', 'Dar es Salaam', 'Dar es salaam', '255', 14, 14, 14, NULL, 1, 'browser', NULL, '255673625446', '255757134176', '', '', NULL, 1, '{\"cash\":{\"is_enabled\":1,\"account\":null},\"card\":{\"is_enabled\":1,\"account\":null},\"cheque\":{\"is_enabled\":1,\"account\":null},\"bank_transfer\":{\"is_enabled\":1,\"account\":null},\"other\":{\"is_enabled\":1,\"account\":null},\"custom_pay_1\":{\"is_enabled\":1,\"account\":null},\"custom_pay_2\":{\"is_enabled\":1,\"account\":null},\"custom_pay_3\":{\"is_enabled\":1,\"account\":null}}', NULL, NULL, NULL, NULL, NULL, '2021-03-22 17:28:03', '2021-03-22 17:28:03'),
(16, 16, 'BL0001', 'iGates Technology Ltd', 'mikocheni', 'Tanzania', 'Tanzania', 'Dar es salaam', '255', 16, 16, 16, NULL, 1, 'browser', NULL, '0717222303', '0717222303', '', 'http://www.mywebsite.com', NULL, 1, '{\"cash\":{\"is_enabled\":1,\"account\":null},\"card\":{\"is_enabled\":1,\"account\":null},\"cheque\":{\"is_enabled\":1,\"account\":null},\"bank_transfer\":{\"is_enabled\":1,\"account\":null},\"other\":{\"is_enabled\":1,\"account\":null},\"custom_pay_1\":{\"is_enabled\":1,\"account\":null},\"custom_pay_2\":{\"is_enabled\":1,\"account\":null},\"custom_pay_3\":{\"is_enabled\":1,\"account\":null}}', NULL, NULL, NULL, NULL, NULL, '2021-04-12 19:06:10', '2021-04-12 19:06:10'),
(17, 17, 'BL0001', 'ALFAQEE INVESTMENT CO.LTD', 'China plaza', 'Tanzania', 'Dar es salaam', 'Dar es salaam', '255', 17, 17, 17, NULL, 1, 'browser', NULL, '0785615333', '0222182474', '', 'https://www.alfaqeeinvestment.com', NULL, 1, '{\"cash\":{\"is_enabled\":1,\"account\":null},\"card\":{\"is_enabled\":1,\"account\":null},\"cheque\":{\"is_enabled\":1,\"account\":null},\"bank_transfer\":{\"is_enabled\":1,\"account\":null},\"other\":{\"is_enabled\":1,\"account\":null},\"custom_pay_1\":{\"is_enabled\":1,\"account\":null},\"custom_pay_2\":{\"is_enabled\":1,\"account\":null},\"custom_pay_3\":{\"is_enabled\":1,\"account\":null}}', NULL, NULL, NULL, NULL, NULL, '2021-04-13 14:22:01', '2021-04-13 14:22:01'),
(18, 18, 'BL0001', 'Najaribu', 'Bsnsj', 'tanzania', 'U', 'Dsm', '0000', 18, 18, 18, NULL, 1, 'browser', NULL, '', '', '', '', NULL, 1, '{\"cash\":{\"is_enabled\":1,\"account\":null},\"card\":{\"is_enabled\":1,\"account\":null},\"cheque\":{\"is_enabled\":1,\"account\":null},\"bank_transfer\":{\"is_enabled\":1,\"account\":null},\"other\":{\"is_enabled\":1,\"account\":null},\"custom_pay_1\":{\"is_enabled\":1,\"account\":null},\"custom_pay_2\":{\"is_enabled\":1,\"account\":null},\"custom_pay_3\":{\"is_enabled\":1,\"account\":null}}', NULL, NULL, NULL, NULL, NULL, '2021-04-23 16:28:34', '2021-04-23 16:28:34'),
(19, 19, 'BL0001', 'iGates Technology Ltd', 'Landmark', 'Tanzania', 'Tanzania', 'Dar es salaam', '255', 19, 19, 19, NULL, 1, 'browser', NULL, '0717222303', '', '', 'http://www.mywebsite.com', NULL, 1, '{\"cash\":{\"is_enabled\":1,\"account\":null},\"card\":{\"is_enabled\":1,\"account\":null},\"cheque\":{\"is_enabled\":1,\"account\":null},\"bank_transfer\":{\"is_enabled\":1,\"account\":null},\"other\":{\"is_enabled\":1,\"account\":null},\"custom_pay_1\":{\"is_enabled\":1,\"account\":null},\"custom_pay_2\":{\"is_enabled\":1,\"account\":null},\"custom_pay_3\":{\"is_enabled\":1,\"account\":null}}', NULL, NULL, NULL, NULL, NULL, '2021-05-01 13:44:51', '2021-05-01 13:44:51'),
(20, 10, 'BL0002', 'mwanza', NULL, 'Tanzania', 'Tanzania', 'Dar es salaam', '355', 10, 10, 10, NULL, 1, 'browser', NULL, '0717222303', NULL, 'robilin2@yahoo.com', NULL, NULL, 1, '{\"cash\":{\"is_enabled\":\"1\",\"account\":null},\"card\":{\"account\":null},\"cheque\":{\"account\":null},\"bank_transfer\":{\"account\":null},\"other\":{\"account\":null},\"custom_pay_1\":{\"account\":null},\"custom_pay_2\":{\"account\":null},\"custom_pay_3\":{\"account\":null}}', NULL, NULL, NULL, NULL, NULL, '2021-07-14 20:56:29', '2021-07-14 20:56:29'),
(21, 20, 'BL0001', 'Proin Motors', 'Pugu Road', 'Tanzania', 'KINONDONI', 'DAR ES SALAAM', '14112', 21, 20, 20, NULL, 1, 'browser', NULL, '0714340649', '', '', '', NULL, 1, '{\"cash\":{\"is_enabled\":1,\"account\":null},\"card\":{\"is_enabled\":1,\"account\":null},\"cheque\":{\"is_enabled\":1,\"account\":null},\"bank_transfer\":{\"is_enabled\":1,\"account\":null},\"other\":{\"is_enabled\":1,\"account\":null},\"custom_pay_1\":{\"is_enabled\":1,\"account\":null},\"custom_pay_2\":{\"is_enabled\":1,\"account\":null},\"custom_pay_3\":{\"is_enabled\":1,\"account\":null},\"custom_pay_4\":{\"is_enabled\":1,\"account\":null},\"custom_pay_5\":{\"is_enabled\":1,\"account\":null},\"custom_pay_6\":{\"is_enabled\":1,\"account\":null},\"custom_pay_7\":{\"is_enabled\":1,\"account\":null}}', NULL, NULL, NULL, NULL, NULL, '2022-02-18 09:44:26', '2022-02-18 09:44:26');

-- --------------------------------------------------------

--
-- Table structure for table `cash_registers`
--

CREATE TABLE `cash_registers` (
  `id` int(10) UNSIGNED NOT NULL,
  `business_id` int(10) UNSIGNED NOT NULL,
  `location_id` int(11) DEFAULT NULL,
  `user_id` int(10) UNSIGNED DEFAULT NULL,
  `status` enum('close','open') COLLATE utf8mb4_unicode_ci NOT NULL DEFAULT 'open',
  `closed_at` datetime DEFAULT NULL,
  `closing_amount` decimal(22,4) NOT NULL DEFAULT '0.0000',
  `total_card_slips` int(11) NOT NULL DEFAULT '0',
  `total_cheques` int(11) NOT NULL DEFAULT '0',
  `denominations` text COLLATE utf8mb4_unicode_ci,
  `closing_note` text COLLATE utf8mb4_unicode_ci,
  `created_at` timestamp NULL DEFAULT NULL,
  `updated_at` timestamp NULL DEFAULT NULL
) ENGINE=InnoDB DEFAULT CHARSET=utf8mb4 COLLATE=utf8mb4_unicode_ci;

--
-- Dumping data for table `cash_registers`
--

INSERT INTO `cash_registers` (`id`, `business_id`, `location_id`, `user_id`, `status`, `closed_at`, `closing_amount`, `total_card_slips`, `total_cheques`, `denominations`, `closing_note`, `created_at`, `updated_at`) VALUES
(1, 2, 2, 2, 'close', '2020-03-27 23:43:43', '1416000.0000', 0, 0, NULL, NULL, '2020-03-27 23:42:00', '2020-03-27 23:43:43'),
(2, 4, 4, 4, 'open', NULL, '0.0000', 0, 0, NULL, NULL, '2020-03-28 01:02:00', '2020-03-28 01:02:53'),
(3, 5, 5, 6, 'close', '2020-04-01 00:34:56', '4151.2400', 0, 0, NULL, NULL, '2020-03-30 00:58:00', '2020-04-01 00:34:56'),
(4, 1, 1, 1, 'open', NULL, '0.0000', 0, 0, NULL, NULL, '2020-04-01 10:16:00', '2020-04-01 10:16:34'),
(5, 5, 5, 6, 'close', '2020-04-01 13:06:42', '230.1000', 0, 0, NULL, NULL, '2020-04-01 11:46:00', '2020-04-01 13:06:42'),
(6, 5, 5, 5, 'close', '2020-04-01 13:45:50', '1216.5800', 0, 0, NULL, NULL, '2020-04-01 13:28:00', '2020-04-01 13:45:50'),
(7, 5, 5, 6, 'open', NULL, '0.0000', 0, 0, NULL, NULL, '2020-04-02 06:55:00', '2020-04-02 06:55:45'),
(8, 5, 5, 5, 'close', '2020-04-17 00:59:23', '4471.0200', 0, 0, NULL, NULL, '2020-04-17 00:56:00', '2020-04-17 00:59:23'),
(9, 5, 5, 5, 'close', '2020-04-17 01:40:38', '13995.0000', 0, 0, NULL, NULL, '2020-04-17 01:35:00', '2020-04-17 01:40:38'),
(10, 7, 7, 10, 'open', NULL, '0.0000', 0, 0, NULL, NULL, '2020-11-28 15:50:00', '2020-11-28 15:50:43'),
(11, 1, 1, 15, 'open', NULL, '0.0000', 0, 0, NULL, NULL, '2021-01-20 14:41:00', '2021-01-20 14:41:53'),
(12, 2, 2, 2, 'close', '2021-01-29 22:25:00', '1426000.0000', 0, 0, NULL, NULL, '2021-01-29 21:39:00', '2021-01-29 22:25:00'),
(13, 2, 2, 2, 'close', '2021-01-29 22:29:46', '0.0000', 0, 0, NULL, NULL, '2021-01-29 22:28:00', '2021-01-29 22:29:46'),
(14, 2, 2, 2, 'close', '2021-01-29 23:04:57', '0.0000', 0, 0, NULL, NULL, '2021-01-29 23:01:00', '2021-01-29 23:04:57'),
(15, 2, 2, 2, 'close', '2021-01-29 23:10:25', '0.0000', 0, 0, NULL, NULL, '2021-01-29 23:09:00', '2021-01-29 23:10:25'),
(16, 10, 10, 18, 'close', '2021-03-03 07:34:42', '197860.0000', 0, 0, NULL, NULL, '2021-01-30 19:01:00', '2021-03-03 07:34:42'),
(17, 12, 12, 20, 'open', NULL, '0.0000', 0, 0, NULL, NULL, '2021-02-25 10:17:00', '2021-02-25 10:17:20'),
(18, 10, 10, 18, 'close', '2021-03-17 01:22:45', '41330.0000', 1, 0, NULL, NULL, '2021-03-03 07:35:00', '2021-03-17 01:22:45'),
(19, 10, 10, 18, 'open', NULL, '0.0000', 0, 0, NULL, NULL, '2021-03-17 01:24:00', '2021-03-17 01:24:05'),
(20, 14, 14, 23, 'close', '2021-03-30 07:54:35', '0.0000', 0, 0, NULL, NULL, '2021-03-30 07:54:00', '2021-03-30 07:54:35'),
(21, 17, 17, 26, 'open', NULL, '0.0000', 0, 0, NULL, NULL, '2021-04-14 15:18:00', '2021-04-14 15:18:10'),
(22, 20, 21, 33, 'open', NULL, '0.0000', 0, 0, NULL, NULL, '2022-02-18 10:24:00', '2022-02-18 10:24:24');

-- --------------------------------------------------------

--
-- Table structure for table `cash_register_transactions`
--

CREATE TABLE `cash_register_transactions` (
  `id` int(10) UNSIGNED NOT NULL,
  `cash_register_id` int(10) UNSIGNED NOT NULL,
  `amount` decimal(22,4) NOT NULL DEFAULT '0.0000',
  `pay_method` varchar(191) COLLATE utf8mb4_unicode_ci DEFAULT NULL,
  `type` enum('debit','credit') COLLATE utf8mb4_unicode_ci NOT NULL,
  `transaction_type` varchar(191) COLLATE utf8mb4_unicode_ci DEFAULT NULL,
  `transaction_id` int(11) DEFAULT NULL,
  `created_at` timestamp NULL DEFAULT NULL,
  `updated_at` timestamp NULL DEFAULT NULL
) ENGINE=InnoDB DEFAULT CHARSET=utf8mb4 COLLATE=utf8mb4_unicode_ci;

--
-- Dumping data for table `cash_register_transactions`
--

INSERT INTO `cash_register_transactions` (`id`, `cash_register_id`, `amount`, `pay_method`, `type`, `transaction_type`, `transaction_id`, `created_at`, `updated_at`) VALUES
(1, 1, '0.0000', 'cash', 'credit', 'initial', NULL, '2020-03-27 23:42:28', '2020-03-27 23:42:28'),
(2, 1, '1416000.0000', 'cash', 'credit', 'sell', 2, '2020-03-27 23:43:04', '2020-03-27 23:43:04'),
(3, 1, '0.0000', 'cash', 'credit', 'sell', 2, '2020-03-27 23:43:04', '2020-03-27 23:43:04'),
(4, 2, '0.0000', 'cash', 'credit', 'initial', NULL, '2020-03-28 01:02:53', '2020-03-28 01:02:53'),
(5, 3, '0.0000', 'cash', 'credit', 'initial', NULL, '2020-03-30 00:58:16', '2020-03-30 00:58:16'),
(6, 3, '2513.4000', 'cash', 'credit', 'sell', 19, '2020-04-01 00:33:07', '2020-04-01 00:33:07'),
(7, 3, '0.0000', 'cash', 'credit', 'sell', 19, '2020-04-01 00:33:07', '2020-04-01 00:33:07'),
(8, 3, '1637.8400', 'cash', 'credit', 'sell', 20, '2020-04-01 00:34:11', '2020-04-01 00:34:11'),
(9, 3, '0.0000', 'cash', 'credit', 'sell', 20, '2020-04-01 00:34:11', '2020-04-01 00:34:11'),
(10, 4, '0.0000', 'cash', 'credit', 'initial', NULL, '2020-04-01 10:16:34', '2020-04-01 10:16:34'),
(11, 5, '0.0000', 'cash', 'credit', 'initial', NULL, '2020-04-01 11:46:28', '2020-04-01 11:46:28'),
(12, 5, '230.1000', 'cash', 'credit', 'sell', 25, '2020-04-01 11:48:18', '2020-04-01 11:48:18'),
(13, 5, '0.0000', 'cash', 'credit', 'sell', 25, '2020-04-01 11:48:18', '2020-04-01 11:48:18'),
(14, 6, '0.0000', 'cash', 'credit', 'initial', NULL, '2020-04-01 13:28:23', '2020-04-01 13:28:23'),
(15, 6, '1216.5800', 'cash', 'credit', 'sell', 23, '2020-04-01 13:41:29', '2020-04-01 13:41:29'),
(16, 6, '0.0000', 'cash', 'credit', 'sell', 23, '2020-04-01 13:41:29', '2020-04-01 13:41:29'),
(17, 7, '0.0000', 'cash', 'credit', 'initial', NULL, '2020-04-02 06:55:45', '2020-04-02 06:55:45'),
(18, 7, '737.0000', 'cash', 'credit', 'sell', 26, '2020-04-02 06:58:49', '2020-04-02 06:58:49'),
(19, 7, '0.0000', 'cash', 'credit', 'sell', 26, '2020-04-02 06:58:49', '2020-04-02 06:58:49'),
(20, 8, '0.0000', 'cash', 'credit', 'initial', NULL, '2020-04-17 00:56:28', '2020-04-17 00:56:28'),
(21, 8, '2285.6600', 'cash', 'credit', 'sell', 27, '2020-04-17 00:58:08', '2020-04-17 00:58:08'),
(22, 8, '0.0000', 'cash', 'credit', 'sell', 27, '2020-04-17 00:58:08', '2020-04-17 00:58:08'),
(23, 8, '2185.3600', 'cash', 'credit', 'sell', 28, '2020-04-17 00:59:02', '2020-04-17 00:59:02'),
(24, 8, '0.0000', 'cash', 'credit', 'sell', 28, '2020-04-17 00:59:02', '2020-04-17 00:59:02'),
(25, 9, '0.0000', 'cash', 'credit', 'initial', NULL, '2020-04-17 01:35:39', '2020-04-17 01:35:39'),
(26, 9, '13200.0000', 'cash', 'credit', 'sell', 31, '2020-04-17 01:36:11', '2020-04-17 01:36:11'),
(27, 9, '0.0000', 'cash', 'credit', 'sell', 31, '2020-04-17 01:36:11', '2020-04-17 01:36:11'),
(28, 9, '795.0000', 'cash', 'credit', 'sell', 32, '2020-04-17 01:40:17', '2020-04-17 01:40:17'),
(29, 9, '0.0000', 'cash', 'credit', 'sell', 32, '2020-04-17 01:40:17', '2020-04-17 01:40:17'),
(30, 10, '0.0000', 'cash', 'credit', 'initial', NULL, '2020-11-28 15:50:43', '2020-11-28 15:50:43'),
(31, 10, '300000.0000', 'cash', 'credit', 'sell', 33, '2020-11-28 15:51:12', '2020-11-28 15:51:12'),
(32, 10, '0.0000', 'cash', 'credit', 'sell', 33, '2020-11-28 15:51:12', '2020-11-28 15:51:12'),
(35, 4, '50000.0000', 'cash', 'credit', 'sell', 57, '2021-01-20 14:12:43', '2021-01-20 14:12:43'),
(36, 4, '0.0000', 'cash', 'credit', 'sell', 57, '2021-01-20 14:12:43', '2021-01-20 14:12:43'),
(37, 11, '6200.0000', 'cash', 'credit', 'sell', 58, '2021-01-20 14:42:35', '2021-01-20 14:42:35'),
(38, 11, '0.0000', 'cash', 'credit', 'sell', 58, '2021-01-20 14:42:35', '2021-01-20 14:42:35'),
(39, 11, '2200.0000', 'cash', 'credit', 'sell', 59, '2021-01-20 14:43:08', '2021-01-20 14:43:08'),
(40, 11, '0.0000', 'cash', 'credit', 'sell', 59, '2021-01-20 14:43:08', '2021-01-20 14:43:08'),
(41, 4, '12000.0000', 'cash', 'credit', 'sell', 62, '2021-01-20 17:30:46', '2021-01-20 17:30:46'),
(42, 4, '0.0000', 'cash', 'credit', 'sell', 62, '2021-01-20 17:30:46', '2021-01-20 17:30:46'),
(45, 4, '100000.0000', 'cash', 'credit', 'sell', 71, '2021-01-21 13:30:24', '2021-01-21 13:30:24'),
(46, 4, '0.0000', 'cash', 'credit', 'sell', 71, '2021-01-21 13:30:24', '2021-01-21 13:30:24'),
(47, 4, '3200.0000', 'cash', 'credit', 'sell', 72, '2021-01-21 14:12:43', '2021-01-21 14:12:43'),
(48, 4, '0.0000', 'cash', 'credit', 'sell', 72, '2021-01-21 14:12:43', '2021-01-21 14:12:43'),
(49, 4, '1000.0000', 'card', 'credit', 'sell', 74, '2021-01-21 14:13:20', '2021-01-21 14:13:20'),
(50, 4, '0.0000', 'cash', 'credit', 'sell', 74, '2021-01-21 14:13:20', '2021-01-21 14:13:20'),
(51, 4, '0.0000', 'cash', 'credit', 'sell', 76, '2021-01-21 19:56:30', '2021-01-21 19:56:30'),
(52, 4, '0.0000', 'cash', 'credit', 'sell', 76, '2021-01-21 19:56:30', '2021-01-21 19:56:30'),
(53, 4, '1000.0000', 'cash', 'credit', 'sell', 81, '2021-01-22 13:51:35', '2021-01-22 13:51:35'),
(54, 4, '0.0000', 'cash', 'credit', 'sell', 81, '2021-01-22 13:51:35', '2021-01-22 13:51:35'),
(55, 12, '1426000.0000', 'cash', 'credit', 'sell', 83, '2021-01-29 21:48:27', '2021-01-29 21:48:27'),
(56, 12, '0.0000', 'cash', 'credit', 'sell', 83, '2021-01-29 21:48:27', '2021-01-29 21:48:27'),
(57, 16, '35000.0000', 'cash', 'credit', 'sell', 93, '2021-01-30 21:31:32', '2021-01-30 21:31:32'),
(58, 16, '0.0000', 'cash', 'credit', 'sell', 93, '2021-01-30 21:31:32', '2021-01-30 21:31:32'),
(59, 16, '7000.0000', 'cash', 'credit', 'sell', 95, '2021-01-30 22:01:32', '2021-01-30 22:01:32'),
(60, 16, '0.0000', 'cash', 'credit', 'sell', 95, '2021-01-30 22:01:32', '2021-01-30 22:01:32'),
(61, 16, '9000.0000', 'cash', 'credit', 'sell', 97, '2021-02-02 11:36:37', '2021-02-02 11:36:37'),
(62, 16, '0.0000', 'cash', 'credit', 'sell', 97, '2021-02-02 11:36:37', '2021-02-02 11:36:37'),
(63, 16, '42000.0000', 'cash', 'credit', 'sell', 100, '2021-02-05 18:34:34', '2021-02-05 18:34:34'),
(64, 16, '0.0000', 'cash', 'credit', 'sell', 100, '2021-02-05 18:34:34', '2021-02-05 18:34:34'),
(65, 16, '14000.0000', 'cash', 'credit', 'sell', 101, '2021-02-05 18:34:56', '2021-02-05 18:34:56'),
(66, 16, '0.0000', 'cash', 'credit', 'sell', 101, '2021-02-05 18:34:56', '2021-02-05 18:34:56'),
(67, 16, '14000.0000', 'cash', 'credit', 'sell', 106, '2021-02-15 16:07:04', '2021-02-15 16:07:04'),
(68, 16, '0.0000', 'cash', 'credit', 'sell', 106, '2021-02-15 16:07:04', '2021-02-15 16:07:04'),
(69, 16, '7000.0000', 'cash', 'credit', 'sell', 107, '2021-02-15 16:23:06', '2021-02-15 16:23:06'),
(70, 16, '0.0000', 'cash', 'credit', 'sell', 107, '2021-02-15 16:23:06', '2021-02-15 16:23:06'),
(71, 16, '6000.0000', 'cash', 'credit', 'sell', 108, '2021-02-16 11:37:10', '2021-02-16 11:37:10'),
(72, 16, '0.0000', 'cash', 'credit', 'sell', 108, '2021-02-16 11:37:10', '2021-02-16 11:37:10'),
(73, 16, '6000.0000', 'cash', 'credit', 'sell', 110, '2021-02-17 12:14:11', '2021-02-17 12:14:11'),
(74, 16, '0.0000', 'cash', 'credit', 'sell', 110, '2021-02-17 12:14:11', '2021-02-17 12:14:11'),
(75, 16, '4000.0000', 'cash', 'credit', 'sell', 111, '2021-02-18 07:43:18', '2021-02-18 07:43:18'),
(76, 16, '0.0000', 'cash', 'credit', 'sell', 111, '2021-02-18 07:43:18', '2021-02-18 07:43:18'),
(77, 16, '2000.0000', 'cash', 'credit', 'sell', 115, '2021-02-18 11:03:07', '2021-02-18 11:03:07'),
(78, 16, '0.0000', 'cash', 'credit', 'sell', 115, '2021-02-18 11:03:07', '2021-02-18 11:03:07'),
(85, 4, '1200.0000', 'cash', 'credit', 'sell', 120, '2021-02-18 11:36:54', '2021-02-18 11:36:54'),
(86, 4, '0.0000', 'cash', 'credit', 'sell', 120, '2021-02-18 11:36:55', '2021-02-18 11:36:55'),
(87, 4, '1200.0000', 'cash', 'credit', 'sell', 121, '2021-02-18 13:05:09', '2021-02-18 13:05:09'),
(88, 4, '0.0000', 'cash', 'credit', 'sell', 121, '2021-02-18 13:05:09', '2021-02-18 13:05:09'),
(89, 4, '4200.0000', 'card', 'credit', 'sell', 122, '2021-02-18 13:28:04', '2021-02-18 13:28:04'),
(90, 4, '0.0000', 'cash', 'credit', 'sell', 122, '2021-02-18 13:28:04', '2021-02-18 13:28:04'),
(91, 16, '2000.0000', 'cash', 'credit', 'sell', 123, '2021-02-24 11:50:31', '2021-02-24 11:50:31'),
(92, 16, '0.0000', 'cash', 'credit', 'sell', 123, '2021-02-24 11:50:31', '2021-02-24 11:50:31'),
(93, 17, '10000.0000', 'cash', 'credit', 'initial', NULL, '2021-02-25 10:17:20', '2021-02-25 10:17:20'),
(94, 17, '6000.0000', 'cash', 'credit', 'sell', 125, '2021-02-25 11:02:07', '2021-02-25 11:02:07'),
(95, 17, '0.0000', 'cash', 'credit', 'sell', 125, '2021-02-25 11:02:07', '2021-02-25 11:02:07'),
(96, 17, '1500.0000', 'cash', 'credit', 'sell', 126, '2021-02-25 11:02:48', '2021-02-25 11:02:48'),
(97, 17, '0.0000', 'cash', 'credit', 'sell', 126, '2021-02-25 11:02:48', '2021-02-25 11:02:48'),
(98, 16, '7000.0000', 'cash', 'credit', 'sell', 133, '2021-02-26 15:33:17', '2021-02-26 15:33:17'),
(99, 16, '0.0000', 'cash', 'credit', 'sell', 133, '2021-02-26 15:33:17', '2021-02-26 15:33:17'),
(100, 16, '7000.0000', 'cash', 'credit', 'sell', 134, '2021-02-26 15:34:52', '2021-02-26 15:34:52'),
(101, 16, '0.0000', 'cash', 'credit', 'sell', 134, '2021-02-26 15:34:52', '2021-02-26 15:34:52'),
(102, 16, '7000.0000', 'cash', 'credit', 'sell', 135, '2021-02-26 15:35:27', '2021-02-26 15:35:27'),
(103, 16, '0.0000', 'cash', 'credit', 'sell', 135, '2021-02-26 15:35:27', '2021-02-26 15:35:27'),
(104, 16, '2500.0000', 'cash', 'credit', 'sell', 138, '2021-02-26 15:42:51', '2021-02-26 15:42:51'),
(105, 16, '0.0000', 'cash', 'credit', 'sell', 138, '2021-02-26 15:42:51', '2021-02-26 15:42:51'),
(106, 16, '24000.0000', 'cash', 'credit', 'sell', 139, '2021-02-27 00:57:00', '2021-02-27 00:57:00'),
(107, 16, '0.0000', 'cash', 'credit', 'sell', 139, '2021-02-27 00:57:00', '2021-02-27 00:57:00'),
(108, 16, '2360.0000', 'cash', 'credit', 'sell', 142, '2021-03-02 20:53:45', '2021-03-02 20:53:45'),
(109, 16, '0.0000', 'cash', 'credit', 'sell', 142, '2021-03-02 20:53:45', '2021-03-02 20:53:45'),
(110, 18, '10000.0000', 'cash', 'credit', 'initial', NULL, '2021-03-03 07:35:04', '2021-03-03 07:35:04'),
(111, 18, '7080.0000', 'cash', 'credit', 'sell', 157, '2021-03-03 14:26:22', '2021-03-03 14:26:22'),
(112, 18, '0.0000', 'cash', 'credit', 'sell', 157, '2021-03-03 14:26:22', '2021-03-03 14:26:22'),
(113, 18, '20000.0000', 'cash', 'debit', 'refund', 139, '2021-03-03 15:50:57', '2021-03-03 15:50:57'),
(114, 18, '2360.0000', 'cash', 'credit', 'sell', 164, '2021-03-03 18:32:38', '2021-03-03 18:32:38'),
(115, 18, '0.0000', 'cash', 'credit', 'sell', 164, '2021-03-03 18:32:38', '2021-03-03 18:32:38'),
(116, 18, '6490.0000', 'cash', 'credit', 'sell', 165, '2021-03-03 18:37:22', '2021-03-03 18:37:22'),
(117, 18, '0.0000', 'cash', 'credit', 'sell', 165, '2021-03-03 18:37:22', '2021-03-03 18:37:22'),
(118, 18, '7080.0000', 'card', 'credit', 'sell', 166, '2021-03-03 19:00:14', '2021-03-03 19:00:14'),
(119, 18, '0.0000', 'cash', 'credit', 'sell', 166, '2021-03-03 19:00:14', '2021-03-03 19:00:14'),
(120, 18, '5900.0000', 'cash', 'credit', 'sell', 172, '2021-03-15 11:34:23', '2021-03-15 11:34:23'),
(121, 18, '0.0000', 'cash', 'credit', 'sell', 172, '2021-03-15 11:34:23', '2021-03-15 11:34:23'),
(122, 18, '29500.0000', 'cash', 'credit', 'sell', 175, '2021-03-17 01:21:51', '2021-03-17 01:21:51'),
(123, 18, '0.0000', 'cash', 'credit', 'sell', 175, '2021-03-17 01:21:51', '2021-03-17 01:21:51'),
(124, 19, '1000.0000', 'cash', 'credit', 'initial', NULL, '2021-03-17 01:24:05', '2021-03-17 01:24:05'),
(125, 19, '12980.0000', 'cash', 'credit', 'sell', 176, '2021-03-17 16:29:55', '2021-03-17 16:29:55'),
(126, 19, '0.0000', 'cash', 'credit', 'sell', 176, '2021-03-17 16:29:55', '2021-03-17 16:29:55'),
(127, 19, '2360.0000', 'cash', 'credit', 'sell', 178, '2021-03-18 13:54:08', '2021-03-18 13:54:08'),
(128, 19, '0.0000', 'cash', 'credit', 'sell', 178, '2021-03-18 13:54:08', '2021-03-18 13:54:08'),
(129, 19, '15500.0000', 'cash', 'credit', 'sell', 128, '2021-03-19 08:06:22', '2021-03-19 08:06:22'),
(130, 19, '6490.0000', 'cash', 'credit', 'sell', 179, '2021-03-22 15:46:14', '2021-03-22 15:46:14'),
(131, 19, '0.0000', 'cash', 'credit', 'sell', 179, '2021-03-22 15:46:14', '2021-03-22 15:46:14'),
(132, 19, '6000.0000', 'cash', 'credit', 'sell', 180, '2021-03-22 16:03:40', '2021-03-22 16:03:40'),
(133, 19, '-100.0000', 'cash', 'credit', 'sell', 180, '2021-03-22 16:03:40', '2021-03-22 16:03:40'),
(134, 19, '6490.0000', 'cash', 'credit', 'sell', 181, '2021-03-23 11:24:08', '2021-03-23 11:24:08'),
(135, 19, '0.0000', 'cash', 'credit', 'sell', 181, '2021-03-23 11:24:08', '2021-03-23 11:24:08'),
(136, 19, '30000.0000', 'cash', 'credit', 'sell', 182, '2021-03-23 15:06:08', '2021-03-23 15:06:08'),
(137, 19, '0.0000', 'cash', 'credit', 'sell', 182, '2021-03-23 15:06:08', '2021-03-23 15:06:08'),
(138, 19, '10000.0000', 'cash', 'credit', 'sell', 183, '2021-03-23 17:05:22', '2021-03-23 17:05:22'),
(139, 19, '-4100.0000', 'cash', 'credit', 'sell', 183, '2021-03-23 17:05:22', '2021-03-23 17:05:22'),
(140, 19, '5900.0000', 'cash', 'credit', 'sell', 184, '2021-03-23 19:04:22', '2021-03-23 19:04:22'),
(141, 19, '0.0000', 'cash', 'credit', 'sell', 184, '2021-03-23 19:04:22', '2021-03-23 19:04:22'),
(142, 19, '5900.0000', 'cash', 'credit', 'sell', 185, '2021-03-23 19:07:12', '2021-03-23 19:07:12'),
(143, 19, '0.0000', 'cash', 'credit', 'sell', 185, '2021-03-23 19:07:12', '2021-03-23 19:07:12'),
(144, 19, '6490.0000', 'cash', 'credit', 'sell', 186, '2021-03-23 19:28:42', '2021-03-23 19:28:42'),
(145, 19, '0.0000', 'cash', 'credit', 'sell', 186, '2021-03-23 19:28:42', '2021-03-23 19:28:42'),
(146, 19, '5900.0000', 'cash', 'credit', 'sell', 187, '2021-03-23 19:30:30', '2021-03-23 19:30:30'),
(147, 19, '0.0000', 'cash', 'credit', 'sell', 187, '2021-03-23 19:30:30', '2021-03-23 19:30:30'),
(148, 19, '5900.0000', 'cash', 'credit', 'sell', 188, '2021-03-23 19:32:12', '2021-03-23 19:32:12'),
(149, 19, '0.0000', 'cash', 'credit', 'sell', 188, '2021-03-23 19:32:12', '2021-03-23 19:32:12'),
(150, 19, '5900.0000', 'cash', 'credit', 'sell', 189, '2021-03-23 19:46:52', '2021-03-23 19:46:52'),
(151, 19, '0.0000', 'cash', 'credit', 'sell', 189, '2021-03-23 19:46:52', '2021-03-23 19:46:52'),
(152, 19, '5900.0000', 'cash', 'credit', 'sell', 190, '2021-03-23 19:48:26', '2021-03-23 19:48:26'),
(153, 19, '0.0000', 'cash', 'credit', 'sell', 190, '2021-03-23 19:48:26', '2021-03-23 19:48:26'),
(154, 19, '7000.0000', 'cash', 'credit', 'sell', 191, '2021-03-23 19:53:07', '2021-03-23 19:53:07'),
(155, 19, '-37640.0000', 'cash', 'credit', 'sell', 191, '2021-03-23 19:53:07', '2021-03-23 19:53:07'),
(156, 19, '30000.0000', 'cash', 'credit', 'sell', 193, '2021-03-23 20:16:29', '2021-03-23 20:16:29'),
(157, 19, '-19380.0000', 'cash', 'credit', 'sell', 193, '2021-03-23 20:16:29', '2021-03-23 20:16:29'),
(158, 19, '5900.0000', 'cash', 'credit', 'sell', 194, '2021-03-24 18:01:50', '2021-03-24 18:01:50'),
(159, 19, '0.0000', 'cash', 'credit', 'sell', 194, '2021-03-24 18:01:50', '2021-03-24 18:01:50'),
(160, 19, '2360.0000', 'cash', 'credit', 'sell', 195, '2021-03-24 18:05:56', '2021-03-24 18:05:56'),
(161, 19, '0.0000', 'cash', 'credit', 'sell', 195, '2021-03-24 18:05:56', '2021-03-24 18:05:56'),
(162, 19, '3000.0000', 'cash', 'credit', 'sell', 196, '2021-03-24 18:52:05', '2021-03-24 18:52:05'),
(163, 19, '-640.0000', 'cash', 'credit', 'sell', 196, '2021-03-24 18:52:05', '2021-03-24 18:52:05'),
(164, 19, '8260.0000', 'cash', 'credit', 'sell', 197, '2021-03-24 18:54:42', '2021-03-24 18:54:42'),
(165, 19, '0.0000', 'cash', 'credit', 'sell', 197, '2021-03-24 18:54:42', '2021-03-24 18:54:42'),
(166, 21, '350000.0000', 'cash', 'credit', 'initial', NULL, '2021-04-14 15:18:10', '2021-04-14 15:18:10'),
(167, 21, '300000.0000', 'cash', 'credit', 'sell', 201, '2021-04-14 15:20:26', '2021-04-14 15:20:26'),
(168, 21, '0.0000', 'cash', 'credit', 'sell', 201, '2021-04-14 15:20:26', '2021-04-14 15:20:26'),
(169, 21, '330000.0000', 'cash', 'credit', 'sell', 205, '2021-04-17 11:06:04', '2021-04-17 11:06:04'),
(170, 21, '0.0000', 'cash', 'credit', 'sell', 205, '2021-04-17 11:06:04', '2021-04-17 11:06:04'),
(171, 21, '310000.0000', 'cash', 'credit', 'sell', 206, '2021-04-17 11:19:59', '2021-04-17 11:19:59'),
(172, 21, '0.0000', 'cash', 'credit', 'sell', 206, '2021-04-17 11:19:59', '2021-04-17 11:19:59'),
(173, 19, '8260.0000', 'cash', 'credit', 'sell', 263, '2021-06-21 14:34:45', '2021-06-21 14:34:45'),
(174, 19, '0.0000', 'cash', 'credit', 'sell', 263, '2021-06-21 14:34:45', '2021-06-21 14:34:45'),
(175, 19, '1180.0000', 'cash', 'credit', 'sell', 264, '2021-07-14 20:51:50', '2021-07-14 20:51:50'),
(176, 19, '0.0000', 'cash', 'credit', 'sell', 264, '2021-07-14 20:51:50', '2021-07-14 20:51:50'),
(177, 19, '18880.0000', 'cash', 'credit', 'sell', 267, '2021-07-14 21:14:30', '2021-07-14 21:14:30'),
(178, 19, '0.0000', 'cash', 'credit', 'sell', 267, '2021-07-14 21:14:30', '2021-07-14 21:14:30'),
(179, 19, '7080.0000', 'cash', 'credit', 'sell', 271, '2021-11-16 16:01:04', '2021-11-16 16:01:04'),
(180, 19, '0.0000', 'cash', 'credit', 'sell', 271, '2021-11-16 16:01:04', '2021-11-16 16:01:04'),
(181, 19, '7080.0000', 'cash', 'credit', 'sell', 273, '2021-11-16 16:08:14', '2021-11-16 16:08:14'),
(182, 19, '0.0000', 'cash', 'credit', 'sell', 273, '2021-11-16 16:08:14', '2021-11-16 16:08:14'),
(183, 4, '2000.0000', 'cash', 'credit', 'sell', 280, '2022-01-30 19:17:26', '2022-01-30 19:17:26'),
(184, 4, '1000.0000', 'cash', 'credit', 'sell', 281, '2022-01-30 19:20:45', '2022-01-30 19:20:45'),
(185, 4, '1000.0000', 'cash', 'credit', 'sell', 282, '2022-01-30 19:22:21', '2022-01-30 19:22:21'),
(187, 4, '2200.0000', 'cash', 'credit', 'sell', 284, '2022-01-30 19:24:10', '2022-01-30 19:24:10'),
(188, 4, '100.0000', 'cash', 'credit', 'sell', 288, '2022-02-10 17:30:00', '2022-02-10 17:30:00'),
(190, 4, '1000.0000', 'cash', 'credit', 'sell', 291, '2022-02-10 18:53:06', '2022-02-10 18:53:06');

-- --------------------------------------------------------

--
-- Table structure for table `categories`
--

CREATE TABLE `categories` (
  `id` int(10) UNSIGNED NOT NULL,
  `name` varchar(191) COLLATE utf8mb4_unicode_ci NOT NULL,
  `business_id` int(10) UNSIGNED NOT NULL,
  `short_code` varchar(191) COLLATE utf8mb4_unicode_ci DEFAULT NULL,
  `parent_id` int(11) NOT NULL,
  `created_by` int(10) UNSIGNED NOT NULL,
  `category_type` varchar(191) COLLATE utf8mb4_unicode_ci DEFAULT NULL,
  `description` text COLLATE utf8mb4_unicode_ci,
  `slug` varchar(191) COLLATE utf8mb4_unicode_ci DEFAULT NULL,
  `deleted_at` timestamp NULL DEFAULT NULL,
  `created_at` timestamp NULL DEFAULT NULL,
  `updated_at` timestamp NULL DEFAULT NULL
) ENGINE=InnoDB DEFAULT CHARSET=utf8mb4 COLLATE=utf8mb4_unicode_ci;

--
-- Dumping data for table `categories`
--

INSERT INTO `categories` (`id`, `name`, `business_id`, `short_code`, `parent_id`, `created_by`, `category_type`, `description`, `slug`, `deleted_at`, `created_at`, `updated_at`) VALUES
(1, 'T-shirt', 5, 'TS00E', 0, 5, 'product', NULL, NULL, NULL, '2020-03-30 00:12:14', '2020-03-30 00:12:14'),
(2, 'Men', 5, NULL, 1, 5, 'product', NULL, NULL, NULL, '2020-03-30 00:12:54', '2020-03-30 00:12:54'),
(3, 'Women', 5, NULL, 1, 5, 'product', NULL, NULL, NULL, '2020-03-30 00:13:13', '2020-03-30 00:13:13'),
(4, 'Trouser', 5, 'TR00E', 0, 5, 'product', NULL, NULL, NULL, '2020-03-30 00:13:41', '2020-03-30 00:13:41'),
(5, 'Men', 5, NULL, 4, 5, 'product', NULL, NULL, NULL, '2020-03-30 00:13:58', '2020-03-30 00:13:58'),
(6, 'Women', 5, NULL, 4, 5, 'product', NULL, NULL, NULL, '2020-03-30 00:14:15', '2020-03-30 00:14:15'),
(7, 'Raw Material', 1, 'R1', 0, 1, 'product', 'Raw materials ready to be cooked, not for sale.', NULL, NULL, '2020-04-01 10:10:47', '2021-01-17 20:28:07'),
(8, 'General', 1, 'gen', 0, 1, 'product', NULL, NULL, NULL, '2021-01-17 20:28:22', '2021-01-17 20:28:36'),
(9, 'Bites', 10, NULL, 0, 18, 'product', NULL, NULL, NULL, '2021-01-29 21:05:16', '2021-01-29 21:05:16'),
(10, 'General', 10, NULL, 0, 18, 'product', NULL, NULL, NULL, '2021-01-29 21:05:28', '2021-01-29 21:05:28'),
(11, 'Ingredient', 10, NULL, 0, 18, 'product', NULL, NULL, NULL, '2021-01-29 21:05:39', '2021-01-29 21:05:39'),
(12, 'Juice', 10, NULL, 0, 18, 'product', NULL, NULL, NULL, '2021-02-16 10:13:40', '2021-02-16 10:13:40'),
(13, 'Pizza', 10, NULL, 0, 18, 'product', NULL, NULL, NULL, '2021-02-16 10:23:41', '2021-02-16 10:23:41'),
(14, 'Margarrita Pizza', 10, NULL, 13, 18, 'product', NULL, NULL, NULL, '2021-02-16 10:24:09', '2021-02-16 10:24:09'),
(15, 'General', 12, 'H001', 0, 20, 'product', 'General', NULL, NULL, '2021-02-25 10:49:41', '2021-02-25 10:50:10'),
(16, 'Bites', 14, NULL, 0, 23, 'product', NULL, NULL, NULL, '2021-03-29 21:07:36', '2021-03-29 21:07:36'),
(17, 'General', 14, NULL, 0, 23, 'product', NULL, NULL, NULL, '2021-03-29 21:07:47', '2021-03-29 21:07:47'),
(18, 'Juice', 14, NULL, 0, 23, 'product', NULL, NULL, NULL, '2021-03-29 21:08:07', '2021-03-29 21:08:07'),
(19, 'Pizza', 14, NULL, 0, 23, 'product', NULL, NULL, NULL, '2021-03-29 21:08:16', '2021-03-29 21:08:16'),
(20, 'Ingredients', 14, NULL, 0, 23, 'product', NULL, NULL, NULL, '2021-03-29 21:14:51', '2021-03-29 21:14:51'),
(21, 'Boxing Equipments', 17, NULL, 0, 26, 'product', NULL, NULL, NULL, '2021-04-15 10:37:40', '2021-04-15 10:37:40'),
(22, 'Fitness Equipments', 17, NULL, 0, 26, 'product', NULL, NULL, NULL, '2021-04-15 10:38:46', '2021-04-15 10:38:46'),
(23, 'Weight Equipment', 17, NULL, 0, 26, 'product', NULL, NULL, NULL, '2021-04-15 10:40:26', '2021-04-15 10:40:26'),
(24, 'Bench Equipments', 17, NULL, 0, 26, 'product', NULL, NULL, NULL, '2021-04-15 10:40:42', '2021-04-15 10:40:42'),
(25, 'Running Equipments', 17, NULL, 0, 26, 'product', NULL, NULL, NULL, '2021-04-15 10:41:45', '2021-04-15 10:41:45'),
(26, 'Social Media', 1, NULL, 0, 1, 'source', 'Ads Source', NULL, NULL, '2022-02-10 14:24:21', '2022-02-10 14:24:21'),
(27, 'Referral', 1, NULL, 0, 1, 'source', 'Refferal', NULL, NULL, '2022-02-10 14:24:36', '2022-02-10 14:24:36'),
(28, 'Lead', 1, NULL, 0, 1, 'life_stage', NULL, NULL, NULL, '2022-02-10 14:24:50', '2022-02-10 14:24:50'),
(29, 'Warm', 1, NULL, 0, 1, 'life_stage', NULL, NULL, NULL, '2022-02-10 14:24:59', '2022-02-10 14:24:59'),
(30, 'Hot', 1, NULL, 0, 1, 'life_stage', NULL, NULL, NULL, '2022-02-10 14:25:04', '2022-02-10 14:25:04'),
(31, 'Enqiury', 1, NULL, 0, 1, 'life_stage', 'First customer requesting for Service', NULL, NULL, '2022-02-10 16:46:03', '2022-02-10 16:46:03'),
(32, 'Cars', 20, 'PRMC', 0, 33, 'product', NULL, NULL, NULL, '2022-02-18 07:29:14', '2022-02-18 07:29:14'),
(33, 'Min Van', 20, 'MV', 32, 33, 'product', NULL, NULL, NULL, '2022-02-18 07:29:44', '2022-02-18 07:29:44'),
(34, 'Toyota', 20, 'PRT', 0, 33, 'product', NULL, NULL, NULL, '2022-02-19 14:28:51', '2022-02-19 14:28:51'),
(35, 'Harrier', 20, NULL, 34, 33, 'product', NULL, NULL, NULL, '2022-02-19 14:29:12', '2022-02-19 14:29:12'),
(36, 'Nissan', 20, 'PRN', 0, 33, 'product', NULL, NULL, NULL, '2022-03-08 10:32:57', '2022-03-08 10:32:57'),
(37, 'Juke', 20, 'NJK', 36, 33, 'product', NULL, NULL, NULL, '2022-03-08 10:33:31', '2022-03-08 10:33:31');

-- --------------------------------------------------------

--
-- Table structure for table `categorizables`
--

CREATE TABLE `categorizables` (
  `category_id` int(11) NOT NULL,
  `categorizable_type` varchar(191) COLLATE utf8mb4_unicode_ci NOT NULL,
  `categorizable_id` bigint(20) UNSIGNED NOT NULL
) ENGINE=InnoDB DEFAULT CHARSET=utf8mb4 COLLATE=utf8mb4_unicode_ci;

-- --------------------------------------------------------

--
-- Table structure for table `contacts`
--

CREATE TABLE `contacts` (
  `id` int(10) UNSIGNED NOT NULL,
  `business_id` int(10) UNSIGNED NOT NULL,
  `type` varchar(191) COLLATE utf8mb4_unicode_ci NOT NULL,
  `supplier_business_name` varchar(191) COLLATE utf8mb4_unicode_ci DEFAULT NULL,
  `name` varchar(191) COLLATE utf8mb4_unicode_ci DEFAULT NULL,
  `prefix` varchar(191) COLLATE utf8mb4_unicode_ci DEFAULT NULL,
  `first_name` varchar(191) COLLATE utf8mb4_unicode_ci DEFAULT NULL,
  `middle_name` varchar(191) COLLATE utf8mb4_unicode_ci DEFAULT NULL,
  `last_name` varchar(191) COLLATE utf8mb4_unicode_ci DEFAULT NULL,
  `email` varchar(191) COLLATE utf8mb4_unicode_ci DEFAULT NULL,
  `contact_id` varchar(191) COLLATE utf8mb4_unicode_ci DEFAULT NULL,
  `contact_status` varchar(191) COLLATE utf8mb4_unicode_ci NOT NULL DEFAULT 'active',
  `tax_number` varchar(191) COLLATE utf8mb4_unicode_ci DEFAULT NULL,
  `city` varchar(191) COLLATE utf8mb4_unicode_ci DEFAULT NULL,
  `state` varchar(191) COLLATE utf8mb4_unicode_ci DEFAULT NULL,
  `country` varchar(191) COLLATE utf8mb4_unicode_ci DEFAULT NULL,
  `address_line_1` text COLLATE utf8mb4_unicode_ci,
  `address_line_2` text COLLATE utf8mb4_unicode_ci,
  `zip_code` varchar(191) COLLATE utf8mb4_unicode_ci DEFAULT NULL,
  `dob` date DEFAULT NULL,
  `mobile` varchar(191) COLLATE utf8mb4_unicode_ci NOT NULL,
  `landline` varchar(191) COLLATE utf8mb4_unicode_ci DEFAULT NULL,
  `alternate_number` varchar(191) COLLATE utf8mb4_unicode_ci DEFAULT NULL,
  `pay_term_number` int(11) DEFAULT NULL,
  `pay_term_type` enum('days','months') COLLATE utf8mb4_unicode_ci DEFAULT NULL,
  `credit_limit` decimal(22,4) DEFAULT NULL,
  `created_by` int(10) UNSIGNED NOT NULL,
  `converted_by` int(11) DEFAULT NULL,
  `converted_on` datetime DEFAULT NULL,
  `balance` decimal(22,4) NOT NULL DEFAULT '0.0000',
  `total_rp` int(11) NOT NULL DEFAULT '0' COMMENT 'rp is the short form of reward points',
  `total_rp_used` int(11) NOT NULL DEFAULT '0' COMMENT 'rp is the short form of reward points',
  `total_rp_expired` int(11) NOT NULL DEFAULT '0' COMMENT 'rp is the short form of reward points',
  `is_default` tinyint(1) NOT NULL DEFAULT '0',
  `shipping_address` text COLLATE utf8mb4_unicode_ci,
  `shipping_custom_field_details` longtext COLLATE utf8mb4_unicode_ci,
  `is_export` tinyint(1) NOT NULL DEFAULT '0',
  `export_custom_field_1` varchar(191) COLLATE utf8mb4_unicode_ci DEFAULT NULL,
  `export_custom_field_2` varchar(191) COLLATE utf8mb4_unicode_ci DEFAULT NULL,
  `export_custom_field_3` varchar(191) COLLATE utf8mb4_unicode_ci DEFAULT NULL,
  `export_custom_field_4` varchar(191) COLLATE utf8mb4_unicode_ci DEFAULT NULL,
  `export_custom_field_5` varchar(191) COLLATE utf8mb4_unicode_ci DEFAULT NULL,
  `export_custom_field_6` varchar(191) COLLATE utf8mb4_unicode_ci DEFAULT NULL,
  `position` varchar(191) COLLATE utf8mb4_unicode_ci DEFAULT NULL,
  `customer_group_id` int(11) DEFAULT NULL,
  `crm_source` varchar(191) COLLATE utf8mb4_unicode_ci DEFAULT NULL,
  `crm_life_stage` varchar(191) COLLATE utf8mb4_unicode_ci DEFAULT NULL,
  `custom_field1` varchar(191) COLLATE utf8mb4_unicode_ci DEFAULT NULL,
  `custom_field2` varchar(191) COLLATE utf8mb4_unicode_ci DEFAULT NULL,
  `custom_field3` varchar(191) COLLATE utf8mb4_unicode_ci DEFAULT NULL,
  `custom_field4` varchar(191) COLLATE utf8mb4_unicode_ci DEFAULT NULL,
  `custom_field5` varchar(191) COLLATE utf8mb4_unicode_ci DEFAULT NULL,
  `custom_field6` varchar(191) COLLATE utf8mb4_unicode_ci DEFAULT NULL,
  `custom_field7` varchar(191) COLLATE utf8mb4_unicode_ci DEFAULT NULL,
  `custom_field8` varchar(191) COLLATE utf8mb4_unicode_ci DEFAULT NULL,
  `custom_field9` varchar(191) COLLATE utf8mb4_unicode_ci DEFAULT NULL,
  `custom_field10` varchar(191) COLLATE utf8mb4_unicode_ci DEFAULT NULL,
  `deleted_at` timestamp NULL DEFAULT NULL,
  `created_at` timestamp NULL DEFAULT NULL,
  `updated_at` timestamp NULL DEFAULT NULL
) ENGINE=InnoDB DEFAULT CHARSET=utf8mb4 COLLATE=utf8mb4_unicode_ci;

--
-- Dumping data for table `contacts`
--

INSERT INTO `contacts` (`id`, `business_id`, `type`, `supplier_business_name`, `name`, `prefix`, `first_name`, `middle_name`, `last_name`, `email`, `contact_id`, `contact_status`, `tax_number`, `city`, `state`, `country`, `address_line_1`, `address_line_2`, `zip_code`, `dob`, `mobile`, `landline`, `alternate_number`, `pay_term_number`, `pay_term_type`, `credit_limit`, `created_by`, `converted_by`, `converted_on`, `balance`, `total_rp`, `total_rp_used`, `total_rp_expired`, `is_default`, `shipping_address`, `shipping_custom_field_details`, `is_export`, `export_custom_field_1`, `export_custom_field_2`, `export_custom_field_3`, `export_custom_field_4`, `export_custom_field_5`, `export_custom_field_6`, `position`, `customer_group_id`, `crm_source`, `crm_life_stage`, `custom_field1`, `custom_field2`, `custom_field3`, `custom_field4`, `custom_field5`, `custom_field6`, `custom_field7`, `custom_field8`, `custom_field9`, `custom_field10`, `deleted_at`, `created_at`, `updated_at`) VALUES
(1, 1, 'customer', NULL, 'Walk-In Customer', NULL, 'Walk-In Customer', NULL, NULL, NULL, 'CO0001', 'active', NULL, NULL, NULL, NULL, NULL, NULL, NULL, NULL, '', NULL, NULL, NULL, NULL, NULL, 1, NULL, NULL, '0.0000', 0, 0, 0, 1, NULL, NULL, 0, NULL, NULL, NULL, NULL, NULL, NULL, NULL, NULL, NULL, NULL, NULL, NULL, NULL, NULL, NULL, NULL, NULL, NULL, NULL, NULL, NULL, '2020-03-28 01:01:40', '2020-03-28 01:01:40'),
(2, 2, 'customer', NULL, 'Walk-In Customer', NULL, 'Walk-In Customer', NULL, NULL, NULL, 'CO0001', 'active', NULL, NULL, NULL, NULL, NULL, NULL, NULL, NULL, '', NULL, NULL, NULL, NULL, NULL, 2, NULL, NULL, '0.0000', 0, 0, 0, 1, NULL, NULL, 0, NULL, NULL, NULL, NULL, NULL, NULL, NULL, NULL, NULL, NULL, NULL, NULL, NULL, NULL, NULL, NULL, NULL, NULL, NULL, NULL, NULL, '2020-03-28 01:10:32', '2020-03-28 01:10:32'),
(3, 3, 'customer', NULL, 'Walk-In Customer', NULL, 'Walk-In Customer', NULL, NULL, NULL, 'CO0001', 'active', NULL, NULL, NULL, NULL, NULL, NULL, NULL, NULL, '', NULL, NULL, NULL, NULL, NULL, 3, NULL, NULL, '0.0000', 0, 0, 0, 1, NULL, NULL, 0, NULL, NULL, NULL, NULL, NULL, NULL, NULL, NULL, NULL, NULL, NULL, NULL, NULL, NULL, NULL, NULL, NULL, NULL, NULL, NULL, NULL, '2020-03-28 01:30:01', '2020-03-28 01:30:01'),
(4, 4, 'customer', NULL, 'Walk-In Customer', NULL, 'Walk-In Customer', NULL, NULL, NULL, 'CO0001', 'active', NULL, NULL, NULL, NULL, NULL, NULL, NULL, NULL, '', NULL, NULL, NULL, NULL, NULL, 4, NULL, NULL, '0.0000', 0, 0, 0, 1, NULL, NULL, 0, NULL, NULL, NULL, NULL, NULL, NULL, NULL, NULL, NULL, NULL, NULL, NULL, NULL, NULL, NULL, NULL, NULL, NULL, NULL, NULL, NULL, '2020-03-28 01:44:34', '2020-03-28 01:44:34'),
(5, 2, 'supplier', 'Tasty', 'Faraja', NULL, 'Faraja', NULL, NULL, NULL, 'CO0002', 'active', NULL, NULL, NULL, NULL, NULL, NULL, NULL, NULL, '2557554565', NULL, NULL, 1, 'days', NULL, 2, NULL, NULL, '0.0000', 0, 0, 0, 0, NULL, NULL, 0, NULL, NULL, NULL, NULL, NULL, NULL, NULL, NULL, NULL, NULL, NULL, NULL, NULL, NULL, NULL, NULL, NULL, NULL, NULL, NULL, NULL, '2020-03-27 23:48:05', '2020-03-27 23:48:05'),
(6, 5, 'customer', NULL, 'Walk-In Customer', NULL, 'Walk-In Customer', NULL, NULL, NULL, 'CO0001', 'active', NULL, NULL, NULL, NULL, NULL, NULL, NULL, NULL, '', NULL, NULL, NULL, NULL, NULL, 5, NULL, NULL, '0.0000', 0, 0, 0, 1, NULL, NULL, 0, NULL, NULL, NULL, NULL, NULL, NULL, NULL, NULL, NULL, NULL, NULL, NULL, NULL, NULL, NULL, NULL, NULL, NULL, NULL, NULL, NULL, '2020-03-28 20:57:56', '2020-03-28 20:57:56'),
(7, 1, 'customer', NULL, 'Venance Edson', NULL, 'Venance Edson', NULL, NULL, 'robilin2@yahoo.com', 'CO0002', 'active', NULL, 'Dar es salaam', 'Tanzania', NULL, NULL, NULL, NULL, NULL, '0717222303', 'Tanzania', NULL, NULL, NULL, NULL, 1, NULL, NULL, '0.0000', 0, 0, 0, 0, NULL, NULL, 0, NULL, NULL, NULL, NULL, NULL, NULL, NULL, NULL, NULL, NULL, NULL, NULL, NULL, NULL, NULL, NULL, NULL, NULL, NULL, NULL, NULL, '2020-04-01 10:29:36', '2020-04-01 10:29:36'),
(8, 5, 'supplier', 'Simusolar Ltd', 'Kevin Zilimu', NULL, 'Kevin Zilimu', NULL, NULL, 'zilimuk@gmail.com', 'CO0002', 'active', NULL, 'Dar es salaam', 'Dar es Salaam', NULL, NULL, NULL, NULL, NULL, '0768855998', 'Tanzania', NULL, NULL, NULL, NULL, 5, NULL, NULL, '0.0000', 0, 0, 0, 0, NULL, NULL, 0, NULL, NULL, NULL, NULL, NULL, NULL, NULL, NULL, NULL, NULL, NULL, NULL, NULL, NULL, NULL, NULL, NULL, NULL, NULL, NULL, NULL, '2020-04-17 01:08:00', '2020-04-17 01:08:00'),
(9, 6, 'customer', NULL, 'Walk-In Customer', NULL, 'Walk-In Customer', NULL, NULL, NULL, 'CO0001', 'active', NULL, NULL, NULL, NULL, NULL, NULL, NULL, NULL, '', NULL, NULL, NULL, NULL, NULL, 9, NULL, NULL, '0.0000', 0, 0, 0, 1, NULL, NULL, 0, NULL, NULL, NULL, NULL, NULL, NULL, NULL, NULL, NULL, NULL, NULL, NULL, NULL, NULL, NULL, NULL, NULL, NULL, NULL, NULL, NULL, '2020-04-23 16:07:44', '2020-04-23 16:07:44'),
(10, 7, 'customer', NULL, 'Walk-In Customer', NULL, 'Walk-In Customer', NULL, NULL, NULL, 'CO0001', 'active', NULL, NULL, NULL, NULL, NULL, NULL, NULL, NULL, '', NULL, NULL, NULL, NULL, NULL, 10, NULL, NULL, '0.0000', 0, 0, 0, 1, NULL, NULL, 0, NULL, NULL, NULL, NULL, NULL, NULL, NULL, NULL, NULL, NULL, NULL, NULL, NULL, NULL, NULL, NULL, NULL, NULL, NULL, NULL, NULL, '2020-11-28 16:59:51', '2020-11-28 16:59:51'),
(11, 7, 'customer', NULL, 'Solveris Ltd', NULL, 'Solveris Ltd', NULL, NULL, 'info@scl.co.tz', 'C00005', 'active', NULL, 'Dar es salaam', NULL, 'Tanzania', NULL, NULL, NULL, NULL, '+255 622 799 486', NULL, NULL, NULL, NULL, NULL, 10, NULL, NULL, '0.0000', 0, 0, 0, 0, NULL, NULL, 0, NULL, NULL, NULL, NULL, NULL, NULL, NULL, NULL, NULL, NULL, NULL, NULL, NULL, NULL, NULL, NULL, NULL, NULL, NULL, NULL, NULL, '2020-11-28 15:50:33', '2020-11-28 15:50:33'),
(13, 1, 'supplier', 'fotoa', 'Mr Albert  William', 'Mr', 'Albert', NULL, 'William', NULL, 'CO0003', 'active', NULL, NULL, NULL, NULL, NULL, NULL, NULL, NULL, '0654400270', NULL, NULL, NULL, NULL, NULL, 1, NULL, NULL, '0.0000', 0, 0, 0, 0, NULL, NULL, 0, NULL, NULL, NULL, NULL, NULL, NULL, NULL, NULL, NULL, NULL, NULL, NULL, NULL, NULL, NULL, NULL, NULL, NULL, NULL, NULL, NULL, '2021-01-17 19:02:28', '2021-01-17 19:02:28'),
(14, 1, 'supplier', 'fotoa', 'Mr fotoa  runner', 'Mr', 'fotoa', NULL, 'runner', NULL, 'CO0004', 'active', NULL, NULL, NULL, NULL, NULL, NULL, NULL, NULL, '0654400270', NULL, NULL, NULL, NULL, NULL, 1, NULL, NULL, '0.0000', 0, 0, 0, 0, NULL, NULL, 0, NULL, NULL, NULL, NULL, NULL, NULL, NULL, NULL, NULL, NULL, NULL, NULL, NULL, NULL, NULL, NULL, NULL, NULL, NULL, NULL, NULL, '2021-01-20 12:35:38', '2021-01-20 12:35:38'),
(15, 1, 'customer', NULL, 'Miss Gladys  Ndosi', 'Miss', 'Gladys', NULL, 'Ndosi', NULL, 'CO0005', 'active', NULL, NULL, NULL, NULL, NULL, NULL, NULL, NULL, '0734377088', NULL, NULL, NULL, NULL, NULL, 1, NULL, NULL, '0.0000', 0, 0, 0, 0, NULL, NULL, 0, NULL, NULL, NULL, NULL, NULL, NULL, NULL, NULL, NULL, NULL, NULL, NULL, NULL, NULL, NULL, NULL, NULL, NULL, NULL, NULL, NULL, '2021-01-20 14:38:21', '2021-01-20 14:38:21'),
(17, 10, 'customer', NULL, 'Walk-In Customer', NULL, NULL, NULL, NULL, NULL, 'CO0001', 'active', NULL, NULL, NULL, NULL, NULL, NULL, NULL, NULL, '', NULL, NULL, NULL, NULL, '0.0000', 18, NULL, NULL, '0.0000', 0, 0, 0, 1, NULL, NULL, 0, NULL, NULL, NULL, NULL, NULL, NULL, NULL, NULL, NULL, NULL, NULL, NULL, NULL, NULL, NULL, NULL, NULL, NULL, NULL, NULL, NULL, '2021-01-29 19:43:36', '2021-01-29 19:43:36'),
(18, 11, 'customer', NULL, 'Walk-In Customer', NULL, NULL, NULL, NULL, NULL, 'CO0001', 'active', NULL, NULL, NULL, NULL, NULL, NULL, NULL, NULL, '', NULL, NULL, NULL, NULL, '0.0000', 19, NULL, NULL, '0.0000', 0, 0, 0, 1, NULL, NULL, 0, NULL, NULL, NULL, NULL, NULL, NULL, NULL, NULL, NULL, NULL, NULL, NULL, NULL, NULL, NULL, NULL, NULL, NULL, NULL, NULL, NULL, '2021-02-17 10:42:17', '2021-02-17 10:42:17'),
(19, 12, 'customer', NULL, 'Walk-In Customer', NULL, NULL, NULL, NULL, NULL, 'CO0001', 'active', NULL, NULL, NULL, NULL, NULL, NULL, NULL, NULL, '', NULL, NULL, NULL, NULL, '0.0000', 20, NULL, NULL, '0.0000', 0, 0, 0, 1, NULL, NULL, 0, NULL, NULL, NULL, NULL, NULL, NULL, NULL, NULL, NULL, NULL, NULL, NULL, NULL, NULL, NULL, NULL, NULL, NULL, NULL, NULL, NULL, '2021-02-24 20:59:33', '2021-02-24 20:59:33'),
(20, 12, 'supplier', 'general', ' xxxx xxx xxx', NULL, 'xxxx', 'xxx', 'xxx', NULL, '12345', 'active', NULL, NULL, NULL, NULL, NULL, NULL, NULL, NULL, '0717222303', NULL, NULL, NULL, NULL, NULL, 20, NULL, NULL, '0.0000', 0, 0, 0, 0, NULL, NULL, 0, NULL, NULL, NULL, NULL, NULL, NULL, NULL, NULL, NULL, NULL, NULL, NULL, NULL, NULL, NULL, NULL, NULL, NULL, NULL, NULL, NULL, '2021-02-25 11:07:58', '2021-02-25 11:07:58'),
(21, 10, 'customer', 'iGates Technology Ltd', ' Venance  Edson', NULL, 'Venance', NULL, 'Edson', 'robilin2@yahoo.com', 'CO0002', 'active', NULL, NULL, NULL, NULL, NULL, NULL, NULL, NULL, '0717222303', NULL, NULL, NULL, NULL, NULL, 18, NULL, NULL, '0.0000', 0, 0, 0, 0, NULL, NULL, 0, NULL, NULL, NULL, NULL, NULL, NULL, NULL, NULL, NULL, NULL, NULL, NULL, NULL, NULL, NULL, NULL, NULL, NULL, NULL, NULL, NULL, '2021-02-25 14:25:26', '2021-02-25 14:25:26'),
(22, 10, 'supplier', 'general', ' Generic  ', NULL, 'Generic', NULL, NULL, NULL, 'CO0003', 'active', NULL, NULL, NULL, NULL, NULL, NULL, NULL, NULL, '0717222303', NULL, NULL, NULL, NULL, NULL, 18, NULL, NULL, '0.0000', 0, 0, 0, 0, NULL, NULL, 0, NULL, NULL, NULL, NULL, NULL, NULL, NULL, NULL, NULL, NULL, NULL, NULL, NULL, NULL, NULL, NULL, NULL, NULL, NULL, NULL, NULL, '2021-02-25 14:32:44', '2021-02-25 14:32:44'),
(23, 13, 'customer', NULL, 'Walk-In Customer', NULL, NULL, NULL, NULL, NULL, 'CO0001', 'active', NULL, NULL, NULL, NULL, NULL, NULL, NULL, NULL, '', NULL, NULL, NULL, NULL, '0.0000', 21, NULL, NULL, '0.0000', 0, 0, 0, 1, NULL, NULL, 0, NULL, NULL, NULL, NULL, NULL, NULL, NULL, NULL, NULL, NULL, NULL, NULL, NULL, NULL, NULL, NULL, NULL, NULL, NULL, NULL, NULL, '2021-02-27 17:52:49', '2021-02-27 17:52:49'),
(24, 14, 'customer', NULL, 'Walk-In Customer', NULL, NULL, NULL, NULL, NULL, 'CO0001', 'active', NULL, NULL, NULL, NULL, NULL, NULL, NULL, NULL, '', NULL, NULL, NULL, NULL, '0.0000', 23, NULL, NULL, '0.0000', 0, 0, 0, 1, NULL, NULL, 0, NULL, NULL, NULL, NULL, NULL, NULL, NULL, NULL, NULL, NULL, NULL, NULL, NULL, NULL, NULL, NULL, NULL, NULL, NULL, NULL, NULL, '2021-03-22 17:28:03', '2021-03-22 17:28:03'),
(26, 16, 'customer', NULL, 'Walk-In Customer', NULL, NULL, NULL, NULL, NULL, 'CO0001', 'active', NULL, NULL, NULL, NULL, NULL, NULL, NULL, NULL, '', NULL, NULL, NULL, NULL, '0.0000', 25, NULL, NULL, '0.0000', 0, 0, 0, 1, NULL, NULL, 0, NULL, NULL, NULL, NULL, NULL, NULL, NULL, NULL, NULL, NULL, NULL, NULL, NULL, NULL, NULL, NULL, NULL, NULL, NULL, NULL, NULL, '2021-04-12 19:06:10', '2021-04-12 19:06:10'),
(27, 17, 'customer', NULL, 'Walk-In Customer', NULL, NULL, NULL, NULL, NULL, 'CO0001', 'active', NULL, NULL, NULL, NULL, NULL, NULL, NULL, NULL, '', NULL, NULL, NULL, NULL, '0.0000', 26, NULL, NULL, '0.0000', 0, 0, 0, 1, NULL, NULL, 0, NULL, NULL, NULL, NULL, NULL, NULL, NULL, NULL, NULL, NULL, NULL, NULL, NULL, NULL, NULL, NULL, NULL, NULL, NULL, NULL, NULL, '2021-04-13 14:22:01', '2021-04-13 14:22:01'),
(28, 17, 'supplier', 'weights', 'mr edson  ', 'mr', 'edson', NULL, NULL, NULL, '0777787878', 'active', NULL, NULL, NULL, NULL, NULL, NULL, NULL, NULL, '0716784966', NULL, NULL, NULL, NULL, NULL, 26, NULL, NULL, '0.0000', 0, 0, 0, 0, NULL, NULL, 0, NULL, NULL, NULL, NULL, NULL, NULL, NULL, NULL, NULL, NULL, NULL, NULL, NULL, NULL, NULL, NULL, NULL, NULL, NULL, NULL, NULL, '2021-04-17 11:02:28', '2021-04-17 11:02:28'),
(29, 18, 'customer', NULL, 'Walk-In Customer', NULL, NULL, NULL, NULL, NULL, 'CO0001', 'active', NULL, NULL, NULL, NULL, NULL, NULL, NULL, NULL, '', NULL, NULL, NULL, NULL, '0.0000', 28, NULL, NULL, '0.0000', 0, 0, 0, 1, NULL, NULL, 0, NULL, NULL, NULL, NULL, NULL, NULL, NULL, NULL, NULL, NULL, NULL, NULL, NULL, NULL, NULL, NULL, NULL, NULL, NULL, NULL, NULL, '2021-04-23 16:28:34', '2021-04-23 16:28:34'),
(30, 19, 'customer', NULL, 'Walk-In Customer', NULL, NULL, NULL, NULL, NULL, 'CO0001', 'active', NULL, NULL, NULL, NULL, NULL, NULL, NULL, NULL, '', NULL, NULL, NULL, NULL, '0.0000', 29, NULL, NULL, '0.0000', 0, 0, 0, 1, NULL, NULL, 0, NULL, NULL, NULL, NULL, NULL, NULL, NULL, NULL, NULL, NULL, NULL, NULL, NULL, NULL, NULL, NULL, NULL, NULL, NULL, NULL, NULL, '2021-05-01 13:44:51', '2021-05-01 13:44:51'),
(31, 7, 'customer', 'RBS DESIGN & BUILDING GROUP', ' RBS DESIGN & BUILDING GROUP  ', NULL, 'RBS DESIGN & BUILDING GROUP', NULL, NULL, NULL, 'CO0003', 'active', NULL, 'Dar es salaam', NULL, 'Tanzania', 'Mbezi Beach, along Bagamoyo road', NULL, '3338', NULL, '+255764446650', NULL, NULL, NULL, NULL, NULL, 10, NULL, NULL, '0.0000', 0, 0, 0, 0, NULL, NULL, 0, NULL, NULL, NULL, NULL, NULL, NULL, NULL, NULL, NULL, NULL, NULL, NULL, NULL, NULL, NULL, NULL, NULL, NULL, NULL, NULL, NULL, '2021-05-01 12:22:05', '2021-05-01 15:13:14'),
(32, 7, 'customer', 'Shimuno Microfinance Ltd', ' Shimuno Microfinance Ltd  ', NULL, 'Shimuno Microfinance Ltd', NULL, NULL, NULL, 'CO0004', 'active', NULL, 'Dar es salaam', 'Tabata', 'Tanzania', 'P.O.BOX 80472', NULL, NULL, NULL, '0767211518', NULL, NULL, NULL, NULL, NULL, 10, NULL, NULL, '0.0000', 0, 0, 0, 0, NULL, NULL, 0, NULL, NULL, NULL, NULL, NULL, NULL, NULL, NULL, NULL, NULL, NULL, NULL, NULL, NULL, NULL, NULL, NULL, NULL, NULL, NULL, NULL, '2021-05-08 13:36:48', '2021-05-08 13:36:48'),
(33, 10, 'supplier', 'Medical devices', 'Mrs Wende Nsajigwa Sante', 'Mrs', 'Wende', 'Nsajigwa', 'Sante', 'wendensajigwa@gmail.com', '001', 'active', NULL, NULL, NULL, NULL, NULL, NULL, NULL, '2021-05-12', '0766910287', NULL, NULL, NULL, NULL, NULL, 18, NULL, NULL, '0.0000', 0, 0, 0, 0, NULL, NULL, 0, NULL, NULL, NULL, NULL, NULL, NULL, NULL, NULL, NULL, NULL, NULL, NULL, NULL, NULL, NULL, NULL, NULL, NULL, NULL, NULL, NULL, '2021-05-13 22:07:04', '2021-05-13 22:07:04'),
(34, 10, 'customer', 'Test', ' tes  ', NULL, 'tes', NULL, NULL, NULL, 'CO0005', 'active', NULL, NULL, NULL, NULL, NULL, NULL, NULL, NULL, '0717222303', NULL, NULL, NULL, NULL, NULL, 18, NULL, NULL, '0.0000', 0, 0, 0, 0, NULL, NULL, 0, NULL, NULL, NULL, NULL, NULL, NULL, NULL, NULL, NULL, NULL, NULL, NULL, NULL, NULL, NULL, NULL, NULL, NULL, NULL, NULL, NULL, '2021-07-14 20:53:16', '2021-07-14 20:53:16'),
(35, 1, 'customer', NULL, 'Mr KEVIN  ZILIMU', 'Mr', 'KEVIN', NULL, 'ZILIMU', 'zilimuk@gmail.com', 'CO0006', 'active', NULL, NULL, NULL, NULL, NULL, NULL, NULL, '1945-07-28', '+255714340649', NULL, NULL, NULL, NULL, NULL, 1, 1, '2022-02-10 17:42:28', '0.0000', 0, 0, 0, 0, NULL, NULL, 0, NULL, NULL, NULL, NULL, NULL, NULL, NULL, NULL, '26', '29', NULL, NULL, NULL, NULL, NULL, NULL, NULL, NULL, NULL, NULL, NULL, '2022-02-10 14:26:53', '2022-02-10 14:42:28'),
(36, 1, 'lead', NULL, 'Mr KEVIN MWIJAGE demo', 'Mr', 'KEVIN', 'MWIJAGE', 'demo', 'zilimu.kelvin8@gmail.com', 'CO0007', 'active', NULL, NULL, NULL, NULL, NULL, NULL, NULL, NULL, '0788888880', NULL, '0788888880', NULL, NULL, NULL, 1, NULL, NULL, '0.0000', 0, 0, 0, 0, NULL, NULL, 0, NULL, NULL, NULL, NULL, NULL, NULL, NULL, NULL, '27', '28', NULL, NULL, NULL, NULL, NULL, NULL, NULL, NULL, NULL, NULL, NULL, '2022-02-10 16:17:35', '2022-02-10 16:17:35'),
(37, 1, 'supplier', 'NKYO', '', NULL, NULL, NULL, NULL, 'johnmjohn87@gmail.com', 'CO0008', 'active', NULL, NULL, NULL, NULL, NULL, NULL, NULL, NULL, '0788888880', NULL, NULL, NULL, NULL, NULL, 1, NULL, NULL, '0.0000', 0, 0, 0, 0, NULL, NULL, 0, NULL, NULL, NULL, NULL, NULL, NULL, NULL, NULL, NULL, NULL, NULL, NULL, NULL, NULL, NULL, NULL, NULL, NULL, NULL, NULL, NULL, '2022-02-18 07:06:54', '2022-02-18 07:06:54'),
(38, 20, 'customer', NULL, 'Walk-In Customer', NULL, NULL, NULL, NULL, NULL, 'CO0001', 'active', NULL, NULL, NULL, NULL, NULL, NULL, NULL, NULL, '', NULL, NULL, NULL, NULL, '0.0000', 33, NULL, NULL, '0.0000', 0, 0, 0, 1, NULL, NULL, 0, NULL, NULL, NULL, NULL, NULL, NULL, NULL, NULL, NULL, NULL, NULL, NULL, NULL, NULL, NULL, NULL, NULL, NULL, NULL, NULL, NULL, '2022-02-18 09:44:26', '2022-02-18 09:44:26'),
(39, 20, 'supplier', 'Nikkyo Cars', '', NULL, NULL, NULL, NULL, 'info@nikkyocars.com', 'CO0002', 'active', NULL, NULL, NULL, NULL, NULL, NULL, NULL, NULL, '0788888880', NULL, NULL, NULL, NULL, NULL, 33, NULL, NULL, '0.0000', 0, 0, 0, 0, NULL, NULL, 0, NULL, NULL, NULL, NULL, NULL, NULL, NULL, NULL, NULL, NULL, NULL, NULL, NULL, NULL, NULL, NULL, NULL, NULL, NULL, NULL, NULL, '2022-02-18 10:18:47', '2022-02-18 10:18:47'),
(40, 20, 'supplier', NULL, 'Mr KEVIN MWIJAGE demo', 'Mr', 'KEVIN', 'MWIJAGE', 'demo', 'zilimu.kelvin8@gmail.com', 'CO0003', 'active', NULL, NULL, NULL, NULL, NULL, NULL, NULL, NULL, '0788888880', NULL, NULL, NULL, NULL, NULL, 33, NULL, NULL, '0.0000', 0, 0, 0, 0, NULL, NULL, 0, NULL, NULL, NULL, NULL, NULL, NULL, NULL, NULL, NULL, NULL, NULL, NULL, NULL, NULL, NULL, NULL, NULL, NULL, NULL, NULL, NULL, '2022-02-19 14:30:59', '2022-02-19 14:30:59'),
(41, 20, 'supplier', 'Proin Promotions Limited', '', NULL, NULL, NULL, NULL, 'zilimuk@gmail.com', 'CO0004', 'active', NULL, NULL, NULL, NULL, NULL, NULL, NULL, NULL, '0714340649', NULL, NULL, NULL, NULL, NULL, 33, NULL, NULL, '0.0000', 0, 0, 0, 0, NULL, NULL, 0, NULL, NULL, NULL, NULL, NULL, NULL, NULL, NULL, NULL, NULL, NULL, NULL, NULL, NULL, NULL, NULL, NULL, NULL, NULL, NULL, NULL, '2022-03-04 17:10:10', '2022-03-04 17:10:10'),
(42, 20, 'supplier', 'Proin Promotions Limited', '', NULL, NULL, NULL, NULL, 'zilimuk@gmail.com', 'CO0005', 'active', NULL, NULL, NULL, NULL, NULL, NULL, NULL, NULL, '0714340649', NULL, NULL, NULL, NULL, NULL, 33, NULL, NULL, '0.0000', 0, 0, 0, 0, NULL, NULL, 0, NULL, NULL, NULL, NULL, NULL, NULL, NULL, NULL, NULL, NULL, NULL, NULL, NULL, NULL, NULL, NULL, NULL, NULL, NULL, NULL, NULL, '2022-03-04 17:10:12', '2022-03-04 17:10:12'),
(43, 20, 'customer', NULL, 'KEVIN ZILIMU', NULL, 'KEVIN', NULL, 'ZILIMU', 'zilimuk@gmail.com', 'CO0006', 'active', NULL, NULL, NULL, NULL, NULL, NULL, NULL, NULL, '0714340649', NULL, NULL, NULL, NULL, NULL, 33, NULL, NULL, '0.0000', 0, 0, 0, 0, NULL, NULL, 0, NULL, NULL, NULL, NULL, NULL, NULL, NULL, NULL, NULL, NULL, NULL, NULL, NULL, NULL, NULL, NULL, NULL, NULL, NULL, NULL, NULL, '2022-03-05 17:29:12', '2022-03-05 17:29:12'),
(44, 20, 'lead', NULL, 'Mr Venance  Edson', 'Mr', 'Venance', NULL, 'Edson', 'mianet303@gmail.com', 'CO0007', 'active', NULL, NULL, NULL, NULL, NULL, NULL, NULL, NULL, '0717222303', NULL, NULL, NULL, NULL, NULL, 33, NULL, NULL, '0.0000', 0, 0, 0, 0, NULL, NULL, 0, NULL, NULL, NULL, NULL, NULL, NULL, NULL, NULL, NULL, NULL, NULL, NULL, NULL, NULL, NULL, NULL, NULL, NULL, NULL, NULL, NULL, '2022-03-08 11:32:35', '2022-03-08 11:32:35');

-- --------------------------------------------------------

--
-- Table structure for table `crm_call_logs`
--

CREATE TABLE `crm_call_logs` (
  `id` bigint(20) UNSIGNED NOT NULL,
  `business_id` int(11) NOT NULL,
  `user_id` int(11) DEFAULT NULL,
  `call_type` varchar(191) COLLATE utf8mb4_unicode_ci DEFAULT NULL,
  `mobile_number` varchar(191) COLLATE utf8mb4_unicode_ci NOT NULL,
  `mobile_name` varchar(191) COLLATE utf8mb4_unicode_ci DEFAULT NULL,
  `contact_id` int(11) DEFAULT NULL,
  `start_time` datetime DEFAULT NULL,
  `end_time` datetime DEFAULT NULL,
  `duration` int(11) DEFAULT NULL,
  `created_by` int(11) NOT NULL,
  `created_at` timestamp NULL DEFAULT NULL,
  `updated_at` timestamp NULL DEFAULT NULL
) ENGINE=InnoDB DEFAULT CHARSET=utf8mb4 COLLATE=utf8mb4_unicode_ci;

-- --------------------------------------------------------

--
-- Table structure for table `crm_campaigns`
--

CREATE TABLE `crm_campaigns` (
  `id` bigint(20) UNSIGNED NOT NULL,
  `business_id` int(10) UNSIGNED NOT NULL,
  `name` varchar(191) COLLATE utf8mb4_unicode_ci NOT NULL,
  `campaign_type` enum('sms','email') COLLATE utf8mb4_unicode_ci NOT NULL DEFAULT 'email',
  `subject` varchar(191) COLLATE utf8mb4_unicode_ci DEFAULT NULL,
  `email_body` text COLLATE utf8mb4_unicode_ci,
  `sms_body` text COLLATE utf8mb4_unicode_ci,
  `sent_on` datetime DEFAULT NULL,
  `contact_ids` text COLLATE utf8mb4_unicode_ci NOT NULL,
  `additional_info` text COLLATE utf8mb4_unicode_ci,
  `created_by` int(11) NOT NULL,
  `created_at` timestamp NULL DEFAULT NULL,
  `updated_at` timestamp NULL DEFAULT NULL
) ENGINE=InnoDB DEFAULT CHARSET=utf8mb4 COLLATE=utf8mb4_unicode_ci;

--
-- Dumping data for table `crm_campaigns`
--

INSERT INTO `crm_campaigns` (`id`, `business_id`, `name`, `campaign_type`, `subject`, `email_body`, `sms_body`, `sent_on`, `contact_ids`, `additional_info`, `created_by`, `created_at`, `updated_at`) VALUES
(1, 1, 'Valentine', 'email', 'Install Ubuntu Server', '<p>bBb sfs. f sfbfshbf</p>', NULL, NULL, '[]', '{\"to\":\"transaction_activity\",\"trans_activity\":\"has_transactions\",\"in_days\":\"10\"}', 1, '2022-02-10 14:33:47', '2022-02-10 14:33:47');

-- --------------------------------------------------------

--
-- Table structure for table `crm_followup_invoices`
--

CREATE TABLE `crm_followup_invoices` (
  `follow_up_id` int(11) NOT NULL,
  `transaction_id` int(11) NOT NULL
) ENGINE=InnoDB DEFAULT CHARSET=utf8mb4 COLLATE=utf8mb4_unicode_ci;

-- --------------------------------------------------------

--
-- Table structure for table `crm_lead_users`
--

CREATE TABLE `crm_lead_users` (
  `id` bigint(20) UNSIGNED NOT NULL,
  `contact_id` int(10) UNSIGNED NOT NULL,
  `user_id` int(11) NOT NULL
) ENGINE=InnoDB DEFAULT CHARSET=utf8mb4 COLLATE=utf8mb4_unicode_ci;

--
-- Dumping data for table `crm_lead_users`
--

INSERT INTO `crm_lead_users` (`id`, `contact_id`, `user_id`) VALUES
(1, 35, 1),
(2, 35, 15),
(3, 36, 1),
(4, 44, 33),
(5, 44, 34);

-- --------------------------------------------------------

--
-- Table structure for table `crm_proposals`
--

CREATE TABLE `crm_proposals` (
  `id` bigint(20) UNSIGNED NOT NULL,
  `business_id` int(10) UNSIGNED NOT NULL,
  `contact_id` int(10) UNSIGNED NOT NULL,
  `subject` text COLLATE utf8mb4_unicode_ci NOT NULL,
  `body` longtext COLLATE utf8mb4_unicode_ci NOT NULL,
  `sent_by` int(11) NOT NULL,
  `created_at` timestamp NULL DEFAULT NULL,
  `updated_at` timestamp NULL DEFAULT NULL
) ENGINE=InnoDB DEFAULT CHARSET=utf8mb4 COLLATE=utf8mb4_unicode_ci;

-- --------------------------------------------------------

--
-- Table structure for table `crm_proposal_templates`
--

CREATE TABLE `crm_proposal_templates` (
  `id` bigint(20) UNSIGNED NOT NULL,
  `business_id` int(10) UNSIGNED NOT NULL,
  `subject` text COLLATE utf8mb4_unicode_ci NOT NULL,
  `body` longtext COLLATE utf8mb4_unicode_ci NOT NULL,
  `created_by` int(11) NOT NULL,
  `created_at` timestamp NULL DEFAULT NULL,
  `updated_at` timestamp NULL DEFAULT NULL
) ENGINE=InnoDB DEFAULT CHARSET=utf8mb4 COLLATE=utf8mb4_unicode_ci;

--
-- Dumping data for table `crm_proposal_templates`
--

INSERT INTO `crm_proposal_templates` (`id`, `business_id`, `subject`, `body`, `created_by`, `created_at`, `updated_at`) VALUES
(1, 1, 'Install Ubuntu Server', '<p>ahbCB DB C DCN SC D&nbsp;</p>', 1, '2022-02-10 14:44:33', '2022-02-10 14:44:33'),
(2, 20, 'HEALTH MINISTRY', '<p>Health ministry</p>', 33, '2022-03-08 11:55:20', '2022-03-08 11:55:20');

-- --------------------------------------------------------

--
-- Table structure for table `crm_schedules`
--

CREATE TABLE `crm_schedules` (
  `id` bigint(20) UNSIGNED NOT NULL,
  `business_id` int(10) UNSIGNED NOT NULL,
  `contact_id` int(11) DEFAULT NULL,
  `title` varchar(191) COLLATE utf8mb4_unicode_ci NOT NULL,
  `status` varchar(191) COLLATE utf8mb4_unicode_ci DEFAULT NULL,
  `start_datetime` datetime DEFAULT NULL,
  `end_datetime` datetime DEFAULT NULL,
  `description` text COLLATE utf8mb4_unicode_ci,
  `schedule_type` enum('call','sms','meeting','email') COLLATE utf8mb4_unicode_ci NOT NULL DEFAULT 'email',
  `allow_notification` tinyint(1) NOT NULL DEFAULT '1',
  `notify_via` text COLLATE utf8mb4_unicode_ci,
  `notify_before` int(11) DEFAULT NULL,
  `notify_type` enum('minute','hour','day') COLLATE utf8mb4_unicode_ci NOT NULL DEFAULT 'hour',
  `created_by` int(11) NOT NULL,
  `is_recursive` tinyint(1) NOT NULL DEFAULT '0',
  `recursion_days` int(11) DEFAULT NULL,
  `followup_additional_info` text COLLATE utf8mb4_unicode_ci,
  `follow_up_by` varchar(191) COLLATE utf8mb4_unicode_ci DEFAULT NULL,
  `follow_up_by_value` varchar(191) COLLATE utf8mb4_unicode_ci DEFAULT NULL,
  `created_at` timestamp NULL DEFAULT NULL,
  `updated_at` timestamp NULL DEFAULT NULL
) ENGINE=InnoDB DEFAULT CHARSET=utf8mb4 COLLATE=utf8mb4_unicode_ci;

--
-- Dumping data for table `crm_schedules`
--

INSERT INTO `crm_schedules` (`id`, `business_id`, `contact_id`, `title`, `status`, `start_datetime`, `end_datetime`, `description`, `schedule_type`, `allow_notification`, `notify_via`, `notify_before`, `notify_type`, `created_by`, `is_recursive`, `recursion_days`, `followup_additional_info`, `follow_up_by`, `follow_up_by_value`, `created_at`, `updated_at`) VALUES
(1, 1, 35, 'Magari yako bandarin', 'open', '2022-02-10 17:28:00', '2022-03-01 17:28:00', '<p>hchwbc ws cb bc b sc sc. vsfvs f</p>', 'call', 1, '{\"sms\":0,\"mail\":1}', 10, 'hour', 1, 0, NULL, NULL, NULL, NULL, '2022-02-10 14:28:56', '2022-02-10 14:28:56'),
(2, 1, 36, 'Discount request', 'completed', '2022-02-10 19:33:00', '2022-02-11 19:33:00', '<p>Discount</p>', 'email', 1, '{\"sms\":0,\"mail\":1}', 1, 'minute', 1, 0, NULL, NULL, NULL, NULL, '2022-02-10 16:34:00', '2022-02-10 16:37:40'),
(3, 1, 36, 'xfcgvhb', 'scheduled', '2022-02-16 19:34:00', '2022-02-25 19:34:00', NULL, 'meeting', 1, '{\"sms\":0,\"mail\":1}', 1, 'minute', 1, 0, NULL, NULL, NULL, NULL, '2022-02-10 16:34:35', '2022-02-10 16:34:35'),
(4, 20, 44, 'Sale', 'open', '2022-03-09 11:36:00', '2022-03-12 11:36:00', NULL, 'email', 1, '{\"sms\":1,\"mail\":1}', 5, 'minute', 33, 0, NULL, NULL, NULL, NULL, '2022-03-08 11:38:28', '2022-03-08 11:41:07');

-- --------------------------------------------------------

--
-- Table structure for table `crm_schedule_logs`
--

CREATE TABLE `crm_schedule_logs` (
  `id` bigint(20) UNSIGNED NOT NULL,
  `schedule_id` bigint(20) UNSIGNED NOT NULL,
  `log_type` enum('call','sms','meeting','email') COLLATE utf8mb4_unicode_ci NOT NULL DEFAULT 'email',
  `start_datetime` datetime NOT NULL,
  `end_datetime` datetime NOT NULL,
  `subject` varchar(191) COLLATE utf8mb4_unicode_ci NOT NULL,
  `description` text COLLATE utf8mb4_unicode_ci,
  `created_by` int(11) NOT NULL,
  `created_at` timestamp NULL DEFAULT NULL,
  `updated_at` timestamp NULL DEFAULT NULL
) ENGINE=InnoDB DEFAULT CHARSET=utf8mb4 COLLATE=utf8mb4_unicode_ci;

--
-- Dumping data for table `crm_schedule_logs`
--

INSERT INTO `crm_schedule_logs` (`id`, `schedule_id`, `log_type`, `start_datetime`, `end_datetime`, `subject`, `description`, `created_by`, `created_at`, `updated_at`) VALUES
(1, 2, 'email', '2022-02-10 19:35:00', '2022-02-10 19:35:00', 'Acknowledged', '<p>HGVGXWC</p>', 1, '2022-02-10 16:35:50', '2022-02-10 16:35:50'),
(2, 4, 'email', '2022-03-08 11:39:00', '2022-03-08 11:39:00', 'Meeting', '<p>HDUFDG</p>', 33, '2022-03-08 11:39:59', '2022-03-08 11:39:59'),
(3, 4, 'email', '2022-03-10 11:40:00', '2022-03-10 12:33:00', 'Port charges', '<p>NDJNV NV DN VNNDJNBJNDBN</p>', 33, '2022-03-08 11:41:07', '2022-03-08 11:41:07');

-- --------------------------------------------------------

--
-- Table structure for table `crm_schedule_users`
--

CREATE TABLE `crm_schedule_users` (
  `id` bigint(20) UNSIGNED NOT NULL,
  `schedule_id` bigint(20) UNSIGNED NOT NULL,
  `user_id` int(11) NOT NULL,
  `created_at` timestamp NULL DEFAULT NULL,
  `updated_at` timestamp NULL DEFAULT NULL
) ENGINE=InnoDB DEFAULT CHARSET=utf8mb4 COLLATE=utf8mb4_unicode_ci;

--
-- Dumping data for table `crm_schedule_users`
--

INSERT INTO `crm_schedule_users` (`id`, `schedule_id`, `user_id`, `created_at`, `updated_at`) VALUES
(1, 1, 1, NULL, NULL),
(2, 2, 1, NULL, NULL),
(3, 2, 15, NULL, NULL),
(4, 3, 1, NULL, NULL),
(5, 4, 33, NULL, NULL),
(6, 4, 34, NULL, NULL);

-- --------------------------------------------------------

--
-- Table structure for table `currencies`
--

CREATE TABLE `currencies` (
  `id` int(10) UNSIGNED NOT NULL,
  `country` varchar(100) COLLATE utf8mb4_unicode_ci NOT NULL,
  `currency` varchar(100) COLLATE utf8mb4_unicode_ci NOT NULL,
  `code` varchar(25) COLLATE utf8mb4_unicode_ci NOT NULL,
  `symbol` varchar(25) COLLATE utf8mb4_unicode_ci NOT NULL,
  `thousand_separator` varchar(10) COLLATE utf8mb4_unicode_ci NOT NULL,
  `decimal_separator` varchar(10) COLLATE utf8mb4_unicode_ci NOT NULL,
  `created_at` timestamp NULL DEFAULT NULL,
  `updated_at` timestamp NULL DEFAULT NULL
) ENGINE=InnoDB DEFAULT CHARSET=utf8mb4 COLLATE=utf8mb4_unicode_ci;

--
-- Dumping data for table `currencies`
--

INSERT INTO `currencies` (`id`, `country`, `currency`, `code`, `symbol`, `thousand_separator`, `decimal_separator`, `created_at`, `updated_at`) VALUES
(1, 'Albania', 'Leke', 'ALL', 'Lek', ',', '.', NULL, NULL),
(2, 'America', 'Dollars', 'USD', '$', ',', '.', NULL, NULL),
(3, 'Afghanistan', 'Afghanis', 'AF', '', ',', '.', NULL, NULL),
(4, 'Argentina', 'Pesos', 'ARS', '$', ',', '.', NULL, NULL),
(5, 'Aruba', 'Guilders', 'AWG', '', ',', '.', NULL, NULL),
(6, 'Australia', 'Dollars', 'AUD', '$', ',', '.', NULL, NULL),
(7, 'Azerbaijan', 'New Manats', 'AZ', '', ',', '.', NULL, NULL),
(8, 'Bahamas', 'Dollars', 'BSD', '$', ',', '.', NULL, NULL),
(9, 'Barbados', 'Dollars', 'BBD', '$', ',', '.', NULL, NULL),
(10, 'Belarus', 'Rubles', 'BYR', 'p.', ',', '.', NULL, NULL),
(11, 'Belgium', 'Euro', 'EUR', '', ',', '.', NULL, NULL),
(12, 'Beliz', 'Dollars', 'BZD', 'BZ$', ',', '.', NULL, NULL),
(13, 'Bermuda', 'Dollars', 'BMD', '$', ',', '.', NULL, NULL),
(14, 'Bolivia', 'Bolivianos', 'BOB', '$b', ',', '.', NULL, NULL),
(15, 'Bosnia and Herzegovina', 'Convertible Marka', 'BAM', 'KM', ',', '.', NULL, NULL),
(16, 'Botswana', 'Pula\'s', 'BWP', 'P', ',', '.', NULL, NULL),
(17, 'Bulgaria', 'Leva', 'BG', '', ',', '.', NULL, NULL),
(18, 'Brazil', 'Reais', 'BRL', 'R$', ',', '.', NULL, NULL),
(19, 'Britain [United Kingdom]', 'Pounds', 'GBP', '', ',', '.', NULL, NULL),
(20, 'Brunei Darussalam', 'Dollars', 'BND', '$', ',', '.', NULL, NULL),
(21, 'Cambodia', 'Riels', 'KHR', '', ',', '.', NULL, NULL),
(22, 'Canada', 'Dollars', 'CAD', '$', ',', '.', NULL, NULL),
(23, 'Cayman Islands', 'Dollars', 'KYD', '$', ',', '.', NULL, NULL),
(24, 'Chile', 'Pesos', 'CLP', '$', ',', '.', NULL, NULL),
(25, 'China', 'Yuan Renminbi', 'CNY', '', ',', '.', NULL, NULL),
(26, 'Colombia', 'Pesos', 'COP', '$', ',', '.', NULL, NULL),
(27, 'Costa Rica', 'Coln', 'CRC', '', ',', '.', NULL, NULL),
(28, 'Croatia', 'Kuna', 'HRK', 'kn', ',', '.', NULL, NULL),
(29, 'Cuba', 'Pesos', 'CUP', '', ',', '.', NULL, NULL),
(30, 'Cyprus', 'Euro', 'EUR', '', '.', ',', NULL, NULL),
(31, 'Czech Republic', 'Koruny', 'CZK', 'K', ',', '.', NULL, NULL),
(32, 'Denmark', 'Kroner', 'DKK', 'kr', ',', '.', NULL, NULL),
(33, 'Dominican Republic', 'Pesos', 'DOP ', 'RD$', ',', '.', NULL, NULL),
(34, 'East Caribbean', 'Dollars', 'XCD', '$', ',', '.', NULL, NULL),
(35, 'Egypt', 'Pounds', 'EGP', '', ',', '.', NULL, NULL),
(36, 'El Salvador', 'Colones', 'SVC', '$', ',', '.', NULL, NULL),
(37, 'England [United Kingdom]', 'Pounds', 'GBP', '', ',', '.', NULL, NULL),
(38, 'Euro', 'Euro', 'EUR', '', '.', ',', NULL, NULL),
(39, 'Falkland Islands', 'Pounds', 'FKP', '', ',', '.', NULL, NULL),
(40, 'Fiji', 'Dollars', 'FJD', '$', ',', '.', NULL, NULL),
(41, 'France', 'Euro', 'EUR', '', '.', ',', NULL, NULL),
(42, 'Ghana', 'Cedis', 'GHC', '', ',', '.', NULL, NULL),
(43, 'Gibraltar', 'Pounds', 'GIP', '', ',', '.', NULL, NULL),
(44, 'Greece', 'Euro', 'EUR', '', '.', ',', NULL, NULL),
(45, 'Guatemala', 'Quetzales', 'GTQ', 'Q', ',', '.', NULL, NULL),
(46, 'Guernsey', 'Pounds', 'GGP', '', ',', '.', NULL, NULL),
(47, 'Guyana', 'Dollars', 'GYD', '$', ',', '.', NULL, NULL),
(48, 'Holland [Netherlands]', 'Euro', 'EUR', '', '.', ',', NULL, NULL),
(49, 'Honduras', 'Lempiras', 'HNL', 'L', ',', '.', NULL, NULL),
(50, 'Hong Kong', 'Dollars', 'HKD', '$', ',', '.', NULL, NULL),
(51, 'Hungary', 'Forint', 'HUF', 'Ft', ',', '.', NULL, NULL),
(52, 'Iceland', 'Kronur', 'ISK', 'kr', ',', '.', NULL, NULL),
(53, 'India', 'Rupees', 'INR', '', ',', '.', NULL, NULL),
(54, 'Indonesia', 'Rupiahs', 'IDR', 'Rp', ',', '.', NULL, NULL),
(55, 'Iran', 'Rials', 'IRR', '', ',', '.', NULL, NULL),
(56, 'Ireland', 'Euro', 'EUR', '', '.', ',', NULL, NULL),
(57, 'Isle of Man', 'Pounds', 'IMP', '', ',', '.', NULL, NULL),
(58, 'Israel', 'New Shekels', 'ILS', '', ',', '.', NULL, NULL),
(59, 'Italy', 'Euro', 'EUR', '', '.', ',', NULL, NULL),
(60, 'Jamaica', 'Dollars', 'JMD', 'J$', ',', '.', NULL, NULL),
(61, 'Japan', 'Yen', 'JPY', '', ',', '.', NULL, NULL),
(62, 'Jersey', 'Pounds', 'JEP', '', ',', '.', NULL, NULL),
(63, 'Kazakhstan', 'Tenge', 'KZT', '', ',', '.', NULL, NULL),
(64, 'Korea [North]', 'Won', 'KPW', '', ',', '.', NULL, NULL),
(65, 'Korea [South]', 'Won', 'KRW', '', ',', '.', NULL, NULL),
(66, 'Kyrgyzstan', 'Soms', 'KGS', '', ',', '.', NULL, NULL),
(67, 'Laos', 'Kips', 'LAK', '', ',', '.', NULL, NULL),
(68, 'Latvia', 'Lati', 'LVL', 'Ls', ',', '.', NULL, NULL),
(69, 'Lebanon', 'Pounds', 'LBP', '', ',', '.', NULL, NULL),
(70, 'Liberia', 'Dollars', 'LRD', '$', ',', '.', NULL, NULL),
(71, 'Liechtenstein', 'Switzerland Francs', 'CHF', 'CHF', ',', '.', NULL, NULL),
(72, 'Lithuania', 'Litai', 'LTL', 'Lt', ',', '.', NULL, NULL),
(73, 'Luxembourg', 'Euro', 'EUR', '', '.', ',', NULL, NULL),
(74, 'Macedonia', 'Denars', 'MKD', '', ',', '.', NULL, NULL),
(75, 'Malaysia', 'Ringgits', 'MYR', 'RM', ',', '.', NULL, NULL),
(76, 'Malta', 'Euro', 'EUR', '', '.', ',', NULL, NULL),
(77, 'Mauritius', 'Rupees', 'MUR', '', ',', '.', NULL, NULL),
(78, 'Mexico', 'Pesos', 'MXN', '$', ',', '.', NULL, NULL),
(79, 'Mongolia', 'Tugriks', 'MNT', '', ',', '.', NULL, NULL),
(80, 'Mozambique', 'Meticais', 'MZ', 'MT', ',', '.', NULL, NULL),
(81, 'Namibia', 'Dollars', 'NAD', '$', ',', '.', NULL, NULL),
(82, 'Nepal', 'Rupees', 'NPR', '', ',', '.', NULL, NULL),
(83, 'Netherlands Antilles', 'Guilders', 'ANG', '', ',', '.', NULL, NULL),
(84, 'Netherlands', 'Euro', 'EUR', '', '.', ',', NULL, NULL),
(85, 'New Zealand', 'Dollars', 'NZD', '$', ',', '.', NULL, NULL),
(86, 'Nicaragua', 'Cordobas', 'NIO', 'C$', ',', '.', NULL, NULL),
(87, 'Nigeria', 'Nairas', 'NG', '', ',', '.', NULL, NULL),
(88, 'North Korea', 'Won', 'KPW', '', ',', '.', NULL, NULL),
(89, 'Norway', 'Krone', 'NOK', 'kr', ',', '.', NULL, NULL),
(90, 'Oman', 'Rials', 'OMR', '', ',', '.', NULL, NULL),
(91, 'Pakistan', 'Rupees', 'PKR', '', ',', '.', NULL, NULL),
(92, 'Panama', 'Balboa', 'PAB', 'B/.', ',', '.', NULL, NULL),
(93, 'Paraguay', 'Guarani', 'PYG', 'Gs', ',', '.', NULL, NULL),
(94, 'Peru', 'Nuevos Soles', 'PE', 'S/.', ',', '.', NULL, NULL),
(95, 'Philippines', 'Pesos', 'PHP', 'Php', ',', '.', NULL, NULL),
(96, 'Poland', 'Zlotych', 'PL', 'z', ',', '.', NULL, NULL),
(97, 'Qatar', 'Rials', 'QAR', '', ',', '.', NULL, NULL),
(98, 'Romania', 'New Lei', 'RO', 'lei', ',', '.', NULL, NULL),
(99, 'Russia', 'Rubles', 'RUB', '', ',', '.', NULL, NULL),
(100, 'Saint Helena', 'Pounds', 'SHP', '', ',', '.', NULL, NULL),
(101, 'Saudi Arabia', 'Riyals', 'SAR', '', ',', '.', NULL, NULL),
(102, 'Serbia', 'Dinars', 'RSD', '.', ',', '.', NULL, NULL),
(103, 'Seychelles', 'Rupees', 'SCR', '', ',', '.', NULL, NULL),
(104, 'Singapore', 'Dollars', 'SGD', '$', ',', '.', NULL, NULL),
(105, 'Slovenia', 'Euro', 'EUR', '', '.', ',', NULL, NULL),
(106, 'Solomon Islands', 'Dollars', 'SBD', '$', ',', '.', NULL, NULL),
(107, 'Somalia', 'Shillings', 'SOS', 'S', ',', '.', NULL, NULL),
(108, 'South Africa', 'Rand', 'ZAR', 'R', ',', '.', NULL, NULL),
(109, 'South Korea', 'Won', 'KRW', '', ',', '.', NULL, NULL),
(110, 'Spain', 'Euro', 'EUR', '', '.', ',', NULL, NULL),
(111, 'Sri Lanka', 'Rupees', 'LKR', '', ',', '.', NULL, NULL),
(112, 'Sweden', 'Kronor', 'SEK', 'kr', ',', '.', NULL, NULL),
(113, 'Switzerland', 'Francs', 'CHF', 'CHF', ',', '.', NULL, NULL),
(114, 'Suriname', 'Dollars', 'SRD', '$', ',', '.', NULL, NULL),
(115, 'Syria', 'Pounds', 'SYP', '', ',', '.', NULL, NULL),
(116, 'Taiwan', 'New Dollars', 'TWD', 'NT$', ',', '.', NULL, NULL),
(117, 'Thailand', 'Baht', 'THB', '', ',', '.', NULL, NULL),
(118, 'Trinidad and Tobago', 'Dollars', 'TTD', 'TT$', ',', '.', NULL, NULL),
(119, 'Turkey', 'Lira', 'TRY', 'TL', ',', '.', NULL, NULL),
(120, 'Turkey', 'Liras', 'TRL', '', ',', '.', NULL, NULL),
(121, 'Tuvalu', 'Dollars', 'TVD', '$', ',', '.', NULL, NULL),
(122, 'Ukraine', 'Hryvnia', 'UAH', '', ',', '.', NULL, NULL),
(123, 'United Kingdom', 'Pounds', 'GBP', '', ',', '.', NULL, NULL),
(124, 'United States of America', 'Dollars', 'USD', '$', ',', '.', NULL, NULL),
(125, 'Uruguay', 'Pesos', 'UYU', '$U', ',', '.', NULL, NULL),
(126, 'Uzbekistan', 'Sums', 'UZS', '', ',', '.', NULL, NULL),
(127, 'Vatican City', 'Euro', 'EUR', '', '.', ',', NULL, NULL),
(128, 'Venezuela', 'Bolivares Fuertes', 'VEF', 'Bs', ',', '.', NULL, NULL),
(129, 'Vietnam', 'Dong', 'VND', '', ',', '.', NULL, NULL),
(130, 'Yemen', 'Rials', 'YER', '', ',', '.', NULL, NULL),
(131, 'Zimbabwe', 'Zimbabwe Dollars', 'ZWD', 'Z$', ',', '.', NULL, NULL),
(132, 'Iraq', 'Iraqi dinar', 'IQD', '.', ',', '.', NULL, NULL),
(133, 'Kenya', 'Kenyan shilling', 'KES', 'KSh', ',', '.', NULL, NULL),
(134, 'Bangladesh', 'Taka', 'BDT', '', ',', '.', NULL, NULL),
(135, 'Algerie', 'Algerian dinar', 'DZD', '.', ' ', '.', NULL, NULL),
(136, 'United Arab Emirates', 'United Arab Emirates dirham', 'AED', '.', ',', '.', NULL, NULL),
(137, 'Uganda', 'Uganda shillings', 'UGX', 'USh', ',', '.', NULL, NULL),
(138, 'Tanzania', 'Tanzanian shilling', 'TZS', 'TSh', ',', '.', NULL, NULL),
(139, 'Angola', 'Kwanza', 'AOA', 'Kz', ',', '.', NULL, NULL),
(140, 'Kuwait', 'Kuwaiti dinar', 'KWD', 'KD', ',', '.', NULL, NULL);

-- --------------------------------------------------------

--
-- Table structure for table `customer_groups`
--

CREATE TABLE `customer_groups` (
  `id` int(10) UNSIGNED NOT NULL,
  `business_id` int(10) UNSIGNED NOT NULL,
  `name` varchar(191) COLLATE utf8mb4_unicode_ci NOT NULL,
  `amount` double(5,2) NOT NULL,
  `price_calculation_type` varchar(191) COLLATE utf8mb4_unicode_ci DEFAULT 'percentage',
  `selling_price_group_id` int(11) DEFAULT NULL,
  `created_by` int(10) UNSIGNED NOT NULL,
  `created_at` timestamp NULL DEFAULT NULL,
  `updated_at` timestamp NULL DEFAULT NULL
) ENGINE=InnoDB DEFAULT CHARSET=utf8mb4 COLLATE=utf8mb4_unicode_ci;

-- --------------------------------------------------------

--
-- Table structure for table `dashboard_configurations`
--

CREATE TABLE `dashboard_configurations` (
  `id` int(10) UNSIGNED NOT NULL,
  `business_id` int(10) UNSIGNED NOT NULL,
  `created_by` int(11) NOT NULL,
  `name` varchar(191) COLLATE utf8mb4_unicode_ci NOT NULL,
  `color` varchar(191) COLLATE utf8mb4_unicode_ci NOT NULL,
  `configuration` text COLLATE utf8mb4_unicode_ci,
  `created_at` timestamp NULL DEFAULT NULL,
  `updated_at` timestamp NULL DEFAULT NULL
) ENGINE=InnoDB DEFAULT CHARSET=utf8mb4 COLLATE=utf8mb4_unicode_ci;

-- --------------------------------------------------------

--
-- Table structure for table `discounts`
--

CREATE TABLE `discounts` (
  `id` int(10) UNSIGNED NOT NULL,
  `name` varchar(191) COLLATE utf8mb4_unicode_ci NOT NULL,
  `business_id` int(11) NOT NULL,
  `brand_id` int(11) DEFAULT NULL,
  `category_id` int(11) DEFAULT NULL,
  `location_id` int(11) DEFAULT NULL,
  `priority` int(11) DEFAULT NULL,
  `discount_type` varchar(191) COLLATE utf8mb4_unicode_ci DEFAULT NULL,
  `discount_amount` decimal(22,4) NOT NULL DEFAULT '0.0000',
  `starts_at` datetime DEFAULT NULL,
  `ends_at` datetime DEFAULT NULL,
  `is_active` tinyint(1) NOT NULL DEFAULT '1',
  `spg` varchar(100) COLLATE utf8mb4_unicode_ci DEFAULT NULL COMMENT 'Applicable in specified selling price group only. Use of applicable_in_spg column is discontinued',
  `applicable_in_cg` tinyint(1) DEFAULT '0',
  `created_at` timestamp NULL DEFAULT NULL,
  `updated_at` timestamp NULL DEFAULT NULL
) ENGINE=InnoDB DEFAULT CHARSET=utf8mb4 COLLATE=utf8mb4_unicode_ci;

-- --------------------------------------------------------

--
-- Table structure for table `discount_variations`
--

CREATE TABLE `discount_variations` (
  `discount_id` int(11) NOT NULL,
  `variation_id` int(11) NOT NULL
) ENGINE=InnoDB DEFAULT CHARSET=utf8mb4 COLLATE=utf8mb4_unicode_ci;

-- --------------------------------------------------------

--
-- Table structure for table `document_and_notes`
--

CREATE TABLE `document_and_notes` (
  `id` int(10) UNSIGNED NOT NULL,
  `business_id` int(11) NOT NULL,
  `notable_id` int(11) NOT NULL,
  `notable_type` varchar(191) COLLATE utf8mb4_unicode_ci NOT NULL,
  `heading` text COLLATE utf8mb4_unicode_ci,
  `description` text COLLATE utf8mb4_unicode_ci,
  `is_private` tinyint(1) NOT NULL DEFAULT '0',
  `created_by` int(11) NOT NULL,
  `created_at` timestamp NULL DEFAULT NULL,
  `updated_at` timestamp NULL DEFAULT NULL
) ENGINE=InnoDB DEFAULT CHARSET=utf8mb4 COLLATE=utf8mb4_unicode_ci;

-- --------------------------------------------------------

--
-- Table structure for table `expense_categories`
--

CREATE TABLE `expense_categories` (
  `id` int(10) UNSIGNED NOT NULL,
  `name` varchar(191) COLLATE utf8mb4_unicode_ci NOT NULL,
  `business_id` int(10) UNSIGNED NOT NULL,
  `code` varchar(191) COLLATE utf8mb4_unicode_ci DEFAULT NULL,
  `deleted_at` timestamp NULL DEFAULT NULL,
  `created_at` timestamp NULL DEFAULT NULL,
  `updated_at` timestamp NULL DEFAULT NULL
) ENGINE=InnoDB DEFAULT CHARSET=utf8mb4 COLLATE=utf8mb4_unicode_ci;

--
-- Dumping data for table `expense_categories`
--

INSERT INTO `expense_categories` (`id`, `name`, `business_id`, `code`, `deleted_at`, `created_at`, `updated_at`) VALUES
(1, 'Electricity', 10, NULL, NULL, '2021-02-16 12:14:37', '2021-02-16 12:14:37'),
(2, 'Salary', 10, NULL, NULL, '2021-02-16 12:15:42', '2021-02-16 12:15:42'),
(3, 'Salaries', 17, NULL, NULL, '2021-04-17 11:29:39', '2021-04-17 11:29:39'),
(4, 'Bills', 17, NULL, NULL, '2021-04-17 11:29:47', '2021-04-17 11:29:47'),
(5, 'Normal', 1, NULL, '2022-02-26 08:33:25', '2022-02-26 08:32:53', '2022-02-26 08:33:25');

-- --------------------------------------------------------

--
-- Table structure for table `group_sub_taxes`
--

CREATE TABLE `group_sub_taxes` (
  `group_tax_id` int(10) UNSIGNED NOT NULL,
  `tax_id` int(10) UNSIGNED NOT NULL
) ENGINE=InnoDB DEFAULT CHARSET=utf8mb4 COLLATE=utf8mb4_unicode_ci;

-- --------------------------------------------------------

--
-- Table structure for table `invoice_layouts`
--

CREATE TABLE `invoice_layouts` (
  `id` int(10) UNSIGNED NOT NULL,
  `name` varchar(191) COLLATE utf8mb4_unicode_ci NOT NULL,
  `header_text` text COLLATE utf8mb4_unicode_ci,
  `invoice_no_prefix` varchar(191) COLLATE utf8mb4_unicode_ci DEFAULT NULL,
  `quotation_no_prefix` varchar(191) COLLATE utf8mb4_unicode_ci DEFAULT NULL,
  `invoice_heading` varchar(191) COLLATE utf8mb4_unicode_ci DEFAULT NULL,
  `sub_heading_line1` varchar(191) COLLATE utf8mb4_unicode_ci DEFAULT NULL,
  `sub_heading_line2` varchar(191) COLLATE utf8mb4_unicode_ci DEFAULT NULL,
  `sub_heading_line3` varchar(191) COLLATE utf8mb4_unicode_ci DEFAULT NULL,
  `sub_heading_line4` varchar(191) COLLATE utf8mb4_unicode_ci DEFAULT NULL,
  `sub_heading_line5` varchar(191) COLLATE utf8mb4_unicode_ci DEFAULT NULL,
  `invoice_heading_not_paid` varchar(191) COLLATE utf8mb4_unicode_ci DEFAULT NULL,
  `invoice_heading_paid` varchar(191) COLLATE utf8mb4_unicode_ci DEFAULT NULL,
  `quotation_heading` varchar(191) COLLATE utf8mb4_unicode_ci DEFAULT NULL,
  `sub_total_label` varchar(191) COLLATE utf8mb4_unicode_ci DEFAULT NULL,
  `discount_label` varchar(191) COLLATE utf8mb4_unicode_ci DEFAULT NULL,
  `tax_label` varchar(191) COLLATE utf8mb4_unicode_ci DEFAULT NULL,
  `total_label` varchar(191) COLLATE utf8mb4_unicode_ci DEFAULT NULL,
  `round_off_label` varchar(191) COLLATE utf8mb4_unicode_ci DEFAULT NULL,
  `total_due_label` varchar(191) COLLATE utf8mb4_unicode_ci DEFAULT NULL,
  `paid_label` varchar(191) COLLATE utf8mb4_unicode_ci DEFAULT NULL,
  `show_client_id` tinyint(1) NOT NULL DEFAULT '0',
  `client_id_label` varchar(191) COLLATE utf8mb4_unicode_ci DEFAULT NULL,
  `client_tax_label` varchar(191) COLLATE utf8mb4_unicode_ci DEFAULT NULL,
  `date_label` varchar(191) COLLATE utf8mb4_unicode_ci DEFAULT NULL,
  `date_time_format` varchar(191) COLLATE utf8mb4_unicode_ci DEFAULT NULL,
  `show_time` tinyint(1) NOT NULL DEFAULT '1',
  `show_brand` tinyint(1) NOT NULL DEFAULT '0',
  `show_sku` tinyint(1) NOT NULL DEFAULT '1',
  `show_cat_code` tinyint(1) NOT NULL DEFAULT '1',
  `show_expiry` tinyint(1) NOT NULL DEFAULT '0',
  `show_lot` tinyint(1) NOT NULL DEFAULT '0',
  `show_image` tinyint(1) NOT NULL DEFAULT '0',
  `show_sale_description` tinyint(1) NOT NULL DEFAULT '0',
  `sales_person_label` varchar(191) COLLATE utf8mb4_unicode_ci DEFAULT NULL,
  `show_sales_person` tinyint(1) NOT NULL DEFAULT '0',
  `table_product_label` varchar(191) COLLATE utf8mb4_unicode_ci DEFAULT NULL,
  `table_qty_label` varchar(191) COLLATE utf8mb4_unicode_ci DEFAULT NULL,
  `table_unit_price_label` varchar(191) COLLATE utf8mb4_unicode_ci DEFAULT NULL,
  `table_subtotal_label` varchar(191) COLLATE utf8mb4_unicode_ci DEFAULT NULL,
  `cat_code_label` varchar(191) COLLATE utf8mb4_unicode_ci DEFAULT NULL,
  `logo` varchar(191) COLLATE utf8mb4_unicode_ci DEFAULT NULL,
  `show_logo` tinyint(1) NOT NULL DEFAULT '0',
  `show_business_name` tinyint(1) NOT NULL DEFAULT '0',
  `show_location_name` tinyint(1) NOT NULL DEFAULT '1',
  `show_landmark` tinyint(1) NOT NULL DEFAULT '1',
  `show_city` tinyint(1) NOT NULL DEFAULT '1',
  `show_state` tinyint(1) NOT NULL DEFAULT '1',
  `show_zip_code` tinyint(1) NOT NULL DEFAULT '1',
  `show_country` tinyint(1) NOT NULL DEFAULT '1',
  `show_mobile_number` tinyint(1) NOT NULL DEFAULT '1',
  `show_alternate_number` tinyint(1) NOT NULL DEFAULT '0',
  `show_email` tinyint(1) NOT NULL DEFAULT '0',
  `show_tax_1` tinyint(1) NOT NULL DEFAULT '1',
  `show_tax_2` tinyint(1) NOT NULL DEFAULT '0',
  `show_barcode` tinyint(1) NOT NULL DEFAULT '0',
  `show_payments` tinyint(1) NOT NULL DEFAULT '0',
  `show_customer` tinyint(1) NOT NULL DEFAULT '0',
  `customer_label` varchar(191) COLLATE utf8mb4_unicode_ci DEFAULT NULL,
  `commission_agent_label` varchar(191) COLLATE utf8mb4_unicode_ci DEFAULT NULL,
  `show_commission_agent` tinyint(1) NOT NULL DEFAULT '0',
  `show_reward_point` tinyint(1) NOT NULL DEFAULT '0',
  `highlight_color` varchar(10) COLLATE utf8mb4_unicode_ci DEFAULT NULL,
  `footer_text` text COLLATE utf8mb4_unicode_ci,
  `module_info` text COLLATE utf8mb4_unicode_ci,
  `common_settings` text COLLATE utf8mb4_unicode_ci,
  `is_default` tinyint(1) NOT NULL DEFAULT '0',
  `business_id` int(10) UNSIGNED NOT NULL,
  `show_qr_code` tinyint(1) NOT NULL DEFAULT '0',
  `qr_code_fields` text COLLATE utf8mb4_unicode_ci,
  `design` varchar(190) COLLATE utf8mb4_unicode_ci DEFAULT 'classic',
  `cn_heading` varchar(191) COLLATE utf8mb4_unicode_ci DEFAULT NULL COMMENT 'cn = credit note',
  `cn_no_label` varchar(191) COLLATE utf8mb4_unicode_ci DEFAULT NULL,
  `cn_amount_label` varchar(191) COLLATE utf8mb4_unicode_ci DEFAULT NULL,
  `table_tax_headings` text COLLATE utf8mb4_unicode_ci,
  `show_previous_bal` tinyint(1) NOT NULL DEFAULT '0',
  `prev_bal_label` varchar(191) COLLATE utf8mb4_unicode_ci DEFAULT NULL,
  `change_return_label` varchar(191) COLLATE utf8mb4_unicode_ci DEFAULT NULL,
  `product_custom_fields` text COLLATE utf8mb4_unicode_ci,
  `contact_custom_fields` text COLLATE utf8mb4_unicode_ci,
  `location_custom_fields` text COLLATE utf8mb4_unicode_ci,
  `created_at` timestamp NULL DEFAULT NULL,
  `updated_at` timestamp NULL DEFAULT NULL
) ENGINE=InnoDB DEFAULT CHARSET=utf8mb4 COLLATE=utf8mb4_unicode_ci;

--
-- Dumping data for table `invoice_layouts`
--

INSERT INTO `invoice_layouts` (`id`, `name`, `header_text`, `invoice_no_prefix`, `quotation_no_prefix`, `invoice_heading`, `sub_heading_line1`, `sub_heading_line2`, `sub_heading_line3`, `sub_heading_line4`, `sub_heading_line5`, `invoice_heading_not_paid`, `invoice_heading_paid`, `quotation_heading`, `sub_total_label`, `discount_label`, `tax_label`, `total_label`, `round_off_label`, `total_due_label`, `paid_label`, `show_client_id`, `client_id_label`, `client_tax_label`, `date_label`, `date_time_format`, `show_time`, `show_brand`, `show_sku`, `show_cat_code`, `show_expiry`, `show_lot`, `show_image`, `show_sale_description`, `sales_person_label`, `show_sales_person`, `table_product_label`, `table_qty_label`, `table_unit_price_label`, `table_subtotal_label`, `cat_code_label`, `logo`, `show_logo`, `show_business_name`, `show_location_name`, `show_landmark`, `show_city`, `show_state`, `show_zip_code`, `show_country`, `show_mobile_number`, `show_alternate_number`, `show_email`, `show_tax_1`, `show_tax_2`, `show_barcode`, `show_payments`, `show_customer`, `customer_label`, `commission_agent_label`, `show_commission_agent`, `show_reward_point`, `highlight_color`, `footer_text`, `module_info`, `common_settings`, `is_default`, `business_id`, `show_qr_code`, `qr_code_fields`, `design`, `cn_heading`, `cn_no_label`, `cn_amount_label`, `table_tax_headings`, `show_previous_bal`, `prev_bal_label`, `change_return_label`, `product_custom_fields`, `contact_custom_fields`, `location_custom_fields`, `created_at`, `updated_at`) VALUES
(1, 'Default', NULL, 'Invoice No.', NULL, 'Invoice', NULL, NULL, NULL, NULL, NULL, NULL, NULL, NULL, 'Subtotal', 'Discount', 'Tax', 'Total', NULL, 'Total Due', 'Total Paid', 0, NULL, NULL, 'Date', NULL, 1, 0, 1, 1, 0, 0, 0, 0, NULL, 0, 'Product', 'Quantity', 'Unit Price', 'Subtotal', NULL, '1643570433_riverton_logo.png', 1, 0, 1, 1, 1, 1, 1, 1, 1, 0, 0, 1, 0, 0, 1, 1, 'Customer', NULL, 0, 0, '#000000', NULL, '{\"types_of_service\":{\"types_of_service_label\":null},\"tables\":{\"table_label\":null},\"service_staff\":{\"service_staff_label\":null}}', '{\"proforma_heading\":null,\"sales_order_heading\":null,\"due_date_label\":null,\"total_quantity_label\":null,\"item_discount_label\":null,\"num_to_word_format\":\"international\",\"tax_summary_label\":null}', 1, 1, 1, '[\"invoice_no\",\"subtotal\"]', 'classic', NULL, NULL, NULL, NULL, 0, NULL, NULL, NULL, NULL, NULL, '2020-03-28 01:01:40', '2022-02-10 15:55:34'),
(2, 'Default', NULL, 'Invoice No.', NULL, 'Invoice', NULL, NULL, NULL, NULL, NULL, '', '', NULL, 'Subtotal', 'Discount', 'Tax', 'Total', NULL, 'Total Due', 'Total Paid', 0, NULL, NULL, 'Date', NULL, 1, 0, 1, 1, 0, 0, 0, 0, NULL, 0, 'Product', 'Quantity', 'Unit Price', 'Subtotal', NULL, NULL, 0, 0, 1, 1, 1, 1, 1, 1, 1, 0, 0, 1, 0, 0, 1, 1, 'Customer', NULL, 0, 0, '#000000', '', NULL, NULL, 1, 2, 0, NULL, 'classic', NULL, NULL, NULL, NULL, 0, NULL, NULL, NULL, NULL, NULL, '2020-03-28 01:10:32', '2020-03-28 01:10:32'),
(3, 'Default', NULL, 'Invoice No.', NULL, 'Invoice', NULL, NULL, NULL, NULL, NULL, '', '', NULL, 'Subtotal', 'Discount', 'Tax', 'Total', NULL, 'Total Due', 'Total Paid', 0, NULL, NULL, 'Date', NULL, 1, 0, 1, 1, 0, 0, 0, 0, NULL, 0, 'Product', 'Quantity', 'Unit Price', 'Subtotal', NULL, NULL, 0, 0, 1, 1, 1, 1, 1, 1, 1, 0, 0, 1, 0, 0, 1, 1, 'Customer', NULL, 0, 0, '#000000', '', NULL, NULL, 1, 3, 0, NULL, 'classic', NULL, NULL, NULL, NULL, 0, NULL, NULL, NULL, NULL, NULL, '2020-03-28 01:30:01', '2020-03-28 01:30:01'),
(4, 'Default', NULL, 'Invoice No.', NULL, 'Invoice', NULL, NULL, NULL, NULL, NULL, '', '', NULL, 'Subtotal', 'Discount', 'Tax', 'Total', NULL, 'Total Due', 'Total Paid', 0, NULL, NULL, 'Date', NULL, 1, 0, 1, 1, 0, 0, 0, 0, NULL, 0, 'Product', 'Quantity', 'Unit Price', 'Subtotal', NULL, NULL, 0, 0, 1, 1, 1, 1, 1, 1, 1, 0, 0, 1, 0, 0, 1, 1, 'Customer', NULL, 0, 0, '#000000', '', NULL, NULL, 1, 4, 0, NULL, 'classic', NULL, NULL, NULL, NULL, 0, NULL, NULL, NULL, NULL, NULL, '2020-03-28 01:44:34', '2020-03-28 01:44:34'),
(5, 'Default', NULL, 'Invoice No.', NULL, 'Invoice', NULL, NULL, NULL, NULL, NULL, '', '', NULL, 'Subtotal', 'Discount', 'Tax', 'Total', NULL, 'Total Due', 'Total Paid', 0, NULL, NULL, 'Date', NULL, 1, 0, 1, 1, 0, 0, 0, 0, NULL, 0, 'Product', 'Quantity', 'Unit Price', 'Subtotal', NULL, NULL, 0, 0, 1, 1, 1, 1, 1, 1, 1, 0, 0, 1, 0, 0, 1, 1, 'Customer', NULL, 0, 0, '#000000', '', NULL, NULL, 1, 5, 0, NULL, 'classic', NULL, NULL, NULL, NULL, 0, NULL, NULL, NULL, NULL, NULL, '2020-03-28 20:57:56', '2020-03-28 20:57:56'),
(6, 'Default', NULL, 'Invoice No.', NULL, 'Invoice', NULL, NULL, NULL, NULL, NULL, '', '', NULL, 'Subtotal', 'Discount', 'Tax', 'Total', NULL, 'Total Due', 'Total Paid', 0, NULL, NULL, 'Date', NULL, 1, 0, 1, 1, 0, 0, 0, 0, NULL, 0, 'Product', 'Quantity', 'Unit Price', 'Subtotal', NULL, NULL, 0, 0, 1, 1, 1, 1, 1, 1, 1, 0, 0, 1, 0, 0, 1, 1, 'Customer', NULL, 0, 0, '#000000', '', NULL, NULL, 1, 6, 0, NULL, 'classic', NULL, NULL, NULL, NULL, 0, NULL, NULL, NULL, NULL, NULL, '2020-04-23 16:07:44', '2020-04-23 16:07:44'),
(7, 'Default', NULL, 'Invoice No.', NULL, 'Invoice', NULL, NULL, NULL, NULL, NULL, NULL, NULL, NULL, 'Subtotal', 'Discount', 'Tax', 'Total', NULL, 'Total Due', 'Total Paid', 0, NULL, NULL, 'Date', NULL, 1, 0, 1, 1, 0, 0, 0, 1, NULL, 0, 'Product', 'Quantity', 'Unit Price', 'Subtotal', NULL, '1619866537_newlogo1.png', 1, 0, 0, 0, 1, 1, 0, 1, 1, 0, 1, 1, 1, 1, 1, 1, 'Customer', NULL, 0, 0, '#000000', NULL, NULL, '{\"due_date_label\":null,\"total_quantity_label\":null}', 1, 7, 0, NULL, 'classic', NULL, NULL, NULL, NULL, 0, NULL, NULL, NULL, NULL, NULL, '2020-11-28 16:59:51', '2021-05-08 13:57:40'),
(10, 'Default', NULL, 'Invoice No.', NULL, 'Invoice', NULL, NULL, NULL, NULL, NULL, NULL, NULL, NULL, 'Subtotal', 'Discount', 'Tax', 'Total', NULL, 'Total Due', 'Total Paid', 0, NULL, NULL, 'Date', NULL, 1, 0, 1, 1, 0, 0, 0, 0, NULL, 0, 'Product', 'Quantity', 'Unit Price', 'Subtotal', NULL, '1614342744_Tasty Logo colour 2-01.png', 1, 0, 1, 1, 1, 1, 1, 1, 1, 0, 0, 1, 0, 0, 1, 1, 'Customer', NULL, 0, 0, '#000000', '<p>Thank you for dining with us.</p>\r\n<p>You can order through our apps availlable in playstore and appstore</p>', '{\"tables\":{\"table_label\":null},\"service_staff\":{\"service_staff_label\":null}}', '{\"due_date_label\":null,\"total_quantity_label\":null}', 1, 10, 0, NULL, 'slim2', NULL, NULL, NULL, NULL, 0, NULL, NULL, NULL, NULL, NULL, '2021-01-29 19:43:36', '2021-03-22 16:06:55'),
(11, 'Default', NULL, 'Invoice No.', NULL, 'Invoice', NULL, NULL, NULL, NULL, NULL, '', '', NULL, 'Subtotal', 'Discount', 'Tax', 'Total', NULL, 'Total Due', 'Total Paid', 0, NULL, NULL, 'Date', NULL, 1, 0, 1, 1, 0, 0, 0, 0, NULL, 0, 'Product', 'Quantity', 'Unit Price', 'Subtotal', NULL, NULL, 0, 0, 1, 1, 1, 1, 1, 1, 1, 0, 0, 1, 0, 0, 1, 1, 'Customer', NULL, 0, 0, '#000000', '', NULL, NULL, 1, 11, 0, NULL, 'classic', NULL, NULL, NULL, NULL, 0, NULL, NULL, NULL, NULL, NULL, '2021-02-17 10:42:17', '2021-02-17 10:42:17'),
(12, 'Default', NULL, 'Invoice No.', NULL, 'Invoice', NULL, NULL, NULL, NULL, NULL, '', '', NULL, 'Subtotal', 'Discount', 'Tax', 'Total', NULL, 'Total Due', 'Total Paid', 0, NULL, NULL, 'Date', NULL, 1, 0, 1, 1, 0, 0, 0, 0, NULL, 0, 'Product', 'Quantity', 'Unit Price', 'Subtotal', NULL, NULL, 0, 0, 1, 1, 1, 1, 1, 1, 1, 0, 0, 1, 0, 0, 1, 1, 'Customer', NULL, 0, 0, '#000000', '', NULL, NULL, 1, 12, 0, NULL, 'classic', NULL, NULL, NULL, NULL, 0, NULL, NULL, NULL, NULL, NULL, '2021-02-24 20:59:33', '2021-02-24 20:59:33'),
(13, 'Default', NULL, 'Invoice No.', NULL, 'Invoice', NULL, NULL, NULL, NULL, NULL, '', '', NULL, 'Subtotal', 'Discount', 'Tax', 'Total', NULL, 'Total Due', 'Total Paid', 0, NULL, NULL, 'Date', NULL, 1, 0, 1, 1, 0, 0, 0, 0, NULL, 0, 'Product', 'Quantity', 'Unit Price', 'Subtotal', NULL, NULL, 0, 0, 1, 1, 1, 1, 1, 1, 1, 0, 0, 1, 0, 0, 1, 1, 'Customer', NULL, 0, 0, '#000000', '', NULL, NULL, 1, 13, 0, NULL, 'classic', NULL, NULL, NULL, NULL, 0, NULL, NULL, NULL, NULL, NULL, '2021-02-27 17:52:49', '2021-02-27 17:52:49'),
(14, 'Default', NULL, 'Invoice No.', NULL, 'Invoice', NULL, NULL, NULL, NULL, NULL, '', '', NULL, 'Subtotal', 'Discount', 'Tax', 'Total', NULL, 'Total Due', 'Total Paid', 0, NULL, NULL, 'Date', NULL, 1, 0, 1, 1, 0, 0, 0, 0, NULL, 0, 'Product', 'Quantity', 'Unit Price', 'Subtotal', NULL, NULL, 0, 0, 1, 1, 1, 1, 1, 1, 1, 0, 0, 1, 0, 0, 1, 1, 'Customer', NULL, 0, 0, '#000000', '', NULL, NULL, 1, 14, 0, NULL, 'classic', NULL, NULL, NULL, NULL, 0, NULL, NULL, NULL, NULL, NULL, '2021-03-22 17:28:03', '2021-03-22 17:28:03'),
(16, 'Default', NULL, 'Invoice No.', NULL, 'Invoice', NULL, NULL, NULL, NULL, NULL, '', '', NULL, 'Subtotal', 'Discount', 'Tax', 'Total', NULL, 'Total Due', 'Total Paid', 0, NULL, NULL, 'Date', NULL, 1, 0, 1, 1, 0, 0, 0, 0, NULL, 0, 'Product', 'Quantity', 'Unit Price', 'Subtotal', NULL, NULL, 0, 0, 1, 1, 1, 1, 1, 1, 1, 0, 0, 1, 0, 0, 1, 1, 'Customer', NULL, 0, 0, '#000000', '', NULL, NULL, 1, 16, 0, NULL, 'classic', NULL, NULL, NULL, NULL, 0, NULL, NULL, NULL, NULL, NULL, '2021-04-12 19:06:10', '2021-04-12 19:06:10'),
(17, 'Default', NULL, 'Invoice No.', NULL, 'Invoice', NULL, NULL, NULL, NULL, NULL, '', '', NULL, 'Subtotal', 'Discount', 'Tax', 'Total', NULL, 'Total Due', 'Total Paid', 0, NULL, NULL, 'Date', NULL, 1, 0, 1, 1, 0, 0, 0, 0, NULL, 0, 'Product', 'Quantity', 'Unit Price', 'Subtotal', NULL, NULL, 0, 0, 1, 1, 1, 1, 1, 1, 1, 0, 0, 1, 0, 0, 1, 1, 'Customer', NULL, 0, 0, '#000000', '', NULL, NULL, 1, 17, 0, NULL, 'classic', NULL, NULL, NULL, NULL, 0, NULL, NULL, NULL, NULL, NULL, '2021-04-13 14:22:01', '2021-04-13 14:22:01'),
(18, 'Default', NULL, 'Invoice No.', NULL, 'Invoice', NULL, NULL, NULL, NULL, NULL, '', '', NULL, 'Subtotal', 'Discount', 'Tax', 'Total', NULL, 'Total Due', 'Total Paid', 0, NULL, NULL, 'Date', NULL, 1, 0, 1, 1, 0, 0, 0, 0, NULL, 0, 'Product', 'Quantity', 'Unit Price', 'Subtotal', NULL, NULL, 0, 0, 1, 1, 1, 1, 1, 1, 1, 0, 0, 1, 0, 0, 1, 1, 'Customer', NULL, 0, 0, '#000000', '', NULL, NULL, 1, 18, 0, NULL, 'classic', NULL, NULL, NULL, NULL, 0, NULL, NULL, NULL, NULL, NULL, '2021-04-23 16:28:34', '2021-04-23 16:28:34'),
(19, 'Default', NULL, 'Invoice No.', NULL, 'Invoice', NULL, NULL, NULL, NULL, NULL, '', '', NULL, 'Subtotal', 'Discount', 'Tax', 'Total', NULL, 'Total Due', 'Total Paid', 0, NULL, NULL, 'Date', NULL, 1, 0, 1, 1, 0, 0, 0, 0, NULL, 0, 'Product', 'Quantity', 'Unit Price', 'Subtotal', NULL, NULL, 0, 0, 1, 1, 1, 1, 1, 1, 1, 0, 0, 1, 0, 0, 1, 1, 'Customer', NULL, 0, 0, '#000000', '', NULL, NULL, 1, 19, 0, NULL, 'classic', NULL, NULL, NULL, NULL, 0, NULL, NULL, NULL, NULL, NULL, '2021-05-01 13:44:51', '2021-05-01 13:44:51'),
(20, 'Default', NULL, 'Invoice No.', NULL, 'Invoice', NULL, NULL, NULL, NULL, NULL, NULL, NULL, NULL, 'Subtotal', 'Discount', 'Tax', 'Total', NULL, 'Total Due', 'Total Paid', 0, NULL, NULL, 'Date', NULL, 1, 1, 1, 1, 0, 0, 0, 0, NULL, 0, 'Product', 'Quantity', 'Unit Price', 'Subtotal', NULL, NULL, 1, 0, 1, 0, 1, 0, 1, 1, 1, 0, 1, 1, 0, 0, 1, 1, 'Customer', NULL, 0, 0, '#000000', NULL, NULL, '{\"proforma_heading\":null,\"sales_order_heading\":null,\"due_date_label\":null,\"total_quantity_label\":null,\"item_discount_label\":null,\"num_to_word_format\":\"international\",\"tax_summary_label\":null,\"show_qr_code_label\":\"1\"}', 1, 20, 1, '[\"business_name\",\"address\",\"tax_2\",\"invoice_no\",\"invoice_datetime\",\"total_amount\",\"customer_name\",\"invoice_url\"]', 'classic', NULL, NULL, NULL, NULL, 0, NULL, NULL, '[\"product_custom_field1\",\"product_custom_field2\",\"product_custom_field3\"]', NULL, NULL, '2022-02-18 09:44:26', '2022-03-19 11:22:54');

-- --------------------------------------------------------

--
-- Table structure for table `invoice_schemes`
--

CREATE TABLE `invoice_schemes` (
  `id` int(10) UNSIGNED NOT NULL,
  `business_id` int(10) UNSIGNED NOT NULL,
  `name` varchar(191) COLLATE utf8mb4_unicode_ci NOT NULL,
  `scheme_type` enum('blank','year') COLLATE utf8mb4_unicode_ci NOT NULL,
  `prefix` varchar(191) COLLATE utf8mb4_unicode_ci DEFAULT NULL,
  `start_number` int(11) DEFAULT NULL,
  `invoice_count` int(11) NOT NULL DEFAULT '0',
  `total_digits` int(11) DEFAULT NULL,
  `is_default` tinyint(1) NOT NULL DEFAULT '0',
  `created_at` timestamp NULL DEFAULT NULL,
  `updated_at` timestamp NULL DEFAULT NULL
) ENGINE=InnoDB DEFAULT CHARSET=utf8mb4 COLLATE=utf8mb4_unicode_ci;

--
-- Dumping data for table `invoice_schemes`
--

INSERT INTO `invoice_schemes` (`id`, `business_id`, `name`, `scheme_type`, `prefix`, `start_number`, `invoice_count`, `total_digits`, `is_default`, `created_at`, `updated_at`) VALUES
(1, 1, 'Default', 'blank', NULL, 4460, 27, 4, 1, '2020-03-28 01:01:40', '2022-02-10 18:53:06'),
(2, 2, 'Default', 'blank', '', 1, 5, 4, 1, '2020-03-28 01:10:32', '2021-01-29 22:00:05'),
(3, 3, 'Default', 'blank', '', 1, 0, 4, 1, '2020-03-28 01:30:01', '2020-03-28 01:30:01'),
(4, 4, 'Default', 'blank', '', 1, 0, 4, 1, '2020-03-28 01:44:34', '2020-03-28 01:44:34'),
(5, 5, 'Default', 'blank', '', 1, 9, 4, 1, '2020-03-28 20:57:56', '2020-04-17 01:40:17'),
(6, 6, 'Default', 'blank', '', 1, 0, 4, 1, '2020-04-23 16:07:44', '2020-04-23 16:07:44'),
(7, 7, 'Default', 'blank', '', 1, 3, 4, 0, '2020-11-28 16:59:51', '2021-05-08 13:44:29'),
(10, 10, 'Default', 'blank', '', 1, 67, 4, 1, '2021-01-29 19:43:36', '2021-11-16 16:08:14'),
(11, 11, 'Default', 'blank', '', 1, 0, 4, 1, '2021-02-17 10:42:17', '2021-02-17 10:42:17'),
(12, 12, 'Default', 'blank', '', 1, 2, 4, 1, '2021-02-24 20:59:33', '2021-02-25 11:02:48'),
(13, 13, 'Default', 'blank', '', 1, 0, 4, 1, '2021-02-27 17:52:49', '2021-02-27 17:52:49'),
(14, 14, 'Default', 'blank', '', 1, 0, 4, 1, '2021-03-22 17:28:03', '2021-03-22 17:28:03'),
(16, 16, 'Default', 'blank', '', 1, 0, 4, 1, '2021-04-12 19:06:10', '2021-04-12 19:06:10'),
(17, 17, 'Default', 'blank', '', 1, 3, 4, 1, '2021-04-13 14:22:01', '2021-04-17 11:19:59'),
(18, 18, 'Default', 'blank', '', 1, 0, 4, 1, '2021-04-23 16:28:34', '2021-04-23 16:28:34'),
(19, 19, 'Default', 'blank', '', 1, 0, 4, 1, '2021-05-01 13:44:51', '2021-05-01 13:44:51'),
(20, 7, 'Business', 'blank', NULL, 0, 1, 4, 1, '2021-05-01 13:02:01', '2021-05-01 14:02:12'),
(21, 20, 'Default', 'year', 'PR', 1, 3, 4, 1, '2022-02-18 09:44:26', '2022-03-19 11:10:40');

-- --------------------------------------------------------

--
-- Table structure for table `media`
--

CREATE TABLE `media` (
  `id` int(10) UNSIGNED NOT NULL,
  `business_id` int(11) NOT NULL,
  `file_name` varchar(191) COLLATE utf8mb4_unicode_ci NOT NULL,
  `description` text COLLATE utf8mb4_unicode_ci,
  `uploaded_by` int(11) DEFAULT NULL,
  `model_type` varchar(191) COLLATE utf8mb4_unicode_ci NOT NULL,
  `model_media_type` varchar(191) COLLATE utf8mb4_unicode_ci DEFAULT NULL,
  `model_id` bigint(20) UNSIGNED NOT NULL,
  `created_at` timestamp NULL DEFAULT NULL,
  `updated_at` timestamp NULL DEFAULT NULL
) ENGINE=InnoDB DEFAULT CHARSET=utf8mb4 COLLATE=utf8mb4_unicode_ci;

--
-- Dumping data for table `media`
--

INSERT INTO `media` (`id`, `business_id`, `file_name`, `description`, `uploaded_by`, `model_type`, `model_media_type`, `model_id`, `created_at`, `updated_at`) VALUES
(1, 2, '1585341614_1116141127_computer-mockups-suzenrabionetassociats-1024x591.jpg', NULL, 2, 'App\\Variation', NULL, 1, '2020-03-27 23:40:14', '2020-03-27 23:40:14'),
(2, 2, '1585341728_1175014757_HP-Pavillion-Laptops.jpg', NULL, 2, 'App\\Variation', NULL, 1, '2020-03-27 23:42:08', '2020-03-27 23:42:08'),
(3, 5, '1585545639_1892380333_715BwiesShL._AC_UL1500_.jpg', NULL, 5, 'App\\Variation', NULL, 3, '2020-03-30 00:20:39', '2020-03-30 00:20:39'),
(4, 5, '1585545702_1036764119_All-men-are-created-equal-But-only-the-best-are-born-in-September-T-Shirt-all.jpg', NULL, 5, 'App\\Variation', NULL, 4, '2020-03-30 00:21:42', '2020-03-30 00:21:42'),
(5, 5, '1585545862_512472081_61xh5C6-oYL._AC_UX385_.jpg', NULL, 5, 'App\\Variation', NULL, 5, '2020-03-30 00:24:22', '2020-03-30 00:24:22'),
(6, 5, '1585545932_641701250_rBVaVFy_doCARKYlAACYbSTlxHE546.jpg', NULL, 5, 'App\\Variation', NULL, 6, '2020-03-30 00:25:32', '2020-03-30 00:25:32'),
(7, 5, '1585546007_997783105_tisort_torcher_11216_626_626.jpg', NULL, 5, 'App\\Variation', NULL, 7, '2020-03-30 00:26:47', '2020-03-30 00:26:47'),
(8, 5, '1585546230_1017881437_gettyimages-1045014514.jpg', NULL, 5, 'App\\Variation', NULL, 9, '2020-03-30 00:30:30', '2020-03-30 00:30:30'),
(9, 5, '1585546294_282065358_unnamed (2).jpg', NULL, 5, 'App\\Variation', NULL, 10, '2020-03-30 00:31:34', '2020-03-30 00:31:34'),
(10, 5, '1585546383_1230463328_unnamed (1).jpg', NULL, 5, 'App\\Variation', NULL, 11, '2020-03-30 00:33:03', '2020-03-30 00:33:03'),
(11, 5, '1585546478_1465812997_00_421301.jpg', NULL, 5, 'App\\Variation', NULL, 12, '2020-03-30 00:34:38', '2020-03-30 00:34:38'),
(12, 5, '1585546568_593794637_f30edff3d60e8f94b9a6b35007e664b6.jpg', NULL, 5, 'App\\Variation', NULL, 13, '2020-03-30 00:36:08', '2020-03-30 00:36:08'),
(13, 5, '1585546704_1912909741_types-of-pants-cargo.jpg', NULL, 5, 'App\\Variation', NULL, 14, '2020-03-30 00:38:24', '2020-03-30 00:38:24'),
(14, 5, '1585547154_1696142689_HTB1VjI2izihSKJjy0Fiq6AuiFXaN.jpg_q50.webp', NULL, 5, 'App\\Variation', NULL, 16, '2020-03-30 00:45:54', '2020-03-30 00:45:54'),
(15, 5, '1585547253_885118366_28-mob.png', NULL, 5, 'App\\Variation', NULL, 17, '2020-03-30 00:47:33', '2020-03-30 00:47:33'),
(17, 9, '1611320305_1531569974_fz.php', NULL, 16, 'App\\User', NULL, 16, '2021-01-22 18:28:25', '2021-01-22 18:28:25'),
(18, 15, '1616911166_2065209739_default.php', NULL, 24, 'App\\User', NULL, 24, '2021-03-28 11:29:26', '2021-03-28 11:29:26'),
(19, 1, '1644504273_34896422_4061545261.pdf', NULL, 1, 'Modules\\Crm\\Entities\\ProposalTemplate', NULL, 1, '2022-02-10 14:44:33', '2022-02-10 14:44:33'),
(20, 20, '1645169618_1782440281_PM100001313TY269886-9.jpeg', NULL, 33, 'App\\Variation', NULL, 427, '2022-02-18 07:33:38', '2022-02-18 07:33:38'),
(21, 20, '1646729720_391305139_COVID-19 SITUATION REPORT NO. 23 From 12th to 18th February 2022.pdf', NULL, 33, 'Modules\\Crm\\Entities\\ProposalTemplate', NULL, 2, '2022-03-08 11:55:20', '2022-03-08 11:55:20');

-- --------------------------------------------------------

--
-- Table structure for table `mfg_ingredient_groups`
--

CREATE TABLE `mfg_ingredient_groups` (
  `id` int(10) UNSIGNED NOT NULL,
  `name` varchar(191) COLLATE utf8mb4_unicode_ci NOT NULL,
  `business_id` int(11) NOT NULL,
  `description` text COLLATE utf8mb4_unicode_ci,
  `created_at` timestamp NULL DEFAULT NULL,
  `updated_at` timestamp NULL DEFAULT NULL
) ENGINE=InnoDB DEFAULT CHARSET=utf8mb4 COLLATE=utf8mb4_unicode_ci;

--
-- Dumping data for table `mfg_ingredient_groups`
--

INSERT INTO `mfg_ingredient_groups` (`id`, `name`, `business_id`, `description`, `created_at`, `updated_at`) VALUES
(1, 'prepare', 10, NULL, '2021-03-03 08:02:44', '2021-03-03 08:02:44');

-- --------------------------------------------------------

--
-- Table structure for table `mfg_recipes`
--

CREATE TABLE `mfg_recipes` (
  `id` int(10) UNSIGNED NOT NULL,
  `product_id` int(11) NOT NULL,
  `variation_id` int(11) NOT NULL,
  `instructions` text COLLATE utf8mb4_unicode_ci,
  `waste_percent` decimal(10,2) NOT NULL DEFAULT '0.00',
  `ingredients_cost` decimal(22,4) NOT NULL DEFAULT '0.0000',
  `extra_cost` decimal(22,4) NOT NULL DEFAULT '0.0000',
  `production_cost_type` varchar(191) COLLATE utf8mb4_unicode_ci DEFAULT 'percentage',
  `total_quantity` decimal(22,4) NOT NULL DEFAULT '0.0000',
  `final_price` decimal(22,4) NOT NULL,
  `sub_unit_id` int(11) DEFAULT NULL,
  `created_at` timestamp NULL DEFAULT NULL,
  `updated_at` timestamp NULL DEFAULT NULL
) ENGINE=InnoDB DEFAULT CHARSET=utf8mb4 COLLATE=utf8mb4_unicode_ci;

--
-- Dumping data for table `mfg_recipes`
--

INSERT INTO `mfg_recipes` (`id`, `product_id`, `variation_id`, `instructions`, `waste_percent`, `ingredients_cost`, `extra_cost`, `production_cost_type`, `total_quantity`, `final_price`, `sub_unit_id`, `created_at`, `updated_at`) VALUES
(1, 37, 37, NULL, '0.00', '219.4638', '0.0000', 'fixed', '1.0000', '219.4600', 23, '2021-01-20 13:41:36', '2021-01-20 13:41:36'),
(2, 41, 41, NULL, '0.00', '251.9900', '0.0000', 'fixed', '1.0000', '251.9900', 23, '2021-01-20 14:10:17', '2021-01-20 14:10:17'),
(3, 42, 42, NULL, '0.00', '189.0495', '0.0000', 'fixed', '1.0000', '189.0500', 23, '2021-01-20 19:53:38', '2021-01-20 19:53:38'),
(4, 44, 44, NULL, '0.00', '166.5250', '0.0000', 'fixed', '1.0000', '166.5300', 23, '2021-01-21 12:49:09', '2021-01-21 12:49:09'),
(5, 123, 123, NULL, '0.00', '269.4638', '0.0000', 'fixed', '1.0000', '269.4600', 27, '2021-01-30 11:52:58', '2021-01-30 11:52:58'),
(6, 124, 124, NULL, '0.00', '251.9900', '0.0000', 'fixed', '1.0000', '251.9900', 27, '2021-01-30 11:54:29', '2021-01-30 11:54:29'),
(7, 125, 125, NULL, '0.00', '189.0495', '0.0000', 'fixed', '1.0000', '189.0500', 27, '2021-01-30 11:56:02', '2021-01-30 11:56:02'),
(8, 126, 126, NULL, '0.00', '249.4995', '0.0000', 'fixed', '1.0000', '249.5000', 27, '2021-01-30 11:57:53', '2021-01-30 11:57:53'),
(9, 127, 127, NULL, '0.00', '301.0033', '0.0000', 'fixed', '1.0000', '301.0000', 27, '2021-01-30 12:00:39', '2021-01-30 12:00:39'),
(10, 128, 128, NULL, '0.00', '166.5250', '0.0000', 'fixed', '1.0000', '166.5300', 27, '2021-01-30 12:02:24', '2021-01-30 12:02:24'),
(11, 129, 129, NULL, '0.00', '316.9400', '0.0000', 'fixed', '1.0000', '316.9400', 27, '2021-01-30 12:04:03', '2021-01-30 12:04:03'),
(12, 130, 130, NULL, '0.00', '298.5500', '0.0000', 'fixed', '1.0000', '298.5500', 27, '2021-01-30 12:06:06', '2021-01-30 12:06:06'),
(13, 131, 131, NULL, '0.00', '222.0645', '0.0000', 'fixed', '1.0000', '222.0600', 27, '2021-01-30 12:08:04', '2021-01-30 12:08:04'),
(14, 132, 132, NULL, '0.00', '222.0645', '0.0000', 'fixed', '1.0000', '222.0600', 27, '2021-01-30 12:11:07', '2021-01-30 12:11:07'),
(15, 133, 133, NULL, '0.00', '216.9050', '0.0000', 'fixed', '1.0000', '216.9100', 27, '2021-01-30 12:15:13', '2021-01-30 12:15:13'),
(16, 134, 134, NULL, '0.00', '166.8503', '0.0000', 'fixed', '1.0000', '166.8500', 27, '2021-01-30 12:17:28', '2021-01-30 12:17:28'),
(17, 135, 135, NULL, '0.00', '490.6931', '0.0000', 'fixed', '1.0000', '490.6900', 27, '2021-01-30 12:20:22', '2021-01-30 12:20:22'),
(18, 136, 136, NULL, '0.00', '906.5500', '0.0000', 'fixed', '1.0000', '906.5500', 27, '2021-01-30 12:23:12', '2021-01-30 12:23:12'),
(19, 137, 137, NULL, '0.00', '1221.5500', '0.0000', 'fixed', '1.0000', '1221.5500', 27, '2021-01-30 12:33:56', '2021-01-30 12:33:56'),
(20, 138, 138, NULL, '0.00', '841.9975', '0.0000', 'fixed', '1.0000', '842.0000', 27, '2021-01-30 12:37:15', '2021-01-30 12:37:15'),
(21, 139, 139, NULL, '0.00', '2030.7700', '0.0000', 'fixed', '1.0000', '2030.7700', 27, '2021-01-30 12:47:40', '2021-01-30 12:47:40'),
(22, 140, 140, NULL, '0.00', '917.7500', '0.0000', 'fixed', '1.0000', '917.7500', 27, '2021-01-30 12:52:26', '2021-01-30 12:52:26'),
(23, 141, 141, NULL, '0.00', '1081.9175', '0.0000', 'fixed', '1.0000', '1081.9200', 27, '2021-01-30 12:54:52', '2021-01-30 12:54:52'),
(24, 142, 142, NULL, '0.00', '845.2803', '0.0000', 'fixed', '1.0000', '845.2800', 27, '2021-01-30 12:57:00', '2021-01-30 12:57:00'),
(25, 143, 143, NULL, '0.00', '1081.9175', '0.0000', 'fixed', '1.0000', '1081.9200', 27, '2021-01-30 13:00:00', '2021-01-30 13:00:00'),
(26, 144, 144, NULL, '0.00', '1081.9175', '0.0000', 'fixed', '1.0000', '1081.9200', 27, '2021-01-30 13:03:19', '2021-01-30 13:03:19'),
(27, 145, 145, NULL, '0.00', '405.6875', '0.0000', 'fixed', '1.0000', '405.6900', 27, '2021-01-30 13:06:11', '2021-01-30 13:06:11'),
(28, 146, 146, NULL, '0.00', '2415.3175', '0.0000', 'fixed', '1.0000', '2415.3200', 27, '2021-01-30 13:08:45', '2021-01-30 13:08:45'),
(29, 147, 147, NULL, '0.00', '383.4611', '0.0000', 'fixed', '1.0000', '383.4600', 27, '2021-01-30 13:10:03', '2021-01-30 13:10:03'),
(30, 148, 148, NULL, '0.00', '384.1448', '0.0000', 'fixed', '5.0000', '384.1400', 27, '2021-01-30 13:11:44', '2021-02-17 15:41:21'),
(31, 149, 149, NULL, '0.00', '925.7242', '0.0000', 'fixed', '1.0000', '925.7200', 27, '2021-01-30 13:14:46', '2021-01-30 13:14:46'),
(32, 150, 150, NULL, '0.00', '5209.6759', '0.0000', 'fixed', '1.0000', '5209.6800', 27, '2021-01-30 13:33:30', '2021-01-30 13:33:30'),
(33, 151, 151, NULL, '0.00', '4156.5898', '0.0000', 'fixed', '10.0000', '4156.5900', 27, '2021-01-30 13:37:32', '2021-02-17 12:00:30'),
(34, 152, 152, NULL, '0.00', '4368.5141', '0.0000', 'fixed', '1.0000', '4368.5100', 27, '2021-01-30 13:40:43', '2021-01-30 13:40:43'),
(35, 153, 153, NULL, '0.00', '4764.5108', '0.0000', 'fixed', '1.0000', '4764.5100', 27, '2021-01-30 13:43:27', '2021-01-30 13:43:27'),
(36, 154, 154, NULL, '0.00', '3248.1301', '0.0000', 'fixed', '1.0000', '3248.1300', 27, '2021-01-30 13:45:22', '2021-01-30 13:45:22'),
(37, 155, 155, NULL, '0.00', '7283.1042', '0.0000', 'fixed', '1.0000', '7283.1000', 27, '2021-01-30 13:54:38', '2021-01-30 13:54:38'),
(38, 156, 156, NULL, '0.00', '4797.9975', '0.0000', 'fixed', '1.0000', '4798.0000', 27, '2021-01-30 13:57:45', '2021-01-30 13:57:45'),
(39, 157, 157, NULL, '0.00', '4424.8469', '0.0000', 'fixed', '1.0000', '4424.8500', 27, '2021-01-30 14:00:31', '2021-01-30 14:00:31'),
(40, 158, 158, NULL, '0.00', '4640.8980', '0.0000', 'fixed', '1.0000', '4640.9000', 27, '2021-01-30 14:02:06', '2021-01-30 14:02:06'),
(41, 159, 159, NULL, '0.00', '8543.2750', '0.0000', 'fixed', '1.0000', '8543.2800', 27, '2021-01-30 14:04:22', '2021-01-30 14:04:22'),
(42, 160, 160, NULL, '0.00', '3452.5750', '0.0000', 'fixed', '1.0000', '3452.5800', 27, '2021-01-30 14:08:40', '2021-01-30 14:08:40'),
(43, 161, 161, NULL, '0.00', '3471.7625', '0.0000', 'fixed', '1.0000', '3471.7600', 27, '2021-01-30 14:11:06', '2021-01-30 14:11:06'),
(44, 162, 162, NULL, '0.00', '2908.5115', '0.0000', 'fixed', '1.0000', '2908.5100', 27, '2021-01-30 14:14:41', '2021-01-30 14:14:41'),
(45, 163, 163, NULL, '0.00', '3829.7000', '0.0000', 'fixed', '1.0000', '3829.7000', 27, '2021-01-30 15:07:52', '2021-01-30 15:07:52'),
(46, 164, 164, NULL, '0.00', '3561.0500', '0.0000', 'fixed', '1.0000', '3561.0500', 27, '2021-01-30 15:10:40', '2021-01-30 15:10:40'),
(47, 165, 165, NULL, '0.00', '5537.0320', '0.0000', 'fixed', '1.0000', '5537.0300', 27, '2021-01-30 15:13:58', '2021-01-30 15:13:58'),
(48, 166, 166, NULL, '0.00', '4989.5000', '0.0000', 'fixed', '1.0000', '4989.5000', 27, '2021-01-30 15:26:25', '2021-01-30 15:26:25'),
(49, 167, 167, NULL, '0.00', '10471.7900', '0.0000', 'fixed', '1.0000', '10471.7900', 27, '2021-01-30 15:32:49', '2021-01-30 15:32:49'),
(50, 168, 168, NULL, '0.00', '516.3500', '0.0000', 'fixed', '1.0000', '516.3500', 27, '2021-01-30 15:34:29', '2021-01-30 15:34:29'),
(51, 173, 173, NULL, '0.00', '9.4500', '0.0000', 'fixed', '3.0000', '9.4500', 27, '2021-01-30 21:16:02', '2021-03-03 14:55:12'),
(52, 179, 181, NULL, '0.00', '8.1100', '0.0000', 'fixed', '5.0000', '8.1100', 27, '2021-02-16 10:36:35', '2021-02-16 10:36:35'),
(53, 180, 182, NULL, '0.00', '1000000.0000', '0.0000', 'fixed', '1.0000', '1000000.0000', 27, '2021-02-17 10:07:31', '2021-03-03 08:02:44'),
(54, 183, 185, NULL, '0.00', '1567.4100', '200.0000', 'fixed', '10.0000', '1767.4100', 27, '2021-02-17 15:59:00', '2021-02-17 15:59:00'),
(55, 187, 189, NULL, '0.00', '0.0000', '0.0000', 'fixed', '1.0000', '384.1400', 27, '2021-02-23 10:00:18', '2021-02-23 10:00:18'),
(56, 186, 188, NULL, '0.00', '2110.0000', '0.0000', 'fixed', '1.0000', '2110.0000', 27, '2021-03-03 08:13:08', '2021-03-03 08:13:08');

-- --------------------------------------------------------

--
-- Table structure for table `mfg_recipe_ingredients`
--

CREATE TABLE `mfg_recipe_ingredients` (
  `id` int(10) UNSIGNED NOT NULL,
  `mfg_recipe_id` int(10) UNSIGNED NOT NULL,
  `variation_id` int(11) NOT NULL,
  `mfg_ingredient_group_id` int(11) DEFAULT NULL,
  `quantity` decimal(22,4) NOT NULL DEFAULT '0.0000',
  `waste_percent` decimal(22,4) NOT NULL DEFAULT '0.0000',
  `sub_unit_id` int(11) DEFAULT NULL,
  `sort_order` int(11) DEFAULT NULL,
  `created_at` timestamp NULL DEFAULT NULL,
  `updated_at` timestamp NULL DEFAULT NULL
) ENGINE=InnoDB DEFAULT CHARSET=utf8mb4 COLLATE=utf8mb4_unicode_ci;

--
-- Dumping data for table `mfg_recipe_ingredients`
--

INSERT INTO `mfg_recipe_ingredients` (`id`, `mfg_recipe_id`, `variation_id`, `mfg_ingredient_group_id`, `quantity`, `waste_percent`, `sub_unit_id`, `sort_order`, `created_at`, `updated_at`) VALUES
(1, 1, 31, NULL, '25.0000', '0.0000', NULL, 1, '2021-01-20 13:41:36', '2021-01-20 13:41:36'),
(2, 1, 32, NULL, '0.5000', '0.0000', NULL, 2, '2021-01-20 13:41:36', '2021-01-20 13:41:36'),
(3, 1, 33, NULL, '0.6250', '0.0000', NULL, 3, '2021-01-20 13:41:36', '2021-01-20 13:41:36'),
(4, 1, 35, NULL, '7.5000', '0.0000', NULL, 4, '2021-01-20 13:41:36', '2021-01-20 13:41:36'),
(5, 1, 34, NULL, '7.5000', '0.0000', NULL, 5, '2021-01-20 13:41:36', '2021-01-20 13:41:36'),
(6, 1, 36, NULL, '0.2500', '0.0000', NULL, 6, '2021-01-20 13:41:36', '2021-01-20 13:41:36'),
(7, 2, 38, NULL, '83.3000', '0.0000', NULL, 1, '2021-01-20 14:10:17', '2021-01-20 14:10:17'),
(8, 2, 39, NULL, '8.3000', '0.0000', NULL, 2, '2021-01-20 14:10:17', '2021-01-20 14:10:17'),
(9, 2, 40, NULL, '41.7000', '0.0000', NULL, 3, '2021-01-20 14:10:17', '2021-01-20 14:10:17'),
(10, 2, 32, NULL, '0.8400', '0.0000', NULL, 4, '2021-01-20 14:10:17', '2021-01-20 14:10:17'),
(11, 3, 38, NULL, '50.0000', '0.0000', NULL, 1, '2021-01-20 19:53:38', '2021-01-20 19:53:38'),
(12, 3, 32, NULL, '1.0000', '0.0000', NULL, 2, '2021-01-20 19:53:38', '2021-01-20 19:53:38'),
(13, 3, 40, NULL, '25.0000', '0.0000', NULL, 3, '2021-01-20 19:53:38', '2021-01-20 19:53:38'),
(14, 3, 43, NULL, '10.0000', '0.0000', NULL, 4, '2021-01-20 19:53:38', '2021-01-20 19:53:38'),
(15, 3, 36, NULL, '0.1500', '0.0000', NULL, 5, '2021-01-20 19:53:38', '2021-01-20 19:53:38'),
(16, 4, 45, NULL, '50.0000', '0.0000', NULL, 1, '2021-01-21 12:49:09', '2021-01-21 12:49:09'),
(17, 4, 32, NULL, '0.5000', '0.0000', NULL, 2, '2021-01-21 12:49:09', '2021-01-21 12:49:09'),
(18, 4, 43, NULL, '10.0000', '0.0000', NULL, 3, '2021-01-21 12:49:09', '2021-01-21 12:49:09'),
(19, 4, 39, NULL, '3.7500', '0.0000', NULL, 4, '2021-01-21 12:49:09', '2021-01-21 12:49:09'),
(20, 4, 40, NULL, '25.0000', '0.0000', NULL, 5, '2021-01-21 12:49:09', '2021-01-21 12:49:09'),
(21, 4, 46, NULL, '1.2500', '0.0000', NULL, 6, '2021-01-21 12:49:09', '2021-01-21 12:49:09'),
(22, 5, 47, NULL, '25.0000', '0.0000', NULL, 1, '2021-01-30 11:52:58', '2021-01-30 11:52:58'),
(23, 5, 48, NULL, '0.5000', '0.0000', NULL, 2, '2021-01-30 11:52:58', '2021-01-30 11:52:58'),
(24, 5, 49, NULL, '0.6250', '0.0000', NULL, 3, '2021-01-30 11:52:58', '2021-01-30 11:52:58'),
(25, 5, 50, NULL, '7.5000', '0.0000', NULL, 4, '2021-01-30 11:52:58', '2021-01-30 11:52:58'),
(26, 5, 51, NULL, '7.5000', '0.0000', NULL, 5, '2021-01-30 11:52:58', '2021-01-30 11:52:58'),
(27, 5, 52, NULL, '0.2500', '0.0000', NULL, 6, '2021-01-30 11:52:58', '2021-01-30 11:52:58'),
(28, 6, 53, NULL, '83.3000', '0.0000', NULL, 1, '2021-01-30 11:54:29', '2021-01-30 11:54:29'),
(29, 6, 54, NULL, '8.3000', '0.0000', NULL, 2, '2021-01-30 11:54:29', '2021-01-30 11:54:29'),
(30, 6, 55, NULL, '41.7000', '0.0000', NULL, 3, '2021-01-30 11:54:29', '2021-01-30 11:54:29'),
(31, 6, 48, NULL, '0.8400', '0.0000', NULL, 4, '2021-01-30 11:54:29', '2021-01-30 11:54:29'),
(32, 7, 53, NULL, '50.0000', '0.0000', NULL, 1, '2021-01-30 11:56:02', '2021-01-30 11:56:02'),
(33, 7, 48, NULL, '1.0000', '0.0000', NULL, 2, '2021-01-30 11:56:02', '2021-01-30 11:56:02'),
(34, 7, 55, NULL, '25.0000', '0.0000', NULL, 3, '2021-01-30 11:56:02', '2021-01-30 11:56:02'),
(35, 7, 56, NULL, '10.0000', '0.0000', NULL, 4, '2021-01-30 11:56:02', '2021-01-30 11:56:02'),
(36, 7, 52, NULL, '0.1500', '0.0000', NULL, 5, '2021-01-30 11:56:02', '2021-01-30 11:56:02'),
(37, 8, 53, NULL, '50.0000', '0.0000', NULL, 1, '2021-01-30 11:57:53', '2021-01-30 11:57:53'),
(38, 8, 54, NULL, '10.0000', '0.0000', NULL, 2, '2021-01-30 11:57:53', '2021-01-30 11:57:53'),
(39, 8, 55, NULL, '25.0000', '0.0000', NULL, 3, '2021-01-30 11:57:53', '2021-01-30 11:57:53'),
(40, 8, 56, NULL, '10.0000', '0.0000', NULL, 4, '2021-01-30 11:57:53', '2021-01-30 11:57:53'),
(41, 8, 52, NULL, '0.1500', '0.0000', NULL, 5, '2021-01-30 11:57:53', '2021-01-30 11:57:53'),
(42, 8, 57, NULL, '1.5000', '0.0000', NULL, 6, '2021-01-30 11:57:53', '2021-01-30 11:57:53'),
(43, 9, 47, NULL, '20.0000', '0.0000', NULL, 1, '2021-01-30 12:00:39', '2021-01-30 12:00:39'),
(44, 9, 58, NULL, '10.0000', '0.0000', NULL, 2, '2021-01-30 12:00:39', '2021-01-30 12:00:39'),
(45, 9, 48, NULL, '15.0000', '0.0000', NULL, 3, '2021-01-30 12:00:39', '2021-01-30 12:00:39'),
(46, 9, 49, NULL, '2.0000', '0.0000', NULL, 4, '2021-01-30 12:00:39', '2021-01-30 12:00:39'),
(47, 9, 59, NULL, '3.3333', '0.0000', NULL, 5, '2021-01-30 12:00:39', '2021-01-30 12:00:39'),
(48, 9, 53, NULL, '30.0000', '0.0000', NULL, 6, '2021-01-30 12:00:39', '2021-01-30 12:00:39'),
(49, 10, 60, NULL, '50.0000', '0.0000', NULL, 1, '2021-01-30 12:02:24', '2021-01-30 12:02:24'),
(50, 10, 48, NULL, '0.5000', '0.0000', NULL, 2, '2021-01-30 12:02:24', '2021-01-30 12:02:24'),
(51, 10, 56, NULL, '10.0000', '0.0000', NULL, 3, '2021-01-30 12:02:24', '2021-01-30 12:02:24'),
(52, 10, 54, NULL, '3.7500', '0.0000', NULL, 4, '2021-01-30 12:02:24', '2021-01-30 12:02:24'),
(53, 10, 55, NULL, '25.0000', '0.0000', NULL, 5, '2021-01-30 12:02:24', '2021-01-30 12:02:24'),
(54, 10, 62, NULL, '1.2500', '0.0000', NULL, 6, '2021-01-30 12:02:24', '2021-01-30 12:02:24'),
(55, 11, 60, NULL, '100.0000', '0.0000', NULL, 1, '2021-01-30 12:04:04', '2021-01-30 12:04:04'),
(56, 11, 56, NULL, '20.0000', '0.0000', NULL, 2, '2021-01-30 12:04:04', '2021-01-30 12:04:04'),
(57, 11, 54, NULL, '7.5000', '0.0000', NULL, 3, '2021-01-30 12:04:04', '2021-01-30 12:04:04'),
(58, 11, 57, NULL, '1.0000', '0.0000', NULL, 4, '2021-01-30 12:04:04', '2021-01-30 12:04:04'),
(59, 11, 61, NULL, '1.0000', '0.0000', NULL, 5, '2021-01-30 12:04:04', '2021-01-30 12:04:04'),
(60, 11, 55, NULL, '50.0000', '0.0000', NULL, 6, '2021-01-30 12:04:04', '2021-01-30 12:04:04'),
(61, 12, 60, NULL, '100.0000', '0.0000', NULL, 1, '2021-01-30 12:06:06', '2021-01-30 12:06:06'),
(62, 12, 48, NULL, '1.0000', '0.0000', NULL, 2, '2021-01-30 12:06:06', '2021-01-30 12:06:06'),
(63, 12, 56, NULL, '20.0000', '0.0000', NULL, 3, '2021-01-30 12:06:06', '2021-01-30 12:06:06'),
(64, 12, 62, NULL, '2.5000', '0.0000', NULL, 4, '2021-01-30 12:06:06', '2021-01-30 12:06:06'),
(65, 12, 55, NULL, '50.0000', '0.0000', NULL, 5, '2021-01-30 12:06:06', '2021-01-30 12:06:06'),
(66, 13, 60, NULL, '66.6700', '0.0000', NULL, 1, '2021-01-30 12:08:04', '2021-01-30 12:08:04'),
(67, 13, 62, NULL, '1.6700', '0.0000', NULL, 2, '2021-01-30 12:08:04', '2021-01-30 12:08:04'),
(68, 13, 54, NULL, '5.0000', '0.0000', NULL, 3, '2021-01-30 12:08:04', '2021-01-30 12:08:04'),
(69, 13, 48, NULL, '0.6700', '0.0000', NULL, 4, '2021-01-30 12:08:04', '2021-01-30 12:08:04'),
(70, 13, 56, NULL, '13.3300', '0.0000', NULL, 5, '2021-01-30 12:08:04', '2021-01-30 12:08:04'),
(71, 13, 55, NULL, '33.3300', '0.0000', NULL, 6, '2021-01-30 12:08:04', '2021-01-30 12:08:04'),
(72, 14, 60, NULL, '66.6700', '0.0000', NULL, 1, '2021-01-30 12:11:07', '2021-01-30 12:11:07'),
(73, 14, 62, NULL, '1.6700', '0.0000', NULL, 2, '2021-01-30 12:11:07', '2021-01-30 12:11:07'),
(74, 14, 54, NULL, '5.0000', '0.0000', NULL, 3, '2021-01-30 12:11:07', '2021-01-30 12:11:07'),
(75, 14, 48, NULL, '0.6700', '0.0000', NULL, 4, '2021-01-30 12:11:07', '2021-01-30 12:11:07'),
(76, 14, 56, NULL, '13.3300', '0.0000', NULL, 5, '2021-01-30 12:11:07', '2021-01-30 12:11:07'),
(77, 14, 55, NULL, '33.3300', '0.0000', NULL, 6, '2021-01-30 12:11:07', '2021-01-30 12:11:07'),
(78, 15, 63, NULL, '25.0000', '0.0000', NULL, 1, '2021-01-30 12:15:13', '2021-01-30 12:15:13'),
(79, 15, 64, NULL, '6.2500', '0.0000', NULL, 2, '2021-01-30 12:15:13', '2021-01-30 12:15:13'),
(80, 15, 65, NULL, '15.0000', '0.0000', NULL, 3, '2021-01-30 12:15:13', '2021-01-30 12:15:13'),
(81, 15, 68, NULL, '6.2500', '0.0000', NULL, 4, '2021-01-30 12:15:13', '2021-01-30 12:15:13'),
(82, 15, 69, NULL, '10.0000', '0.0000', NULL, 5, '2021-01-30 12:15:13', '2021-01-30 12:15:13'),
(83, 15, 57, NULL, '0.2500', '0.0000', NULL, 6, '2021-01-30 12:15:13', '2021-01-30 12:15:13'),
(84, 15, 48, NULL, '0.1000', '0.0000', NULL, 7, '2021-01-30 12:15:13', '2021-01-30 12:15:13'),
(85, 15, 56, NULL, '0.2500', '0.0000', NULL, 8, '2021-01-30 12:15:13', '2021-01-30 12:15:13'),
(86, 16, 69, NULL, '66.6700', '0.0000', NULL, 1, '2021-01-30 12:17:28', '2021-01-30 12:17:28'),
(87, 16, 70, NULL, '0.6700', '0.0000', NULL, 2, '2021-01-30 12:17:28', '2021-01-30 12:17:28'),
(88, 16, 71, NULL, '1.0000', '0.0000', NULL, 3, '2021-01-30 12:17:28', '2021-01-30 12:17:28'),
(89, 16, 72, NULL, '0.6700', '0.0000', NULL, 4, '2021-01-30 12:17:28', '2021-01-30 12:17:28'),
(90, 16, 63, NULL, '13.3300', '0.0000', NULL, 5, '2021-01-30 12:17:28', '2021-01-30 12:17:28'),
(91, 16, 48, NULL, '1.3300', '0.0000', NULL, 6, '2021-01-30 12:17:28', '2021-01-30 12:17:28'),
(92, 17, 53, NULL, '83.3300', '0.0000', NULL, 1, '2021-01-30 12:20:22', '2021-01-30 12:20:22'),
(93, 17, 69, NULL, '83.3300', '0.0000', NULL, 2, '2021-01-30 12:20:22', '2021-01-30 12:20:22'),
(94, 17, 70, NULL, '0.8300', '0.0000', NULL, 3, '2021-01-30 12:20:22', '2021-01-30 12:20:22'),
(95, 17, 71, NULL, '1.2500', '0.0000', NULL, 4, '2021-01-30 12:20:22', '2021-01-30 12:20:22'),
(96, 17, 72, NULL, '0.8300', '0.0000', NULL, 5, '2021-01-30 12:20:22', '2021-01-30 12:20:22'),
(97, 17, 73, NULL, '12.5000', '0.0000', NULL, 6, '2021-01-30 12:20:22', '2021-01-30 12:20:22'),
(98, 17, 52, NULL, '0.4200', '0.0000', NULL, 7, '2021-01-30 12:20:22', '2021-01-30 12:20:22'),
(99, 17, 48, NULL, '1.6700', '0.0000', NULL, 8, '2021-01-30 12:20:22', '2021-01-30 12:20:22'),
(100, 18, 47, NULL, '50.0000', '0.0000', NULL, 1, '2021-01-30 12:23:12', '2021-01-30 12:23:12'),
(101, 18, 64, NULL, '25.0000', '0.0000', NULL, 2, '2021-01-30 12:23:12', '2021-01-30 12:23:12'),
(102, 18, 65, NULL, '41.2500', '0.0000', NULL, 3, '2021-01-30 12:23:12', '2021-01-30 12:23:12'),
(103, 18, 74, NULL, '30.0000', '0.0000', NULL, 4, '2021-01-30 12:23:12', '2021-01-30 12:23:12'),
(104, 18, 58, NULL, '40.0000', '0.0000', NULL, 5, '2021-01-30 12:23:12', '2021-01-30 12:23:12'),
(105, 18, 48, NULL, '2.5000', '0.0000', NULL, 6, '2021-01-30 12:23:12', '2021-01-30 12:23:12'),
(106, 18, 49, NULL, '2.5000', '0.0000', NULL, 7, '2021-01-30 12:23:12', '2021-01-30 12:23:12'),
(107, 18, 75, NULL, '37.5000', '0.0000', NULL, 8, '2021-01-30 12:23:12', '2021-01-30 12:23:12'),
(108, 18, 76, NULL, '2.5000', '0.0000', NULL, 9, '2021-01-30 12:23:12', '2021-01-30 12:23:12'),
(109, 19, 77, NULL, '125.0000', '0.0000', NULL, 1, '2021-01-30 12:33:56', '2021-01-30 12:33:56'),
(110, 19, 64, NULL, '25.0000', '0.0000', NULL, 2, '2021-01-30 12:33:56', '2021-01-30 12:33:56'),
(111, 19, 65, NULL, '41.2500', '0.0000', NULL, 3, '2021-01-30 12:33:56', '2021-01-30 12:33:56'),
(112, 19, 74, NULL, '30.0000', '0.0000', NULL, 4, '2021-01-30 12:33:56', '2021-01-30 12:33:56'),
(113, 19, 58, NULL, '40.0000', '0.0000', NULL, 5, '2021-01-30 12:33:56', '2021-01-30 12:33:56'),
(114, 19, 48, NULL, '2.5000', '0.0000', NULL, 6, '2021-01-30 12:33:56', '2021-01-30 12:33:56'),
(115, 19, 49, NULL, '2.5000', '0.0000', NULL, 7, '2021-01-30 12:33:56', '2021-01-30 12:33:56'),
(116, 19, 75, NULL, '2.5000', '0.0000', NULL, 8, '2021-01-30 12:33:56', '2021-01-30 12:33:56'),
(117, 19, 76, NULL, '2.5000', '0.0000', NULL, 9, '2021-01-30 12:33:56', '2021-01-30 12:33:56'),
(118, 20, 53, NULL, '75.0000', '0.0000', NULL, 1, '2021-01-30 12:37:15', '2021-01-30 12:37:15'),
(119, 20, 65, NULL, '41.2500', '0.0000', NULL, 2, '2021-01-30 12:37:15', '2021-01-30 12:37:15'),
(120, 20, 52, NULL, '0.7500', '0.0000', NULL, 3, '2021-01-30 12:37:15', '2021-01-30 12:37:15'),
(121, 20, 78, NULL, '25.0000', '0.0000', NULL, 4, '2021-01-30 12:37:15', '2021-01-30 12:37:15'),
(122, 20, 74, NULL, '30.0000', '0.0000', NULL, 5, '2021-01-30 12:37:15', '2021-01-30 12:37:15'),
(123, 21, 47, NULL, '41.6700', '0.0000', NULL, 1, '2021-01-30 12:47:40', '2021-01-30 12:47:40'),
(124, 21, 52, NULL, '0.1250', '0.0000', NULL, 2, '2021-01-30 12:47:40', '2021-01-30 12:47:40'),
(125, 21, 79, NULL, '26.6700', '0.0000', NULL, 3, '2021-01-30 12:47:40', '2021-01-30 12:47:40'),
(126, 21, 51, NULL, '0.6250', '0.0000', NULL, 4, '2021-01-30 12:47:40', '2021-01-30 12:47:40'),
(127, 22, 60, NULL, '500.0000', '0.0000', NULL, 1, '2021-01-30 12:52:26', '2021-01-30 12:52:26'),
(128, 22, 62, NULL, '7.5000', '0.0000', NULL, 2, '2021-01-30 12:52:26', '2021-01-30 12:52:26'),
(129, 22, 56, NULL, '25.0000', '0.0000', NULL, 3, '2021-01-30 12:52:26', '2021-01-30 12:52:26'),
(130, 22, 48, NULL, '5.0000', '0.0000', NULL, 4, '2021-01-30 12:52:26', '2021-01-30 12:52:26'),
(131, 22, 80, NULL, '2.5000', '0.0000', NULL, 5, '2021-01-30 12:52:26', '2021-01-30 12:52:26'),
(132, 22, 81, NULL, '2.5000', '0.0000', NULL, 6, '2021-01-30 12:52:26', '2021-01-30 12:52:26'),
(133, 22, 54, NULL, '25.0000', '0.0000', NULL, 7, '2021-01-30 12:52:26', '2021-01-30 12:52:26'),
(134, 22, 82, NULL, '300.0000', '0.0000', NULL, 8, '2021-01-30 12:52:26', '2021-01-30 12:52:26'),
(135, 23, 60, NULL, '333.3300', '0.0000', NULL, 1, '2021-01-30 12:54:52', '2021-01-30 12:54:52'),
(136, 23, 62, NULL, '6.6700', '0.0000', NULL, 2, '2021-01-30 12:54:52', '2021-01-30 12:54:52'),
(137, 23, 56, NULL, '33.3300', '0.0000', NULL, 3, '2021-01-30 12:54:52', '2021-01-30 12:54:52'),
(138, 23, 48, NULL, '3.3300', '0.0000', NULL, 4, '2021-01-30 12:54:52', '2021-01-30 12:54:52'),
(139, 23, 80, NULL, '1.6700', '0.0000', NULL, 5, '2021-01-30 12:54:52', '2021-01-30 12:54:52'),
(140, 23, 81, NULL, '1.6700', '0.0000', NULL, 6, '2021-01-30 12:54:52', '2021-01-30 12:54:52'),
(141, 23, 54, NULL, '33.3300', '0.0000', NULL, 7, '2021-01-30 12:54:52', '2021-01-30 12:54:52'),
(142, 23, 55, NULL, '166.6700', '0.0000', NULL, 8, '2021-01-30 12:54:52', '2021-01-30 12:54:52'),
(143, 24, 83, NULL, '333.3300', '0.0000', NULL, 1, '2021-01-30 12:57:00', '2021-01-30 12:57:00'),
(144, 24, 62, NULL, '6.6700', '0.0000', NULL, 2, '2021-01-30 12:57:00', '2021-01-30 12:57:00'),
(145, 24, 48, NULL, '3.3300', '0.0000', NULL, 3, '2021-01-30 12:57:00', '2021-01-30 12:57:00'),
(146, 24, 54, NULL, '16.6700', '0.0000', NULL, 4, '2021-01-30 12:57:00', '2021-01-30 12:57:00'),
(147, 24, 81, NULL, '1.6700', '0.0000', NULL, 5, '2021-01-30 12:57:00', '2021-01-30 12:57:00'),
(148, 24, 80, NULL, '1.6700', '0.0000', NULL, 6, '2021-01-30 12:57:00', '2021-01-30 12:57:00'),
(149, 25, 84, NULL, '333.3300', '0.0000', NULL, 1, '2021-01-30 13:00:00', '2021-01-30 13:00:00'),
(150, 25, 62, NULL, '6.6700', '0.0000', NULL, 2, '2021-01-30 13:00:00', '2021-01-30 13:00:00'),
(151, 25, 48, NULL, '3.3300', '0.0000', NULL, 3, '2021-01-30 13:00:00', '2021-01-30 13:00:00'),
(152, 25, 56, NULL, '33.3300', '0.0000', NULL, 4, '2021-01-30 13:00:00', '2021-01-30 13:00:00'),
(153, 25, 80, NULL, '1.6700', '0.0000', NULL, 5, '2021-01-30 13:00:00', '2021-01-30 13:00:00'),
(154, 25, 81, NULL, '1.6700', '0.0000', NULL, 6, '2021-01-30 13:00:00', '2021-01-30 13:00:00'),
(155, 25, 54, NULL, '33.3300', '0.0000', NULL, 7, '2021-01-30 13:00:00', '2021-01-30 13:00:00'),
(156, 25, 55, NULL, '166.6700', '0.0000', NULL, 8, '2021-01-30 13:00:00', '2021-01-30 13:00:00'),
(157, 26, 84, NULL, '333.3300', '0.0000', NULL, 1, '2021-01-30 13:03:19', '2021-01-30 13:03:19'),
(158, 26, 62, NULL, '6.6700', '0.0000', NULL, 2, '2021-01-30 13:03:19', '2021-01-30 13:03:19'),
(159, 26, 48, NULL, '3.3300', '0.0000', NULL, 3, '2021-01-30 13:03:19', '2021-01-30 13:03:19'),
(160, 26, 56, NULL, '33.3300', '0.0000', NULL, 4, '2021-01-30 13:03:19', '2021-01-30 13:03:19'),
(161, 26, 80, NULL, '1.6700', '0.0000', NULL, 5, '2021-01-30 13:03:19', '2021-01-30 13:03:19'),
(162, 26, 81, NULL, '1.6700', '0.0000', NULL, 6, '2021-01-30 13:03:19', '2021-01-30 13:03:19'),
(163, 26, 54, NULL, '33.3300', '0.0000', NULL, 7, '2021-01-30 13:03:19', '2021-01-30 13:03:19'),
(164, 26, 55, NULL, '166.6700', '0.0000', NULL, 8, '2021-01-30 13:03:19', '2021-01-30 13:03:19'),
(165, 27, 84, NULL, '125.0000', '0.0000', NULL, 1, '2021-01-30 13:06:11', '2021-01-30 13:06:11'),
(166, 27, 62, NULL, '2.5000', '0.0000', NULL, 2, '2021-01-30 13:06:11', '2021-01-30 13:06:11'),
(167, 27, 48, NULL, '1.2500', '0.0000', NULL, 3, '2021-01-30 13:06:11', '2021-01-30 13:06:11'),
(168, 27, 56, NULL, '12.5000', '0.0000', NULL, 4, '2021-01-30 13:06:11', '2021-01-30 13:06:11'),
(169, 27, 80, NULL, '0.6250', '0.0000', NULL, 5, '2021-01-30 13:06:11', '2021-01-30 13:06:11'),
(170, 27, 81, NULL, '0.6250', '0.0000', NULL, 6, '2021-01-30 13:06:11', '2021-01-30 13:06:11'),
(171, 27, 54, NULL, '12.5000', '0.0000', NULL, 7, '2021-01-30 13:06:11', '2021-01-30 13:06:11'),
(172, 27, 55, NULL, '62.5000', '0.0000', NULL, 8, '2021-01-30 13:06:11', '2021-01-30 13:06:11'),
(173, 28, 84, NULL, '333.3300', '0.0000', NULL, 1, '2021-01-30 13:08:45', '2021-01-30 13:08:45'),
(174, 28, 62, NULL, '6.6700', '0.0000', NULL, 2, '2021-01-30 13:08:45', '2021-01-30 13:08:45'),
(175, 28, 48, NULL, '3.3300', '0.0000', NULL, 3, '2021-01-30 13:08:45', '2021-01-30 13:08:45'),
(176, 28, 56, NULL, '33.3300', '0.0000', NULL, 4, '2021-01-30 13:08:45', '2021-01-30 13:08:45'),
(177, 28, 80, NULL, '1.6700', '0.0000', NULL, 5, '2021-01-30 13:08:45', '2021-01-30 13:08:45'),
(178, 28, 81, NULL, '1.6700', '0.0000', NULL, 6, '2021-01-30 13:08:45', '2021-01-30 13:08:45'),
(179, 28, 54, NULL, '33.3300', '0.0000', NULL, 7, '2021-01-30 13:08:45', '2021-01-30 13:08:45'),
(180, 28, 55, NULL, '166.6700', '0.0000', NULL, 8, '2021-01-30 13:08:45', '2021-01-30 13:08:45'),
(181, 28, 85, NULL, '66.6700', '0.0000', NULL, 9, '2021-01-30 13:08:45', '2021-01-30 13:08:45'),
(182, 29, 53, NULL, '27.7800', '0.0000', NULL, 1, '2021-01-30 13:10:03', '2021-01-30 13:10:03'),
(183, 29, 52, NULL, '1.1100', '0.0000', NULL, 2, '2021-01-30 13:10:03', '2021-01-30 13:10:03'),
(184, 29, 56, NULL, '22.2200', '0.0000', NULL, 3, '2021-01-30 13:10:03', '2021-01-30 13:10:03'),
(185, 29, 57, NULL, '1.6700', '0.0000', NULL, 4, '2021-01-30 13:10:03', '2021-01-30 13:10:03'),
(186, 30, 53, NULL, '83.3300', '0.0000', NULL, 1, '2021-01-30 13:11:44', '2021-02-17 15:41:21'),
(187, 30, 55, NULL, '41.6700', '0.0000', NULL, 2, '2021-01-30 13:11:44', '2021-02-17 15:41:21'),
(188, 30, 54, NULL, '20.8300', '0.0000', NULL, 3, '2021-01-30 13:11:44', '2021-02-17 15:41:21'),
(189, 30, 56, NULL, '20.8300', '0.0000', NULL, 4, '2021-01-30 13:11:44', '2021-02-17 15:41:21'),
(190, 30, 57, NULL, '2.5000', '0.0000', NULL, 5, '2021-01-30 13:11:44', '2021-02-17 15:41:21'),
(191, 31, 84, NULL, '41.6700', '0.0000', NULL, 1, '2021-01-30 13:14:46', '2021-01-30 13:14:46'),
(192, 31, 86, NULL, '20.8300', '0.0000', NULL, 2, '2021-01-30 13:14:46', '2021-01-30 13:14:46'),
(193, 31, 62, NULL, '0.8300', '0.0000', NULL, 3, '2021-01-30 13:14:46', '2021-01-30 13:14:46'),
(194, 31, 56, NULL, '14.1700', '0.0000', NULL, 4, '2021-01-30 13:14:46', '2021-01-30 13:14:46'),
(195, 31, 80, NULL, '0.2100', '0.0000', NULL, 5, '2021-01-30 13:14:46', '2021-01-30 13:14:46'),
(196, 31, 52, NULL, '0.0830', '0.0000', NULL, 6, '2021-01-30 13:14:46', '2021-01-30 13:14:46'),
(197, 31, 54, NULL, '2.0830', '0.0000', NULL, 7, '2021-01-30 13:14:46', '2021-01-30 13:14:46'),
(198, 31, 55, NULL, '4.1670', '0.0000', NULL, 8, '2021-01-30 13:14:46', '2021-01-30 13:14:46'),
(199, 32, 53, NULL, '333.3300', '0.0000', NULL, 1, '2021-01-30 13:33:30', '2021-01-30 13:33:30'),
(200, 32, 56, NULL, '333.3300', '0.0000', NULL, 2, '2021-01-30 13:33:30', '2021-01-30 13:33:30'),
(201, 32, 54, NULL, '333.3300', '0.0000', NULL, 3, '2021-01-30 13:33:30', '2021-01-30 13:33:30'),
(202, 32, 52, NULL, '6.6700', '0.0000', NULL, 4, '2021-01-30 13:33:30', '2021-01-30 13:33:30'),
(203, 32, 57, NULL, '6.6700', '0.0000', NULL, 5, '2021-01-30 13:33:30', '2021-01-30 13:33:30'),
(204, 32, 55, NULL, '333.3300', '0.0000', NULL, 6, '2021-01-30 13:33:30', '2021-01-30 13:33:30'),
(205, 33, 87, NULL, '333.3300', '0.0000', NULL, 1, '2021-01-30 13:37:32', '2021-02-17 12:00:30'),
(206, 33, 50, NULL, '16.6700', '0.0000', NULL, 2, '2021-01-30 13:37:32', '2021-02-17 12:00:30'),
(207, 33, 51, NULL, '16.6700', '0.0000', NULL, 3, '2021-01-30 13:37:32', '2021-02-17 12:00:30'),
(208, 33, 48, NULL, '3.3300', '0.0000', NULL, 4, '2021-01-30 13:37:32', '2021-02-17 12:00:30'),
(209, 33, 88, NULL, '16.6700', '0.0000', NULL, 5, '2021-01-30 13:37:32', '2021-02-17 12:00:30'),
(210, 33, 59, NULL, '1.6700', '0.0000', NULL, 6, '2021-01-30 13:37:32', '2021-02-17 12:00:30'),
(211, 33, 55, NULL, '33.3300', '0.0000', NULL, 7, '2021-01-30 13:37:32', '2021-02-17 12:00:30'),
(212, 33, 101, NULL, '1.6700', '0.0000', NULL, 8, '2021-01-30 13:37:32', '2021-02-17 12:00:30'),
(213, 33, 49, NULL, '0.6700', '0.0000', NULL, 9, '2021-01-30 13:37:32', '2021-02-17 12:00:30'),
(214, 34, 87, NULL, '333.3300', '0.0000', NULL, 1, '2021-01-30 13:40:43', '2021-01-30 13:40:43'),
(215, 34, 50, NULL, '16.6700', '0.0000', NULL, 2, '2021-01-30 13:40:43', '2021-01-30 13:40:43'),
(216, 34, 51, NULL, '16.6700', '0.0000', NULL, 3, '2021-01-30 13:40:43', '2021-01-30 13:40:43'),
(217, 34, 48, NULL, '1.6700', '0.0000', NULL, 4, '2021-01-30 13:40:43', '2021-01-30 13:40:43'),
(218, 34, 88, NULL, '16.6700', '0.0000', NULL, 5, '2021-01-30 13:40:43', '2021-01-30 13:40:43'),
(219, 34, 58, NULL, '33.3300', '0.0000', NULL, 6, '2021-01-30 13:40:43', '2021-01-30 13:40:43'),
(220, 34, 65, NULL, '23.3300', '0.0000', NULL, 7, '2021-01-30 13:40:43', '2021-01-30 13:40:43'),
(221, 34, 64, NULL, '16.6700', '0.0000', NULL, 8, '2021-01-30 13:40:43', '2021-01-30 13:40:43'),
(222, 34, 89, NULL, '33.3300', '0.0000', NULL, 9, '2021-01-30 13:40:43', '2021-01-30 13:40:43'),
(223, 34, 90, NULL, '0.3300', '0.0000', NULL, 10, '2021-01-30 13:40:43', '2021-01-30 13:40:43'),
(224, 35, 87, NULL, '333.3300', '0.0000', NULL, 1, '2021-01-30 13:43:27', '2021-01-30 13:43:27'),
(225, 35, 50, NULL, '16.6700', '0.0000', NULL, 2, '2021-01-30 13:43:27', '2021-01-30 13:43:27'),
(226, 35, 51, NULL, '16.6700', '0.0000', NULL, 3, '2021-01-30 13:43:27', '2021-01-30 13:43:27'),
(227, 35, 58, NULL, '33.3300', '0.0000', NULL, 4, '2021-01-30 13:43:27', '2021-01-30 13:43:27'),
(228, 35, 91, NULL, '60.0000', '0.0000', NULL, 5, '2021-01-30 13:43:27', '2021-01-30 13:43:27'),
(229, 35, 48, NULL, '1.6700', '0.0000', NULL, 6, '2021-01-30 13:43:27', '2021-01-30 13:43:27'),
(230, 35, 65, NULL, '23.3300', '0.0000', NULL, 7, '2021-01-30 13:43:27', '2021-01-30 13:43:27'),
(231, 35, 64, NULL, '16.6700', '0.0000', NULL, 8, '2021-01-30 13:43:27', '2021-01-30 13:43:27'),
(232, 35, 92, NULL, '20.0000', '0.0000', NULL, 9, '2021-01-30 13:43:27', '2021-01-30 13:43:27'),
(233, 35, 49, NULL, '1.6700', '0.0000', NULL, 10, '2021-01-30 13:43:27', '2021-01-30 13:43:27'),
(234, 35, 76, NULL, '10.0000', '0.0000', NULL, 11, '2021-01-30 13:43:27', '2021-01-30 13:43:27'),
(235, 36, 93, NULL, '333.3300', '0.0000', NULL, 1, '2021-01-30 13:45:22', '2021-01-30 13:45:22'),
(236, 36, 50, NULL, '16.6700', '0.0000', NULL, 2, '2021-01-30 13:45:22', '2021-01-30 13:45:22'),
(237, 36, 51, NULL, '16.6700', '0.0000', NULL, 3, '2021-01-30 13:45:22', '2021-01-30 13:45:22'),
(238, 36, 88, NULL, '33.3300', '0.0000', NULL, 4, '2021-01-30 13:45:22', '2021-01-30 13:45:22'),
(239, 36, 94, NULL, '20.0000', '0.0000', NULL, 5, '2021-01-30 13:45:22', '2021-01-30 13:45:22'),
(240, 36, 48, NULL, '3.3300', '0.0000', NULL, 6, '2021-01-30 13:45:22', '2021-01-30 13:45:22'),
(241, 37, 95, NULL, '333.3300', '0.0000', NULL, 1, '2021-01-30 13:54:38', '2021-01-30 13:54:38'),
(242, 37, 51, NULL, '33.3300', '0.0000', NULL, 2, '2021-01-30 13:54:38', '2021-01-30 13:54:38'),
(243, 37, 48, NULL, '3.3300', '0.0000', NULL, 3, '2021-01-30 13:54:38', '2021-01-30 13:54:38'),
(244, 37, 108, NULL, '25.0000', '0.0000', NULL, 4, '2021-01-30 13:54:38', '2021-01-30 13:54:38'),
(245, 37, 94, NULL, '50.0000', '0.0000', NULL, 5, '2021-01-30 13:54:38', '2021-01-30 13:54:38'),
(246, 38, 95, NULL, '250.0000', '0.0000', NULL, 1, '2021-01-30 13:57:45', '2021-01-30 13:57:45'),
(247, 38, 51, NULL, '25.0000', '0.0000', NULL, 2, '2021-01-30 13:57:45', '2021-01-30 13:57:45'),
(248, 38, 108, NULL, '18.7500', '0.0000', NULL, 3, '2021-01-30 13:57:45', '2021-01-30 13:57:45'),
(249, 38, 48, NULL, '2.5000', '0.0000', NULL, 4, '2021-01-30 13:57:45', '2021-01-30 13:57:45'),
(250, 38, 52, NULL, '0.7500', '0.0000', NULL, 5, '2021-01-30 13:57:45', '2021-01-30 13:57:45'),
(251, 38, 96, NULL, '62.5000', '0.0000', NULL, 6, '2021-01-30 13:57:45', '2021-01-30 13:57:45'),
(252, 39, 97, NULL, '333.3300', '0.0000', NULL, 1, '2021-01-30 14:00:31', '2021-01-30 14:00:31'),
(253, 39, 48, NULL, '3.3300', '0.0000', NULL, 2, '2021-01-30 14:00:31', '2021-01-30 14:00:31'),
(254, 39, 51, NULL, '33.3300', '0.0000', NULL, 3, '2021-01-30 14:00:31', '2021-01-30 14:00:31'),
(255, 39, 65, NULL, '83.3300', '0.0000', NULL, 4, '2021-01-30 14:00:31', '2021-01-30 14:00:31'),
(256, 39, 58, NULL, '100.0000', '0.0000', NULL, 5, '2021-01-30 14:00:31', '2021-01-30 14:00:31'),
(257, 39, 64, NULL, '50.0000', '0.0000', NULL, 6, '2021-01-30 14:00:31', '2021-01-30 14:00:31'),
(258, 39, 91, NULL, '116.6700', '0.0000', NULL, 7, '2021-01-30 14:00:31', '2021-01-30 14:00:31'),
(259, 39, 108, NULL, '50.0000', '0.0000', NULL, 8, '2021-01-30 14:00:31', '2021-01-30 14:00:31'),
(260, 39, 72, NULL, '1.0000', '0.0000', NULL, 9, '2021-01-30 14:00:31', '2021-01-30 14:00:31'),
(261, 39, 49, NULL, '1.6700', '0.0000', NULL, 10, '2021-01-30 14:00:31', '2021-01-30 14:00:31'),
(262, 40, 98, NULL, '200.0000', '0.0000', NULL, 1, '2021-01-30 14:02:06', '2021-01-30 14:02:06'),
(263, 40, 51, NULL, '20.0000', '0.0000', NULL, 2, '2021-01-30 14:02:06', '2021-01-30 14:02:06'),
(264, 40, 48, NULL, '2.0000', '0.0000', NULL, 3, '2021-01-30 14:02:06', '2021-01-30 14:02:06'),
(265, 40, 108, NULL, '30.0000', '0.0000', NULL, 4, '2021-01-30 14:02:06', '2021-01-30 14:02:06'),
(266, 40, 52, NULL, '0.6000', '0.0000', NULL, 5, '2021-01-30 14:02:06', '2021-01-30 14:02:06'),
(267, 41, 99, NULL, '1.0000', '0.0000', NULL, 1, '2021-01-30 14:04:22', '2021-01-30 14:04:22'),
(268, 41, 51, NULL, '5.0000', '0.0000', NULL, 2, '2021-01-30 14:04:22', '2021-01-30 14:04:22'),
(269, 41, 50, NULL, '5.0000', '0.0000', NULL, 3, '2021-01-30 14:04:22', '2021-01-30 14:04:22'),
(270, 41, 48, NULL, '2.5000', '0.0000', NULL, 4, '2021-01-30 14:04:22', '2021-01-30 14:04:22'),
(271, 41, 94, NULL, '100.0000', '0.0000', NULL, 5, '2021-01-30 14:04:22', '2021-01-30 14:04:22'),
(272, 41, 88, NULL, '50.0000', '0.0000', NULL, 6, '2021-01-30 14:04:22', '2021-01-30 14:04:22'),
(273, 42, 169, NULL, '0.5000', '0.0000', NULL, 1, '2021-01-30 14:08:40', '2021-01-30 14:08:40'),
(274, 42, 58, NULL, '75.0000', '0.0000', NULL, 2, '2021-01-30 14:08:40', '2021-01-30 14:08:40'),
(275, 42, 64, NULL, '50.0000', '0.0000', NULL, 3, '2021-01-30 14:08:40', '2021-01-30 14:08:40'),
(276, 42, 65, NULL, '50.0000', '0.0000', NULL, 4, '2021-01-30 14:08:40', '2021-01-30 14:08:40'),
(277, 42, 49, NULL, '2.5000', '0.0000', NULL, 5, '2021-01-30 14:08:40', '2021-01-30 14:08:40'),
(278, 42, 100, NULL, '2.5000', '0.0000', NULL, 6, '2021-01-30 14:08:40', '2021-01-30 14:08:40'),
(279, 42, 48, NULL, '2.5000', '0.0000', NULL, 7, '2021-01-30 14:08:40', '2021-01-30 14:08:40'),
(280, 43, 169, NULL, '0.5000', '0.0000', NULL, 1, '2021-01-30 14:11:06', '2021-01-30 14:11:06'),
(281, 43, 58, NULL, '50.0000', '0.0000', NULL, 2, '2021-01-30 14:11:06', '2021-01-30 14:11:06'),
(282, 43, 64, NULL, '25.0000', '0.0000', NULL, 3, '2021-01-30 14:11:06', '2021-01-30 14:11:06'),
(283, 43, 65, NULL, '25.0000', '0.0000', NULL, 4, '2021-01-30 14:11:06', '2021-01-30 14:11:06'),
(284, 43, 89, NULL, '50.0000', '0.0000', NULL, 5, '2021-01-30 14:11:06', '2021-01-30 14:11:06'),
(285, 43, 48, NULL, '2.5000', '0.0000', NULL, 6, '2021-01-30 14:11:06', '2021-01-30 14:11:06'),
(286, 43, 101, NULL, '1.2500', '0.0000', NULL, 7, '2021-01-30 14:11:06', '2021-01-30 14:11:06'),
(287, 43, 49, NULL, '1.2500', '0.0000', NULL, 8, '2021-01-30 14:11:06', '2021-01-30 14:11:06'),
(288, 44, 169, NULL, '0.3333', '0.0000', NULL, 1, '2021-01-30 14:14:41', '2021-01-30 14:14:41'),
(289, 44, 58, NULL, '100.0000', '0.0000', NULL, 2, '2021-01-30 14:14:41', '2021-01-30 14:14:41'),
(290, 44, 91, NULL, '166.6700', '0.0000', NULL, 3, '2021-01-30 14:14:41', '2021-01-30 14:14:41'),
(291, 44, 102, NULL, '6.6700', '0.0000', NULL, 4, '2021-01-30 14:14:41', '2021-01-30 14:14:41'),
(292, 44, 64, NULL, '16.6700', '0.0000', NULL, 5, '2021-01-30 14:14:41', '2021-01-30 14:14:41'),
(293, 44, 48, NULL, '3.3300', '0.0000', NULL, 6, '2021-01-30 14:14:41', '2021-01-30 14:14:41'),
(294, 45, 169, NULL, '0.5000', '0.0000', NULL, 1, '2021-01-30 15:07:52', '2021-01-30 15:07:52'),
(295, 45, 65, NULL, '50.0000', '0.0000', NULL, 2, '2021-01-30 15:07:52', '2021-01-30 15:07:52'),
(296, 45, 64, NULL, '50.0000', '0.0000', NULL, 3, '2021-01-30 15:07:52', '2021-01-30 15:07:52'),
(297, 45, 58, NULL, '100.0000', '0.0000', NULL, 4, '2021-01-30 15:07:52', '2021-01-30 15:07:52'),
(298, 45, 48, NULL, '2.5000', '0.0000', NULL, 5, '2021-01-30 15:07:52', '2021-01-30 15:07:52'),
(299, 45, 55, NULL, '100.0000', '0.0000', NULL, 6, '2021-01-30 15:07:52', '2021-01-30 15:07:52'),
(300, 45, 103, NULL, '5.0000', '0.0000', NULL, 7, '2021-01-30 15:07:52', '2021-01-30 15:07:52'),
(301, 45, 49, NULL, '2.5000', '0.0000', NULL, 8, '2021-01-30 15:07:52', '2021-01-30 15:07:52'),
(302, 45, 76, NULL, '5.0000', '0.0000', NULL, 9, '2021-01-30 15:07:52', '2021-01-30 15:07:52'),
(303, 46, 169, NULL, '0.2500', '0.0000', NULL, 1, '2021-01-30 15:10:40', '2021-01-30 15:10:40'),
(304, 46, 58, NULL, '75.0000', '0.0000', NULL, 2, '2021-01-30 15:10:40', '2021-01-30 15:10:40'),
(305, 46, 64, NULL, '50.0000', '0.0000', NULL, 3, '2021-01-30 15:10:40', '2021-01-30 15:10:40'),
(306, 46, 104, NULL, '35.0000', '0.0000', NULL, 4, '2021-01-30 15:10:40', '2021-01-30 15:10:40'),
(307, 46, 91, NULL, '125.0000', '0.0000', NULL, 5, '2021-01-30 15:10:40', '2021-01-30 15:10:40'),
(308, 46, 105, NULL, '2.5000', '0.0000', NULL, 6, '2021-01-30 15:10:40', '2021-01-30 15:10:40'),
(309, 46, 75, NULL, '50.0000', '0.0000', NULL, 7, '2021-01-30 15:10:40', '2021-01-30 15:10:40'),
(310, 47, 73, NULL, '100.0000', '0.0000', NULL, 1, '2021-01-30 15:13:58', '2021-01-30 15:13:58'),
(311, 47, 50, NULL, '20.0000', '0.0000', NULL, 2, '2021-01-30 15:13:58', '2021-01-30 15:13:58'),
(312, 47, 51, NULL, '20.0000', '0.0000', NULL, 3, '2021-01-30 15:13:58', '2021-01-30 15:13:58'),
(313, 47, 48, NULL, '2.0000', '0.0000', NULL, 4, '2021-01-30 15:13:58', '2021-01-30 15:13:58'),
(314, 47, 79, NULL, '50.0000', '0.0000', NULL, 5, '2021-01-30 15:13:58', '2021-01-30 15:13:58'),
(315, 47, 58, NULL, '40.0000', '0.0000', NULL, 6, '2021-01-30 15:13:58', '2021-01-30 15:13:58'),
(316, 47, 52, NULL, '0.4000', '0.0000', NULL, 7, '2021-01-30 15:13:58', '2021-01-30 15:13:58'),
(317, 47, 106, NULL, '2.0000', '0.0000', NULL, 8, '2021-01-30 15:13:58', '2021-01-30 15:13:58'),
(318, 48, 107, NULL, '200.0000', '0.0000', NULL, 1, '2021-01-30 15:26:25', '2021-01-30 15:26:25'),
(319, 48, 70, NULL, '60.0000', '0.0000', NULL, 2, '2021-01-30 15:26:25', '2021-01-30 15:26:25'),
(320, 48, 48, NULL, '2.0000', '0.0000', NULL, 3, '2021-01-30 15:26:25', '2021-01-30 15:26:25'),
(321, 48, 74, NULL, '160.0000', '0.0000', NULL, 4, '2021-01-30 15:26:25', '2021-01-30 15:26:25'),
(322, 48, 58, NULL, '40.0000', '0.0000', NULL, 5, '2021-01-30 15:26:25', '2021-01-30 15:26:25'),
(323, 48, 78, NULL, '100.0000', '0.0000', NULL, 6, '2021-01-30 15:26:25', '2021-01-30 15:26:25'),
(324, 48, 75, NULL, '40.0000', '0.0000', NULL, 7, '2021-01-30 15:26:25', '2021-01-30 15:26:25'),
(325, 48, 109, NULL, '0.2000', '0.0000', NULL, 8, '2021-01-30 15:26:25', '2021-01-30 15:26:25'),
(326, 48, 91, NULL, '40.0000', '0.0000', NULL, 9, '2021-01-30 15:26:25', '2021-01-30 15:26:25'),
(327, 48, 170, NULL, '200.0000', '0.0000', NULL, 10, '2021-01-30 15:26:25', '2021-01-30 15:26:25'),
(328, 49, 110, NULL, '500.0000', '0.0000', NULL, 1, '2021-01-30 15:32:49', '2021-01-30 15:32:49'),
(329, 49, 111, NULL, '1.0000', '0.0000', NULL, 2, '2021-01-30 15:32:49', '2021-01-30 15:32:49'),
(330, 49, 108, NULL, '75.0000', '0.0000', NULL, 3, '2021-01-30 15:32:49', '2021-01-30 15:32:49'),
(331, 49, 171, NULL, '50.0000', '0.0000', NULL, 4, '2021-01-30 15:32:49', '2021-01-30 15:32:49'),
(332, 49, 88, NULL, '250.0000', '0.0000', NULL, 5, '2021-01-30 15:32:49', '2021-01-30 15:32:49'),
(333, 49, 48, NULL, '10.0000', '0.0000', NULL, 6, '2021-01-30 15:32:49', '2021-01-30 15:32:49'),
(334, 49, 112, NULL, '965.0000', '0.0000', NULL, 7, '2021-01-30 15:32:49', '2021-01-30 15:32:49'),
(335, 49, 113, NULL, '1.0000', '0.0000', NULL, 8, '2021-01-30 15:32:49', '2021-01-30 15:32:49'),
(336, 49, 114, NULL, '2.0000', '0.0000', NULL, 9, '2021-01-30 15:32:49', '2021-01-30 15:32:49'),
(337, 49, 115, NULL, '1.0000', '0.0000', NULL, 10, '2021-01-30 15:32:49', '2021-01-30 15:32:49'),
(338, 49, 118, NULL, '1.0000', '0.0000', NULL, 11, '2021-01-30 15:32:49', '2021-01-30 15:32:49'),
(339, 49, 119, NULL, '1.0000', '0.0000', NULL, 12, '2021-01-30 15:32:49', '2021-01-30 15:32:49'),
(340, 49, 65, NULL, '25.0000', '0.0000', NULL, 13, '2021-01-30 15:32:49', '2021-01-30 15:32:49'),
(341, 49, 64, NULL, '25.0000', '0.0000', NULL, 14, '2021-01-30 15:32:49', '2021-01-30 15:32:49'),
(342, 49, 120, NULL, '1.0000', '0.0000', NULL, 15, '2021-01-30 15:32:49', '2021-01-30 15:32:49'),
(343, 50, 108, NULL, '1.0000', '0.0000', NULL, 1, '2021-01-30 15:34:29', '2021-01-30 15:34:29'),
(344, 50, 48, NULL, '1.0000', '0.0000', NULL, 2, '2021-01-30 15:34:29', '2021-01-30 15:34:29'),
(345, 50, 121, NULL, '1.0000', '0.0000', NULL, 3, '2021-01-30 15:34:29', '2021-01-30 15:34:29'),
(346, 50, 122, NULL, '1.0000', '0.0000', NULL, 4, '2021-01-30 15:34:29', '2021-01-30 15:34:29'),
(347, 50, 88, NULL, '1.0000', '0.0000', NULL, 5, '2021-01-30 15:34:29', '2021-01-30 15:34:29'),
(348, 50, 171, NULL, '1.0000', '0.0000', NULL, 6, '2021-01-30 15:34:29', '2021-01-30 15:34:29'),
(349, 50, 120, NULL, '1.0000', '0.0000', NULL, 7, '2021-01-30 15:34:29', '2021-01-30 15:34:29'),
(350, 51, 53, NULL, '5.0000', '0.0000', NULL, 1, '2021-01-30 21:16:02', '2021-03-03 14:55:12'),
(351, 51, 48, NULL, '3.0000', '0.0000', NULL, 2, '2021-01-30 21:16:02', '2021-03-03 14:55:12'),
(352, 51, 82, NULL, '300.0000', '0.0000', 31, 3, '2021-01-30 21:16:02', '2021-03-03 14:55:12'),
(353, 52, 53, NULL, '1.0000', '0.0000', NULL, 1, '2021-02-16 10:36:35', '2021-02-16 10:36:35'),
(354, 52, 48, NULL, '1.0000', '0.0000', NULL, 2, '2021-02-16 10:36:35', '2021-02-16 10:36:35'),
(355, 52, 77, NULL, '1.0000', '0.0000', NULL, 3, '2021-02-16 10:36:35', '2021-02-16 10:36:35'),
(356, 52, 122, NULL, '2.0000', '2.0000', NULL, 4, '2021-02-16 10:36:35', '2021-02-16 10:36:35'),
(357, 53, 82, NULL, '1.0000', '0.0000', 31, 1, '2021-02-17 10:07:31', '2021-03-03 08:02:44'),
(358, 53, 183, NULL, '1.0000', '0.0000', 29, 2, '2021-02-17 10:07:31', '2021-03-03 08:02:44'),
(359, 54, 52, NULL, '2.0000', '0.0000', NULL, 1, '2021-02-17 15:59:00', '2021-02-17 15:59:00'),
(360, 54, 88, NULL, '10.0000', '0.0000', NULL, 2, '2021-02-17 15:59:00', '2021-02-17 15:59:00'),
(361, 54, 69, NULL, '500.0000', '0.0000', NULL, 3, '2021-02-17 15:59:00', '2021-02-17 15:59:00'),
(362, 54, 48, NULL, '5.0000', '0.0000', NULL, 4, '2021-02-17 15:59:00', '2021-02-17 15:59:00'),
(363, 54, 64, NULL, '100.0000', '0.0000', NULL, 5, '2021-02-17 15:59:00', '2021-02-17 15:59:00'),
(364, 54, 65, NULL, '100.0000', '0.0000', NULL, 6, '2021-02-17 15:59:00', '2021-02-17 15:59:00'),
(365, 55, 53, NULL, '83.3300', '0.0000', NULL, 1, '2021-02-23 10:00:18', '2021-02-23 10:00:18'),
(366, 55, 55, NULL, '41.6700', '0.0000', NULL, 2, '2021-02-23 10:00:18', '2021-02-23 10:00:18'),
(367, 55, 54, NULL, '20.8300', '0.0000', NULL, 3, '2021-02-23 10:00:18', '2021-02-23 10:00:18'),
(368, 55, 56, NULL, '20.8300', '0.0000', NULL, 4, '2021-02-23 10:00:18', '2021-02-23 10:00:18'),
(369, 55, 57, NULL, '2.5000', '0.0000', NULL, 5, '2021-02-23 10:00:18', '2021-02-23 10:00:18'),
(370, 53, 82, 1, '1.0000', '0.0000', NULL, 1, '2021-03-03 08:02:44', '2021-03-03 08:02:44'),
(371, 56, 82, NULL, '1.0000', '0.0000', 31, 1, '2021-03-03 08:13:08', '2021-03-03 08:13:08'),
(372, 56, 48, NULL, '1.0000', '0.0000', 29, 2, '2021-03-03 08:13:08', '2021-03-03 08:13:08'),
(373, 56, 53, NULL, '1.0000', '0.0000', 29, 3, '2021-03-03 08:13:08', '2021-03-03 08:13:08');

-- --------------------------------------------------------

--
-- Table structure for table `migrations`
--

CREATE TABLE `migrations` (
  `id` int(10) UNSIGNED NOT NULL,
  `migration` varchar(191) COLLATE utf8mb4_unicode_ci NOT NULL,
  `batch` int(11) NOT NULL
) ENGINE=InnoDB DEFAULT CHARSET=utf8mb4 COLLATE=utf8mb4_unicode_ci;

--
-- Dumping data for table `migrations`
--

INSERT INTO `migrations` (`id`, `migration`, `batch`) VALUES
(1, '2014_10_12_000000_create_users_table', 1),
(2, '2014_10_12_100000_create_password_resets_table', 1),
(3, '2017_07_05_071953_create_currencies_table', 1),
(4, '2017_07_05_073658_create_business_table', 1),
(5, '2017_07_22_075923_add_business_id_users_table', 1),
(6, '2017_07_23_113209_create_brands_table', 1),
(7, '2017_07_26_083429_create_permission_tables', 1),
(8, '2017_07_26_110000_create_tax_rates_table', 1),
(9, '2017_07_26_122313_create_units_table', 1),
(10, '2017_07_27_075706_create_contacts_table', 1),
(11, '2017_08_04_071038_create_categories_table', 1),
(12, '2017_08_08_115903_create_products_table', 1),
(13, '2017_08_09_061616_create_variation_templates_table', 1),
(14, '2017_08_09_061638_create_variation_value_templates_table', 1),
(15, '2017_08_10_061146_create_product_variations_table', 1),
(16, '2017_08_10_061216_create_variations_table', 1),
(17, '2017_08_19_054827_create_transactions_table', 1),
(18, '2017_08_31_073533_create_purchase_lines_table', 1),
(19, '2017_10_15_064638_create_transaction_payments_table', 1),
(20, '2017_10_31_065621_add_default_sales_tax_to_business_table', 1),
(21, '2017_11_20_051930_create_table_group_sub_taxes', 1),
(22, '2017_11_20_063603_create_transaction_sell_lines', 1),
(23, '2017_11_21_064540_create_barcodes_table', 1),
(24, '2017_11_23_181237_create_invoice_schemes_table', 1),
(25, '2017_12_25_122822_create_business_locations_table', 1),
(26, '2017_12_25_160253_add_location_id_to_transactions_table', 1),
(27, '2017_12_25_163227_create_variation_location_details_table', 1),
(28, '2018_01_04_115627_create_sessions_table', 1),
(29, '2018_01_05_112817_create_invoice_layouts_table', 1),
(30, '2018_01_06_112303_add_invoice_scheme_id_and_invoice_layout_id_to_business_locations', 1),
(31, '2018_01_08_104124_create_expense_categories_table', 1),
(32, '2018_01_08_123327_modify_transactions_table_for_expenses', 1),
(33, '2018_01_09_111005_modify_payment_status_in_transactions_table', 1),
(34, '2018_01_09_111109_add_paid_on_column_to_transaction_payments_table', 1),
(35, '2018_01_25_172439_add_printer_related_fields_to_business_locations_table', 1),
(36, '2018_01_27_184322_create_printers_table', 1),
(37, '2018_01_30_181442_create_cash_registers_table', 1),
(38, '2018_01_31_125836_create_cash_register_transactions_table', 1),
(39, '2018_02_07_173326_modify_business_table', 1),
(40, '2018_02_08_105425_add_enable_product_expiry_column_to_business_table', 1),
(41, '2018_02_08_111027_add_expiry_period_and_expiry_period_type_columns_to_products_table', 1),
(42, '2018_02_08_131118_add_mfg_date_and_exp_date_purchase_lines_table', 1),
(43, '2018_02_08_155348_add_exchange_rate_to_transactions_table', 1),
(44, '2018_02_09_124945_modify_transaction_payments_table_for_contact_payments', 1),
(45, '2018_02_12_113640_create_transaction_sell_lines_purchase_lines_table', 1),
(46, '2018_02_12_114605_add_quantity_sold_in_purchase_lines_table', 1),
(47, '2018_02_13_183323_alter_decimal_fields_size', 1),
(48, '2018_02_14_161928_add_transaction_edit_days_to_business_table', 1),
(49, '2018_02_15_161032_add_document_column_to_transactions_table', 1),
(50, '2018_02_17_124709_add_more_options_to_invoice_layouts', 1),
(51, '2018_02_19_111517_add_keyboard_shortcut_column_to_business_table', 1),
(52, '2018_02_19_121537_stock_adjustment_move_to_transaction_table', 1),
(53, '2018_02_20_165505_add_is_direct_sale_column_to_transactions_table', 1),
(54, '2018_02_21_105329_create_system_table', 1),
(55, '2018_02_23_100549_version_1_2', 1),
(56, '2018_02_23_125648_add_enable_editing_sp_from_purchase_column_to_business_table', 1),
(57, '2018_02_26_103612_add_sales_commission_agent_column_to_business_table', 1),
(58, '2018_02_26_130519_modify_users_table_for_sales_cmmsn_agnt', 1),
(59, '2018_02_26_134500_add_commission_agent_to_transactions_table', 1),
(60, '2018_02_27_121422_add_item_addition_method_to_business_table', 1),
(61, '2018_02_27_170232_modify_transactions_table_for_stock_transfer', 1),
(62, '2018_03_05_153510_add_enable_inline_tax_column_to_business_table', 1),
(63, '2018_03_06_210206_modify_product_barcode_types', 1),
(64, '2018_03_13_181541_add_expiry_type_to_business_table', 1),
(65, '2018_03_16_113446_product_expiry_setting_for_business', 1),
(66, '2018_03_19_113601_add_business_settings_options', 1),
(67, '2018_03_26_125334_add_pos_settings_to_business_table', 1),
(68, '2018_03_26_165350_create_customer_groups_table', 1),
(69, '2018_03_27_122720_customer_group_related_changes_in_tables', 1),
(70, '2018_03_29_110138_change_tax_field_to_nullable_in_business_table', 1),
(71, '2018_03_29_115502_add_changes_for_sr_number_in_products_and_sale_lines_table', 1),
(72, '2018_03_29_134340_add_inline_discount_fields_in_purchase_lines', 1),
(73, '2018_03_31_140921_update_transactions_table_exchange_rate', 1),
(74, '2018_04_03_103037_add_contact_id_to_contacts_table', 1),
(75, '2018_04_03_122709_add_changes_to_invoice_layouts_table', 1),
(76, '2018_04_09_135320_change_exchage_rate_size_in_business_table', 1),
(77, '2018_04_17_123122_add_lot_number_to_business', 1),
(78, '2018_04_17_160845_add_product_racks_table', 1),
(79, '2018_04_20_182015_create_res_tables_table', 1),
(80, '2018_04_24_105246_restaurant_fields_in_transaction_table', 1),
(81, '2018_04_24_114149_add_enabled_modules_business_table', 1),
(82, '2018_04_24_133704_add_modules_fields_in_invoice_layout_table', 1),
(83, '2018_04_27_132653_quotation_related_change', 1),
(84, '2018_05_02_104439_add_date_format_and_time_format_to_business', 1),
(85, '2018_05_02_111939_add_sell_return_to_transaction_payments', 1),
(86, '2018_05_14_114027_add_rows_positions_for_products', 1),
(87, '2018_05_14_125223_add_weight_to_products_table', 1),
(88, '2018_05_14_164754_add_opening_stock_permission', 1),
(89, '2018_05_15_134729_add_design_to_invoice_layouts', 1),
(90, '2018_05_16_183307_add_tax_fields_invoice_layout', 1),
(91, '2018_05_18_191956_add_sell_return_to_transaction_table', 1),
(92, '2018_05_21_131349_add_custom_fileds_to_contacts_table', 1),
(93, '2018_05_21_131607_invoice_layout_fields_for_sell_return', 1),
(94, '2018_05_21_131949_add_custom_fileds_and_website_to_business_locations_table', 1),
(95, '2018_05_22_123527_create_reference_counts_table', 1),
(96, '2018_05_22_154540_add_ref_no_prefixes_column_to_business_table', 1),
(97, '2018_05_24_132620_add_ref_no_column_to_transaction_payments_table', 1),
(98, '2018_05_24_161026_add_location_id_column_to_business_location_table', 1),
(99, '2018_05_25_180603_create_modifiers_related_table', 1),
(100, '2018_05_29_121714_add_purchase_line_id_to_stock_adjustment_line_table', 1),
(101, '2018_05_31_114645_add_res_order_status_column_to_transactions_table', 1),
(102, '2018_06_05_103530_rename_purchase_line_id_in_stock_adjustment_lines_table', 1),
(103, '2018_06_05_111905_modify_products_table_for_modifiers', 1),
(104, '2018_06_06_110524_add_parent_sell_line_id_column_to_transaction_sell_lines_table', 1),
(105, '2018_06_07_152443_add_is_service_staff_to_roles_table', 1),
(106, '2018_06_07_182258_add_image_field_to_products_table', 1),
(107, '2018_06_13_133705_create_bookings_table', 1),
(108, '2018_06_15_173636_add_email_column_to_contacts_table', 1),
(109, '2018_06_27_182835_add_superadmin_related_fields_business', 1),
(110, '2018_07_10_101913_add_custom_fields_to_products_table', 1),
(111, '2018_07_17_103434_add_sales_person_name_label_to_invoice_layouts_table', 1),
(112, '2018_07_17_163920_add_theme_skin_color_column_to_business_table', 1),
(113, '2018_07_24_160319_add_lot_no_line_id_to_transaction_sell_lines_table', 1),
(114, '2018_07_25_110004_add_show_expiry_and_show_lot_colums_to_invoice_layouts_table', 1),
(115, '2018_07_25_172004_add_discount_columns_to_transaction_sell_lines_table', 1),
(116, '2018_07_26_124720_change_design_column_type_in_invoice_layouts_table', 1),
(117, '2018_07_26_170424_add_unit_price_before_discount_column_to_transaction_sell_line_table', 1),
(118, '2018_07_28_103614_add_credit_limit_column_to_contacts_table', 1),
(119, '2018_08_08_110755_add_new_payment_methods_to_transaction_payments_table', 1),
(120, '2018_08_08_122225_modify_cash_register_transactions_table_for_new_payment_methods', 1),
(121, '2018_08_14_104036_add_opening_balance_type_to_transactions_table', 1),
(122, '2018_09_04_155900_create_accounts_table', 1),
(123, '2018_09_06_114438_create_selling_price_groups_table', 1),
(124, '2018_09_06_154057_create_variation_group_prices_table', 1),
(125, '2018_09_07_102413_add_permission_to_access_default_selling_price', 1),
(126, '2018_09_07_134858_add_selling_price_group_id_to_transactions_table', 1),
(127, '2018_09_10_112448_update_product_type_to_single_if_null_in_products_table', 1),
(128, '2018_09_10_152703_create_account_transactions_table', 1),
(129, '2018_09_10_173656_add_account_id_column_to_transaction_payments_table', 1),
(130, '2018_09_19_123914_create_notification_templates_table', 1),
(131, '2018_09_22_110504_add_sms_and_email_settings_columns_to_business_table', 1),
(132, '2018_09_24_134942_add_lot_no_line_id_to_stock_adjustment_lines_table', 1),
(133, '2018_09_26_105557_add_transaction_payments_for_existing_expenses', 1),
(134, '2018_09_27_111609_modify_transactions_table_for_purchase_return', 1),
(135, '2018_09_27_131154_add_quantity_returned_column_to_purchase_lines_table', 1),
(136, '2018_10_02_131401_add_return_quantity_column_to_transaction_sell_lines_table', 1),
(137, '2018_10_03_104918_add_qty_returned_column_to_transaction_sell_lines_purchase_lines_table', 1),
(138, '2018_10_03_185947_add_default_notification_templates_to_database', 1),
(139, '2018_10_09_153105_add_business_id_to_transaction_payments_table', 1),
(140, '2018_10_16_135229_create_permission_for_sells_and_purchase', 1),
(141, '2018_10_22_114441_add_columns_for_variable_product_modifications', 1),
(142, '2018_10_22_134428_modify_variable_product_data', 1),
(143, '2018_10_30_181558_add_table_tax_headings_to_invoice_layout', 1),
(144, '2018_10_31_122619_add_pay_terms_field_transactions_table', 1),
(145, '2018_10_31_161328_add_new_permissions_for_pos_screen', 1),
(146, '2018_10_31_174752_add_access_selected_contacts_only_to_users_table', 1),
(147, '2018_10_31_175627_add_user_contact_access', 1),
(148, '2018_10_31_180559_add_auto_send_sms_column_to_notification_templates_table', 1),
(149, '2018_11_02_171949_change_card_type_column_to_varchar_in_transaction_payments_table', 1),
(150, '2018_11_08_105621_add_role_permissions', 1),
(151, '2018_11_26_114135_add_is_suspend_column_to_transactions_table', 1),
(152, '2018_11_28_104410_modify_units_table_for_multi_unit', 1),
(153, '2018_11_28_170952_add_sub_unit_id_to_purchase_lines_and_sell_lines', 1),
(154, '2018_11_29_115918_add_primary_key_in_system_table', 1),
(155, '2018_12_03_185546_add_product_description_column_to_products_table', 1),
(156, '2018_12_06_114937_modify_system_table_and_users_table', 1),
(157, '2018_12_13_160007_add_custom_fields_display_options_to_invoice_layouts_table', 1),
(158, '2018_12_14_103307_modify_system_table', 1),
(159, '2018_12_18_133837_add_prev_balance_due_columns_to_invoice_layouts_table', 1),
(160, '2018_12_18_170656_add_invoice_token_column_to_transaction_table', 1),
(161, '2018_12_20_133639_add_date_time_format_column_to_invoice_layouts_table', 1),
(162, '2018_12_21_120659_add_recurring_invoice_fields_to_transactions_table', 1),
(163, '2018_12_24_154933_create_notifications_table', 1),
(164, '2019_01_08_112015_add_document_column_to_transaction_payments_table', 1),
(165, '2019_01_10_124645_add_account_permission', 1),
(166, '2019_01_16_125825_add_subscription_no_column_to_transactions_table', 1),
(167, '2019_01_28_111647_add_order_addresses_column_to_transactions_table', 1),
(168, '2019_02_13_173821_add_is_inactive_column_to_products_table', 1),
(169, '2019_02_19_103118_create_discounts_table', 1),
(170, '2019_02_21_120324_add_discount_id_column_to_transaction_sell_lines_table', 1),
(171, '2019_02_21_134324_add_permission_for_discount', 1),
(172, '2019_03_04_170832_add_service_staff_columns_to_transaction_sell_lines_table', 1),
(173, '2019_03_09_102425_add_sub_type_column_to_transactions_table', 1),
(174, '2019_03_09_124457_add_indexing_transaction_sell_lines_purchase_lines_table', 1),
(175, '2019_03_12_120336_create_activity_log_table', 1),
(176, '2019_03_15_132925_create_media_table', 1),
(177, '2019_05_08_130339_add_indexing_to_parent_id_in_transaction_payments_table', 1),
(178, '2019_05_10_132311_add_missing_column_indexing', 1),
(179, '2019_05_14_091812_add_show_image_column_to_invoice_layouts_table', 1),
(180, '2019_05_25_104922_add_view_purchase_price_permission', 1),
(181, '2019_06_17_103515_add_profile_informations_columns_to_users_table', 1),
(182, '2019_06_18_135524_add_permission_to_view_own_sales_only', 1),
(183, '2019_06_19_112058_add_database_changes_for_reward_points', 1),
(184, '2019_06_28_133732_change_type_column_to_string_in_transactions_table', 1),
(185, '2019_07_13_111420_add_is_created_from_api_column_to_transactions_table', 1),
(186, '2019_07_15_165136_add_fields_for_combo_product', 1),
(187, '2019_07_19_103446_add_mfg_quantity_used_column_to_purchase_lines_table', 1),
(188, '2019_07_22_152649_add_not_for_selling_in_product_table', 1),
(189, '2019_07_29_185351_add_show_reward_point_column_to_invoice_layouts_table', 1),
(190, '2019_08_08_162302_add_sub_units_related_fields', 1),
(191, '2019_08_26_133419_update_price_fields_decimal_point', 1),
(192, '2019_09_02_160054_remove_location_permissions_from_roles', 1),
(193, '2019_09_03_185259_add_permission_for_pos_screen', 1),
(194, '2019_09_04_163141_add_location_id_to_cash_registers_table', 1),
(195, '2019_09_04_184008_create_types_of_services_table', 1),
(196, '2019_09_06_131445_add_types_of_service_fields_to_transactions_table', 1),
(197, '2019_09_09_134810_add_default_selling_price_group_id_column_to_business_locations_table', 1),
(198, '2019_09_12_105616_create_product_locations_table', 1),
(199, '2019_09_17_122522_add_custom_labels_column_to_business_table', 1),
(200, '2019_09_18_164319_add_shipping_fields_to_transactions_table', 1),
(201, '2019_09_19_170927_close_all_active_registers', 1),
(202, '2019_09_23_161906_add_media_description_cloumn_to_media_table', 1),
(203, '2019_10_18_155633_create_account_types_table', 1),
(204, '2019_10_22_163335_add_common_settings_column_to_business_table', 1),
(205, '2019_10_29_132521_add_update_purchase_status_permission', 1),
(206, '2019_11_09_110522_add_indexing_to_lot_number', 1),
(207, '2019_11_19_170824_add_is_active_column_to_business_locations_table', 1),
(208, '2019_11_21_162913_change_quantity_field_types_to_decimal', 1),
(209, '2019_11_25_160340_modify_categories_table_for_polymerphic_relationship', 1),
(210, '2019_12_02_105025_create_warranties_table', 1),
(211, '2019_12_03_180342_add_common_settings_field_to_invoice_layouts_table', 1),
(212, '2019_12_05_183955_add_more_fields_to_users_table', 1),
(213, '2019_12_06_174904_add_change_return_label_column_to_invoice_layouts_table', 1),
(214, '2019_12_11_121307_add_draft_and_quotation_list_permissions', 1),
(215, '2019_12_12_180126_copy_expense_total_to_total_before_tax', 1),
(216, '2019_12_19_181412_make_alert_quantity_field_nullable_on_products_table', 1),
(217, '2019_12_25_173413_create_dashboard_configurations_table', 1),
(218, '2020_01_08_133506_create_document_and_notes_table', 1),
(219, '2020_01_09_113252_add_cc_bcc_column_to_notification_templates_table', 1),
(220, '2020_01_16_174818_add_round_off_amount_field_to_transactions_table', 1),
(221, '2020_01_28_162345_add_weighing_scale_settings_in_business_settings_table', 1),
(222, '2020_02_18_172447_add_import_fields_to_transactions_table', 1),
(223, '2018_06_27_185405_create_packages_table', 2),
(224, '2018_06_28_182803_create_subscriptions_table', 2),
(225, '2018_07_17_182021_add_rows_to_system_table', 2),
(226, '2018_07_19_131721_add_options_to_packages_table', 2),
(227, '2018_08_17_155534_add_min_termination_alert_days', 2),
(228, '2018_08_28_105945_add_business_based_username_settings_to_system_table', 2),
(229, '2018_08_30_105906_add_superadmin_communicator_logs_table', 2),
(230, '2018_11_02_130636_add_custom_permissions_to_packages_table', 2),
(231, '2018_11_05_161848_add_more_fields_to_packages_table', 2),
(232, '2018_12_10_124621_modify_system_table_values_null_default', 2),
(233, '2019_05_10_135434_add_missing_database_column_indexes', 2),
(234, '2019_08_16_115300_create_superadmin_frontend_pages_table', 2),
(235, '2019_07_15_114211_add_manufacturing_module_version_to_system_table', 3),
(236, '2019_07_15_114403_create_mfg_recipes_table', 3),
(237, '2019_07_18_180217_add_production_columns_to_transactions_table', 3),
(238, '2019_07_26_110753_add_manufacturing_settings_column_to_business_table', 3),
(239, '2019_07_26_170450_add_manufacturing_permissions', 3),
(240, '2019_08_08_110035_create_mfg_recipe_ingredients_table', 3),
(241, '2019_08_08_172837_add_recipe_add_edit_permissions', 3),
(242, '2019_08_12_114610_add_ingredient_waste_percent_columns', 3),
(243, '2019_11_05_115136_create_ingredient_groups_table', 3),
(244, '2020_02_22_120303_add_column_to_mfg_recipe_ingredients_table', 3),
(245, '2020_08_19_103831_add_production_cost_type_to_recipe_and_transaction_table', 3),
(246, '2016_06_01_000001_create_oauth_auth_codes_table', 4),
(247, '2016_06_01_000002_create_oauth_access_tokens_table', 4),
(248, '2016_06_01_000003_create_oauth_refresh_tokens_table', 4),
(249, '2016_06_01_000004_create_oauth_clients_table', 4),
(250, '2016_06_01_000005_create_oauth_personal_access_clients_table', 4),
(251, '2020_03_13_135844_add_is_active_column_to_selling_price_groups_table', 4),
(252, '2020_03_16_115449_add_contact_status_field_to_contacts_table', 4),
(253, '2020_03_26_124736_add_allow_login_column_in_users_table', 4),
(254, '2020_04_13_154150_add_feature_products_column_to_business_loactions', 4),
(255, '2020_04_15_151802_add_user_type_to_users_table', 4),
(256, '2020_04_22_153905_add_subscription_repeat_on_column_to_transactions_table', 4),
(257, '2020_04_28_111436_add_shipping_address_to_contacts_table', 4),
(258, '2020_06_01_094654_add_max_sale_discount_column_to_users_table', 4),
(259, '2020_06_12_162245_modify_contacts_table', 4),
(260, '2020_06_22_103104_change_recur_interval_default_to_one', 4),
(261, '2020_07_09_174621_add_balance_field_to_contacts_table', 4),
(262, '2020_07_23_104933_change_status_column_to_varchar_in_transaction_table', 4),
(263, '2020_09_07_171059_change_completed_stock_transfer_status_to_final', 4),
(264, '2020_09_21_123224_modify_booking_status_column_in_bookings_table', 4),
(265, '2020_09_22_121639_create_discount_variations_table', 4),
(266, '2020_10_05_121550_modify_business_location_table_for_invoice_layout', 4),
(267, '2020_10_16_175726_set_status_as_received_for_opening_stock', 4),
(268, '2020_10_23_170823_add_for_group_tax_column_to_tax_rates_table', 4),
(269, '2020_11_04_130940_add_more_custom_fields_to_contacts_table', 4),
(270, '2020_11_10_152841_add_cash_register_permissions', 4),
(271, '2020_11_17_164041_modify_type_column_to_varchar_in_contacts_table', 4),
(273, '2020_09_29_184909_add_product_catalogue_version', 5),
(274, '2020_12_18_181447_add_shipping_custom_fields_to_transactions_table', 6),
(275, '2020_12_22_164303_add_sub_status_column_to_transactions_table', 6),
(276, '2020_12_24_153050_add_custom_fields_to_transactions_table', 6),
(277, '2020_12_28_105403_add_whatsapp_text_column_to_notification_templates_table', 6),
(278, '2020_12_29_165925_add_model_document_type_to_media_table', 6),
(279, '2021_02_08_175632_add_contact_number_fields_to_users_table', 6),
(280, '2021_02_11_172217_add_indexing_for_multiple_columns', 6),
(281, '2021_02_23_122043_add_more_columns_to_customer_groups_table', 6),
(282, '2021_02_24_175551_add_print_invoice_permission_to_all_roles', 6),
(283, '2021_03_03_162021_add_purchase_order_columns_to_purchase_lines_and_transactions_table', 6),
(284, '2021_03_11_120229_add_sales_order_columns', 6),
(285, '2021_03_16_120705_add_business_id_to_activity_log_table', 6),
(286, '2021_03_16_153427_add_code_columns_to_business_table', 6),
(287, '2021_03_18_173308_add_account_details_column_to_accounts_table', 6),
(288, '2021_03_18_183119_add_prefer_payment_account_columns_to_transactions_table', 6),
(289, '2021_03_22_120810_add_more_types_of_service_custom_fields', 6),
(290, '2021_03_24_183132_add_shipping_export_custom_field_details_to_contacts_table', 6),
(291, '2021_03_25_170715_add_export_custom_fields_info_to_transactions_table', 6),
(292, '2021_04_15_063449_add_denominations_column_to_cash_registers_table', 6),
(293, '2021_05_22_083426_add_indexing_to_account_transactions_table', 6),
(294, '2021_07_08_065808_add_additional_expense_columns_to_transaction_table', 6),
(295, '2021_07_13_082918_add_qr_code_columns_to_invoice_layouts_table', 6),
(296, '2021_07_21_061615_add_fields_to_show_commission_agent_in_invoice_layout', 6),
(297, '2021_08_13_105549_add_crm_contact_id_to_users_table', 6),
(298, '2021_08_25_114932_add_payment_link_fields_to_transaction_payments_table', 6),
(299, '2021_09_01_063110_add_spg_column_to_discounts_table', 6),
(300, '2021_09_03_061528_modify_cash_register_transactions_table', 6),
(301, '2021_10_05_061658_add_source_column_to_transactions_table', 6),
(302, '2020_03_19_130231_add_contact_id_to_users_table', 7),
(303, '2020_03_27_133605_create_schedules_table', 7),
(304, '2020_03_27_133628_create_schedule_users_table', 7),
(305, '2020_03_30_112834_create_schedule_logs_table', 7),
(306, '2020_04_02_182331_add_crm_module_version_to_system_table', 7),
(307, '2020_04_08_153231_modify_cloumn_in_contacts_table', 7),
(308, '2020_04_09_101052_create_lead_users_table', 7),
(309, '2020_04_16_114747_create_crm_campaigns_table', 7),
(310, '2021_01_07_155757_add_followup_additional_info_column_to_crm_schedules_table', 7),
(311, '2021_02_02_140021_add_additional_info_to_crm_campaigns_table', 7),
(312, '2021_02_02_173651_add_new_columns_to_contacts_table', 7),
(313, '2021_02_04_120439_create_call_logs_table', 7),
(314, '2021_02_08_172047_add_mobile_name_column_to_crm_call_logs_table', 7),
(315, '2021_02_16_190038_add_crm_module_indexing', 7),
(316, '2021_02_19_120846_create_crm_followup_invoices', 7),
(317, '2021_02_22_132125_add_follow_up_by_to_crm_schedules_table', 7),
(318, '2021_03_24_160736_add_department_and_designation_to_users_table', 7),
(319, '2021_06_15_152924_create_proposal_templates_table', 7),
(320, '2021_06_16_114448_add_recursive_fields_to_crm_schedules_table', 7),
(321, '2021_06_16_125740_create_proposals_table', 7),
(322, '2021_09_24_065738_add_crm_settings_column_to_business_table', 7),
(323, '2022_03_04_235530_add_release_order_to_transactions_table', 8),
(324, '2022_03_05_000305_add_release_date_to_transactions_table', 9),
(325, '2022_03_05_000400_add_carryin_confirmation_to_transactions_table', 9),
(326, '2022_03_05_000438_add_carryin_date_to_transactions_table', 10),
(327, '2022_03_05_222310_add_carryout_date_to_transaction_sell_lines_table', 11),
(328, '2022_03_05_222406_add_carryout_details_to_transaction_sell_lines_table', 11),
(329, '2022_03_06_004301_add_carry_out_date_to_transactions_table', 12),
(330, '2022_03_06_004325_add_carry_out_details_to_transactions_table', 12);

-- --------------------------------------------------------

--
-- Table structure for table `model_has_permissions`
--

CREATE TABLE `model_has_permissions` (
  `permission_id` int(10) UNSIGNED NOT NULL,
  `model_type` varchar(191) COLLATE utf8mb4_unicode_ci NOT NULL,
  `model_id` bigint(20) UNSIGNED NOT NULL
) ENGINE=InnoDB DEFAULT CHARSET=utf8mb4 COLLATE=utf8mb4_unicode_ci;

--
-- Dumping data for table `model_has_permissions`
--

INSERT INTO `model_has_permissions` (`permission_id`, `model_type`, `model_id`) VALUES
(83, 'App\\User', 6),
(77, 'App\\User', 7),
(79, 'App\\User', 15),
(77, 'App\\User', 33),
(77, 'App\\User', 34);

-- --------------------------------------------------------

--
-- Table structure for table `model_has_roles`
--

CREATE TABLE `model_has_roles` (
  `role_id` int(10) UNSIGNED NOT NULL,
  `model_type` varchar(191) COLLATE utf8mb4_unicode_ci NOT NULL,
  `model_id` bigint(20) UNSIGNED NOT NULL
) ENGINE=InnoDB DEFAULT CHARSET=utf8mb4 COLLATE=utf8mb4_unicode_ci;

--
-- Dumping data for table `model_has_roles`
--

INSERT INTO `model_has_roles` (`role_id`, `model_type`, `model_id`) VALUES
(1, 'App\\User', 1),
(3, 'App\\User', 2),
(5, 'App\\User', 3),
(7, 'App\\User', 4),
(9, 'App\\User', 5),
(10, 'App\\User', 6),
(11, 'App\\User', 7),
(12, 'App\\User', 9),
(14, 'App\\User', 10),
(18, 'App\\User', 15),
(21, 'App\\User', 18),
(25, 'App\\User', 19),
(27, 'App\\User', 20),
(29, 'App\\User', 21),
(31, 'App\\User', 23),
(35, 'App\\User', 25),
(37, 'App\\User', 26),
(39, 'App\\User', 28),
(41, 'App\\User', 29),
(43, 'App\\User', 33),
(45, 'App\\User', 34);

-- --------------------------------------------------------

--
-- Table structure for table `notifications`
--

CREATE TABLE `notifications` (
  `id` char(36) COLLATE utf8mb4_unicode_ci NOT NULL,
  `type` varchar(191) COLLATE utf8mb4_unicode_ci NOT NULL,
  `notifiable_type` varchar(191) COLLATE utf8mb4_unicode_ci NOT NULL,
  `notifiable_id` bigint(20) UNSIGNED NOT NULL,
  `data` text COLLATE utf8mb4_unicode_ci NOT NULL,
  `read_at` timestamp NULL DEFAULT NULL,
  `created_at` timestamp NULL DEFAULT NULL,
  `updated_at` timestamp NULL DEFAULT NULL
) ENGINE=InnoDB DEFAULT CHARSET=utf8mb4 COLLATE=utf8mb4_unicode_ci;

-- --------------------------------------------------------

--
-- Table structure for table `notification_templates`
--

CREATE TABLE `notification_templates` (
  `id` int(10) UNSIGNED NOT NULL,
  `business_id` int(11) NOT NULL,
  `template_for` varchar(191) COLLATE utf8mb4_unicode_ci NOT NULL,
  `email_body` text COLLATE utf8mb4_unicode_ci,
  `sms_body` text COLLATE utf8mb4_unicode_ci,
  `whatsapp_text` text COLLATE utf8mb4_unicode_ci,
  `subject` varchar(191) COLLATE utf8mb4_unicode_ci DEFAULT NULL,
  `cc` varchar(191) COLLATE utf8mb4_unicode_ci DEFAULT NULL,
  `bcc` varchar(191) COLLATE utf8mb4_unicode_ci DEFAULT NULL,
  `auto_send` tinyint(1) NOT NULL DEFAULT '0',
  `auto_send_sms` tinyint(1) NOT NULL DEFAULT '0',
  `auto_send_wa_notif` tinyint(1) NOT NULL DEFAULT '0',
  `created_at` timestamp NULL DEFAULT NULL,
  `updated_at` timestamp NULL DEFAULT NULL
) ENGINE=InnoDB DEFAULT CHARSET=utf8mb4 COLLATE=utf8mb4_unicode_ci;

--
-- Dumping data for table `notification_templates`
--

INSERT INTO `notification_templates` (`id`, `business_id`, `template_for`, `email_body`, `sms_body`, `whatsapp_text`, `subject`, `cc`, `bcc`, `auto_send`, `auto_send_sms`, `auto_send_wa_notif`, `created_at`, `updated_at`) VALUES
(1, 1, 'new_sale', '<p>Dear {contact_name},</p>\r\n<p>Your invoice number is {invoice_number}<br />Total amount: {total_amount}<br />Paid amount: {received_amount}</p>\r\n<p>Thank you for shopping with us.</p>\r\n<p>{business_logo}</p>\r\n<p>&nbsp;</p>', 'Dear {contact_name}, Thank you for shopping with us. {business_name}', NULL, 'Thank you from {business_name}', NULL, NULL, 0, 0, 0, '2020-03-28 01:01:40', '2022-02-10 17:16:16'),
(2, 1, 'payment_received', '<p>Dear {contact_name},</p>\r\n<p>We have received a payment of {received_amount}</p>\r\n<p>{business_logo}</p>', 'Dear {contact_name}, We have received a payment of {received_amount}. {business_name}', NULL, 'Payment Received, from {business_name}', NULL, NULL, 0, 0, 0, '2020-03-28 01:01:40', '2022-02-10 17:16:16'),
(3, 1, 'payment_reminder', '<p>Dear {contact_name},</p>\r\n<p>This is to remind you that you have pending payment of {due_amount}. Kindly pay it as soon as possible.</p>\r\n<p>{business_logo}</p>', 'Dear {contact_name}, You have pending payment of {due_amount}. Kindly pay it as soon as possible. {business_name}', NULL, 'Payment Reminder, from {business_name}', NULL, NULL, 0, 0, 0, '2020-03-28 01:01:40', '2022-02-10 17:16:16'),
(4, 1, 'new_booking', '<p>Dear {contact_name},</p>\r\n<p>Your are ............</p>\r\n<p>Date: {start_time} to {end_time}</p>\r\n<p>Location: {location}</p>\r\n<p>{business_logo}</p>', 'Dear {contact_name}, Your booking is confirmed. Date: {start_time} to {end_time}, Table: {table}, Location: {location}', NULL, 'Booking Confirmed - {business_name}', NULL, NULL, 0, 0, 0, '2020-03-28 01:01:40', '2022-02-10 17:16:16'),
(5, 1, 'new_order', '<p>Dear {contact_name},</p>\r\n<p>We have a new order with reference number {order_ref_number}. Kindly process the products as soon as possible.</p>\r\n<p>{business_name}<br />{business_logo}</p>', 'Dear {contact_name}, We have a new order with reference number {order_ref_number}. Kindly process the products as soon as possible. {business_name}', NULL, 'New Order, from {business_name}', NULL, NULL, 0, 0, 0, '2020-03-28 01:01:40', '2022-02-10 17:16:16'),
(6, 1, 'payment_paid', '<p>Dear {contact_name},</p>\r\n<p>We have paid amount {paid_amount} again invoice number {order_ref_number}.<br />Kindly note it down.</p>\r\n<p>{business_name}<br />{business_logo}</p>', 'We have paid amount {paid_amount} again invoice number {order_ref_number}.\r\n                    Kindly note it down. {business_name}', NULL, 'Payment Paid, from {business_name}', NULL, NULL, 0, 0, 0, '2020-03-28 01:01:40', '2022-02-10 17:16:16'),
(7, 1, 'items_received', '<p>Dear {contact_name},</p>\r\n<p>We have received all items from invoice reference number {order_ref_number}. Thank you for processing it.</p>\r\n<p>{business_name}<br />{business_logo}</p>', 'We have received all items from invoice reference number {order_ref_number}. Thank you for processing it. {business_name}', NULL, 'Items received, from {business_name}', NULL, NULL, 0, 0, 0, '2020-03-28 01:01:40', '2022-02-10 17:16:16'),
(8, 1, 'items_pending', '<p>Dear {contact_name},<br />This is to remind you that we have not yet received some items from invoice reference number {order_ref_number}. Please process it as soon as possible.</p>\r\n<p>{business_name}<br />{business_logo}</p>', 'This is to remind you that we have not yet received some items from invoice reference number {order_ref_number} . Please process it as soon as possible.{business_name}', NULL, 'Items Pending, from {business_name}', NULL, NULL, 0, 0, 0, '2020-03-28 01:01:40', '2022-02-10 17:16:16'),
(9, 2, 'new_sale', '<p>Dear {contact_name},</p>\n\n                    <p>Your invoice number is {invoice_number}<br />\n                    Total amount: {total_amount}<br />\n                    Paid amount: {received_amount}</p>\n\n                    <p>Thank you for shopping with us.</p>\n\n                    <p>{business_logo}</p>\n\n                    <p>&nbsp;</p>', 'Dear {contact_name}, Thank you for shopping with us. {business_name}', NULL, 'Thank you from {business_name}', NULL, NULL, 0, 0, 0, '2020-03-28 01:10:32', '2020-03-28 01:10:32'),
(10, 2, 'payment_received', '<p>Dear {contact_name},</p>\n\n                <p>We have received a payment of {received_amount}</p>\n\n                <p>{business_logo}</p>', 'Dear {contact_name}, We have received a payment of {received_amount}. {business_name}', NULL, 'Payment Received, from {business_name}', NULL, NULL, 0, 0, 0, '2020-03-28 01:10:32', '2020-03-28 01:10:32'),
(11, 2, 'payment_reminder', '<p>Dear {contact_name},</p>\n\n                    <p>This is to remind you that you have pending payment of {due_amount}. Kindly pay it as soon as possible.</p>\n\n                    <p>{business_logo}</p>', 'Dear {contact_name}, You have pending payment of {due_amount}. Kindly pay it as soon as possible. {business_name}', NULL, 'Payment Reminder, from {business_name}', NULL, NULL, 0, 0, 0, '2020-03-28 01:10:32', '2020-03-28 01:10:32'),
(12, 2, 'new_booking', '<p>Dear {contact_name},</p>\n\n                    <p>Your booking is confirmed</p>\n\n                    <p>Date: {start_time} to {end_time}</p>\n\n                    <p>Table: {table}</p>\n\n                    <p>Location: {location}</p>\n\n                    <p>{business_logo}</p>', 'Dear {contact_name}, Your booking is confirmed. Date: {start_time} to {end_time}, Table: {table}, Location: {location}', NULL, 'Booking Confirmed - {business_name}', NULL, NULL, 0, 0, 0, '2020-03-28 01:10:32', '2020-03-28 01:10:32'),
(13, 2, 'new_order', '<p>Dear {contact_name},</p>\n\n                    <p>We have a new order with reference number {order_ref_number}. Kindly process the products as soon as possible.</p>\n\n                    <p>{business_name}<br />\n                    {business_logo}</p>', 'Dear {contact_name}, We have a new order with reference number {order_ref_number}. Kindly process the products as soon as possible. {business_name}', NULL, 'New Order, from {business_name}', NULL, NULL, 0, 0, 0, '2020-03-28 01:10:32', '2020-03-28 01:10:32'),
(14, 2, 'payment_paid', '<p>Dear {contact_name},</p>\n\n                    <p>We have paid amount {paid_amount} again invoice number {order_ref_number}.<br />\n                    Kindly note it down.</p>\n\n                    <p>{business_name}<br />\n                    {business_logo}</p>', 'We have paid amount {paid_amount} again invoice number {order_ref_number}.\n                    Kindly note it down. {business_name}', NULL, 'Payment Paid, from {business_name}', NULL, NULL, 0, 0, 0, '2020-03-28 01:10:32', '2020-03-28 01:10:32'),
(15, 2, 'items_received', '<p>Dear {contact_name},</p>\n\n                    <p>We have received all items from invoice reference number {order_ref_number}. Thank you for processing it.</p>\n\n                    <p>{business_name}<br />\n                    {business_logo}</p>', 'We have received all items from invoice reference number {order_ref_number}. Thank you for processing it. {business_name}', NULL, 'Items received, from {business_name}', NULL, NULL, 0, 0, 0, '2020-03-28 01:10:32', '2020-03-28 01:10:32'),
(16, 2, 'items_pending', '<p>Dear {contact_name},<br />\n                    This is to remind you that we have not yet received some items from invoice reference number {order_ref_number}. Please process it as soon as possible.</p>\n\n                    <p>{business_name}<br />\n                    {business_logo}</p>', 'This is to remind you that we have not yet received some items from invoice reference number {order_ref_number} . Please process it as soon as possible.{business_name}', NULL, 'Items Pending, from {business_name}', NULL, NULL, 0, 0, 0, '2020-03-28 01:10:32', '2020-03-28 01:10:32'),
(17, 3, 'new_sale', '<p>Dear {contact_name},</p>\n\n                    <p>Your invoice number is {invoice_number}<br />\n                    Total amount: {total_amount}<br />\n                    Paid amount: {received_amount}</p>\n\n                    <p>Thank you for shopping with us.</p>\n\n                    <p>{business_logo}</p>\n\n                    <p>&nbsp;</p>', 'Dear {contact_name}, Thank you for shopping with us. {business_name}', NULL, 'Thank you from {business_name}', NULL, NULL, 0, 0, 0, '2020-03-28 01:30:01', '2020-03-28 01:30:01'),
(18, 3, 'payment_received', '<p>Dear {contact_name},</p>\n\n                <p>We have received a payment of {received_amount}</p>\n\n                <p>{business_logo}</p>', 'Dear {contact_name}, We have received a payment of {received_amount}. {business_name}', NULL, 'Payment Received, from {business_name}', NULL, NULL, 0, 0, 0, '2020-03-28 01:30:01', '2020-03-28 01:30:01'),
(19, 3, 'payment_reminder', '<p>Dear {contact_name},</p>\n\n                    <p>This is to remind you that you have pending payment of {due_amount}. Kindly pay it as soon as possible.</p>\n\n                    <p>{business_logo}</p>', 'Dear {contact_name}, You have pending payment of {due_amount}. Kindly pay it as soon as possible. {business_name}', NULL, 'Payment Reminder, from {business_name}', NULL, NULL, 0, 0, 0, '2020-03-28 01:30:01', '2020-03-28 01:30:01'),
(20, 3, 'new_booking', '<p>Dear {contact_name},</p>\n\n                    <p>Your booking is confirmed</p>\n\n                    <p>Date: {start_time} to {end_time}</p>\n\n                    <p>Table: {table}</p>\n\n                    <p>Location: {location}</p>\n\n                    <p>{business_logo}</p>', 'Dear {contact_name}, Your booking is confirmed. Date: {start_time} to {end_time}, Table: {table}, Location: {location}', NULL, 'Booking Confirmed - {business_name}', NULL, NULL, 0, 0, 0, '2020-03-28 01:30:01', '2020-03-28 01:30:01'),
(21, 3, 'new_order', '<p>Dear {contact_name},</p>\n\n                    <p>We have a new order with reference number {order_ref_number}. Kindly process the products as soon as possible.</p>\n\n                    <p>{business_name}<br />\n                    {business_logo}</p>', 'Dear {contact_name}, We have a new order with reference number {order_ref_number}. Kindly process the products as soon as possible. {business_name}', NULL, 'New Order, from {business_name}', NULL, NULL, 0, 0, 0, '2020-03-28 01:30:01', '2020-03-28 01:30:01'),
(22, 3, 'payment_paid', '<p>Dear {contact_name},</p>\n\n                    <p>We have paid amount {paid_amount} again invoice number {order_ref_number}.<br />\n                    Kindly note it down.</p>\n\n                    <p>{business_name}<br />\n                    {business_logo}</p>', 'We have paid amount {paid_amount} again invoice number {order_ref_number}.\n                    Kindly note it down. {business_name}', NULL, 'Payment Paid, from {business_name}', NULL, NULL, 0, 0, 0, '2020-03-28 01:30:01', '2020-03-28 01:30:01'),
(23, 3, 'items_received', '<p>Dear {contact_name},</p>\n\n                    <p>We have received all items from invoice reference number {order_ref_number}. Thank you for processing it.</p>\n\n                    <p>{business_name}<br />\n                    {business_logo}</p>', 'We have received all items from invoice reference number {order_ref_number}. Thank you for processing it. {business_name}', NULL, 'Items received, from {business_name}', NULL, NULL, 0, 0, 0, '2020-03-28 01:30:01', '2020-03-28 01:30:01'),
(24, 3, 'items_pending', '<p>Dear {contact_name},<br />\n                    This is to remind you that we have not yet received some items from invoice reference number {order_ref_number}. Please process it as soon as possible.</p>\n\n                    <p>{business_name}<br />\n                    {business_logo}</p>', 'This is to remind you that we have not yet received some items from invoice reference number {order_ref_number} . Please process it as soon as possible.{business_name}', NULL, 'Items Pending, from {business_name}', NULL, NULL, 0, 0, 0, '2020-03-28 01:30:01', '2020-03-28 01:30:01'),
(25, 4, 'new_sale', '<p>Dear {contact_name},</p>\n\n                    <p>Your invoice number is {invoice_number}<br />\n                    Total amount: {total_amount}<br />\n                    Paid amount: {received_amount}</p>\n\n                    <p>Thank you for shopping with us.</p>\n\n                    <p>{business_logo}</p>\n\n                    <p>&nbsp;</p>', 'Dear {contact_name}, Thank you for shopping with us. {business_name}', NULL, 'Thank you from {business_name}', NULL, NULL, 0, 0, 0, '2020-03-28 01:44:34', '2020-03-28 01:44:34'),
(26, 4, 'payment_received', '<p>Dear {contact_name},</p>\n\n                <p>We have received a payment of {received_amount}</p>\n\n                <p>{business_logo}</p>', 'Dear {contact_name}, We have received a payment of {received_amount}. {business_name}', NULL, 'Payment Received, from {business_name}', NULL, NULL, 0, 0, 0, '2020-03-28 01:44:34', '2020-03-28 01:44:34'),
(27, 4, 'payment_reminder', '<p>Dear {contact_name},</p>\n\n                    <p>This is to remind you that you have pending payment of {due_amount}. Kindly pay it as soon as possible.</p>\n\n                    <p>{business_logo}</p>', 'Dear {contact_name}, You have pending payment of {due_amount}. Kindly pay it as soon as possible. {business_name}', NULL, 'Payment Reminder, from {business_name}', NULL, NULL, 0, 0, 0, '2020-03-28 01:44:34', '2020-03-28 01:44:34'),
(28, 4, 'new_booking', '<p>Dear {contact_name},</p>\n\n                    <p>Your booking is confirmed</p>\n\n                    <p>Date: {start_time} to {end_time}</p>\n\n                    <p>Table: {table}</p>\n\n                    <p>Location: {location}</p>\n\n                    <p>{business_logo}</p>', 'Dear {contact_name}, Your booking is confirmed. Date: {start_time} to {end_time}, Table: {table}, Location: {location}', NULL, 'Booking Confirmed - {business_name}', NULL, NULL, 0, 0, 0, '2020-03-28 01:44:34', '2020-03-28 01:44:34'),
(29, 4, 'new_order', '<p>Dear {contact_name},</p>\n\n                    <p>We have a new order with reference number {order_ref_number}. Kindly process the products as soon as possible.</p>\n\n                    <p>{business_name}<br />\n                    {business_logo}</p>', 'Dear {contact_name}, We have a new order with reference number {order_ref_number}. Kindly process the products as soon as possible. {business_name}', NULL, 'New Order, from {business_name}', NULL, NULL, 0, 0, 0, '2020-03-28 01:44:34', '2020-03-28 01:44:34'),
(30, 4, 'payment_paid', '<p>Dear {contact_name},</p>\n\n                    <p>We have paid amount {paid_amount} again invoice number {order_ref_number}.<br />\n                    Kindly note it down.</p>\n\n                    <p>{business_name}<br />\n                    {business_logo}</p>', 'We have paid amount {paid_amount} again invoice number {order_ref_number}.\n                    Kindly note it down. {business_name}', NULL, 'Payment Paid, from {business_name}', NULL, NULL, 0, 0, 0, '2020-03-28 01:44:34', '2020-03-28 01:44:34'),
(31, 4, 'items_received', '<p>Dear {contact_name},</p>\n\n                    <p>We have received all items from invoice reference number {order_ref_number}. Thank you for processing it.</p>\n\n                    <p>{business_name}<br />\n                    {business_logo}</p>', 'We have received all items from invoice reference number {order_ref_number}. Thank you for processing it. {business_name}', NULL, 'Items received, from {business_name}', NULL, NULL, 0, 0, 0, '2020-03-28 01:44:34', '2020-03-28 01:44:34'),
(32, 4, 'items_pending', '<p>Dear {contact_name},<br />\n                    This is to remind you that we have not yet received some items from invoice reference number {order_ref_number}. Please process it as soon as possible.</p>\n\n                    <p>{business_name}<br />\n                    {business_logo}</p>', 'This is to remind you that we have not yet received some items from invoice reference number {order_ref_number} . Please process it as soon as possible.{business_name}', NULL, 'Items Pending, from {business_name}', NULL, NULL, 0, 0, 0, '2020-03-28 01:44:34', '2020-03-28 01:44:34'),
(33, 5, 'new_sale', '<p>Dear {contact_name},</p>\n\n                    <p>Your invoice number is {invoice_number}<br />\n                    Total amount: {total_amount}<br />\n                    Paid amount: {received_amount}</p>\n\n                    <p>Thank you for shopping with us.</p>\n\n                    <p>{business_logo}</p>\n\n                    <p>&nbsp;</p>', 'Dear {contact_name}, Thank you for shopping with us. {business_name}', NULL, 'Thank you from {business_name}', NULL, NULL, 0, 0, 0, '2020-03-28 20:57:56', '2020-03-28 20:57:56'),
(34, 5, 'payment_received', '<p>Dear {contact_name},</p>\n\n                <p>We have received a payment of {received_amount}</p>\n\n                <p>{business_logo}</p>', 'Dear {contact_name}, We have received a payment of {received_amount}. {business_name}', NULL, 'Payment Received, from {business_name}', NULL, NULL, 0, 0, 0, '2020-03-28 20:57:56', '2020-03-28 20:57:56'),
(35, 5, 'payment_reminder', '<p>Dear {contact_name},</p>\n\n                    <p>This is to remind you that you have pending payment of {due_amount}. Kindly pay it as soon as possible.</p>\n\n                    <p>{business_logo}</p>', 'Dear {contact_name}, You have pending payment of {due_amount}. Kindly pay it as soon as possible. {business_name}', NULL, 'Payment Reminder, from {business_name}', NULL, NULL, 0, 0, 0, '2020-03-28 20:57:56', '2020-03-28 20:57:56'),
(36, 5, 'new_booking', '<p>Dear {contact_name},</p>\n\n                    <p>Your booking is confirmed</p>\n\n                    <p>Date: {start_time} to {end_time}</p>\n\n                    <p>Table: {table}</p>\n\n                    <p>Location: {location}</p>\n\n                    <p>{business_logo}</p>', 'Dear {contact_name}, Your booking is confirmed. Date: {start_time} to {end_time}, Table: {table}, Location: {location}', NULL, 'Booking Confirmed - {business_name}', NULL, NULL, 0, 0, 0, '2020-03-28 20:57:56', '2020-03-28 20:57:56'),
(37, 5, 'new_order', '<p>Dear {contact_name},</p>\n\n                    <p>We have a new order with reference number {order_ref_number}. Kindly process the products as soon as possible.</p>\n\n                    <p>{business_name}<br />\n                    {business_logo}</p>', 'Dear {contact_name}, We have a new order with reference number {order_ref_number}. Kindly process the products as soon as possible. {business_name}', NULL, 'New Order, from {business_name}', NULL, NULL, 0, 0, 0, '2020-03-28 20:57:56', '2020-03-28 20:57:56'),
(38, 5, 'payment_paid', '<p>Dear {contact_name},</p>\n\n                    <p>We have paid amount {paid_amount} again invoice number {order_ref_number}.<br />\n                    Kindly note it down.</p>\n\n                    <p>{business_name}<br />\n                    {business_logo}</p>', 'We have paid amount {paid_amount} again invoice number {order_ref_number}.\n                    Kindly note it down. {business_name}', NULL, 'Payment Paid, from {business_name}', NULL, NULL, 0, 0, 0, '2020-03-28 20:57:56', '2020-03-28 20:57:56'),
(39, 5, 'items_received', '<p>Dear {contact_name},</p>\n\n                    <p>We have received all items from invoice reference number {order_ref_number}. Thank you for processing it.</p>\n\n                    <p>{business_name}<br />\n                    {business_logo}</p>', 'We have received all items from invoice reference number {order_ref_number}. Thank you for processing it. {business_name}', NULL, 'Items received, from {business_name}', NULL, NULL, 0, 0, 0, '2020-03-28 20:57:56', '2020-03-28 20:57:56'),
(40, 5, 'items_pending', '<p>Dear {contact_name},<br />\n                    This is to remind you that we have not yet received some items from invoice reference number {order_ref_number}. Please process it as soon as possible.</p>\n\n                    <p>{business_name}<br />\n                    {business_logo}</p>', 'This is to remind you that we have not yet received some items from invoice reference number {order_ref_number} . Please process it as soon as possible.{business_name}', NULL, 'Items Pending, from {business_name}', NULL, NULL, 0, 0, 0, '2020-03-28 20:57:56', '2020-03-28 20:57:56'),
(41, 6, 'new_sale', '<p>Dear {contact_name},</p>\n\n                    <p>Your invoice number is {invoice_number}<br />\n                    Total amount: {total_amount}<br />\n                    Paid amount: {received_amount}</p>\n\n                    <p>Thank you for shopping with us.</p>\n\n                    <p>{business_logo}</p>\n\n                    <p>&nbsp;</p>', 'Dear {contact_name}, Thank you for shopping with us. {business_name}', NULL, 'Thank you from {business_name}', NULL, NULL, 0, 0, 0, '2020-04-23 16:07:44', '2020-04-23 16:07:44'),
(42, 6, 'payment_received', '<p>Dear {contact_name},</p>\n\n                <p>We have received a payment of {received_amount}</p>\n\n                <p>{business_logo}</p>', 'Dear {contact_name}, We have received a payment of {received_amount}. {business_name}', NULL, 'Payment Received, from {business_name}', NULL, NULL, 0, 0, 0, '2020-04-23 16:07:44', '2020-04-23 16:07:44'),
(43, 6, 'payment_reminder', '<p>Dear {contact_name},</p>\n\n                    <p>This is to remind you that you have pending payment of {due_amount}. Kindly pay it as soon as possible.</p>\n\n                    <p>{business_logo}</p>', 'Dear {contact_name}, You have pending payment of {due_amount}. Kindly pay it as soon as possible. {business_name}', NULL, 'Payment Reminder, from {business_name}', NULL, NULL, 0, 0, 0, '2020-04-23 16:07:44', '2020-04-23 16:07:44'),
(44, 6, 'new_booking', '<p>Dear {contact_name},</p>\n\n                    <p>Your booking is confirmed</p>\n\n                    <p>Date: {start_time} to {end_time}</p>\n\n                    <p>Table: {table}</p>\n\n                    <p>Location: {location}</p>\n\n                    <p>{business_logo}</p>', 'Dear {contact_name}, Your booking is confirmed. Date: {start_time} to {end_time}, Table: {table}, Location: {location}', NULL, 'Booking Confirmed - {business_name}', NULL, NULL, 0, 0, 0, '2020-04-23 16:07:44', '2020-04-23 16:07:44'),
(45, 6, 'new_order', '<p>Dear {contact_name},</p>\n\n                    <p>We have a new order with reference number {order_ref_number}. Kindly process the products as soon as possible.</p>\n\n                    <p>{business_name}<br />\n                    {business_logo}</p>', 'Dear {contact_name}, We have a new order with reference number {order_ref_number}. Kindly process the products as soon as possible. {business_name}', NULL, 'New Order, from {business_name}', NULL, NULL, 0, 0, 0, '2020-04-23 16:07:44', '2020-04-23 16:07:44'),
(46, 6, 'payment_paid', '<p>Dear {contact_name},</p>\n\n                    <p>We have paid amount {paid_amount} again invoice number {order_ref_number}.<br />\n                    Kindly note it down.</p>\n\n                    <p>{business_name}<br />\n                    {business_logo}</p>', 'We have paid amount {paid_amount} again invoice number {order_ref_number}.\n                    Kindly note it down. {business_name}', NULL, 'Payment Paid, from {business_name}', NULL, NULL, 0, 0, 0, '2020-04-23 16:07:44', '2020-04-23 16:07:44'),
(47, 6, 'items_received', '<p>Dear {contact_name},</p>\n\n                    <p>We have received all items from invoice reference number {order_ref_number}. Thank you for processing it.</p>\n\n                    <p>{business_name}<br />\n                    {business_logo}</p>', 'We have received all items from invoice reference number {order_ref_number}. Thank you for processing it. {business_name}', NULL, 'Items received, from {business_name}', NULL, NULL, 0, 0, 0, '2020-04-23 16:07:44', '2020-04-23 16:07:44'),
(48, 6, 'items_pending', '<p>Dear {contact_name},<br />\n                    This is to remind you that we have not yet received some items from invoice reference number {order_ref_number}. Please process it as soon as possible.</p>\n\n                    <p>{business_name}<br />\n                    {business_logo}</p>', 'This is to remind you that we have not yet received some items from invoice reference number {order_ref_number} . Please process it as soon as possible.{business_name}', NULL, 'Items Pending, from {business_name}', NULL, NULL, 0, 0, 0, '2020-04-23 16:07:44', '2020-04-23 16:07:44'),
(49, 7, 'new_sale', '<p>Dear {contact_name},</p>\n\n                    <p>Your invoice number is {invoice_number}<br />\n                    Total amount: {total_amount}<br />\n                    Paid amount: {received_amount}</p>\n\n                    <p>Thank you for shopping with us.</p>\n\n                    <p>{business_logo}</p>\n\n                    <p>&nbsp;</p>', 'Dear {contact_name}, Thank you for shopping with us. {business_name}', NULL, 'Thank you from {business_name}', NULL, NULL, 0, 0, 0, '2020-11-28 16:59:51', '2020-11-28 16:59:51'),
(50, 7, 'payment_received', '<p>Dear {contact_name},</p>\n\n                <p>We have received a payment of {received_amount}</p>\n\n                <p>{business_logo}</p>', 'Dear {contact_name}, We have received a payment of {received_amount}. {business_name}', NULL, 'Payment Received, from {business_name}', NULL, NULL, 0, 0, 0, '2020-11-28 16:59:51', '2020-11-28 16:59:51'),
(51, 7, 'payment_reminder', '<p>Dear {contact_name},</p>\n\n                    <p>This is to remind you that you have pending payment of {due_amount}. Kindly pay it as soon as possible.</p>\n\n                    <p>{business_logo}</p>', 'Dear {contact_name}, You have pending payment of {due_amount}. Kindly pay it as soon as possible. {business_name}', NULL, 'Payment Reminder, from {business_name}', NULL, NULL, 0, 0, 0, '2020-11-28 16:59:51', '2020-11-28 16:59:51'),
(52, 7, 'new_booking', '<p>Dear {contact_name},</p>\n\n                    <p>Your booking is confirmed</p>\n\n                    <p>Date: {start_time} to {end_time}</p>\n\n                    <p>Table: {table}</p>\n\n                    <p>Location: {location}</p>\n\n                    <p>{business_logo}</p>', 'Dear {contact_name}, Your booking is confirmed. Date: {start_time} to {end_time}, Table: {table}, Location: {location}', NULL, 'Booking Confirmed - {business_name}', NULL, NULL, 0, 0, 0, '2020-11-28 16:59:51', '2020-11-28 16:59:51'),
(53, 7, 'new_order', '<p>Dear {contact_name},</p>\n\n                    <p>We have a new order with reference number {order_ref_number}. Kindly process the products as soon as possible.</p>\n\n                    <p>{business_name}<br />\n                    {business_logo}</p>', 'Dear {contact_name}, We have a new order with reference number {order_ref_number}. Kindly process the products as soon as possible. {business_name}', NULL, 'New Order, from {business_name}', NULL, NULL, 0, 0, 0, '2020-11-28 16:59:51', '2020-11-28 16:59:51'),
(54, 7, 'payment_paid', '<p>Dear {contact_name},</p>\n\n                    <p>We have paid amount {paid_amount} again invoice number {order_ref_number}.<br />\n                    Kindly note it down.</p>\n\n                    <p>{business_name}<br />\n                    {business_logo}</p>', 'We have paid amount {paid_amount} again invoice number {order_ref_number}.\n                    Kindly note it down. {business_name}', NULL, 'Payment Paid, from {business_name}', NULL, NULL, 0, 0, 0, '2020-11-28 16:59:51', '2020-11-28 16:59:51'),
(55, 7, 'items_received', '<p>Dear {contact_name},</p>\n\n                    <p>We have received all items from invoice reference number {order_ref_number}. Thank you for processing it.</p>\n\n                    <p>{business_name}<br />\n                    {business_logo}</p>', 'We have received all items from invoice reference number {order_ref_number}. Thank you for processing it. {business_name}', NULL, 'Items received, from {business_name}', NULL, NULL, 0, 0, 0, '2020-11-28 16:59:51', '2020-11-28 16:59:51'),
(56, 7, 'items_pending', '<p>Dear {contact_name},<br />\n                    This is to remind you that we have not yet received some items from invoice reference number {order_ref_number}. Please process it as soon as possible.</p>\n\n                    <p>{business_name}<br />\n                    {business_logo}</p>', 'This is to remind you that we have not yet received some items from invoice reference number {order_ref_number} . Please process it as soon as possible.{business_name}', NULL, 'Items Pending, from {business_name}', NULL, NULL, 0, 0, 0, '2020-11-28 16:59:51', '2020-11-28 16:59:51'),
(57, 8, 'new_sale', '<p>Dear {contact_name},</p>\n\n                    <p>Your invoice number is {invoice_number}<br />\n                    Total amount: {total_amount}<br />\n                    Paid amount: {received_amount}</p>\n\n                    <p>Thank you for shopping with us.</p>\n\n                    <p>{business_logo}</p>\n\n                    <p>&nbsp;</p>', 'Dear {contact_name}, Thank you for shopping with us. {business_name}', NULL, 'Thank you from {business_name}', NULL, NULL, 0, 0, 0, '2021-01-07 18:34:56', '2021-01-07 18:34:56'),
(58, 8, 'payment_received', '<p>Dear {contact_name},</p>\n\n                <p>We have received a payment of {received_amount}</p>\n\n                <p>{business_logo}</p>', 'Dear {contact_name}, We have received a payment of {received_amount}. {business_name}', NULL, 'Payment Received, from {business_name}', NULL, NULL, 0, 0, 0, '2021-01-07 18:34:56', '2021-01-07 18:34:56'),
(59, 8, 'payment_reminder', '<p>Dear {contact_name},</p>\n\n                    <p>This is to remind you that you have pending payment of {due_amount}. Kindly pay it as soon as possible.</p>\n\n                    <p>{business_logo}</p>', 'Dear {contact_name}, You have pending payment of {due_amount}. Kindly pay it as soon as possible. {business_name}', NULL, 'Payment Reminder, from {business_name}', NULL, NULL, 0, 0, 0, '2021-01-07 18:34:56', '2021-01-07 18:34:56'),
(60, 8, 'new_booking', '<p>Dear {contact_name},</p>\n\n                    <p>Your booking is confirmed</p>\n\n                    <p>Date: {start_time} to {end_time}</p>\n\n                    <p>Table: {table}</p>\n\n                    <p>Location: {location}</p>\n\n                    <p>{business_logo}</p>', 'Dear {contact_name}, Your booking is confirmed. Date: {start_time} to {end_time}, Table: {table}, Location: {location}', NULL, 'Booking Confirmed - {business_name}', NULL, NULL, 0, 0, 0, '2021-01-07 18:34:56', '2021-01-07 18:34:56'),
(61, 8, 'new_order', '<p>Dear {contact_name},</p>\n\n                    <p>We have a new order with reference number {order_ref_number}. Kindly process the products as soon as possible.</p>\n\n                    <p>{business_name}<br />\n                    {business_logo}</p>', 'Dear {contact_name}, We have a new order with reference number {order_ref_number}. Kindly process the products as soon as possible. {business_name}', NULL, 'New Order, from {business_name}', NULL, NULL, 0, 0, 0, '2021-01-07 18:34:56', '2021-01-07 18:34:56'),
(62, 8, 'payment_paid', '<p>Dear {contact_name},</p>\n\n                    <p>We have paid amount {paid_amount} again invoice number {order_ref_number}.<br />\n                    Kindly note it down.</p>\n\n                    <p>{business_name}<br />\n                    {business_logo}</p>', 'We have paid amount {paid_amount} again invoice number {order_ref_number}.\n                    Kindly note it down. {business_name}', NULL, 'Payment Paid, from {business_name}', NULL, NULL, 0, 0, 0, '2021-01-07 18:34:56', '2021-01-07 18:34:56'),
(63, 8, 'items_received', '<p>Dear {contact_name},</p>\n\n                    <p>We have received all items from invoice reference number {order_ref_number}. Thank you for processing it.</p>\n\n                    <p>{business_name}<br />\n                    {business_logo}</p>', 'We have received all items from invoice reference number {order_ref_number}. Thank you for processing it. {business_name}', NULL, 'Items received, from {business_name}', NULL, NULL, 0, 0, 0, '2021-01-07 18:34:56', '2021-01-07 18:34:56'),
(64, 8, 'items_pending', '<p>Dear {contact_name},<br />\n                    This is to remind you that we have not yet received some items from invoice reference number {order_ref_number}. Please process it as soon as possible.</p>\n\n                    <p>{business_name}<br />\n                    {business_logo}</p>', 'This is to remind you that we have not yet received some items from invoice reference number {order_ref_number} . Please process it as soon as possible.{business_name}', NULL, 'Items Pending, from {business_name}', NULL, NULL, 0, 0, 0, '2021-01-07 18:34:56', '2021-01-07 18:34:56'),
(65, 9, 'new_sale', '<p>Dear {contact_name},</p>\n\n                    <p>Your invoice number is {invoice_number}<br />\n                    Total amount: {total_amount}<br />\n                    Paid amount: {received_amount}</p>\n\n                    <p>Thank you for shopping with us.</p>\n\n                    <p>{business_logo}</p>\n\n                    <p>&nbsp;</p>', 'Dear {contact_name}, Thank you for shopping with us. {business_name}', NULL, 'Thank you from {business_name}', NULL, NULL, 0, 0, 0, '2021-01-22 17:10:50', '2021-01-22 17:10:50'),
(66, 9, 'payment_received', '<p>Dear {contact_name},</p>\n\n                <p>We have received a payment of {received_amount}</p>\n\n                <p>{business_logo}</p>', 'Dear {contact_name}, We have received a payment of {received_amount}. {business_name}', NULL, 'Payment Received, from {business_name}', NULL, NULL, 0, 0, 0, '2021-01-22 17:10:50', '2021-01-22 17:10:50'),
(67, 9, 'payment_reminder', '<p>Dear {contact_name},</p>\n\n                    <p>This is to remind you that you have pending payment of {due_amount}. Kindly pay it as soon as possible.</p>\n\n                    <p>{business_logo}</p>', 'Dear {contact_name}, You have pending payment of {due_amount}. Kindly pay it as soon as possible. {business_name}', NULL, 'Payment Reminder, from {business_name}', NULL, NULL, 0, 0, 0, '2021-01-22 17:10:50', '2021-01-22 17:10:50'),
(68, 9, 'new_booking', '<p>Dear {contact_name},</p>\n\n                    <p>Your booking is confirmed</p>\n\n                    <p>Date: {start_time} to {end_time}</p>\n\n                    <p>Table: {table}</p>\n\n                    <p>Location: {location}</p>\n\n                    <p>{business_logo}</p>', 'Dear {contact_name}, Your booking is confirmed. Date: {start_time} to {end_time}, Table: {table}, Location: {location}', NULL, 'Booking Confirmed - {business_name}', NULL, NULL, 0, 0, 0, '2021-01-22 17:10:50', '2021-01-22 17:10:50'),
(69, 9, 'new_order', '<p>Dear {contact_name},</p>\n\n                    <p>We have a new order with reference number {order_ref_number}. Kindly process the products as soon as possible.</p>\n\n                    <p>{business_name}<br />\n                    {business_logo}</p>', 'Dear {contact_name}, We have a new order with reference number {order_ref_number}. Kindly process the products as soon as possible. {business_name}', NULL, 'New Order, from {business_name}', NULL, NULL, 0, 0, 0, '2021-01-22 17:10:50', '2021-01-22 17:10:50'),
(70, 9, 'payment_paid', '<p>Dear {contact_name},</p>\n\n                    <p>We have paid amount {paid_amount} again invoice number {order_ref_number}.<br />\n                    Kindly note it down.</p>\n\n                    <p>{business_name}<br />\n                    {business_logo}</p>', 'We have paid amount {paid_amount} again invoice number {order_ref_number}.\n                    Kindly note it down. {business_name}', NULL, 'Payment Paid, from {business_name}', NULL, NULL, 0, 0, 0, '2021-01-22 17:10:50', '2021-01-22 17:10:50'),
(71, 9, 'items_received', '<p>Dear {contact_name},</p>\n\n                    <p>We have received all items from invoice reference number {order_ref_number}. Thank you for processing it.</p>\n\n                    <p>{business_name}<br />\n                    {business_logo}</p>', 'We have received all items from invoice reference number {order_ref_number}. Thank you for processing it. {business_name}', NULL, 'Items received, from {business_name}', NULL, NULL, 0, 0, 0, '2021-01-22 17:10:50', '2021-01-22 17:10:50'),
(72, 9, 'items_pending', '<p>Dear {contact_name},<br />\n                    This is to remind you that we have not yet received some items from invoice reference number {order_ref_number}. Please process it as soon as possible.</p>\n\n                    <p>{business_name}<br />\n                    {business_logo}</p>', 'This is to remind you that we have not yet received some items from invoice reference number {order_ref_number} . Please process it as soon as possible.{business_name}', NULL, 'Items Pending, from {business_name}', NULL, NULL, 0, 0, 0, '2021-01-22 17:10:50', '2021-01-22 17:10:50'),
(73, 9, 'new_quotation', '<p>Dear {contact_name},</p>\n\n                    <p>Your quotation number is {invoice_number}<br />\n                    Total amount: {total_amount}</p>\n\n                    <p>Thank you for shopping with us.</p>\n\n                    <p>{business_logo}</p>\n\n                    <p>&nbsp;</p>', 'Dear {contact_name}, Thank you for shopping with us. {business_name}', NULL, 'Thank you from {business_name}', NULL, NULL, 0, 0, 0, '2021-01-22 17:10:50', '2021-01-22 17:10:50'),
(74, 10, 'new_sale', '<p>Dear {contact_name},</p>\n\n                    <p>Your invoice number is {invoice_number}<br />\n                    Total amount: {total_amount}<br />\n                    Paid amount: {received_amount}</p>\n\n                    <p>Thank you for shopping with us.</p>\n\n                    <p>{business_logo}</p>\n\n                    <p>&nbsp;</p>', 'Dear {contact_name}, Thank you for shopping with us. {business_name}', NULL, 'Thank you from {business_name}', NULL, NULL, 0, 0, 0, '2021-01-29 19:43:36', '2021-01-29 19:43:36'),
(75, 10, 'payment_received', '<p>Dear {contact_name},</p>\n\n                <p>We have received a payment of {received_amount}</p>\n\n                <p>{business_logo}</p>', 'Dear {contact_name}, We have received a payment of {received_amount}. {business_name}', NULL, 'Payment Received, from {business_name}', NULL, NULL, 0, 0, 0, '2021-01-29 19:43:36', '2021-01-29 19:43:36'),
(76, 10, 'payment_reminder', '<p>Dear {contact_name},</p>\n\n                    <p>This is to remind you that you have pending payment of {due_amount}. Kindly pay it as soon as possible.</p>\n\n                    <p>{business_logo}</p>', 'Dear {contact_name}, You have pending payment of {due_amount}. Kindly pay it as soon as possible. {business_name}', NULL, 'Payment Reminder, from {business_name}', NULL, NULL, 0, 0, 0, '2021-01-29 19:43:36', '2021-01-29 19:43:36'),
(77, 10, 'new_booking', '<p>Dear {contact_name},</p>\n\n                    <p>Your booking is confirmed</p>\n\n                    <p>Date: {start_time} to {end_time}</p>\n\n                    <p>Table: {table}</p>\n\n                    <p>Location: {location}</p>\n\n                    <p>{business_logo}</p>', 'Dear {contact_name}, Your booking is confirmed. Date: {start_time} to {end_time}, Table: {table}, Location: {location}', NULL, 'Booking Confirmed - {business_name}', NULL, NULL, 0, 0, 0, '2021-01-29 19:43:36', '2021-01-29 19:43:36'),
(78, 10, 'new_order', '<p>Dear {contact_name},</p>\n\n                    <p>We have a new order with reference number {order_ref_number}. Kindly process the products as soon as possible.</p>\n\n                    <p>{business_name}<br />\n                    {business_logo}</p>', 'Dear {contact_name}, We have a new order with reference number {order_ref_number}. Kindly process the products as soon as possible. {business_name}', NULL, 'New Order, from {business_name}', NULL, NULL, 0, 0, 0, '2021-01-29 19:43:36', '2021-01-29 19:43:36'),
(79, 10, 'payment_paid', '<p>Dear {contact_name},</p>\n\n                    <p>We have paid amount {paid_amount} again invoice number {order_ref_number}.<br />\n                    Kindly note it down.</p>\n\n                    <p>{business_name}<br />\n                    {business_logo}</p>', 'We have paid amount {paid_amount} again invoice number {order_ref_number}.\n                    Kindly note it down. {business_name}', NULL, 'Payment Paid, from {business_name}', NULL, NULL, 0, 0, 0, '2021-01-29 19:43:36', '2021-01-29 19:43:36'),
(80, 10, 'items_received', '<p>Dear {contact_name},</p>\n\n                    <p>We have received all items from invoice reference number {order_ref_number}. Thank you for processing it.</p>\n\n                    <p>{business_name}<br />\n                    {business_logo}</p>', 'We have received all items from invoice reference number {order_ref_number}. Thank you for processing it. {business_name}', NULL, 'Items received, from {business_name}', NULL, NULL, 0, 0, 0, '2021-01-29 19:43:36', '2021-01-29 19:43:36'),
(81, 10, 'items_pending', '<p>Dear {contact_name},<br />\n                    This is to remind you that we have not yet received some items from invoice reference number {order_ref_number}. Please process it as soon as possible.</p>\n\n                    <p>{business_name}<br />\n                    {business_logo}</p>', 'This is to remind you that we have not yet received some items from invoice reference number {order_ref_number} . Please process it as soon as possible.{business_name}', NULL, 'Items Pending, from {business_name}', NULL, NULL, 0, 0, 0, '2021-01-29 19:43:36', '2021-01-29 19:43:36'),
(82, 10, 'new_quotation', '<p>Dear {contact_name},</p>\n\n                    <p>Your quotation number is {invoice_number}<br />\n                    Total amount: {total_amount}</p>\n\n                    <p>Thank you for shopping with us.</p>\n\n                    <p>{business_logo}</p>\n\n                    <p>&nbsp;</p>', 'Dear {contact_name}, Thank you for shopping with us. {business_name}', NULL, 'Thank you from {business_name}', NULL, NULL, 0, 0, 0, '2021-01-29 19:43:36', '2021-01-29 19:43:36'),
(83, 11, 'new_sale', '<p>Dear {contact_name},</p>\n\n                    <p>Your invoice number is {invoice_number}<br />\n                    Total amount: {total_amount}<br />\n                    Paid amount: {received_amount}</p>\n\n                    <p>Thank you for shopping with us.</p>\n\n                    <p>{business_logo}</p>\n\n                    <p>&nbsp;</p>', 'Dear {contact_name}, Thank you for shopping with us. {business_name}', NULL, 'Thank you from {business_name}', NULL, NULL, 0, 0, 0, '2021-02-17 10:42:17', '2021-02-17 10:42:17'),
(84, 11, 'payment_received', '<p>Dear {contact_name},</p>\n\n                <p>We have received a payment of {received_amount}</p>\n\n                <p>{business_logo}</p>', 'Dear {contact_name}, We have received a payment of {received_amount}. {business_name}', NULL, 'Payment Received, from {business_name}', NULL, NULL, 0, 0, 0, '2021-02-17 10:42:17', '2021-02-17 10:42:17'),
(85, 11, 'payment_reminder', '<p>Dear {contact_name},</p>\n\n                    <p>This is to remind you that you have pending payment of {due_amount}. Kindly pay it as soon as possible.</p>\n\n                    <p>{business_logo}</p>', 'Dear {contact_name}, You have pending payment of {due_amount}. Kindly pay it as soon as possible. {business_name}', NULL, 'Payment Reminder, from {business_name}', NULL, NULL, 0, 0, 0, '2021-02-17 10:42:17', '2021-02-17 10:42:17'),
(86, 11, 'new_booking', '<p>Dear {contact_name},</p>\n\n                    <p>Your booking is confirmed</p>\n\n                    <p>Date: {start_time} to {end_time}</p>\n\n                    <p>Table: {table}</p>\n\n                    <p>Location: {location}</p>\n\n                    <p>{business_logo}</p>', 'Dear {contact_name}, Your booking is confirmed. Date: {start_time} to {end_time}, Table: {table}, Location: {location}', NULL, 'Booking Confirmed - {business_name}', NULL, NULL, 0, 0, 0, '2021-02-17 10:42:17', '2021-02-17 10:42:17'),
(87, 11, 'new_order', '<p>Dear {contact_name},</p>\n\n                    <p>We have a new order with reference number {order_ref_number}. Kindly process the products as soon as possible.</p>\n\n                    <p>{business_name}<br />\n                    {business_logo}</p>', 'Dear {contact_name}, We have a new order with reference number {order_ref_number}. Kindly process the products as soon as possible. {business_name}', NULL, 'New Order, from {business_name}', NULL, NULL, 0, 0, 0, '2021-02-17 10:42:17', '2021-02-17 10:42:17'),
(88, 11, 'payment_paid', '<p>Dear {contact_name},</p>\n\n                    <p>We have paid amount {paid_amount} again invoice number {order_ref_number}.<br />\n                    Kindly note it down.</p>\n\n                    <p>{business_name}<br />\n                    {business_logo}</p>', 'We have paid amount {paid_amount} again invoice number {order_ref_number}.\n                    Kindly note it down. {business_name}', NULL, 'Payment Paid, from {business_name}', NULL, NULL, 0, 0, 0, '2021-02-17 10:42:17', '2021-02-17 10:42:17'),
(89, 11, 'items_received', '<p>Dear {contact_name},</p>\n\n                    <p>We have received all items from invoice reference number {order_ref_number}. Thank you for processing it.</p>\n\n                    <p>{business_name}<br />\n                    {business_logo}</p>', 'We have received all items from invoice reference number {order_ref_number}. Thank you for processing it. {business_name}', NULL, 'Items received, from {business_name}', NULL, NULL, 0, 0, 0, '2021-02-17 10:42:17', '2021-02-17 10:42:17'),
(90, 11, 'items_pending', '<p>Dear {contact_name},<br />\n                    This is to remind you that we have not yet received some items from invoice reference number {order_ref_number}. Please process it as soon as possible.</p>\n\n                    <p>{business_name}<br />\n                    {business_logo}</p>', 'This is to remind you that we have not yet received some items from invoice reference number {order_ref_number} . Please process it as soon as possible.{business_name}', NULL, 'Items Pending, from {business_name}', NULL, NULL, 0, 0, 0, '2021-02-17 10:42:17', '2021-02-17 10:42:17'),
(91, 11, 'new_quotation', '<p>Dear {contact_name},</p>\n\n                    <p>Your quotation number is {invoice_number}<br />\n                    Total amount: {total_amount}</p>\n\n                    <p>Thank you for shopping with us.</p>\n\n                    <p>{business_logo}</p>\n\n                    <p>&nbsp;</p>', 'Dear {contact_name}, Thank you for shopping with us. {business_name}', NULL, 'Thank you from {business_name}', NULL, NULL, 0, 0, 0, '2021-02-17 10:42:17', '2021-02-17 10:42:17'),
(92, 12, 'new_sale', '<p>Dear {contact_name},</p>\n\n                    <p>Your invoice number is {invoice_number}<br />\n                    Total amount: {total_amount}<br />\n                    Paid amount: {received_amount}</p>\n\n                    <p>Thank you for shopping with us.</p>\n\n                    <p>{business_logo}</p>\n\n                    <p>&nbsp;</p>', 'Dear {contact_name}, Thank you for shopping with us. {business_name}', NULL, 'Thank you from {business_name}', NULL, NULL, 0, 0, 0, '2021-02-24 20:59:33', '2021-02-24 20:59:33'),
(93, 12, 'payment_received', '<p>Dear {contact_name},</p>\n\n                <p>We have received a payment of {received_amount}</p>\n\n                <p>{business_logo}</p>', 'Dear {contact_name}, We have received a payment of {received_amount}. {business_name}', NULL, 'Payment Received, from {business_name}', NULL, NULL, 0, 0, 0, '2021-02-24 20:59:33', '2021-02-24 20:59:33'),
(94, 12, 'payment_reminder', '<p>Dear {contact_name},</p>\n\n                    <p>This is to remind you that you have pending payment of {due_amount}. Kindly pay it as soon as possible.</p>\n\n                    <p>{business_logo}</p>', 'Dear {contact_name}, You have pending payment of {due_amount}. Kindly pay it as soon as possible. {business_name}', NULL, 'Payment Reminder, from {business_name}', NULL, NULL, 0, 0, 0, '2021-02-24 20:59:33', '2021-02-24 20:59:33'),
(95, 12, 'new_booking', '<p>Dear {contact_name},</p>\n\n                    <p>Your booking is confirmed</p>\n\n                    <p>Date: {start_time} to {end_time}</p>\n\n                    <p>Table: {table}</p>\n\n                    <p>Location: {location}</p>\n\n                    <p>{business_logo}</p>', 'Dear {contact_name}, Your booking is confirmed. Date: {start_time} to {end_time}, Table: {table}, Location: {location}', NULL, 'Booking Confirmed - {business_name}', NULL, NULL, 0, 0, 0, '2021-02-24 20:59:33', '2021-02-24 20:59:33'),
(96, 12, 'new_order', '<p>Dear {contact_name},</p>\n\n                    <p>We have a new order with reference number {order_ref_number}. Kindly process the products as soon as possible.</p>\n\n                    <p>{business_name}<br />\n                    {business_logo}</p>', 'Dear {contact_name}, We have a new order with reference number {order_ref_number}. Kindly process the products as soon as possible. {business_name}', NULL, 'New Order, from {business_name}', NULL, NULL, 0, 0, 0, '2021-02-24 20:59:33', '2021-02-24 20:59:33'),
(97, 12, 'payment_paid', '<p>Dear {contact_name},</p>\n\n                    <p>We have paid amount {paid_amount} again invoice number {order_ref_number}.<br />\n                    Kindly note it down.</p>\n\n                    <p>{business_name}<br />\n                    {business_logo}</p>', 'We have paid amount {paid_amount} again invoice number {order_ref_number}.\n                    Kindly note it down. {business_name}', NULL, 'Payment Paid, from {business_name}', NULL, NULL, 0, 0, 0, '2021-02-24 20:59:33', '2021-02-24 20:59:33');
INSERT INTO `notification_templates` (`id`, `business_id`, `template_for`, `email_body`, `sms_body`, `whatsapp_text`, `subject`, `cc`, `bcc`, `auto_send`, `auto_send_sms`, `auto_send_wa_notif`, `created_at`, `updated_at`) VALUES
(98, 12, 'items_received', '<p>Dear {contact_name},</p>\n\n                    <p>We have received all items from invoice reference number {order_ref_number}. Thank you for processing it.</p>\n\n                    <p>{business_name}<br />\n                    {business_logo}</p>', 'We have received all items from invoice reference number {order_ref_number}. Thank you for processing it. {business_name}', NULL, 'Items received, from {business_name}', NULL, NULL, 0, 0, 0, '2021-02-24 20:59:33', '2021-02-24 20:59:33'),
(99, 12, 'items_pending', '<p>Dear {contact_name},<br />\n                    This is to remind you that we have not yet received some items from invoice reference number {order_ref_number}. Please process it as soon as possible.</p>\n\n                    <p>{business_name}<br />\n                    {business_logo}</p>', 'This is to remind you that we have not yet received some items from invoice reference number {order_ref_number} . Please process it as soon as possible.{business_name}', NULL, 'Items Pending, from {business_name}', NULL, NULL, 0, 0, 0, '2021-02-24 20:59:33', '2021-02-24 20:59:33'),
(100, 12, 'new_quotation', '<p>Dear {contact_name},</p>\n\n                    <p>Your quotation number is {invoice_number}<br />\n                    Total amount: {total_amount}</p>\n\n                    <p>Thank you for shopping with us.</p>\n\n                    <p>{business_logo}</p>\n\n                    <p>&nbsp;</p>', 'Dear {contact_name}, Thank you for shopping with us. {business_name}', NULL, 'Thank you from {business_name}', NULL, NULL, 0, 0, 0, '2021-02-24 20:59:33', '2021-02-24 20:59:33'),
(101, 13, 'new_sale', '<p>Dear {contact_name},</p>\n\n                    <p>Your invoice number is {invoice_number}<br />\n                    Total amount: {total_amount}<br />\n                    Paid amount: {received_amount}</p>\n\n                    <p>Thank you for shopping with us.</p>\n\n                    <p>{business_logo}</p>\n\n                    <p>&nbsp;</p>', 'Dear {contact_name}, Thank you for shopping with us. {business_name}', NULL, 'Thank you from {business_name}', NULL, NULL, 0, 0, 0, '2021-02-27 17:52:49', '2021-02-27 17:52:49'),
(102, 13, 'payment_received', '<p>Dear {contact_name},</p>\n\n                <p>We have received a payment of {received_amount}</p>\n\n                <p>{business_logo}</p>', 'Dear {contact_name}, We have received a payment of {received_amount}. {business_name}', NULL, 'Payment Received, from {business_name}', NULL, NULL, 0, 0, 0, '2021-02-27 17:52:49', '2021-02-27 17:52:49'),
(103, 13, 'payment_reminder', '<p>Dear {contact_name},</p>\n\n                    <p>This is to remind you that you have pending payment of {due_amount}. Kindly pay it as soon as possible.</p>\n\n                    <p>{business_logo}</p>', 'Dear {contact_name}, You have pending payment of {due_amount}. Kindly pay it as soon as possible. {business_name}', NULL, 'Payment Reminder, from {business_name}', NULL, NULL, 0, 0, 0, '2021-02-27 17:52:49', '2021-02-27 17:52:49'),
(104, 13, 'new_booking', '<p>Dear {contact_name},</p>\n\n                    <p>Your booking is confirmed</p>\n\n                    <p>Date: {start_time} to {end_time}</p>\n\n                    <p>Table: {table}</p>\n\n                    <p>Location: {location}</p>\n\n                    <p>{business_logo}</p>', 'Dear {contact_name}, Your booking is confirmed. Date: {start_time} to {end_time}, Table: {table}, Location: {location}', NULL, 'Booking Confirmed - {business_name}', NULL, NULL, 0, 0, 0, '2021-02-27 17:52:49', '2021-02-27 17:52:49'),
(105, 13, 'new_order', '<p>Dear {contact_name},</p>\n\n                    <p>We have a new order with reference number {order_ref_number}. Kindly process the products as soon as possible.</p>\n\n                    <p>{business_name}<br />\n                    {business_logo}</p>', 'Dear {contact_name}, We have a new order with reference number {order_ref_number}. Kindly process the products as soon as possible. {business_name}', NULL, 'New Order, from {business_name}', NULL, NULL, 0, 0, 0, '2021-02-27 17:52:49', '2021-02-27 17:52:49'),
(106, 13, 'payment_paid', '<p>Dear {contact_name},</p>\n\n                    <p>We have paid amount {paid_amount} again invoice number {order_ref_number}.<br />\n                    Kindly note it down.</p>\n\n                    <p>{business_name}<br />\n                    {business_logo}</p>', 'We have paid amount {paid_amount} again invoice number {order_ref_number}.\n                    Kindly note it down. {business_name}', NULL, 'Payment Paid, from {business_name}', NULL, NULL, 0, 0, 0, '2021-02-27 17:52:49', '2021-02-27 17:52:49'),
(107, 13, 'items_received', '<p>Dear {contact_name},</p>\n\n                    <p>We have received all items from invoice reference number {order_ref_number}. Thank you for processing it.</p>\n\n                    <p>{business_name}<br />\n                    {business_logo}</p>', 'We have received all items from invoice reference number {order_ref_number}. Thank you for processing it. {business_name}', NULL, 'Items received, from {business_name}', NULL, NULL, 0, 0, 0, '2021-02-27 17:52:49', '2021-02-27 17:52:49'),
(108, 13, 'items_pending', '<p>Dear {contact_name},<br />\n                    This is to remind you that we have not yet received some items from invoice reference number {order_ref_number}. Please process it as soon as possible.</p>\n\n                    <p>{business_name}<br />\n                    {business_logo}</p>', 'This is to remind you that we have not yet received some items from invoice reference number {order_ref_number} . Please process it as soon as possible.{business_name}', NULL, 'Items Pending, from {business_name}', NULL, NULL, 0, 0, 0, '2021-02-27 17:52:49', '2021-02-27 17:52:49'),
(109, 13, 'new_quotation', '<p>Dear {contact_name},</p>\n\n                    <p>Your quotation number is {invoice_number}<br />\n                    Total amount: {total_amount}</p>\n\n                    <p>Thank you for shopping with us.</p>\n\n                    <p>{business_logo}</p>\n\n                    <p>&nbsp;</p>', 'Dear {contact_name}, Thank you for shopping with us. {business_name}', NULL, 'Thank you from {business_name}', NULL, NULL, 0, 0, 0, '2021-02-27 17:52:49', '2021-02-27 17:52:49'),
(110, 14, 'new_sale', '<p>Dear {contact_name},</p>\n\n                    <p>Your invoice number is {invoice_number}<br />\n                    Total amount: {total_amount}<br />\n                    Paid amount: {received_amount}</p>\n\n                    <p>Thank you for shopping with us.</p>\n\n                    <p>{business_logo}</p>\n\n                    <p>&nbsp;</p>', 'Dear {contact_name}, Thank you for shopping with us. {business_name}', NULL, 'Thank you from {business_name}', NULL, NULL, 0, 0, 0, '2021-03-22 17:28:03', '2021-03-22 17:28:03'),
(111, 14, 'payment_received', '<p>Dear {contact_name},</p>\n\n                <p>We have received a payment of {received_amount}</p>\n\n                <p>{business_logo}</p>', 'Dear {contact_name}, We have received a payment of {received_amount}. {business_name}', NULL, 'Payment Received, from {business_name}', NULL, NULL, 0, 0, 0, '2021-03-22 17:28:03', '2021-03-22 17:28:03'),
(112, 14, 'payment_reminder', '<p>Dear {contact_name},</p>\n\n                    <p>This is to remind you that you have pending payment of {due_amount}. Kindly pay it as soon as possible.</p>\n\n                    <p>{business_logo}</p>', 'Dear {contact_name}, You have pending payment of {due_amount}. Kindly pay it as soon as possible. {business_name}', NULL, 'Payment Reminder, from {business_name}', NULL, NULL, 0, 0, 0, '2021-03-22 17:28:03', '2021-03-22 17:28:03'),
(113, 14, 'new_booking', '<p>Dear {contact_name},</p>\n\n                    <p>Your booking is confirmed</p>\n\n                    <p>Date: {start_time} to {end_time}</p>\n\n                    <p>Table: {table}</p>\n\n                    <p>Location: {location}</p>\n\n                    <p>{business_logo}</p>', 'Dear {contact_name}, Your booking is confirmed. Date: {start_time} to {end_time}, Table: {table}, Location: {location}', NULL, 'Booking Confirmed - {business_name}', NULL, NULL, 0, 0, 0, '2021-03-22 17:28:03', '2021-03-22 17:28:03'),
(114, 14, 'new_order', '<p>Dear {contact_name},</p>\n\n                    <p>We have a new order with reference number {order_ref_number}. Kindly process the products as soon as possible.</p>\n\n                    <p>{business_name}<br />\n                    {business_logo}</p>', 'Dear {contact_name}, We have a new order with reference number {order_ref_number}. Kindly process the products as soon as possible. {business_name}', NULL, 'New Order, from {business_name}', NULL, NULL, 0, 0, 0, '2021-03-22 17:28:03', '2021-03-22 17:28:03'),
(115, 14, 'payment_paid', '<p>Dear {contact_name},</p>\n\n                    <p>We have paid amount {paid_amount} again invoice number {order_ref_number}.<br />\n                    Kindly note it down.</p>\n\n                    <p>{business_name}<br />\n                    {business_logo}</p>', 'We have paid amount {paid_amount} again invoice number {order_ref_number}.\n                    Kindly note it down. {business_name}', NULL, 'Payment Paid, from {business_name}', NULL, NULL, 0, 0, 0, '2021-03-22 17:28:03', '2021-03-22 17:28:03'),
(116, 14, 'items_received', '<p>Dear {contact_name},</p>\n\n                    <p>We have received all items from invoice reference number {order_ref_number}. Thank you for processing it.</p>\n\n                    <p>{business_name}<br />\n                    {business_logo}</p>', 'We have received all items from invoice reference number {order_ref_number}. Thank you for processing it. {business_name}', NULL, 'Items received, from {business_name}', NULL, NULL, 0, 0, 0, '2021-03-22 17:28:03', '2021-03-22 17:28:03'),
(117, 14, 'items_pending', '<p>Dear {contact_name},<br />\n                    This is to remind you that we have not yet received some items from invoice reference number {order_ref_number}. Please process it as soon as possible.</p>\n\n                    <p>{business_name}<br />\n                    {business_logo}</p>', 'This is to remind you that we have not yet received some items from invoice reference number {order_ref_number} . Please process it as soon as possible.{business_name}', NULL, 'Items Pending, from {business_name}', NULL, NULL, 0, 0, 0, '2021-03-22 17:28:03', '2021-03-22 17:28:03'),
(118, 14, 'new_quotation', '<p>Dear {contact_name},</p>\n\n                    <p>Your quotation number is {invoice_number}<br />\n                    Total amount: {total_amount}</p>\n\n                    <p>Thank you for shopping with us.</p>\n\n                    <p>{business_logo}</p>\n\n                    <p>&nbsp;</p>', 'Dear {contact_name}, Thank you for shopping with us. {business_name}', NULL, 'Thank you from {business_name}', NULL, NULL, 0, 0, 0, '2021-03-22 17:28:03', '2021-03-22 17:28:03'),
(119, 15, 'new_sale', '<p>Dear {contact_name},</p>\n\n                    <p>Your invoice number is {invoice_number}<br />\n                    Total amount: {total_amount}<br />\n                    Paid amount: {received_amount}</p>\n\n                    <p>Thank you for shopping with us.</p>\n\n                    <p>{business_logo}</p>\n\n                    <p>&nbsp;</p>', 'Dear {contact_name}, Thank you for shopping with us. {business_name}', NULL, 'Thank you from {business_name}', NULL, NULL, 0, 0, 0, '2021-03-28 11:27:46', '2021-03-28 11:27:46'),
(120, 15, 'payment_received', '<p>Dear {contact_name},</p>\n\n                <p>We have received a payment of {received_amount}</p>\n\n                <p>{business_logo}</p>', 'Dear {contact_name}, We have received a payment of {received_amount}. {business_name}', NULL, 'Payment Received, from {business_name}', NULL, NULL, 0, 0, 0, '2021-03-28 11:27:46', '2021-03-28 11:27:46'),
(121, 15, 'payment_reminder', '<p>Dear {contact_name},</p>\n\n                    <p>This is to remind you that you have pending payment of {due_amount}. Kindly pay it as soon as possible.</p>\n\n                    <p>{business_logo}</p>', 'Dear {contact_name}, You have pending payment of {due_amount}. Kindly pay it as soon as possible. {business_name}', NULL, 'Payment Reminder, from {business_name}', NULL, NULL, 0, 0, 0, '2021-03-28 11:27:46', '2021-03-28 11:27:46'),
(122, 15, 'new_booking', '<p>Dear {contact_name},</p>\n\n                    <p>Your booking is confirmed</p>\n\n                    <p>Date: {start_time} to {end_time}</p>\n\n                    <p>Table: {table}</p>\n\n                    <p>Location: {location}</p>\n\n                    <p>{business_logo}</p>', 'Dear {contact_name}, Your booking is confirmed. Date: {start_time} to {end_time}, Table: {table}, Location: {location}', NULL, 'Booking Confirmed - {business_name}', NULL, NULL, 0, 0, 0, '2021-03-28 11:27:46', '2021-03-28 11:27:46'),
(123, 15, 'new_order', '<p>Dear {contact_name},</p>\n\n                    <p>We have a new order with reference number {order_ref_number}. Kindly process the products as soon as possible.</p>\n\n                    <p>{business_name}<br />\n                    {business_logo}</p>', 'Dear {contact_name}, We have a new order with reference number {order_ref_number}. Kindly process the products as soon as possible. {business_name}', NULL, 'New Order, from {business_name}', NULL, NULL, 0, 0, 0, '2021-03-28 11:27:46', '2021-03-28 11:27:46'),
(124, 15, 'payment_paid', '<p>Dear {contact_name},</p>\n\n                    <p>We have paid amount {paid_amount} again invoice number {order_ref_number}.<br />\n                    Kindly note it down.</p>\n\n                    <p>{business_name}<br />\n                    {business_logo}</p>', 'We have paid amount {paid_amount} again invoice number {order_ref_number}.\n                    Kindly note it down. {business_name}', NULL, 'Payment Paid, from {business_name}', NULL, NULL, 0, 0, 0, '2021-03-28 11:27:46', '2021-03-28 11:27:46'),
(125, 15, 'items_received', '<p>Dear {contact_name},</p>\n\n                    <p>We have received all items from invoice reference number {order_ref_number}. Thank you for processing it.</p>\n\n                    <p>{business_name}<br />\n                    {business_logo}</p>', 'We have received all items from invoice reference number {order_ref_number}. Thank you for processing it. {business_name}', NULL, 'Items received, from {business_name}', NULL, NULL, 0, 0, 0, '2021-03-28 11:27:46', '2021-03-28 11:27:46'),
(126, 15, 'items_pending', '<p>Dear {contact_name},<br />\n                    This is to remind you that we have not yet received some items from invoice reference number {order_ref_number}. Please process it as soon as possible.</p>\n\n                    <p>{business_name}<br />\n                    {business_logo}</p>', 'This is to remind you that we have not yet received some items from invoice reference number {order_ref_number} . Please process it as soon as possible.{business_name}', NULL, 'Items Pending, from {business_name}', NULL, NULL, 0, 0, 0, '2021-03-28 11:27:46', '2021-03-28 11:27:46'),
(127, 15, 'new_quotation', '<p>Dear {contact_name},</p>\n\n                    <p>Your quotation number is {invoice_number}<br />\n                    Total amount: {total_amount}</p>\n\n                    <p>Thank you for shopping with us.</p>\n\n                    <p>{business_logo}</p>\n\n                    <p>&nbsp;</p>', 'Dear {contact_name}, Thank you for shopping with us. {business_name}', NULL, 'Thank you from {business_name}', NULL, NULL, 0, 0, 0, '2021-03-28 11:27:46', '2021-03-28 11:27:46'),
(128, 16, 'new_sale', '<p>Dear {contact_name},</p>\n\n                    <p>Your invoice number is {invoice_number}<br />\n                    Total amount: {total_amount}<br />\n                    Paid amount: {received_amount}</p>\n\n                    <p>Thank you for shopping with us.</p>\n\n                    <p>{business_logo}</p>\n\n                    <p>&nbsp;</p>', 'Dear {contact_name}, Thank you for shopping with us. {business_name}', NULL, 'Thank you from {business_name}', NULL, NULL, 0, 0, 0, '2021-04-12 19:06:10', '2021-04-12 19:06:10'),
(129, 16, 'payment_received', '<p>Dear {contact_name},</p>\n\n                <p>We have received a payment of {received_amount}</p>\n\n                <p>{business_logo}</p>', 'Dear {contact_name}, We have received a payment of {received_amount}. {business_name}', NULL, 'Payment Received, from {business_name}', NULL, NULL, 0, 0, 0, '2021-04-12 19:06:10', '2021-04-12 19:06:10'),
(130, 16, 'payment_reminder', '<p>Dear {contact_name},</p>\n\n                    <p>This is to remind you that you have pending payment of {due_amount}. Kindly pay it as soon as possible.</p>\n\n                    <p>{business_logo}</p>', 'Dear {contact_name}, You have pending payment of {due_amount}. Kindly pay it as soon as possible. {business_name}', NULL, 'Payment Reminder, from {business_name}', NULL, NULL, 0, 0, 0, '2021-04-12 19:06:10', '2021-04-12 19:06:10'),
(131, 16, 'new_booking', '<p>Dear {contact_name},</p>\n\n                    <p>Your booking is confirmed</p>\n\n                    <p>Date: {start_time} to {end_time}</p>\n\n                    <p>Table: {table}</p>\n\n                    <p>Location: {location}</p>\n\n                    <p>{business_logo}</p>', 'Dear {contact_name}, Your booking is confirmed. Date: {start_time} to {end_time}, Table: {table}, Location: {location}', NULL, 'Booking Confirmed - {business_name}', NULL, NULL, 0, 0, 0, '2021-04-12 19:06:10', '2021-04-12 19:06:10'),
(132, 16, 'new_order', '<p>Dear {contact_name},</p>\n\n                    <p>We have a new order with reference number {order_ref_number}. Kindly process the products as soon as possible.</p>\n\n                    <p>{business_name}<br />\n                    {business_logo}</p>', 'Dear {contact_name}, We have a new order with reference number {order_ref_number}. Kindly process the products as soon as possible. {business_name}', NULL, 'New Order, from {business_name}', NULL, NULL, 0, 0, 0, '2021-04-12 19:06:10', '2021-04-12 19:06:10'),
(133, 16, 'payment_paid', '<p>Dear {contact_name},</p>\n\n                    <p>We have paid amount {paid_amount} again invoice number {order_ref_number}.<br />\n                    Kindly note it down.</p>\n\n                    <p>{business_name}<br />\n                    {business_logo}</p>', 'We have paid amount {paid_amount} again invoice number {order_ref_number}.\n                    Kindly note it down. {business_name}', NULL, 'Payment Paid, from {business_name}', NULL, NULL, 0, 0, 0, '2021-04-12 19:06:10', '2021-04-12 19:06:10'),
(134, 16, 'items_received', '<p>Dear {contact_name},</p>\n\n                    <p>We have received all items from invoice reference number {order_ref_number}. Thank you for processing it.</p>\n\n                    <p>{business_name}<br />\n                    {business_logo}</p>', 'We have received all items from invoice reference number {order_ref_number}. Thank you for processing it. {business_name}', NULL, 'Items received, from {business_name}', NULL, NULL, 0, 0, 0, '2021-04-12 19:06:10', '2021-04-12 19:06:10'),
(135, 16, 'items_pending', '<p>Dear {contact_name},<br />\n                    This is to remind you that we have not yet received some items from invoice reference number {order_ref_number}. Please process it as soon as possible.</p>\n\n                    <p>{business_name}<br />\n                    {business_logo}</p>', 'This is to remind you that we have not yet received some items from invoice reference number {order_ref_number} . Please process it as soon as possible.{business_name}', NULL, 'Items Pending, from {business_name}', NULL, NULL, 0, 0, 0, '2021-04-12 19:06:10', '2021-04-12 19:06:10'),
(136, 16, 'new_quotation', '<p>Dear {contact_name},</p>\n\n                    <p>Your quotation number is {invoice_number}<br />\n                    Total amount: {total_amount}</p>\n\n                    <p>Thank you for shopping with us.</p>\n\n                    <p>{business_logo}</p>\n\n                    <p>&nbsp;</p>', 'Dear {contact_name}, Thank you for shopping with us. {business_name}', NULL, 'Thank you from {business_name}', NULL, NULL, 0, 0, 0, '2021-04-12 19:06:10', '2021-04-12 19:06:10'),
(137, 17, 'new_sale', '<p>Dear {contact_name},</p>\n\n                    <p>Your invoice number is {invoice_number}<br />\n                    Total amount: {total_amount}<br />\n                    Paid amount: {received_amount}</p>\n\n                    <p>Thank you for shopping with us.</p>\n\n                    <p>{business_logo}</p>\n\n                    <p>&nbsp;</p>', 'Dear {contact_name}, Thank you for shopping with us. {business_name}', NULL, 'Thank you from {business_name}', NULL, NULL, 0, 0, 0, '2021-04-13 14:22:01', '2021-04-13 14:22:01'),
(138, 17, 'payment_received', '<p>Dear {contact_name},</p>\n\n                <p>We have received a payment of {received_amount}</p>\n\n                <p>{business_logo}</p>', 'Dear {contact_name}, We have received a payment of {received_amount}. {business_name}', NULL, 'Payment Received, from {business_name}', NULL, NULL, 0, 0, 0, '2021-04-13 14:22:01', '2021-04-13 14:22:01'),
(139, 17, 'payment_reminder', '<p>Dear {contact_name},</p>\n\n                    <p>This is to remind you that you have pending payment of {due_amount}. Kindly pay it as soon as possible.</p>\n\n                    <p>{business_logo}</p>', 'Dear {contact_name}, You have pending payment of {due_amount}. Kindly pay it as soon as possible. {business_name}', NULL, 'Payment Reminder, from {business_name}', NULL, NULL, 0, 0, 0, '2021-04-13 14:22:01', '2021-04-13 14:22:01'),
(140, 17, 'new_booking', '<p>Dear {contact_name},</p>\n\n                    <p>Your booking is confirmed</p>\n\n                    <p>Date: {start_time} to {end_time}</p>\n\n                    <p>Table: {table}</p>\n\n                    <p>Location: {location}</p>\n\n                    <p>{business_logo}</p>', 'Dear {contact_name}, Your booking is confirmed. Date: {start_time} to {end_time}, Table: {table}, Location: {location}', NULL, 'Booking Confirmed - {business_name}', NULL, NULL, 0, 0, 0, '2021-04-13 14:22:01', '2021-04-13 14:22:01'),
(141, 17, 'new_order', '<p>Dear {contact_name},</p>\n\n                    <p>We have a new order with reference number {order_ref_number}. Kindly process the products as soon as possible.</p>\n\n                    <p>{business_name}<br />\n                    {business_logo}</p>', 'Dear {contact_name}, We have a new order with reference number {order_ref_number}. Kindly process the products as soon as possible. {business_name}', NULL, 'New Order, from {business_name}', NULL, NULL, 0, 0, 0, '2021-04-13 14:22:01', '2021-04-13 14:22:01'),
(142, 17, 'payment_paid', '<p>Dear {contact_name},</p>\n\n                    <p>We have paid amount {paid_amount} again invoice number {order_ref_number}.<br />\n                    Kindly note it down.</p>\n\n                    <p>{business_name}<br />\n                    {business_logo}</p>', 'We have paid amount {paid_amount} again invoice number {order_ref_number}.\n                    Kindly note it down. {business_name}', NULL, 'Payment Paid, from {business_name}', NULL, NULL, 0, 0, 0, '2021-04-13 14:22:01', '2021-04-13 14:22:01'),
(143, 17, 'items_received', '<p>Dear {contact_name},</p>\n\n                    <p>We have received all items from invoice reference number {order_ref_number}. Thank you for processing it.</p>\n\n                    <p>{business_name}<br />\n                    {business_logo}</p>', 'We have received all items from invoice reference number {order_ref_number}. Thank you for processing it. {business_name}', NULL, 'Items received, from {business_name}', NULL, NULL, 0, 0, 0, '2021-04-13 14:22:01', '2021-04-13 14:22:01'),
(144, 17, 'items_pending', '<p>Dear {contact_name},<br />\n                    This is to remind you that we have not yet received some items from invoice reference number {order_ref_number}. Please process it as soon as possible.</p>\n\n                    <p>{business_name}<br />\n                    {business_logo}</p>', 'This is to remind you that we have not yet received some items from invoice reference number {order_ref_number} . Please process it as soon as possible.{business_name}', NULL, 'Items Pending, from {business_name}', NULL, NULL, 0, 0, 0, '2021-04-13 14:22:01', '2021-04-13 14:22:01'),
(145, 17, 'new_quotation', '<p>Dear {contact_name},</p>\n\n                    <p>Your quotation number is {invoice_number}<br />\n                    Total amount: {total_amount}</p>\n\n                    <p>Thank you for shopping with us.</p>\n\n                    <p>{business_logo}</p>\n\n                    <p>&nbsp;</p>', 'Dear {contact_name}, Thank you for shopping with us. {business_name}', NULL, 'Thank you from {business_name}', NULL, NULL, 0, 0, 0, '2021-04-13 14:22:01', '2021-04-13 14:22:01'),
(146, 18, 'new_sale', '<p>Dear {contact_name},</p>\n\n                    <p>Your invoice number is {invoice_number}<br />\n                    Total amount: {total_amount}<br />\n                    Paid amount: {received_amount}</p>\n\n                    <p>Thank you for shopping with us.</p>\n\n                    <p>{business_logo}</p>\n\n                    <p>&nbsp;</p>', 'Dear {contact_name}, Thank you for shopping with us. {business_name}', NULL, 'Thank you from {business_name}', NULL, NULL, 0, 0, 0, '2021-04-23 16:28:34', '2021-04-23 16:28:34'),
(147, 18, 'payment_received', '<p>Dear {contact_name},</p>\n\n                <p>We have received a payment of {received_amount}</p>\n\n                <p>{business_logo}</p>', 'Dear {contact_name}, We have received a payment of {received_amount}. {business_name}', NULL, 'Payment Received, from {business_name}', NULL, NULL, 0, 0, 0, '2021-04-23 16:28:34', '2021-04-23 16:28:34'),
(148, 18, 'payment_reminder', '<p>Dear {contact_name},</p>\n\n                    <p>This is to remind you that you have pending payment of {due_amount}. Kindly pay it as soon as possible.</p>\n\n                    <p>{business_logo}</p>', 'Dear {contact_name}, You have pending payment of {due_amount}. Kindly pay it as soon as possible. {business_name}', NULL, 'Payment Reminder, from {business_name}', NULL, NULL, 0, 0, 0, '2021-04-23 16:28:34', '2021-04-23 16:28:34'),
(149, 18, 'new_booking', '<p>Dear {contact_name},</p>\n\n                    <p>Your booking is confirmed</p>\n\n                    <p>Date: {start_time} to {end_time}</p>\n\n                    <p>Table: {table}</p>\n\n                    <p>Location: {location}</p>\n\n                    <p>{business_logo}</p>', 'Dear {contact_name}, Your booking is confirmed. Date: {start_time} to {end_time}, Table: {table}, Location: {location}', NULL, 'Booking Confirmed - {business_name}', NULL, NULL, 0, 0, 0, '2021-04-23 16:28:34', '2021-04-23 16:28:34'),
(150, 18, 'new_order', '<p>Dear {contact_name},</p>\n\n                    <p>We have a new order with reference number {order_ref_number}. Kindly process the products as soon as possible.</p>\n\n                    <p>{business_name}<br />\n                    {business_logo}</p>', 'Dear {contact_name}, We have a new order with reference number {order_ref_number}. Kindly process the products as soon as possible. {business_name}', NULL, 'New Order, from {business_name}', NULL, NULL, 0, 0, 0, '2021-04-23 16:28:34', '2021-04-23 16:28:34'),
(151, 18, 'payment_paid', '<p>Dear {contact_name},</p>\n\n                    <p>We have paid amount {paid_amount} again invoice number {order_ref_number}.<br />\n                    Kindly note it down.</p>\n\n                    <p>{business_name}<br />\n                    {business_logo}</p>', 'We have paid amount {paid_amount} again invoice number {order_ref_number}.\n                    Kindly note it down. {business_name}', NULL, 'Payment Paid, from {business_name}', NULL, NULL, 0, 0, 0, '2021-04-23 16:28:34', '2021-04-23 16:28:34'),
(152, 18, 'items_received', '<p>Dear {contact_name},</p>\n\n                    <p>We have received all items from invoice reference number {order_ref_number}. Thank you for processing it.</p>\n\n                    <p>{business_name}<br />\n                    {business_logo}</p>', 'We have received all items from invoice reference number {order_ref_number}. Thank you for processing it. {business_name}', NULL, 'Items received, from {business_name}', NULL, NULL, 0, 0, 0, '2021-04-23 16:28:34', '2021-04-23 16:28:34'),
(153, 18, 'items_pending', '<p>Dear {contact_name},<br />\n                    This is to remind you that we have not yet received some items from invoice reference number {order_ref_number}. Please process it as soon as possible.</p>\n\n                    <p>{business_name}<br />\n                    {business_logo}</p>', 'This is to remind you that we have not yet received some items from invoice reference number {order_ref_number} . Please process it as soon as possible.{business_name}', NULL, 'Items Pending, from {business_name}', NULL, NULL, 0, 0, 0, '2021-04-23 16:28:34', '2021-04-23 16:28:34'),
(154, 18, 'new_quotation', '<p>Dear {contact_name},</p>\n\n                    <p>Your quotation number is {invoice_number}<br />\n                    Total amount: {total_amount}</p>\n\n                    <p>Thank you for shopping with us.</p>\n\n                    <p>{business_logo}</p>\n\n                    <p>&nbsp;</p>', 'Dear {contact_name}, Thank you for shopping with us. {business_name}', NULL, 'Thank you from {business_name}', NULL, NULL, 0, 0, 0, '2021-04-23 16:28:34', '2021-04-23 16:28:34'),
(155, 19, 'new_sale', '<p>Dear {contact_name},</p>\n\n                    <p>Your invoice number is {invoice_number}<br />\n                    Total amount: {total_amount}<br />\n                    Paid amount: {received_amount}</p>\n\n                    <p>Thank you for shopping with us.</p>\n\n                    <p>{business_logo}</p>\n\n                    <p>&nbsp;</p>', 'Dear {contact_name}, Thank you for shopping with us. {business_name}', NULL, 'Thank you from {business_name}', NULL, NULL, 0, 0, 0, '2021-05-01 13:44:51', '2021-05-01 13:44:51'),
(156, 19, 'payment_received', '<p>Dear {contact_name},</p>\n\n                <p>We have received a payment of {received_amount}</p>\n\n                <p>{business_logo}</p>', 'Dear {contact_name}, We have received a payment of {received_amount}. {business_name}', NULL, 'Payment Received, from {business_name}', NULL, NULL, 0, 0, 0, '2021-05-01 13:44:51', '2021-05-01 13:44:51'),
(157, 19, 'payment_reminder', '<p>Dear {contact_name},</p>\n\n                    <p>This is to remind you that you have pending payment of {due_amount}. Kindly pay it as soon as possible.</p>\n\n                    <p>{business_logo}</p>', 'Dear {contact_name}, You have pending payment of {due_amount}. Kindly pay it as soon as possible. {business_name}', NULL, 'Payment Reminder, from {business_name}', NULL, NULL, 0, 0, 0, '2021-05-01 13:44:51', '2021-05-01 13:44:51'),
(158, 19, 'new_booking', '<p>Dear {contact_name},</p>\n\n                    <p>Your booking is confirmed</p>\n\n                    <p>Date: {start_time} to {end_time}</p>\n\n                    <p>Table: {table}</p>\n\n                    <p>Location: {location}</p>\n\n                    <p>{business_logo}</p>', 'Dear {contact_name}, Your booking is confirmed. Date: {start_time} to {end_time}, Table: {table}, Location: {location}', NULL, 'Booking Confirmed - {business_name}', NULL, NULL, 0, 0, 0, '2021-05-01 13:44:51', '2021-05-01 13:44:51'),
(159, 19, 'new_order', '<p>Dear {contact_name},</p>\n\n                    <p>We have a new order with reference number {order_ref_number}. Kindly process the products as soon as possible.</p>\n\n                    <p>{business_name}<br />\n                    {business_logo}</p>', 'Dear {contact_name}, We have a new order with reference number {order_ref_number}. Kindly process the products as soon as possible. {business_name}', NULL, 'New Order, from {business_name}', NULL, NULL, 0, 0, 0, '2021-05-01 13:44:51', '2021-05-01 13:44:51'),
(160, 19, 'payment_paid', '<p>Dear {contact_name},</p>\n\n                    <p>We have paid amount {paid_amount} again invoice number {order_ref_number}.<br />\n                    Kindly note it down.</p>\n\n                    <p>{business_name}<br />\n                    {business_logo}</p>', 'We have paid amount {paid_amount} again invoice number {order_ref_number}.\n                    Kindly note it down. {business_name}', NULL, 'Payment Paid, from {business_name}', NULL, NULL, 0, 0, 0, '2021-05-01 13:44:51', '2021-05-01 13:44:51'),
(161, 19, 'items_received', '<p>Dear {contact_name},</p>\n\n                    <p>We have received all items from invoice reference number {order_ref_number}. Thank you for processing it.</p>\n\n                    <p>{business_name}<br />\n                    {business_logo}</p>', 'We have received all items from invoice reference number {order_ref_number}. Thank you for processing it. {business_name}', NULL, 'Items received, from {business_name}', NULL, NULL, 0, 0, 0, '2021-05-01 13:44:51', '2021-05-01 13:44:51'),
(162, 19, 'items_pending', '<p>Dear {contact_name},<br />\n                    This is to remind you that we have not yet received some items from invoice reference number {order_ref_number}. Please process it as soon as possible.</p>\n\n                    <p>{business_name}<br />\n                    {business_logo}</p>', 'This is to remind you that we have not yet received some items from invoice reference number {order_ref_number} . Please process it as soon as possible.{business_name}', NULL, 'Items Pending, from {business_name}', NULL, NULL, 0, 0, 0, '2021-05-01 13:44:51', '2021-05-01 13:44:51'),
(163, 19, 'new_quotation', '<p>Dear {contact_name},</p>\n\n                    <p>Your quotation number is {invoice_number}<br />\n                    Total amount: {total_amount}</p>\n\n                    <p>Thank you for shopping with us.</p>\n\n                    <p>{business_logo}</p>\n\n                    <p>&nbsp;</p>', 'Dear {contact_name}, Thank you for shopping with us. {business_name}', NULL, 'Thank you from {business_name}', NULL, NULL, 0, 0, 0, '2021-05-01 13:44:51', '2021-05-01 13:44:51'),
(164, 1, 'send_ledger', NULL, NULL, NULL, NULL, NULL, NULL, 0, 0, 0, '2022-02-10 17:16:16', '2022-02-10 17:16:16'),
(165, 1, 'new_quotation', NULL, NULL, NULL, NULL, NULL, NULL, 0, 0, 0, '2022-02-10 17:16:16', '2022-02-10 17:16:16'),
(166, 20, 'new_sale', '<p>Dear {contact_name},</p>\n\n                    <p>Your invoice number is {invoice_number}<br />\n                    Total amount: {total_amount}<br />\n                    Paid amount: {received_amount}</p>\n\n                    <p>Thank you for shopping with us.</p>\n\n                    <p>{business_logo}</p>\n\n                    <p>&nbsp;</p>', 'Dear {contact_name}, Thank you for shopping with us. {business_name}', NULL, 'Thank you from {business_name}', NULL, NULL, 0, 0, 0, '2022-02-18 09:44:26', '2022-02-18 09:44:26'),
(167, 20, 'payment_received', '<p>Dear {contact_name},</p>\n\n                <p>We have received a payment of {received_amount}</p>\n\n                <p>{business_logo}</p>', 'Dear {contact_name}, We have received a payment of {received_amount}. {business_name}', NULL, 'Payment Received, from {business_name}', NULL, NULL, 0, 0, 0, '2022-02-18 09:44:26', '2022-02-18 09:44:26'),
(168, 20, 'payment_reminder', '<p>Dear {contact_name},</p>\n\n                    <p>This is to remind you that you have pending payment of {due_amount}. Kindly pay it as soon as possible.</p>\n\n                    <p>{business_logo}</p>', 'Dear {contact_name}, You have pending payment of {due_amount}. Kindly pay it as soon as possible. {business_name}', NULL, 'Payment Reminder, from {business_name}', NULL, NULL, 0, 0, 0, '2022-02-18 09:44:26', '2022-02-18 09:44:26'),
(169, 20, 'new_booking', '<p>Dear {contact_name},</p>\n\n                    <p>Your booking is confirmed</p>\n\n                    <p>Date: {start_time} to {end_time}</p>\n\n                    <p>Table: {table}</p>\n\n                    <p>Location: {location}</p>\n\n                    <p>{business_logo}</p>', 'Dear {contact_name}, Your booking is confirmed. Date: {start_time} to {end_time}, Table: {table}, Location: {location}', NULL, 'Booking Confirmed - {business_name}', NULL, NULL, 0, 0, 0, '2022-02-18 09:44:26', '2022-02-18 09:44:26'),
(170, 20, 'new_order', '<p>Dear {contact_name},</p>\n\n                    <p>We have a new order with reference number {order_ref_number}. Kindly process the products as soon as possible.</p>\n\n                    <p>{business_name}<br />\n                    {business_logo}</p>', 'Dear {contact_name}, We have a new order with reference number {order_ref_number}. Kindly process the products as soon as possible. {business_name}', NULL, 'New Order, from {business_name}', NULL, NULL, 0, 0, 0, '2022-02-18 09:44:26', '2022-02-18 09:44:26'),
(171, 20, 'payment_paid', '<p>Dear {contact_name},</p>\n\n                    <p>We have paid amount {paid_amount} again invoice number {order_ref_number}.<br />\n                    Kindly note it down.</p>\n\n                    <p>{business_name}<br />\n                    {business_logo}</p>', 'We have paid amount {paid_amount} again invoice number {order_ref_number}.\n                    Kindly note it down. {business_name}', NULL, 'Payment Paid, from {business_name}', NULL, NULL, 0, 0, 0, '2022-02-18 09:44:26', '2022-02-18 09:44:26'),
(172, 20, 'items_received', '<p>Dear {contact_name},</p>\n\n                    <p>We have received all items from invoice reference number {order_ref_number}. Thank you for processing it.</p>\n\n                    <p>{business_name}<br />\n                    {business_logo}</p>', 'We have received all items from invoice reference number {order_ref_number}. Thank you for processing it. {business_name}', NULL, 'Items received, from {business_name}', NULL, NULL, 0, 0, 0, '2022-02-18 09:44:26', '2022-02-18 09:44:26'),
(173, 20, 'items_pending', '<p>Dear {contact_name},<br />\n                    This is to remind you that we have not yet received some items from invoice reference number {order_ref_number}. Please process it as soon as possible.</p>\n\n                    <p>{business_name}<br />\n                    {business_logo}</p>', 'This is to remind you that we have not yet received some items from invoice reference number {order_ref_number} . Please process it as soon as possible.{business_name}', NULL, 'Items Pending, from {business_name}', NULL, NULL, 0, 0, 0, '2022-02-18 09:44:26', '2022-02-18 09:44:26'),
(174, 20, 'new_quotation', '<p>Dear {contact_name},</p>\n\n                    <p>Your quotation number is {invoice_number}<br />\n                    Total amount: {total_amount}</p>\n\n                    <p>Thank you for shopping with us.</p>\n\n                    <p>{business_logo}</p>\n\n                    <p>&nbsp;</p>', 'Dear {contact_name}, Thank you for shopping with us. {business_name}', NULL, 'Thank you from {business_name}', NULL, NULL, 0, 0, 0, '2022-02-18 09:44:26', '2022-02-18 09:44:26');

-- --------------------------------------------------------

--
-- Table structure for table `oauth_access_tokens`
--

CREATE TABLE `oauth_access_tokens` (
  `id` varchar(100) COLLATE utf8mb4_unicode_ci NOT NULL,
  `user_id` bigint(20) DEFAULT NULL,
  `client_id` int(10) UNSIGNED NOT NULL,
  `name` varchar(191) COLLATE utf8mb4_unicode_ci DEFAULT NULL,
  `scopes` text COLLATE utf8mb4_unicode_ci,
  `revoked` tinyint(1) NOT NULL,
  `created_at` timestamp NULL DEFAULT NULL,
  `updated_at` timestamp NULL DEFAULT NULL,
  `expires_at` datetime DEFAULT NULL
) ENGINE=InnoDB DEFAULT CHARSET=utf8mb4 COLLATE=utf8mb4_unicode_ci;

-- --------------------------------------------------------

--
-- Table structure for table `oauth_auth_codes`
--

CREATE TABLE `oauth_auth_codes` (
  `id` varchar(100) COLLATE utf8mb4_unicode_ci NOT NULL,
  `user_id` bigint(20) NOT NULL,
  `client_id` int(10) UNSIGNED NOT NULL,
  `scopes` text COLLATE utf8mb4_unicode_ci,
  `revoked` tinyint(1) NOT NULL,
  `expires_at` datetime DEFAULT NULL
) ENGINE=InnoDB DEFAULT CHARSET=utf8mb4 COLLATE=utf8mb4_unicode_ci;

-- --------------------------------------------------------

--
-- Table structure for table `oauth_clients`
--

CREATE TABLE `oauth_clients` (
  `id` int(10) UNSIGNED NOT NULL,
  `user_id` bigint(20) DEFAULT NULL,
  `name` varchar(191) COLLATE utf8mb4_unicode_ci NOT NULL,
  `secret` varchar(100) COLLATE utf8mb4_unicode_ci NOT NULL,
  `redirect` text COLLATE utf8mb4_unicode_ci NOT NULL,
  `personal_access_client` tinyint(1) NOT NULL,
  `password_client` tinyint(1) NOT NULL,
  `revoked` tinyint(1) NOT NULL,
  `created_at` timestamp NULL DEFAULT NULL,
  `updated_at` timestamp NULL DEFAULT NULL
) ENGINE=InnoDB DEFAULT CHARSET=utf8mb4 COLLATE=utf8mb4_unicode_ci;

-- --------------------------------------------------------

--
-- Table structure for table `oauth_personal_access_clients`
--

CREATE TABLE `oauth_personal_access_clients` (
  `id` int(10) UNSIGNED NOT NULL,
  `client_id` int(10) UNSIGNED NOT NULL,
  `created_at` timestamp NULL DEFAULT NULL,
  `updated_at` timestamp NULL DEFAULT NULL
) ENGINE=InnoDB DEFAULT CHARSET=utf8mb4 COLLATE=utf8mb4_unicode_ci;

-- --------------------------------------------------------

--
-- Table structure for table `oauth_refresh_tokens`
--

CREATE TABLE `oauth_refresh_tokens` (
  `id` varchar(100) COLLATE utf8mb4_unicode_ci NOT NULL,
  `access_token_id` varchar(100) COLLATE utf8mb4_unicode_ci NOT NULL,
  `revoked` tinyint(1) NOT NULL,
  `expires_at` datetime DEFAULT NULL
) ENGINE=InnoDB DEFAULT CHARSET=utf8mb4 COLLATE=utf8mb4_unicode_ci;

-- --------------------------------------------------------

--
-- Table structure for table `packages`
--

CREATE TABLE `packages` (
  `id` int(10) UNSIGNED NOT NULL,
  `name` varchar(191) COLLATE utf8mb4_unicode_ci NOT NULL,
  `description` text COLLATE utf8mb4_unicode_ci NOT NULL,
  `location_count` int(11) NOT NULL COMMENT 'No. of Business Locations, 0 = infinite option.',
  `user_count` int(11) NOT NULL,
  `product_count` int(11) NOT NULL,
  `bookings` tinyint(1) NOT NULL DEFAULT '0' COMMENT 'Enable/Disable bookings',
  `kitchen` tinyint(1) NOT NULL DEFAULT '0' COMMENT 'Enable/Disable kitchen',
  `order_screen` tinyint(1) NOT NULL DEFAULT '0' COMMENT 'Enable/Disable order_screen',
  `tables` tinyint(1) NOT NULL DEFAULT '0' COMMENT 'Enable/Disable tables',
  `invoice_count` int(11) NOT NULL,
  `interval` enum('days','months','years') COLLATE utf8mb4_unicode_ci NOT NULL,
  `interval_count` int(11) NOT NULL,
  `trial_days` int(11) NOT NULL,
  `price` decimal(22,4) NOT NULL,
  `custom_permissions` longtext COLLATE utf8mb4_unicode_ci NOT NULL,
  `created_by` int(11) NOT NULL,
  `sort_order` int(11) NOT NULL DEFAULT '0',
  `is_active` tinyint(1) NOT NULL,
  `is_private` tinyint(1) NOT NULL DEFAULT '0',
  `is_one_time` tinyint(1) NOT NULL DEFAULT '0',
  `enable_custom_link` tinyint(1) NOT NULL DEFAULT '0',
  `custom_link` varchar(191) COLLATE utf8mb4_unicode_ci DEFAULT NULL,
  `custom_link_text` varchar(191) COLLATE utf8mb4_unicode_ci DEFAULT NULL,
  `deleted_at` timestamp NULL DEFAULT NULL,
  `created_at` timestamp NULL DEFAULT NULL,
  `updated_at` timestamp NULL DEFAULT NULL
) ENGINE=InnoDB DEFAULT CHARSET=utf8mb4 COLLATE=utf8mb4_unicode_ci;

--
-- Dumping data for table `packages`
--

INSERT INTO `packages` (`id`, `name`, `description`, `location_count`, `user_count`, `product_count`, `bookings`, `kitchen`, `order_screen`, `tables`, `invoice_count`, `interval`, `interval_count`, `trial_days`, `price`, `custom_permissions`, `created_by`, `sort_order`, `is_active`, `is_private`, `is_one_time`, `enable_custom_link`, `custom_link`, `custom_link_text`, `deleted_at`, `created_at`, `updated_at`) VALUES
(1, 'Chui', 'Start your business', 1, 1, 0, 0, 0, 0, 0, 0, 'months', 1, 30, '10000.0000', '', 2, 1, 1, 1, 1, 0, '', '', NULL, '2020-03-28 01:13:15', '2020-06-10 10:26:29'),
(2, 'Simba', 'Run your business', 3, 3, 0, 0, 0, 0, 0, 0, 'months', 1, 30, '20000.0000', '', 2, 1, 1, 0, 0, 0, '', '', NULL, '2020-03-28 01:15:59', '2020-03-28 01:27:28'),
(3, 'Twiga', 'Grow your business', 10, 10, 0, 0, 0, 0, 0, 0, 'months', 1, 30, '30000.0000', '{\"manufacturing_module\":\"1\",\"productcatalogue_module\":\"1\"}', 2, 1, 1, 0, 0, 0, '', '', NULL, '2020-03-28 01:19:47', '2021-01-30 12:41:40'),
(4, 'Basic', 'Basic Package', 1, 1, 0, 0, 0, 0, 0, 0, 'days', 30, 30, '10000.0000', '', 1, 1, 1, 0, 0, 0, '', '', NULL, '2021-02-24 21:04:20', '2021-02-24 21:04:20'),
(5, 'Enterprise', 'VIP Customers', 0, 0, 0, 0, 0, 0, 0, 0, 'months', 1, 0, '100000.0000', '{\"manufacturing_module\":\"1\",\"productcatalogue_module\":\"1\"}', 2, 1, 1, 0, 0, 0, '', '', NULL, '2021-03-22 17:23:17', '2021-03-22 17:23:17');

-- --------------------------------------------------------

--
-- Table structure for table `password_resets`
--

CREATE TABLE `password_resets` (
  `email` varchar(191) COLLATE utf8mb4_unicode_ci NOT NULL,
  `token` varchar(191) COLLATE utf8mb4_unicode_ci NOT NULL,
  `created_at` timestamp NULL DEFAULT NULL
) ENGINE=InnoDB DEFAULT CHARSET=utf8mb4 COLLATE=utf8mb4_unicode_ci;

--
-- Dumping data for table `password_resets`
--

INSERT INTO `password_resets` (`email`, `token`, `created_at`) VALUES
('zilimuk@gmail.com', '$2y$10$blnnLeSe94VYjBpm1vLKvuinGMBH4NoyHV7enqkjxWPagXo36XTkC', '2020-03-30 23:27:03'),
('robilin2@yahoo.com', '$2y$10$NT9Xgp2t2h3s0ewJuRdvtuAFMaWNInmxFR98WfUyL8OJxYDE9igr2', '2021-05-01 13:25:59');

-- --------------------------------------------------------

--
-- Table structure for table `permissions`
--

CREATE TABLE `permissions` (
  `id` int(10) UNSIGNED NOT NULL,
  `name` varchar(191) COLLATE utf8mb4_unicode_ci NOT NULL,
  `guard_name` varchar(191) COLLATE utf8mb4_unicode_ci NOT NULL,
  `created_at` timestamp NULL DEFAULT NULL,
  `updated_at` timestamp NULL DEFAULT NULL
) ENGINE=InnoDB DEFAULT CHARSET=utf8mb4 COLLATE=utf8mb4_unicode_ci;

--
-- Dumping data for table `permissions`
--

INSERT INTO `permissions` (`id`, `name`, `guard_name`, `created_at`, `updated_at`) VALUES
(1, 'profit_loss_report.view', 'web', '2020-03-28 00:45:42', NULL),
(2, 'direct_sell.access', 'web', '2020-03-28 00:45:42', NULL),
(3, 'product.opening_stock', 'web', '2020-03-28 00:45:45', '2020-03-28 00:45:45'),
(4, 'crud_all_bookings', 'web', '2020-03-28 00:45:47', '2020-03-28 00:45:47'),
(5, 'crud_own_bookings', 'web', '2020-03-28 00:45:47', '2020-03-28 00:45:47'),
(6, 'access_default_selling_price', 'web', '2020-03-28 00:45:48', '2020-03-28 00:45:48'),
(7, 'purchase.payments', 'web', '2020-03-28 00:45:49', '2020-03-28 00:45:49'),
(8, 'sell.payments', 'web', '2020-03-28 00:45:49', '2020-03-28 00:45:49'),
(9, 'edit_product_price_from_sale_screen', 'web', '2020-03-28 00:45:49', '2020-03-28 00:45:49'),
(10, 'edit_product_discount_from_sale_screen', 'web', '2020-03-28 00:45:49', '2020-03-28 00:45:49'),
(11, 'roles.view', 'web', '2020-03-28 00:45:49', '2020-03-28 00:45:49'),
(12, 'roles.create', 'web', '2020-03-28 00:45:50', '2020-03-28 00:45:50'),
(13, 'roles.update', 'web', '2020-03-28 00:45:50', '2020-03-28 00:45:50'),
(14, 'roles.delete', 'web', '2020-03-28 00:45:50', '2020-03-28 00:45:50'),
(15, 'account.access', 'web', '2020-03-28 00:45:51', '2020-03-28 00:45:51'),
(16, 'discount.access', 'web', '2020-03-28 00:45:51', '2020-03-28 00:45:51'),
(17, 'view_purchase_price', 'web', '2020-03-28 00:45:52', '2020-03-28 00:45:52'),
(18, 'view_own_sell_only', 'web', '2020-03-28 00:45:52', '2020-03-28 00:45:52'),
(19, 'edit_product_discount_from_pos_screen', 'web', '2020-03-28 00:45:53', '2020-03-28 00:45:53'),
(20, 'edit_product_price_from_pos_screen', 'web', '2020-03-28 00:45:53', '2020-03-28 00:45:53'),
(21, 'access_shipping', 'web', '2020-03-28 00:45:54', '2020-03-28 00:45:54'),
(22, 'purchase.update_status', 'web', '2020-03-28 00:45:54', '2020-03-28 00:45:54'),
(23, 'list_drafts', 'web', '2020-03-28 00:45:54', '2020-03-28 00:45:54'),
(24, 'list_quotations', 'web', '2020-03-28 00:45:54', '2020-03-28 00:45:54'),
(25, 'user.view', 'web', '2020-03-28 00:45:55', NULL),
(26, 'user.create', 'web', '2020-03-28 00:45:55', NULL),
(27, 'user.update', 'web', '2020-03-28 00:45:55', NULL),
(28, 'user.delete', 'web', '2020-03-28 00:45:55', NULL),
(29, 'supplier.view', 'web', '2020-03-28 00:45:55', NULL),
(30, 'supplier.create', 'web', '2020-03-28 00:45:55', NULL),
(31, 'supplier.update', 'web', '2020-03-28 00:45:55', NULL),
(32, 'supplier.delete', 'web', '2020-03-28 00:45:55', NULL),
(33, 'customer.view', 'web', '2020-03-28 00:45:55', NULL),
(34, 'customer.create', 'web', '2020-03-28 00:45:55', NULL),
(35, 'customer.update', 'web', '2020-03-28 00:45:55', NULL),
(36, 'customer.delete', 'web', '2020-03-28 00:45:55', NULL),
(37, 'product.view', 'web', '2020-03-28 00:45:55', NULL),
(38, 'product.create', 'web', '2020-03-28 00:45:55', NULL),
(39, 'product.update', 'web', '2020-03-28 00:45:55', NULL),
(40, 'product.delete', 'web', '2020-03-28 00:45:55', NULL),
(41, 'purchase.view', 'web', '2020-03-28 00:45:55', NULL),
(42, 'purchase.create', 'web', '2020-03-28 00:45:55', NULL),
(43, 'purchase.update', 'web', '2020-03-28 00:45:55', NULL),
(44, 'purchase.delete', 'web', '2020-03-28 00:45:55', NULL),
(45, 'sell.view', 'web', '2020-03-28 00:45:55', NULL),
(46, 'sell.create', 'web', '2020-03-28 00:45:55', NULL),
(47, 'sell.update', 'web', '2020-03-28 00:45:55', NULL),
(48, 'sell.delete', 'web', '2020-03-28 00:45:55', NULL),
(49, 'purchase_n_sell_report.view', 'web', '2020-03-28 00:45:55', NULL),
(50, 'contacts_report.view', 'web', '2020-03-28 00:45:55', NULL),
(51, 'stock_report.view', 'web', '2020-03-28 00:45:55', NULL),
(52, 'tax_report.view', 'web', '2020-03-28 00:45:55', NULL),
(53, 'trending_product_report.view', 'web', '2020-03-28 00:45:55', NULL),
(54, 'register_report.view', 'web', '2020-03-28 00:45:55', NULL),
(55, 'sales_representative.view', 'web', '2020-03-28 00:45:55', NULL),
(56, 'expense_report.view', 'web', '2020-03-28 00:45:55', NULL),
(57, 'business_settings.access', 'web', '2020-03-28 00:45:55', NULL),
(58, 'barcode_settings.access', 'web', '2020-03-28 00:45:55', NULL),
(59, 'invoice_settings.access', 'web', '2020-03-28 00:45:55', NULL),
(60, 'brand.view', 'web', '2020-03-28 00:45:55', NULL),
(61, 'brand.create', 'web', '2020-03-28 00:45:55', NULL),
(62, 'brand.update', 'web', '2020-03-28 00:45:55', NULL),
(63, 'brand.delete', 'web', '2020-03-28 00:45:55', NULL),
(64, 'tax_rate.view', 'web', '2020-03-28 00:45:55', NULL),
(65, 'tax_rate.create', 'web', '2020-03-28 00:45:55', NULL),
(66, 'tax_rate.update', 'web', '2020-03-28 00:45:55', NULL),
(67, 'tax_rate.delete', 'web', '2020-03-28 00:45:55', NULL),
(68, 'unit.view', 'web', '2020-03-28 00:45:55', NULL),
(69, 'unit.create', 'web', '2020-03-28 00:45:55', NULL),
(70, 'unit.update', 'web', '2020-03-28 00:45:55', NULL),
(71, 'unit.delete', 'web', '2020-03-28 00:45:55', NULL),
(72, 'category.view', 'web', '2020-03-28 00:45:55', NULL),
(73, 'category.create', 'web', '2020-03-28 00:45:55', NULL),
(74, 'category.update', 'web', '2020-03-28 00:45:55', NULL),
(75, 'category.delete', 'web', '2020-03-28 00:45:55', NULL),
(76, 'expense.access', 'web', '2020-03-28 00:45:55', NULL),
(77, 'access_all_locations', 'web', '2020-03-28 00:45:55', NULL),
(78, 'dashboard.data', 'web', '2020-03-28 00:45:55', NULL),
(79, 'location.1', 'web', '2020-03-28 01:01:40', '2020-03-28 01:01:40'),
(80, 'location.2', 'web', '2020-03-28 01:10:32', '2020-03-28 01:10:32'),
(81, 'location.3', 'web', '2020-03-28 01:30:01', '2020-03-28 01:30:01'),
(82, 'location.4', 'web', '2020-03-28 01:44:34', '2020-03-28 01:44:34'),
(83, 'location.5', 'web', '2020-03-28 20:57:56', '2020-03-28 20:57:56'),
(84, 'location.6', 'web', '2020-04-23 16:07:44', '2020-04-23 16:07:44'),
(85, 'location.7', 'web', '2020-11-28 16:59:51', '2020-11-28 16:59:51'),
(86, 'location.8', 'web', '2021-01-07 18:34:56', '2021-01-07 18:34:56'),
(87, 'manufacturing.access_recipe', 'web', '2021-01-15 20:20:47', '2021-01-15 20:20:47'),
(88, 'manufacturing.access_production', 'web', '2021-01-15 20:20:47', '2021-01-15 20:20:47'),
(89, 'manufacturing.add_recipe', 'web', '2021-01-15 20:20:47', '2021-01-15 20:20:47'),
(90, 'manufacturing.edit_recipe', 'web', '2021-01-15 20:20:47', '2021-01-15 20:20:47'),
(91, 'view_cash_register', 'web', '2021-01-15 23:43:50', '2021-01-15 23:43:50'),
(92, 'close_cash_register', 'web', '2021-01-15 23:43:50', '2021-01-15 23:43:50'),
(93, 'customer.view_own', 'web', '2021-01-20 14:29:12', '2021-01-20 14:29:12'),
(94, 'access_tables', 'web', '2021-01-20 14:29:12', '2021-01-20 14:29:12'),
(95, 'location.9', 'web', '2021-01-22 17:10:50', '2021-01-22 17:10:50'),
(96, 'location.10', 'web', '2021-01-29 19:43:36', '2021-01-29 19:43:36'),
(97, 'supplier.view_own', 'web', '2021-02-05 18:26:55', '2021-02-05 18:26:55'),
(98, 'view_product_stock_value', 'web', '2021-02-05 18:26:55', '2021-02-05 18:26:55'),
(99, 'location.11', 'web', '2021-02-17 10:42:17', '2021-02-17 10:42:17'),
(100, 'location.12', 'web', '2021-02-24 20:59:33', '2021-02-24 20:59:33'),
(101, 'location.13', 'web', '2021-02-27 17:52:49', '2021-02-27 17:52:49'),
(102, 'location.14', 'web', '2021-03-22 17:28:03', '2021-03-22 17:28:03'),
(103, 'location.15', 'web', '2021-03-28 11:27:46', '2021-03-28 11:27:46'),
(104, 'location.16', 'web', '2021-04-12 19:06:10', '2021-04-12 19:06:10'),
(105, 'location.17', 'web', '2021-04-13 14:22:01', '2021-04-13 14:22:01'),
(106, 'location.18', 'web', '2021-04-23 16:28:34', '2021-04-23 16:28:34'),
(107, 'location.19', 'web', '2021-05-01 13:44:51', '2021-05-01 13:44:51'),
(108, 'location.20', 'web', '2021-07-14 20:56:29', '2021-07-14 20:56:29'),
(109, 'print_invoice', 'web', '2022-01-07 07:13:40', '2022-01-07 07:13:40'),
(110, 'location.21', 'web', '2022-02-18 09:44:26', '2022-02-18 09:44:26'),
(111, 'quotation.update', 'web', '2022-03-08 10:00:59', '2022-03-08 10:00:59'),
(112, 'quotation.delete', 'web', '2022-03-08 10:00:59', '2022-03-08 10:00:59'),
(113, 'quotation.view_own', 'web', '2022-03-08 10:00:59', '2022-03-08 10:00:59'),
(114, 'view_export_buttons', 'web', '2022-03-08 10:01:58', '2022-03-08 10:01:58'),
(115, 'customer_irrespective_of_sell', 'web', '2022-03-08 10:01:58', '2022-03-08 10:01:58');

-- --------------------------------------------------------

--
-- Table structure for table `printers`
--

CREATE TABLE `printers` (
  `id` int(10) UNSIGNED NOT NULL,
  `business_id` int(10) UNSIGNED NOT NULL,
  `name` varchar(191) COLLATE utf8mb4_unicode_ci NOT NULL,
  `connection_type` enum('network','windows','linux') COLLATE utf8mb4_unicode_ci NOT NULL,
  `capability_profile` enum('default','simple','SP2000','TEP-200M','P822D') COLLATE utf8mb4_unicode_ci NOT NULL DEFAULT 'default',
  `char_per_line` varchar(191) COLLATE utf8mb4_unicode_ci DEFAULT NULL,
  `ip_address` varchar(191) COLLATE utf8mb4_unicode_ci DEFAULT NULL,
  `port` varchar(191) COLLATE utf8mb4_unicode_ci DEFAULT NULL,
  `path` varchar(191) COLLATE utf8mb4_unicode_ci DEFAULT NULL,
  `created_by` int(10) UNSIGNED NOT NULL,
  `created_at` timestamp NULL DEFAULT NULL,
  `updated_at` timestamp NULL DEFAULT NULL
) ENGINE=InnoDB DEFAULT CHARSET=utf8mb4 COLLATE=utf8mb4_unicode_ci;

-- --------------------------------------------------------

--
-- Table structure for table `products`
--

CREATE TABLE `products` (
  `id` int(10) UNSIGNED NOT NULL,
  `name` varchar(191) COLLATE utf8mb4_unicode_ci NOT NULL,
  `business_id` int(10) UNSIGNED NOT NULL,
  `type` enum('single','variable','modifier','combo') COLLATE utf8mb4_unicode_ci DEFAULT NULL,
  `unit_id` int(10) UNSIGNED DEFAULT NULL,
  `sub_unit_ids` text COLLATE utf8mb4_unicode_ci,
  `brand_id` int(10) UNSIGNED DEFAULT NULL,
  `category_id` int(10) UNSIGNED DEFAULT NULL,
  `sub_category_id` int(10) UNSIGNED DEFAULT NULL,
  `tax` int(10) UNSIGNED DEFAULT NULL,
  `tax_type` enum('inclusive','exclusive') COLLATE utf8mb4_unicode_ci NOT NULL,
  `enable_stock` tinyint(1) NOT NULL DEFAULT '0',
  `alert_quantity` decimal(22,4) DEFAULT NULL,
  `sku` varchar(191) COLLATE utf8mb4_unicode_ci NOT NULL,
  `barcode_type` enum('C39','C128','EAN13','EAN8','UPCA','UPCE') COLLATE utf8mb4_unicode_ci DEFAULT 'C128',
  `expiry_period` decimal(4,2) DEFAULT NULL,
  `expiry_period_type` enum('days','months') COLLATE utf8mb4_unicode_ci DEFAULT NULL,
  `enable_sr_no` tinyint(1) NOT NULL DEFAULT '0',
  `weight` varchar(191) COLLATE utf8mb4_unicode_ci DEFAULT NULL,
  `product_custom_field1` varchar(191) COLLATE utf8mb4_unicode_ci DEFAULT NULL,
  `product_custom_field2` varchar(191) COLLATE utf8mb4_unicode_ci DEFAULT NULL,
  `product_custom_field3` varchar(191) COLLATE utf8mb4_unicode_ci DEFAULT NULL,
  `product_custom_field4` varchar(191) COLLATE utf8mb4_unicode_ci DEFAULT NULL,
  `image` varchar(191) COLLATE utf8mb4_unicode_ci DEFAULT NULL,
  `product_description` text COLLATE utf8mb4_unicode_ci,
  `created_by` int(10) UNSIGNED NOT NULL,
  `warranty_id` int(11) DEFAULT NULL,
  `is_inactive` tinyint(1) NOT NULL DEFAULT '0',
  `not_for_selling` tinyint(1) NOT NULL DEFAULT '0',
  `created_at` timestamp NULL DEFAULT NULL,
  `updated_at` timestamp NULL DEFAULT NULL
) ENGINE=InnoDB DEFAULT CHARSET=utf8mb4 COLLATE=utf8mb4_unicode_ci;

--
-- Dumping data for table `products`
--

INSERT INTO `products` (`id`, `name`, `business_id`, `type`, `unit_id`, `sub_unit_ids`, `brand_id`, `category_id`, `sub_category_id`, `tax`, `tax_type`, `enable_stock`, `alert_quantity`, `sku`, `barcode_type`, `expiry_period`, `expiry_period_type`, `enable_sr_no`, `weight`, `product_custom_field1`, `product_custom_field2`, `product_custom_field3`, `product_custom_field4`, `image`, `product_description`, `created_by`, `warranty_id`, `is_inactive`, `not_for_selling`, `created_at`, `updated_at`) VALUES
(1, 'HP Pavalion', 2, 'single', 2, NULL, 1, NULL, NULL, NULL, 'exclusive', 1, '15.0000', '0001', 'C128', NULL, NULL, 1, NULL, NULL, NULL, NULL, NULL, '1585341728_HP-Pavillion-Laptops.jpg', NULL, 2, NULL, 0, 0, '2020-03-27 23:40:14', '2020-03-27 23:42:08'),
(2, 'Foods', 2, 'single', 2, NULL, NULL, NULL, NULL, NULL, 'exclusive', 1, NULL, '0002', 'C128', NULL, NULL, 0, NULL, NULL, NULL, NULL, NULL, NULL, NULL, 2, NULL, 0, 0, '2020-03-27 23:49:54', '2020-03-27 23:49:54'),
(3, 'Tshirts', 5, 'single', 5, NULL, NULL, 1, 2, NULL, 'inclusive', 1, '10.0000', '0003', 'C128', NULL, NULL, 0, NULL, NULL, NULL, NULL, NULL, '1585545639_715BwiesShL._AC_UL1500_.jpg', NULL, 5, NULL, 0, 0, '2020-03-30 00:20:39', '2020-03-30 00:23:01'),
(4, 'T-shirt', 5, 'single', 5, NULL, NULL, 1, 2, NULL, 'exclusive', 1, NULL, '0004', 'C128', NULL, NULL, 0, NULL, NULL, NULL, NULL, NULL, '1585545702_All-men-are-created-equal-But-only-the-best-are-born-in-September-T-Shirt-all.jpg', NULL, 5, NULL, 0, 0, '2020-03-30 00:21:42', '2020-03-30 00:21:42'),
(5, 'T-shirt', 5, 'single', 5, NULL, NULL, 1, 2, NULL, 'exclusive', 1, '20.0000', '0005', 'C128', NULL, NULL, 0, NULL, NULL, NULL, NULL, NULL, '1585545862_61xh5C6-oYL._AC_UX385_.jpg', NULL, 5, NULL, 0, 0, '2020-03-30 00:24:22', '2020-03-30 00:24:22'),
(6, 'T-shirt', 5, 'single', 5, NULL, NULL, 1, 2, NULL, 'exclusive', 1, '50.0000', '0006', 'C128', NULL, NULL, 0, NULL, NULL, NULL, NULL, NULL, '1585545932_rBVaVFy_doCARKYlAACYbSTlxHE546.jpg', NULL, 5, NULL, 0, 0, '2020-03-30 00:25:32', '2020-03-30 00:25:32'),
(7, 'T-shirt', 5, 'single', 5, NULL, NULL, 1, 2, NULL, 'exclusive', 1, '100.0000', '0007', 'C128', NULL, NULL, 0, NULL, NULL, NULL, NULL, NULL, '1585546007_tisort_torcher_11216_626_626.jpg', NULL, 5, NULL, 0, 0, '2020-03-30 00:26:47', '2020-03-30 00:26:47'),
(8, 'T-shirt', 5, 'single', 5, NULL, NULL, 1, 3, NULL, 'exclusive', 1, '45.0000', '0008', 'C128', NULL, NULL, 0, NULL, NULL, NULL, NULL, NULL, '1585546093_rBVaR1tO6JqAelt8AAJ-oMenMYI048.jpg', NULL, 5, NULL, 0, 0, '2020-03-30 00:28:13', '2020-03-30 00:28:13'),
(9, 'T-shirt', 5, 'single', 5, NULL, NULL, 1, 3, NULL, 'exclusive', 1, '50.0000', '0009', 'C128', NULL, NULL, 0, NULL, NULL, NULL, NULL, NULL, '1585546230_gettyimages-1045014514.jpg', NULL, 5, NULL, 0, 0, '2020-03-30 00:29:27', '2020-03-30 00:30:30'),
(10, 'T-shirt', 5, 'single', 5, NULL, NULL, 1, 3, NULL, 'exclusive', 1, '50.0000', '0010', 'C128', NULL, NULL, 0, NULL, NULL, NULL, NULL, NULL, '1585546294_unnamed (2).jpg', NULL, 5, NULL, 0, 0, '2020-03-30 00:31:34', '2020-03-30 00:31:34'),
(11, 'T-shirt', 5, 'single', 5, NULL, NULL, 1, 3, NULL, 'exclusive', 1, '20.0000', '0011', 'C128', NULL, NULL, 0, NULL, NULL, NULL, NULL, NULL, '1585546383_unnamed (1).jpg', NULL, 5, NULL, 0, 0, '2020-03-30 00:33:03', '2020-03-30 00:33:03'),
(12, 'T-shirt', 5, 'single', 5, NULL, NULL, 1, 2, NULL, 'exclusive', 1, '20.0000', '0012', 'C128', NULL, NULL, 0, NULL, NULL, NULL, NULL, NULL, '1585546478_00_421301.jpg', NULL, 5, NULL, 0, 0, '2020-03-30 00:34:38', '2020-03-30 00:34:38'),
(13, 'Trouser', 5, 'single', 5, NULL, NULL, 4, 5, NULL, 'exclusive', 1, '10.0000', '0013', 'C128', NULL, NULL, 0, NULL, NULL, NULL, NULL, NULL, '1585546568_f30edff3d60e8f94b9a6b35007e664b6.jpg', NULL, 5, NULL, 0, 0, '2020-03-30 00:36:08', '2020-03-30 00:36:08'),
(14, 'Trouser', 5, 'single', 5, NULL, NULL, 4, 6, NULL, 'exclusive', 1, '20.0000', '0014', 'C128', NULL, NULL, 0, NULL, NULL, NULL, NULL, NULL, '1585546704_types-of-pants-cargo.jpg', NULL, 5, NULL, 0, 0, '2020-03-30 00:38:24', '2020-03-30 00:38:24'),
(15, 'Trouser', 5, 'single', 5, NULL, NULL, 4, 5, NULL, 'exclusive', 1, '20.0000', '0015', 'C128', NULL, NULL, 0, NULL, NULL, NULL, NULL, NULL, '1585546829_VOMINT-Mens-Pants-High-Quality-Cotton-Casual-Pants-Stretch-male-trousers-man-long-Straight-4-color.jpg', NULL, 5, NULL, 0, 0, '2020-03-30 00:40:29', '2020-03-30 00:40:29'),
(16, 'Trouser', 5, 'single', 5, NULL, NULL, 4, 6, NULL, 'exclusive', 1, '75.0000', '0016', 'C128', NULL, NULL, 0, NULL, NULL, NULL, NULL, NULL, '1585547154_HTB1VjI2izihSKJjy0Fiq6AuiFXaN.jpg_q50.webp', NULL, 5, NULL, 0, 0, '2020-03-30 00:45:54', '2020-03-30 00:45:54'),
(17, 'Trouser', 5, 'single', 5, NULL, NULL, 4, 6, NULL, 'exclusive', 1, '20.0000', '0017', 'C128', NULL, NULL, 0, NULL, NULL, NULL, NULL, NULL, '1585547253_28-mob.png', NULL, 5, NULL, 0, 0, '2020-03-30 00:47:33', '2020-03-30 00:47:33'),
(19, 'Pillows', 5, 'single', 5, NULL, NULL, 1, NULL, NULL, 'inclusive', 1, '10.0000', '0019', 'C128', NULL, NULL, 1, '1kg', NULL, NULL, NULL, NULL, NULL, NULL, 5, NULL, 0, 0, '2020-04-17 01:02:02', '2020-04-17 01:02:02'),
(20, 'T-shirt', 5, 'single', 5, NULL, NULL, 1, 2, NULL, 'exclusive', 1, '10.0000', '0020', 'C128', NULL, NULL, 0, NULL, NULL, NULL, NULL, NULL, NULL, NULL, 5, NULL, 0, 0, '2020-04-17 01:04:26', '2020-04-17 01:04:26'),
(21, 'Mask', 5, 'single', 5, NULL, NULL, 1, NULL, NULL, 'exclusive', 1, '7.0000', '0021', 'C128', NULL, NULL, 1, NULL, NULL, NULL, NULL, NULL, NULL, NULL, 5, NULL, 0, 0, '2020-04-17 01:33:42', '2020-04-17 01:33:42'),
(22, 'Website Development', 7, 'single', 8, NULL, NULL, NULL, NULL, NULL, 'exclusive', 0, '0.0000', 'DEV10001', 'C128', NULL, NULL, 0, NULL, NULL, NULL, NULL, NULL, NULL, '<p>Website Developement&nbsp;</p>', 10, NULL, 0, 0, '2020-11-28 15:48:02', '2020-11-28 15:48:02'),
(31, 'Meat', 1, 'single', 19, '[\"19\",\"20\"]', NULL, 7, NULL, NULL, 'exclusive', 1, NULL, '0031', 'C128', '12.00', 'months', 0, NULL, NULL, NULL, NULL, NULL, NULL, NULL, 1, NULL, 0, 1, '2021-01-20 12:34:05', '2021-01-20 13:42:12'),
(32, 'Salt', 1, 'single', 19, '[\"19\",\"20\"]', NULL, 7, NULL, NULL, 'exclusive', 1, '5000.0000', '0032', 'C128', '12.00', 'months', 0, NULL, NULL, NULL, NULL, NULL, NULL, NULL, 1, NULL, 0, 1, '2021-01-20 12:39:10', '2021-01-20 12:42:48'),
(33, 'AjinaMoto(spices)', 1, 'single', 19, '[\"19\",\"20\"]', NULL, 7, NULL, NULL, 'exclusive', 1, '5000.0000', '0033', 'C128', '12.00', 'months', 0, NULL, NULL, NULL, NULL, NULL, NULL, NULL, 1, NULL, 0, 1, '2021-01-20 13:25:21', '2022-02-10 17:00:23'),
(34, 'Ginger', 1, 'single', 19, '[\"19\",\"20\"]', NULL, 7, NULL, NULL, 'exclusive', 1, '1000.0000', '0034', 'C128', '12.00', 'months', 0, NULL, NULL, NULL, NULL, NULL, NULL, NULL, 1, NULL, 0, 1, '2021-01-20 13:27:27', '2021-01-20 13:27:27'),
(35, 'Garlic', 1, 'single', 19, '[\"19\",\"20\"]', NULL, 7, NULL, NULL, 'exclusive', 1, '1000.0000', '0035', 'C128', '12.00', 'months', 0, NULL, NULL, NULL, NULL, NULL, NULL, NULL, 1, NULL, 0, 1, '2021-01-20 13:29:07', '2021-01-20 13:29:07'),
(36, 'Eggs', 1, 'single', 21, '[\"21\",\"22\"]', NULL, 7, NULL, NULL, 'exclusive', 1, NULL, '0036', 'C128', '12.00', 'months', 0, NULL, NULL, NULL, NULL, NULL, NULL, NULL, 1, NULL, 0, 1, '2021-01-20 13:31:35', '2021-01-20 13:31:35'),
(37, 'Kababu', 1, 'single', 23, NULL, NULL, 8, NULL, NULL, 'exclusive', 1, '10.0000', '0037', 'C128', '12.00', 'months', 0, NULL, NULL, NULL, NULL, NULL, NULL, NULL, 1, NULL, 0, 0, '2021-01-20 13:36:40', '2021-01-20 13:36:40'),
(38, 'PPF-unga', 1, 'single', 19, '[\"19\",\"20\"]', NULL, 7, NULL, NULL, 'exclusive', 1, '10000.0000', '0038', 'C128', '12.00', 'months', 0, NULL, NULL, NULL, NULL, NULL, NULL, NULL, 1, NULL, 0, 1, '2021-01-20 13:57:50', '2021-01-20 13:57:50'),
(39, 'prestige', 1, 'single', 19, '[\"19\",\"20\"]', NULL, 7, NULL, NULL, 'exclusive', 1, '10000.0000', '0039', 'C128', '12.00', 'months', 0, NULL, NULL, NULL, NULL, NULL, NULL, NULL, 1, NULL, 0, 1, '2021-01-20 14:00:43', '2021-01-20 14:00:43'),
(40, 'Milk', 1, 'single', 24, '[\"24\",\"25\"]', NULL, 7, NULL, NULL, 'exclusive', 1, '5000.0000', '0040', 'C128', '12.00', 'months', 0, NULL, NULL, NULL, NULL, NULL, NULL, NULL, 1, NULL, 0, 1, '2021-01-20 14:04:20', '2021-01-20 14:07:33'),
(41, 'Chapati Ngumu', 1, 'single', 23, NULL, NULL, 8, NULL, NULL, 'exclusive', 1, '10.0000', '0041', 'C128', '12.00', 'months', 0, NULL, NULL, NULL, NULL, NULL, NULL, NULL, 1, NULL, 0, 0, '2021-01-20 14:07:03', '2022-02-18 07:01:09'),
(42, 'pancake', 1, 'single', 23, NULL, NULL, 8, NULL, NULL, 'exclusive', 1, '10.0000', '0042', 'C128', '12.00', 'months', 0, NULL, NULL, NULL, NULL, NULL, NULL, NULL, 1, NULL, 0, 0, '2021-01-20 19:43:38', '2021-01-20 19:44:54'),
(43, 'sugar', 1, 'single', 19, '[\"19\",\"20\"]', NULL, 7, NULL, NULL, 'exclusive', 1, '10000.0000', '0043', 'C128', '12.00', 'months', 0, NULL, NULL, NULL, NULL, NULL, NULL, NULL, 1, NULL, 0, 1, '2021-01-20 19:46:41', '2021-01-20 19:46:41'),
(44, 'Maandazi', 1, 'single', 23, NULL, NULL, 8, NULL, NULL, 'exclusive', 1, '5.0000', '0044', 'C128', '12.00', 'months', 0, NULL, NULL, NULL, NULL, NULL, NULL, '<p>aya ni maandazi ya kukaanga.</p>', 1, NULL, 0, 0, '2021-01-21 12:31:51', '2021-01-21 12:41:28'),
(45, 'Unga/ W gold', 1, 'single', 19, '[\"19\",\"20\"]', NULL, 7, NULL, NULL, 'exclusive', 1, '10000.0000', '0045', 'C128', '12.00', 'months', 0, NULL, NULL, NULL, NULL, NULL, NULL, NULL, 1, NULL, 0, 1, '2021-01-21 12:33:51', '2021-01-21 12:40:15'),
(46, 'Amira', 1, 'single', 19, '[\"19\",\"20\"]', NULL, NULL, NULL, NULL, 'exclusive', 1, '10000.0000', '0046', 'C128', '12.00', 'months', 0, NULL, NULL, NULL, NULL, NULL, NULL, NULL, 1, NULL, 0, 1, '2021-01-21 12:35:54', '2021-01-21 12:35:54'),
(47, 'Meat', 10, 'single', 28, '[\"28\",\"29\"]', NULL, 11, NULL, NULL, 'exclusive', 1, '10.0000', '0047', 'C128', '12.00', 'months', 0, NULL, NULL, NULL, NULL, NULL, NULL, NULL, 18, NULL, 0, 1, '2021-01-29 21:09:46', '2021-01-29 21:09:46'),
(48, 'Salt', 10, 'single', 28, NULL, NULL, 11, NULL, NULL, 'exclusive', 1, '0.0000', '0048', 'C128', '12.00', 'months', 0, NULL, NULL, NULL, NULL, NULL, NULL, NULL, 18, NULL, 0, 1, '2021-01-29 21:10:57', '2021-02-25 14:31:32'),
(49, 'AjinaMoto(spices)', 10, 'single', 28, '[\"28\",\"29\"]', NULL, 11, NULL, NULL, 'exclusive', 1, '500.0000', '0049', 'C128', '12.00', 'months', 0, NULL, NULL, NULL, NULL, NULL, NULL, '<p>Ajina moto</p>', 18, NULL, 0, 1, '2021-01-29 21:12:38', '2021-02-05 17:58:50'),
(50, 'Ginger', 10, 'single', 28, '[\"28\",\"29\"]', NULL, 11, NULL, NULL, 'exclusive', 1, '500.0000', '0050', 'C128', '12.00', 'months', 0, NULL, NULL, NULL, NULL, NULL, NULL, NULL, 18, NULL, 0, 1, '2021-01-29 21:13:30', '2021-01-29 21:13:30'),
(51, 'Garlic', 10, 'single', 28, NULL, NULL, 11, NULL, NULL, 'exclusive', 1, '500.0000', '0051', 'C128', '12.00', 'months', 0, NULL, NULL, NULL, NULL, NULL, NULL, NULL, 18, NULL, 0, 1, '2021-01-29 21:14:08', '2021-01-29 21:14:08'),
(52, 'Eggs', 10, 'single', 27, NULL, NULL, 11, NULL, NULL, 'exclusive', 1, '10.0000', '0052', 'C128', '12.00', 'months', 0, NULL, NULL, NULL, NULL, NULL, NULL, NULL, 18, NULL, 0, 1, '2021-01-29 21:15:02', '2021-01-29 21:15:02'),
(53, 'PPF-Unga', 10, 'single', 28, '[\"28\",\"29\"]', NULL, 11, NULL, NULL, 'exclusive', 1, '500.0000', '0053', 'C128', '12.00', 'months', 0, NULL, NULL, NULL, NULL, NULL, NULL, NULL, 18, NULL, 0, 1, '2021-01-29 21:15:55', '2021-01-30 21:19:57'),
(54, 'Prestige', 10, 'single', 28, '[\"28\",\"29\"]', NULL, 11, NULL, NULL, 'exclusive', 1, '500.0000', '0054', 'C128', '12.00', 'months', 0, NULL, NULL, NULL, NULL, NULL, NULL, NULL, 18, NULL, 0, 1, '2021-01-29 21:16:55', '2021-01-29 21:16:55'),
(55, 'Milk', 10, 'single', 30, '[\"30\",\"31\"]', NULL, 11, NULL, NULL, 'exclusive', 1, '1000.0000', '0055', 'C128', '12.00', 'months', 0, NULL, NULL, NULL, NULL, NULL, NULL, NULL, 18, NULL, 0, 1, '2021-01-29 21:17:48', '2021-01-29 21:17:48'),
(56, 'Sugar', 10, 'single', 28, '[\"28\",\"29\"]', NULL, 11, NULL, NULL, 'exclusive', 1, '500.0000', '((((((((((((', 'C128', '12.00', 'months', 0, NULL, NULL, NULL, NULL, NULL, NULL, NULL, 18, NULL, 0, 1, '2021-01-29 21:18:58', '2021-01-29 21:18:58'),
(57, 'baking powder', 10, 'single', 28, '[\"28\",\"29\"]', NULL, 11, NULL, NULL, 'exclusive', 1, '500.0000', '0057', 'C128', '12.00', 'months', 0, NULL, NULL, NULL, NULL, NULL, NULL, NULL, 18, NULL, 0, 1, '2021-01-29 21:20:25', '2021-01-29 21:20:25'),
(58, 'Vitunguu', 10, 'single', 28, '[\"28\",\"29\"]', NULL, 11, NULL, NULL, 'exclusive', 1, '500.0000', '0058', 'C128', '12.00', 'months', 0, NULL, NULL, NULL, NULL, NULL, NULL, NULL, 18, NULL, 0, 1, '2021-01-29 22:02:48', '2021-01-29 22:02:48'),
(59, 'Black paper', 10, 'single', 28, NULL, NULL, 11, NULL, NULL, 'exclusive', 1, '500.0000', '0059', 'C128', '12.00', 'months', 0, NULL, NULL, NULL, NULL, NULL, NULL, NULL, 18, NULL, 0, 1, '2021-01-29 22:04:11', '2021-01-29 22:04:11'),
(60, 'Unga W Gold', 10, 'single', 28, '[\"28\",\"29\"]', NULL, 11, NULL, NULL, 'exclusive', 1, NULL, '0060', 'C128', '12.00', 'months', 0, NULL, NULL, NULL, NULL, NULL, NULL, NULL, 18, NULL, 0, 1, '2021-01-29 22:05:12', '2021-01-29 22:05:12'),
(61, 'Baking Soda', 10, 'single', 28, '[\"28\",\"29\"]', NULL, 11, NULL, NULL, 'exclusive', 1, NULL, '0061', 'C128', '12.00', 'months', 0, NULL, NULL, NULL, NULL, NULL, NULL, NULL, 18, NULL, 0, 1, '2021-01-29 22:06:04', '2021-01-29 22:06:04'),
(62, 'Amira', 10, 'single', 28, '[\"28\",\"29\"]', NULL, 11, NULL, NULL, 'exclusive', 1, '500.0000', '0062', 'C128', '12.00', 'months', 0, NULL, NULL, NULL, NULL, NULL, NULL, NULL, 18, NULL, 0, 1, '2021-01-29 22:07:00', '2021-01-29 22:07:00'),
(63, 'Unga (Dengu)', 10, 'single', 28, '[\"28\",\"29\"]', NULL, 11, NULL, NULL, 'exclusive', 1, '500.0000', '0063', 'C128', '12.00', 'months', 0, NULL, NULL, NULL, NULL, NULL, NULL, NULL, 18, NULL, 0, 1, '2021-01-29 22:08:10', '2021-01-29 22:08:10'),
(64, 'Hoho', 10, 'single', 28, '[\"28\",\"29\"]', NULL, 11, NULL, NULL, 'exclusive', 1, '500.0000', '0064', 'C128', '12.00', 'months', 0, NULL, NULL, NULL, NULL, NULL, NULL, NULL, 18, NULL, 0, 1, '2021-01-29 22:09:03', '2021-01-29 22:09:03'),
(65, 'Carot', 10, 'single', 28, '[\"28\",\"29\"]', NULL, NULL, NULL, NULL, 'exclusive', 1, '500.0000', '0065', 'C128', '12.00', 'months', 0, NULL, NULL, NULL, NULL, NULL, NULL, NULL, 18, NULL, 0, 1, '2021-01-29 22:09:54', '2021-01-29 22:09:54'),
(68, 'Onion', 10, 'single', 28, '[\"28\",\"29\"]', NULL, 11, NULL, NULL, 'exclusive', 1, '500.0000', '0068', 'C128', '12.00', 'months', 0, NULL, NULL, NULL, NULL, NULL, NULL, NULL, 18, NULL, 0, 1, '2021-01-30 09:07:47', '2021-01-30 09:07:47'),
(69, 'Viazi', 10, 'single', 28, NULL, NULL, 11, NULL, NULL, 'exclusive', 1, NULL, '0069', 'C128', '12.00', 'months', 0, NULL, NULL, NULL, NULL, NULL, NULL, NULL, 18, NULL, 0, 1, '2021-01-30 09:28:31', '2021-01-30 09:28:31'),
(70, 'Ndimu ya Unga', 10, 'single', 28, '[\"28\",\"29\"]', NULL, 11, NULL, NULL, 'exclusive', 1, NULL, '0070', 'C128', '12.00', 'months', 0, NULL, NULL, NULL, NULL, NULL, NULL, NULL, 18, NULL, 0, 1, '2021-01-30 09:29:29', '2021-01-30 09:29:29'),
(71, 'Rangi ya  Njano', 10, 'single', 28, '[\"28\",\"29\"]', NULL, 11, NULL, NULL, 'exclusive', 1, NULL, '0071', 'C128', '12.00', 'months', 0, NULL, NULL, NULL, NULL, NULL, NULL, NULL, 18, NULL, 0, 1, '2021-01-30 09:30:18', '2021-01-30 09:30:18'),
(72, 'Pilipili', 10, 'single', 28, '[\"28\",\"29\"]', NULL, 11, NULL, NULL, 'exclusive', 1, NULL, '0072', 'C128', '12.00', 'months', 0, NULL, NULL, NULL, NULL, NULL, NULL, NULL, 18, NULL, 0, 1, '2021-01-30 09:31:02', '2021-01-30 09:31:02'),
(73, 'Nyama y kusaga', 10, 'single', 28, '[\"28\",\"29\"]', NULL, 11, NULL, NULL, 'exclusive', 1, NULL, '0073', 'C128', '12.00', 'months', 0, NULL, NULL, NULL, NULL, NULL, NULL, NULL, 18, NULL, 0, 1, '2021-01-30 09:31:49', '2021-01-30 09:31:49'),
(74, 'Letus', 10, 'single', 28, '[\"28\",\"29\"]', NULL, 11, NULL, NULL, 'exclusive', 1, NULL, '0074', 'C128', '12.00', 'months', 0, NULL, NULL, NULL, NULL, NULL, NULL, NULL, 18, NULL, 0, 1, '2021-01-30 09:33:19', '2021-01-30 09:33:19'),
(75, 'Tomato sauce', 10, 'single', 30, '[\"30\",\"31\"]', NULL, 11, NULL, NULL, 'exclusive', 1, NULL, '0075', 'C128', '12.00', 'months', 0, NULL, NULL, NULL, NULL, NULL, NULL, NULL, 18, NULL, 0, 1, '2021-01-30 09:34:25', '2021-01-30 09:34:25'),
(76, 'Mama Sita', 10, 'single', 28, '[\"28\",\"29\"]', NULL, 11, NULL, NULL, 'exclusive', 1, NULL, '0076', 'C128', '12.00', 'months', 0, NULL, NULL, NULL, NULL, NULL, NULL, NULL, 18, NULL, 0, 0, '2021-01-30 09:35:29', '2021-01-30 09:35:29'),
(77, 'Chicken', 10, 'single', 28, '[\"28\",\"29\"]', NULL, 11, NULL, NULL, 'exclusive', 1, NULL, '0077', 'C128', '12.00', 'months', 0, NULL, NULL, NULL, NULL, NULL, NULL, NULL, 18, NULL, 0, 1, '2021-01-30 09:36:56', '2021-01-30 09:36:56'),
(78, 'Mayonise', 10, 'single', 30, '[\"30\",\"31\"]', NULL, NULL, NULL, NULL, 'exclusive', 1, NULL, '10017707', 'C128', '12.00', 'months', 0, NULL, NULL, NULL, NULL, NULL, NULL, NULL, 18, NULL, 0, 0, '2021-01-30 09:37:44', '2021-01-30 09:37:44'),
(79, 'White bread', 10, 'single', 28, '[\"28\",\"29\"]', NULL, 11, NULL, NULL, 'exclusive', 1, NULL, '0079', 'C128', '12.00', 'months', 0, NULL, NULL, NULL, NULL, NULL, NULL, NULL, 18, NULL, 0, 0, '2021-01-30 09:38:51', '2021-01-30 09:38:51'),
(80, 'Dobline', 10, 'single', 28, '[\"28\",\"29\"]', NULL, 11, NULL, NULL, 'exclusive', 1, NULL, '0080', 'C128', '12.00', 'months', 0, NULL, NULL, NULL, NULL, NULL, NULL, NULL, 18, NULL, 0, 1, '2021-01-30 09:40:35', '2021-01-30 09:40:35'),
(81, 'Culisium', 10, 'single', 28, '[\"28\",\"29\"]', NULL, 11, NULL, NULL, 'exclusive', 1, NULL, '0081', 'C128', '12.00', 'months', 0, NULL, NULL, NULL, NULL, NULL, NULL, NULL, 18, NULL, 0, 1, '2021-01-30 09:41:26', '2021-01-30 09:41:26'),
(82, 'water (Raw)', 10, 'single', 30, '[\"30\",\"31\"]', NULL, 11, NULL, NULL, 'exclusive', 1, NULL, '0082', 'C128', '12.00', 'months', 0, NULL, NULL, NULL, NULL, NULL, NULL, NULL, 18, NULL, 0, 1, '2021-01-30 09:49:23', '2021-01-30 21:22:54'),
(83, 'Brown Flowerr', 10, 'single', 28, '[\"28\",\"29\"]', NULL, 11, NULL, NULL, 'exclusive', 1, NULL, '0083', 'C128', '12.00', 'months', 0, NULL, NULL, NULL, NULL, NULL, NULL, NULL, 18, NULL, 0, 1, '2021-01-30 09:50:28', '2021-01-30 09:50:28'),
(84, 'White Gold', 10, 'single', 28, '[\"28\",\"29\"]', NULL, 11, NULL, NULL, 'exclusive', 1, NULL, '0084', 'C128', '12.00', 'months', 0, NULL, NULL, NULL, NULL, NULL, NULL, NULL, 18, NULL, 0, 1, '2021-01-30 09:51:42', '2021-01-30 09:51:42'),
(85, 'Zabibu', 10, 'single', 28, '[\"28\",\"29\"]', NULL, 11, NULL, NULL, 'exclusive', 1, NULL, '0085', 'C128', '12.00', 'months', 0, NULL, NULL, NULL, NULL, NULL, NULL, NULL, 18, NULL, 0, 1, '2021-01-30 09:52:35', '2021-01-30 09:52:35'),
(86, 'Butter', 10, 'single', 28, '[\"28\",\"29\"]', NULL, 11, NULL, NULL, 'exclusive', 1, NULL, '0086', 'C128', '12.00', 'months', 0, NULL, NULL, NULL, NULL, NULL, NULL, NULL, 18, NULL, 0, 1, '2021-01-30 09:53:28', '2021-01-30 09:53:28'),
(87, 'Beef Fillet', 10, 'single', 28, '[\"28\",\"29\"]', NULL, 11, NULL, NULL, 'exclusive', 1, NULL, '0087', 'C128', '12.00', 'months', 0, NULL, NULL, NULL, NULL, NULL, NULL, NULL, 18, NULL, 0, 1, '2021-01-30 09:54:15', '2021-01-30 09:54:15'),
(88, 'mafuta ya kupikia', 10, 'single', 30, '[\"30\",\"31\"]', NULL, 11, NULL, NULL, 'exclusive', 1, NULL, '0088', 'C128', '12.00', 'months', 0, NULL, NULL, NULL, NULL, NULL, NULL, NULL, 18, NULL, 0, 1, '2021-01-30 09:55:34', '2021-01-30 09:55:34'),
(89, 'Green Beans', 10, 'single', 28, '[\"28\",\"29\"]', NULL, 11, NULL, NULL, 'exclusive', 1, NULL, '0089', 'C128', '12.00', 'months', 0, NULL, NULL, NULL, NULL, NULL, NULL, NULL, 18, NULL, 0, 1, '2021-01-30 09:56:21', '2021-01-30 09:56:21'),
(90, 'Green Chilly', 10, 'single', 28, '[\"28\",\"29\"]', NULL, NULL, NULL, NULL, 'exclusive', 1, NULL, '0090', 'C128', '12.00', 'months', 0, NULL, NULL, NULL, NULL, NULL, NULL, NULL, 18, NULL, 0, 1, '2021-01-30 09:57:16', '2021-01-30 09:57:16'),
(91, 'Tomato ( Nyanya)', 10, 'single', 28, '[\"28\",\"29\"]', NULL, 11, NULL, NULL, 'exclusive', 1, NULL, '0091', 'C128', '12.00', 'months', 0, NULL, NULL, NULL, NULL, NULL, NULL, NULL, 18, NULL, 0, 1, '2021-01-30 09:58:36', '2021-01-30 09:58:36'),
(92, 'Tomato Ketchap', 10, 'single', 30, '[\"30\",\"31\"]', NULL, 11, NULL, NULL, 'exclusive', 1, NULL, '0092', 'C128', '12.00', 'months', 0, NULL, NULL, NULL, NULL, NULL, NULL, NULL, 18, NULL, 0, 1, '2021-01-30 09:59:27', '2021-01-30 09:59:27'),
(93, 'Steak', 10, 'single', 28, '[\"28\",\"29\"]', NULL, 11, NULL, NULL, 'exclusive', 1, NULL, '0093', 'C128', '12.00', 'months', 0, NULL, NULL, NULL, NULL, NULL, NULL, NULL, 18, NULL, 0, 0, '2021-01-30 10:00:26', '2021-01-30 10:00:26'),
(94, 'BBQ Sauoce', 10, 'single', 28, '[\"28\",\"29\"]', NULL, 11, NULL, NULL, 'exclusive', 1, NULL, '0094', 'C128', '12.00', 'months', 0, NULL, NULL, NULL, NULL, NULL, NULL, NULL, 18, NULL, 0, 1, '2021-01-30 10:01:14', '2021-01-30 10:01:14'),
(95, 'Red Snaper', 10, 'single', 28, '[\"28\",\"29\"]', NULL, 11, NULL, NULL, 'exclusive', 1, NULL, '0095', 'C128', '12.00', 'months', 0, NULL, NULL, NULL, NULL, NULL, NULL, NULL, 18, NULL, 0, 1, '2021-01-30 10:02:27', '2021-01-30 10:02:27'),
(96, 'Bread Grams', 10, 'single', 28, '[\"28\",\"29\"]', NULL, 11, NULL, NULL, 'exclusive', 1, NULL, '0096', 'C128', '12.00', 'months', 0, NULL, NULL, NULL, NULL, NULL, NULL, NULL, 18, NULL, 0, 0, '2021-01-30 10:13:11', '2021-01-30 10:13:11'),
(97, 'Makange', 10, 'single', 28, '[\"28\",\"29\"]', NULL, 11, NULL, NULL, 'exclusive', 1, NULL, '0097', 'C128', '12.00', 'months', 0, NULL, NULL, NULL, NULL, NULL, NULL, NULL, 18, NULL, 0, 0, '2021-01-30 10:14:10', '2021-01-30 10:14:10'),
(98, 'Prowns', 10, 'single', 28, '[\"28\",\"29\"]', NULL, NULL, NULL, NULL, 'exclusive', 1, NULL, '0098', 'C128', '12.00', 'months', 0, NULL, NULL, NULL, NULL, NULL, NULL, NULL, 18, NULL, 0, 1, '2021-01-30 10:15:11', '2021-01-30 10:15:11'),
(99, 'Breast', 10, 'single', 27, NULL, NULL, 11, NULL, NULL, 'exclusive', 0, '0.0000', '0099', 'C128', NULL, NULL, 0, NULL, NULL, NULL, NULL, NULL, NULL, NULL, 18, NULL, 0, 0, '2021-01-30 10:16:21', '2021-01-30 10:16:21'),
(100, 'Corn Stach', 10, 'single', 28, '[\"28\",\"29\"]', NULL, 11, NULL, NULL, 'exclusive', 1, NULL, '0100', 'C128', '12.00', 'months', 0, NULL, NULL, NULL, NULL, NULL, NULL, NULL, 18, NULL, 0, 1, '2021-01-30 10:39:07', '2021-01-30 10:39:07'),
(101, 'Soya Souse', 10, 'single', 28, '[\"28\",\"29\"]', NULL, 11, NULL, NULL, 'exclusive', 1, NULL, '0101', 'C128', '12.00', 'months', 0, NULL, NULL, NULL, NULL, NULL, NULL, NULL, 18, NULL, 0, 1, '2021-01-30 10:40:10', '2021-01-30 10:40:10'),
(102, 'Binzari', 10, 'single', 28, '[\"28\",\"29\"]', NULL, 11, NULL, NULL, 'exclusive', 1, NULL, '0102', 'C128', '12.00', 'months', 0, NULL, NULL, NULL, NULL, NULL, NULL, NULL, 18, NULL, 0, 1, '2021-01-30 10:41:01', '2021-01-30 10:41:01'),
(103, 'Parsley', 10, 'single', 28, '[\"28\",\"29\"]', NULL, 11, NULL, NULL, 'exclusive', 1, NULL, '0103', 'C128', '12.00', 'months', 0, NULL, NULL, NULL, NULL, NULL, NULL, NULL, 18, NULL, 0, 1, '2021-01-30 10:41:48', '2021-01-30 10:41:48'),
(104, 'Chizz', 10, 'single', 28, '[\"28\",\"29\"]', NULL, 11, NULL, NULL, 'exclusive', 1, NULL, '0104', 'C128', '12.00', 'months', 0, NULL, NULL, NULL, NULL, NULL, NULL, NULL, 18, NULL, 0, 1, '2021-01-30 10:42:58', '2021-01-30 10:42:58'),
(105, 'Oregano', 10, 'single', 28, '[\"28\",\"29\"]', NULL, 11, NULL, NULL, 'exclusive', 1, NULL, '0105', 'C128', '12.00', 'months', 0, NULL, NULL, NULL, NULL, NULL, NULL, NULL, 18, NULL, 0, 1, '2021-01-30 10:43:39', '2021-01-30 10:43:39'),
(106, 'Chizz Slice', 10, 'single', 27, NULL, NULL, 11, NULL, NULL, 'exclusive', 1, NULL, '0106', 'C128', '12.00', 'months', 0, NULL, NULL, NULL, NULL, NULL, NULL, NULL, 18, NULL, 0, 1, '2021-01-30 10:49:37', '2021-01-30 10:49:37'),
(107, 'Tuna', 10, 'single', 28, '[\"28\",\"29\"]', NULL, 11, NULL, NULL, 'exclusive', 1, NULL, '0107', 'C128', '12.00', 'months', 0, NULL, NULL, NULL, NULL, NULL, NULL, NULL, 18, NULL, 0, 1, '2021-01-30 10:50:15', '2021-01-30 10:50:15'),
(108, 'Ndimu', 10, 'single', 28, '[\"28\",\"29\"]', NULL, 11, NULL, NULL, 'exclusive', 1, NULL, '0108', 'C128', '12.00', 'months', 0, NULL, NULL, NULL, NULL, NULL, NULL, NULL, 18, NULL, 0, 1, '2021-01-30 10:51:44', '2021-01-30 10:51:44'),
(109, 'Matango', 10, 'single', 27, NULL, NULL, 11, NULL, NULL, 'exclusive', 1, NULL, '0109', 'C128', '12.00', 'months', 0, NULL, NULL, NULL, NULL, NULL, NULL, NULL, 18, NULL, 0, 1, '2021-01-30 10:54:48', '2021-01-30 10:54:48'),
(110, 'Sekela', 10, 'single', 28, '[\"28\",\"29\"]', NULL, 11, NULL, NULL, 'exclusive', 1, NULL, '0110', 'C128', '12.00', 'months', 0, NULL, NULL, NULL, NULL, NULL, NULL, NULL, 18, NULL, 0, 1, '2021-01-30 10:57:43', '2021-01-30 10:57:43'),
(111, 'Galam Masala/ Jilu', 10, 'single', 27, NULL, NULL, 11, NULL, NULL, 'exclusive', 1, NULL, '0111', 'C128', '12.00', 'months', 0, NULL, NULL, NULL, NULL, NULL, NULL, NULL, 18, NULL, 0, 1, '2021-01-30 10:58:23', '2021-01-30 10:58:23'),
(112, 'Vinegar', 10, 'single', 28, '[\"28\",\"29\"]', NULL, 11, NULL, NULL, 'exclusive', 1, NULL, '0112', 'C128', '12.00', 'months', 0, NULL, NULL, NULL, NULL, NULL, NULL, NULL, 18, NULL, 0, 1, '2021-01-30 10:59:54', '2021-01-30 10:59:54'),
(113, 'Salad container', 10, 'single', 27, NULL, NULL, 11, NULL, NULL, 'exclusive', 1, NULL, '0113', 'C128', '12.00', 'months', 0, NULL, NULL, NULL, NULL, NULL, NULL, NULL, 18, NULL, 0, 0, '2021-01-30 11:00:30', '2021-01-30 11:00:30'),
(114, 'Sause Balls', 10, 'single', 28, '[\"28\",\"29\"]', NULL, 11, NULL, NULL, 'exclusive', 1, NULL, '0114', 'C128', '12.00', 'months', 0, NULL, NULL, NULL, NULL, NULL, NULL, NULL, 18, NULL, 0, 1, '2021-01-30 11:01:17', '2021-01-30 11:01:17'),
(115, 'Chips', 10, 'single', 27, NULL, NULL, 11, NULL, NULL, 'exclusive', 1, NULL, '0115', 'C128', '12.00', 'months', 0, NULL, NULL, NULL, NULL, NULL, NULL, NULL, 18, NULL, 0, 0, '2021-01-30 11:02:10', '2021-01-30 11:02:10'),
(116, 'Mash', 10, 'single', 27, NULL, NULL, 11, NULL, NULL, 'exclusive', 1, NULL, '0116', 'C128', '12.00', 'months', 0, NULL, NULL, NULL, NULL, NULL, NULL, NULL, 18, NULL, 0, 0, '2021-01-30 11:02:34', '2021-01-30 11:02:34'),
(117, 'Rice', 10, 'single', 27, NULL, NULL, 11, NULL, NULL, 'exclusive', 1, NULL, '0117', 'C128', '12.00', 'months', 0, NULL, NULL, NULL, NULL, NULL, NULL, NULL, 18, NULL, 0, 0, '2021-01-30 11:03:03', '2021-01-30 11:03:03'),
(118, 'Aluminium Foil', 10, 'single', 27, NULL, NULL, 10, NULL, NULL, 'exclusive', 1, NULL, '0118', 'C128', '12.00', 'months', 0, NULL, NULL, NULL, NULL, NULL, NULL, NULL, 18, NULL, 0, 1, '2021-01-30 11:03:59', '2021-01-30 11:03:59'),
(119, 'Salad/ Kabichi', 10, 'single', 27, NULL, NULL, 11, NULL, NULL, 'exclusive', 1, NULL, '0119', 'C128', '12.00', 'months', 0, NULL, NULL, NULL, NULL, NULL, NULL, NULL, 18, NULL, 0, 0, '2021-01-30 11:04:57', '2021-01-30 11:04:57'),
(120, 'Mkaa', 10, 'single', 28, '[\"28\",\"29\"]', NULL, 10, NULL, NULL, 'exclusive', 1, NULL, '0120', 'C128', '12.00', 'months', 0, NULL, NULL, NULL, NULL, NULL, NULL, NULL, 18, NULL, 0, 1, '2021-01-30 11:05:52', '2021-01-30 11:05:52'),
(121, 'Tangawizi', 10, 'single', 28, '[\"28\",\"29\"]', NULL, 11, NULL, NULL, 'exclusive', 1, NULL, '0121', 'C128', '12.00', 'months', 0, NULL, NULL, NULL, NULL, NULL, NULL, NULL, 18, NULL, 0, 1, '2021-01-30 11:06:52', '2021-01-30 11:06:52'),
(122, 'Kitunguu Saumu', 10, 'single', 28, '[\"28\",\"29\"]', NULL, 10, NULL, NULL, 'exclusive', 1, NULL, '0122', 'C128', '12.00', 'months', 0, NULL, NULL, NULL, NULL, NULL, NULL, NULL, 18, NULL, 0, 1, '2021-01-30 11:07:38', '2021-01-30 11:07:38'),
(123, 'Kababu', 10, 'single', 27, NULL, NULL, 9, NULL, NULL, 'exclusive', 1, NULL, '0123', 'C128', '12.00', 'months', 0, NULL, NULL, NULL, NULL, NULL, NULL, NULL, 18, NULL, 0, 0, '2021-01-30 11:12:49', '2021-01-30 11:12:49'),
(124, 'Chapati Ngumu', 10, 'single', 27, NULL, NULL, 9, NULL, NULL, 'exclusive', 1, NULL, '0124', 'C128', '12.00', 'months', 0, NULL, NULL, NULL, NULL, NULL, NULL, NULL, 18, NULL, 0, 0, '2021-01-30 11:13:28', '2021-01-30 11:13:28'),
(125, 'PanCake', 10, 'single', 27, NULL, NULL, 9, NULL, NULL, 'exclusive', 1, NULL, '0125', 'C128', '12.00', 'months', 0, NULL, NULL, NULL, NULL, NULL, NULL, NULL, 18, NULL, 0, 0, '2021-01-30 11:13:56', '2021-01-30 11:13:56'),
(126, 'Rocky Burns', 10, 'single', 27, NULL, NULL, 9, NULL, NULL, 'exclusive', 1, NULL, '0126', 'C128', '12.00', 'months', 0, NULL, NULL, NULL, NULL, NULL, NULL, NULL, 18, NULL, 0, 0, '2021-01-30 11:14:29', '2021-01-30 11:14:29'),
(127, 'Sambusa', 10, 'single', 27, NULL, NULL, 9, NULL, NULL, 'exclusive', 1, NULL, '0127', 'C128', '12.00', 'months', 0, NULL, NULL, NULL, NULL, NULL, NULL, NULL, 18, NULL, 0, 0, '2021-01-30 11:14:57', '2021-01-30 11:14:57'),
(128, 'Maandazi', 10, 'single', 27, NULL, NULL, 9, NULL, NULL, 'exclusive', 1, NULL, '0128', 'C128', '12.00', 'months', 0, NULL, NULL, NULL, NULL, NULL, NULL, NULL, 18, NULL, 0, 0, '2021-01-30 11:16:30', '2021-01-30 11:16:30'),
(129, 'Half cake', 10, 'single', 27, NULL, NULL, 9, NULL, NULL, 'exclusive', 1, NULL, '0129', 'C128', '12.00', 'months', 0, NULL, NULL, NULL, NULL, NULL, NULL, NULL, 18, NULL, 0, 0, '2021-01-30 11:16:54', '2021-01-30 11:16:54'),
(130, 'Kalimati', 10, 'single', 27, NULL, NULL, 9, NULL, NULL, 'exclusive', 1, NULL, '0130', 'C128', '12.00', 'months', 0, NULL, NULL, NULL, NULL, NULL, NULL, NULL, 18, NULL, 0, 0, '2021-01-30 11:17:26', '2021-01-30 11:17:26'),
(131, 'Doughnut', 10, 'single', 27, NULL, NULL, 9, NULL, NULL, 'exclusive', 1, NULL, '0131', 'C128', '12.00', 'months', 0, NULL, NULL, NULL, NULL, NULL, NULL, NULL, 18, NULL, 0, 0, '2021-01-30 11:17:59', '2021-01-30 11:17:59'),
(132, 'Brioche', 10, 'single', 27, NULL, NULL, 9, NULL, NULL, 'exclusive', 1, NULL, '0132', 'C128', '12.00', 'months', 0, NULL, NULL, NULL, NULL, NULL, NULL, NULL, 18, NULL, 0, 0, '2021-01-30 11:18:35', '2021-01-30 11:18:35'),
(133, 'Bagia', 10, 'single', 27, NULL, NULL, 9, NULL, 1, 'exclusive', 1, NULL, '0133', 'C128', '12.00', 'months', 0, NULL, NULL, NULL, NULL, NULL, NULL, NULL, 18, NULL, 0, 0, '2021-01-30 11:19:06', '2021-02-18 10:20:00'),
(134, 'Kachori', 10, 'single', 27, NULL, NULL, 9, NULL, NULL, 'exclusive', 1, NULL, '0134', 'C128', '12.00', 'months', 0, NULL, NULL, NULL, NULL, NULL, NULL, NULL, 18, NULL, 0, 0, '2021-01-30 11:19:29', '2021-01-30 11:19:29'),
(135, 'Catles', 10, 'single', 27, NULL, NULL, 9, NULL, NULL, 'exclusive', 1, NULL, '0135', 'C128', '12.00', 'months', 0, NULL, NULL, NULL, NULL, NULL, NULL, NULL, 18, NULL, 0, 0, '2021-01-30 11:20:02', '2021-01-30 11:20:02'),
(136, 'Beef Wrap', 10, 'single', 27, NULL, NULL, 9, NULL, NULL, 'exclusive', 1, NULL, '0136', 'C128', '12.00', 'months', 0, NULL, NULL, NULL, NULL, NULL, NULL, NULL, 18, NULL, 0, 0, '2021-01-30 11:20:30', '2021-01-30 11:20:30'),
(137, 'Chicken Wrap', 10, 'single', 27, NULL, NULL, 9, NULL, NULL, 'exclusive', 1, NULL, '0137', 'C128', '12.00', 'months', 0, NULL, NULL, NULL, NULL, NULL, NULL, NULL, 18, NULL, 0, 0, '2021-01-30 11:20:59', '2021-01-30 11:20:59'),
(138, 'Egg Rool', 10, 'single', 27, NULL, NULL, 9, NULL, NULL, 'exclusive', 1, NULL, '0138', 'C128', '12.00', 'months', 0, NULL, NULL, NULL, NULL, NULL, NULL, NULL, 18, NULL, 0, 0, '2021-01-30 11:21:30', '2021-01-30 11:21:30'),
(139, 'Egg Chop', 10, 'single', 27, NULL, NULL, 9, NULL, NULL, 'exclusive', 1, NULL, '0139', 'C128', '12.00', 'months', 0, NULL, NULL, NULL, NULL, NULL, NULL, NULL, 18, NULL, 0, 0, '2021-01-30 11:22:02', '2021-01-30 11:22:02'),
(140, 'Family Bread', 10, 'single', 27, NULL, NULL, 9, NULL, NULL, 'exclusive', 1, NULL, '0140', 'C128', '12.00', 'months', 0, NULL, NULL, NULL, NULL, NULL, NULL, NULL, 18, NULL, 0, 0, '2021-01-30 11:22:30', '2021-01-30 11:22:30'),
(141, 'Milk Bread', 10, 'single', 27, NULL, NULL, 9, NULL, NULL, 'exclusive', 1, NULL, '0141', 'C128', '12.00', 'months', 0, NULL, NULL, NULL, NULL, NULL, NULL, NULL, 18, NULL, 0, 0, '2021-01-30 11:22:53', '2021-01-30 11:22:53'),
(142, 'Brown Bread', 10, 'single', 27, NULL, NULL, 9, NULL, NULL, 'exclusive', 1, NULL, '0142', 'C128', '12.00', 'months', 0, NULL, NULL, NULL, NULL, NULL, NULL, NULL, 18, NULL, 0, 0, '2021-01-30 11:23:25', '2021-01-30 11:23:25'),
(143, 'Hot Dog', 10, 'single', 27, NULL, NULL, 9, NULL, NULL, 'exclusive', 1, NULL, '0143', 'C128', '12.00', 'months', 0, NULL, NULL, NULL, NULL, NULL, NULL, NULL, 18, NULL, 0, 0, '2021-01-30 11:24:01', '2021-01-30 11:24:01'),
(144, 'Buger Burns', 10, 'single', 27, NULL, NULL, 9, NULL, NULL, 'exclusive', 1, NULL, '0144', 'C128', '12.00', 'months', 0, NULL, NULL, NULL, NULL, NULL, NULL, NULL, 18, NULL, 0, 0, '2021-01-30 11:24:40', '2021-01-30 11:24:40'),
(145, 'Scons', 10, 'single', 27, NULL, NULL, 9, NULL, NULL, 'exclusive', 1, NULL, '0145', 'C128', '12.00', 'months', 0, NULL, NULL, NULL, NULL, NULL, NULL, NULL, 18, NULL, 0, 0, '2021-01-30 11:25:01', '2021-01-30 11:25:01'),
(146, 'Fruits Bread', 10, 'single', 27, NULL, NULL, 9, NULL, NULL, 'exclusive', 1, NULL, '0146', 'C128', '12.00', 'months', 0, NULL, NULL, NULL, NULL, NULL, NULL, NULL, 18, NULL, 0, 0, '2021-01-30 11:25:25', '2021-01-30 11:25:25'),
(147, 'Swess Roll', 10, 'single', 27, NULL, NULL, 9, NULL, NULL, 'exclusive', 1, NULL, '0147', 'C128', '12.00', 'months', 0, NULL, NULL, NULL, NULL, NULL, NULL, NULL, 18, NULL, 0, 0, '2021-01-30 11:25:56', '2021-01-30 11:25:56'),
(148, 'Victoria Cake', 10, 'single', 27, NULL, NULL, 9, NULL, NULL, 'exclusive', 1, NULL, '0148', 'C128', '12.00', 'months', 0, NULL, NULL, NULL, NULL, NULL, NULL, NULL, 18, NULL, 0, 0, '2021-01-30 11:26:23', '2021-01-30 11:26:23'),
(149, 'CR0ISSAINT', 10, 'single', 27, NULL, NULL, 9, NULL, NULL, 'exclusive', 1, NULL, '0149', 'C128', '12.00', 'months', 0, NULL, NULL, NULL, NULL, NULL, NULL, NULL, 18, NULL, 0, 0, '2021-01-30 11:27:09', '2021-01-30 11:27:09'),
(150, 'Cake', 10, 'single', 27, NULL, NULL, 9, NULL, NULL, 'exclusive', 1, NULL, '0150', 'C128', '12.00', 'months', 0, NULL, NULL, NULL, NULL, NULL, NULL, NULL, 18, NULL, 0, 0, '2021-01-30 11:27:46', '2021-01-30 11:27:46'),
(151, 'Paper steak', 10, 'single', 27, NULL, NULL, 9, NULL, NULL, 'exclusive', 1, NULL, '0151', 'C128', '12.00', 'months', 0, NULL, NULL, NULL, NULL, NULL, NULL, NULL, 18, NULL, 0, 0, '2021-01-30 11:28:18', '2021-01-30 11:28:18'),
(152, 'Chilly Beef', 10, 'single', 27, NULL, NULL, 9, NULL, NULL, 'exclusive', 1, NULL, '0152', 'C128', '12.00', 'months', 0, NULL, NULL, NULL, NULL, NULL, NULL, NULL, 18, NULL, 0, 0, '2021-01-30 11:40:16', '2021-01-30 11:40:16'),
(153, 'Mexican Beef', 10, 'single', 27, NULL, NULL, 9, NULL, NULL, 'exclusive', 1, NULL, '0153', 'C128', '12.00', 'months', 0, NULL, NULL, NULL, NULL, NULL, NULL, NULL, 18, NULL, 0, 0, '2021-01-30 11:40:42', '2021-01-30 11:40:42'),
(154, 'T. Born', 10, 'single', 27, NULL, NULL, 9, NULL, NULL, 'exclusive', 1, NULL, '0154', 'C128', '12.00', 'months', 0, NULL, NULL, NULL, NULL, NULL, NULL, NULL, 18, NULL, 0, 0, '2021-01-30 11:41:35', '2021-01-30 11:41:35'),
(155, 'Fish Fillet', 10, 'single', 27, NULL, NULL, 9, NULL, NULL, 'exclusive', 1, NULL, '0155', 'C128', '12.00', 'months', 0, NULL, NULL, NULL, NULL, NULL, NULL, NULL, 18, NULL, 0, 0, '2021-01-30 11:42:03', '2021-01-30 11:42:03'),
(156, 'Fish Finger', 10, 'single', 27, NULL, NULL, 9, NULL, NULL, 'exclusive', 1, NULL, '0156', 'C128', '12.00', 'months', 0, NULL, NULL, NULL, NULL, NULL, NULL, NULL, 18, NULL, 0, 0, '2021-01-30 11:42:32', '2021-01-30 11:42:32'),
(157, 'Sato', 10, 'single', 27, NULL, NULL, 9, NULL, NULL, 'exclusive', 1, NULL, '0157', 'C128', '12.00', 'months', 0, NULL, NULL, NULL, NULL, NULL, NULL, NULL, 18, NULL, 0, 0, '2021-01-30 11:43:08', '2021-01-30 11:43:08'),
(158, 'Prowns Curry', 10, 'single', 27, NULL, NULL, 9, NULL, NULL, 'exclusive', 1, NULL, '0158', 'C128', '12.00', 'months', 0, NULL, NULL, NULL, NULL, NULL, NULL, NULL, 18, NULL, 0, 0, '2021-01-30 11:43:44', '2021-01-30 11:43:44'),
(159, 'Chicken (cooked)', 10, 'single', 27, NULL, NULL, 9, NULL, NULL, 'exclusive', 1, NULL, '0159', 'C128', '12.00', 'months', 0, NULL, NULL, NULL, NULL, NULL, NULL, NULL, 18, NULL, 0, 0, '2021-01-30 11:44:49', '2021-01-30 11:44:49'),
(160, 'Crispty Chicken', 10, 'single', 27, NULL, NULL, 9, NULL, NULL, 'exclusive', 1, NULL, '0160', 'C128', '12.00', 'months', 0, NULL, NULL, NULL, NULL, NULL, NULL, NULL, 18, NULL, 0, 0, '2021-01-30 11:45:20', '2021-01-30 11:45:20'),
(161, 'Chilly Chicken', 10, 'single', 27, NULL, NULL, 9, NULL, NULL, 'exclusive', 1, NULL, '0161', 'C128', '12.00', 'months', 0, NULL, NULL, NULL, NULL, NULL, NULL, NULL, 18, NULL, 0, 0, '2021-01-30 11:45:54', '2021-01-30 11:45:54'),
(162, 'Chicken Curry', 10, 'single', 27, NULL, NULL, 9, NULL, NULL, 'exclusive', 1, NULL, '0162', 'C128', '12.00', 'months', 0, NULL, NULL, NULL, NULL, NULL, NULL, NULL, 18, NULL, 0, 0, '2021-01-30 11:46:29', '2021-01-30 11:46:29'),
(163, 'Cream Parsley', 10, 'single', 27, NULL, NULL, 9, NULL, NULL, 'exclusive', 1, NULL, '0163', 'C128', '12.00', 'months', 0, NULL, NULL, NULL, NULL, NULL, NULL, NULL, 18, NULL, 0, 0, '2021-01-30 11:47:06', '2021-01-30 11:47:06'),
(164, 'Chicken Pizza', 10, 'single', 27, NULL, NULL, 9, NULL, NULL, 'exclusive', 1, NULL, '0164', 'C128', '12.00', 'months', 0, NULL, NULL, NULL, NULL, NULL, NULL, NULL, 18, NULL, 0, 0, '2021-01-30 11:47:38', '2021-01-30 11:47:38'),
(165, 'Beef Burger', 10, 'single', 27, NULL, NULL, 9, NULL, NULL, 'exclusive', 1, NULL, '0165', 'C128', '12.00', 'months', 0, NULL, NULL, NULL, NULL, NULL, NULL, NULL, 18, NULL, 0, 0, '2021-01-30 11:48:07', '2021-01-30 11:48:07'),
(166, 'Tuna Sandwiches', 10, 'single', 27, NULL, NULL, 9, NULL, NULL, 'exclusive', 1, NULL, '0166', 'C128', '12.00', 'months', 0, NULL, NULL, NULL, NULL, NULL, NULL, NULL, 18, NULL, 0, 0, '2021-01-30 11:48:46', '2021-01-30 11:48:46'),
(167, 'Chicken Sekela', 10, 'single', 27, NULL, NULL, 9, NULL, NULL, 'exclusive', 1, NULL, '0167', 'C128', '12.00', 'months', 0, NULL, NULL, NULL, NULL, NULL, NULL, NULL, 18, NULL, 0, 0, '2021-01-30 11:49:16', '2021-01-30 11:49:16'),
(168, 'Lemon', 10, 'single', 27, NULL, NULL, 9, NULL, NULL, 'exclusive', 1, NULL, '0168', 'C128', '12.00', 'months', 0, NULL, NULL, NULL, NULL, NULL, NULL, NULL, 18, NULL, 0, 0, '2021-01-30 11:49:38', '2021-01-30 11:49:38'),
(169, 'kuku', 10, 'single', 27, NULL, NULL, 11, NULL, NULL, 'exclusive', 1, NULL, '0169', 'C128', '12.00', 'months', 0, NULL, NULL, NULL, NULL, NULL, NULL, NULL, 18, NULL, 0, 1, '2021-01-30 14:07:39', '2021-01-30 14:07:39'),
(170, 'mkate', 10, 'single', 28, '[\"28\",\"29\"]', NULL, 11, NULL, NULL, 'exclusive', 1, NULL, '0170', 'C128', '12.00', 'months', 0, NULL, NULL, NULL, NULL, NULL, NULL, NULL, 18, NULL, 0, 1, '2021-01-30 15:24:29', '2021-01-30 15:24:29'),
(171, 'rangi (sekela)', 10, 'single', 28, '[\"28\",\"29\"]', NULL, 11, NULL, NULL, 'exclusive', 1, NULL, '0171', 'C128', '12.00', 'months', 0, NULL, NULL, NULL, NULL, NULL, NULL, NULL, 18, NULL, 0, 1, '2021-01-30 15:29:07', '2021-01-30 15:29:07'),
(172, 'pepsi', 10, 'single', 27, NULL, NULL, 10, NULL, NULL, 'exclusive', 1, NULL, '&&', 'C128', '12.00', 'months', 0, NULL, NULL, NULL, NULL, NULL, NULL, NULL, 18, NULL, 0, 0, '2021-01-30 21:02:30', '2021-01-30 21:02:30'),
(173, 'pilau', 10, 'single', 27, NULL, NULL, 10, NULL, NULL, 'exclusive', 1, NULL, '0173', 'C128', '12.00', 'months', 0, NULL, NULL, NULL, NULL, NULL, NULL, NULL, 18, NULL, 0, 0, '2021-01-30 21:09:48', '2021-01-30 21:09:48'),
(175, 'variable', 10, 'variable', 27, NULL, NULL, NULL, NULL, NULL, 'exclusive', 1, NULL, '10010175', 'C128', '12.00', 'months', 0, NULL, NULL, NULL, NULL, NULL, NULL, NULL, 18, NULL, 0, 0, '2021-02-06 03:26:40', '2021-02-06 03:26:40'),
(176, 'Banana Bread', 10, 'single', 27, NULL, NULL, 9, NULL, NULL, 'exclusive', 1, NULL, '10010176', 'C128', '12.00', 'months', 0, NULL, NULL, NULL, NULL, NULL, NULL, NULL, 18, NULL, 0, 0, '2021-02-08 10:35:21', '2021-02-08 10:35:21'),
(177, 'Mohito', 10, 'single', 27, NULL, NULL, NULL, NULL, NULL, 'exclusive', 1, NULL, '10010177', 'C128', '12.00', 'months', 0, NULL, NULL, NULL, NULL, NULL, NULL, NULL, 18, NULL, 0, 0, '2021-02-16 10:17:30', '2021-02-16 10:17:30'),
(178, 'Sambusa', 10, 'single', 27, NULL, NULL, 9, NULL, NULL, 'exclusive', 1, NULL, '10010178', 'C128', '12.00', 'months', 0, NULL, NULL, NULL, NULL, NULL, NULL, NULL, 18, NULL, 0, 0, '2021-02-16 10:21:05', '2021-02-16 10:21:05'),
(179, 'Margarrita Pizza', 10, 'single', 27, NULL, NULL, NULL, NULL, NULL, 'exclusive', 1, NULL, '10010179', 'C128', '12.00', 'months', 0, NULL, NULL, NULL, NULL, NULL, NULL, NULL, 18, NULL, 0, 0, '2021-02-16 10:32:54', '2021-02-16 10:32:54'),
(180, 'Ugali', 10, 'single', 27, NULL, NULL, 10, NULL, NULL, 'exclusive', 1, NULL, '10010180', 'C128', '12.00', 'months', 0, NULL, NULL, NULL, NULL, NULL, NULL, NULL, 18, NULL, 0, 0, '2021-02-17 09:58:15', '2021-02-17 09:58:15'),
(181, 'Sembe', 10, 'single', 28, NULL, NULL, 11, NULL, NULL, 'exclusive', 1, NULL, '10010181', 'C128', '12.00', 'months', 0, NULL, NULL, NULL, NULL, NULL, NULL, NULL, 18, NULL, 0, 1, '2021-02-17 10:06:14', '2021-02-17 10:06:14'),
(182, 'extra cheese', 10, 'modifier', NULL, NULL, NULL, NULL, NULL, NULL, 'inclusive', 0, NULL, '10010182', 'C128', NULL, NULL, 0, NULL, NULL, NULL, NULL, NULL, NULL, NULL, 18, NULL, 0, 0, '2021-02-17 14:55:24', '2021-02-17 14:55:24'),
(183, 'Chips Zege', 10, 'single', 27, NULL, NULL, NULL, NULL, NULL, 'exclusive', 1, NULL, '10010183', 'C128', '12.00', 'months', 0, NULL, NULL, NULL, NULL, NULL, NULL, NULL, 18, NULL, 0, 0, '2021-02-17 15:51:47', '2021-02-17 15:51:47'),
(184, 'Sembe', 10, 'single', 28, NULL, NULL, 11, NULL, NULL, 'exclusive', 1, NULL, '10010184', 'C128', '12.00', 'months', 0, NULL, NULL, NULL, NULL, NULL, NULL, NULL, 18, NULL, 0, 1, '2021-02-17 16:06:12', '2021-02-17 16:06:12'),
(185, 'mashed Potatoes', 10, 'single', 27, NULL, NULL, NULL, NULL, NULL, 'exclusive', 1, NULL, '10010185', 'C128', '12.00', 'months', 0, NULL, NULL, NULL, NULL, NULL, NULL, NULL, 18, NULL, 0, 0, '2021-02-18 08:38:48', '2021-02-18 08:38:48'),
(186, 'ugali dona', 10, 'single', 27, NULL, NULL, 10, NULL, NULL, 'exclusive', 1, NULL, '10010186', 'C128', '12.00', 'months', 0, NULL, NULL, NULL, NULL, NULL, NULL, NULL, 18, NULL, 0, 0, '2021-02-18 08:50:07', '2021-02-18 08:50:07'),
(187, 'Velvet cake', 10, 'single', 27, NULL, NULL, 9, NULL, 1, 'exclusive', 1, NULL, '10010187', 'C128', '12.00', 'months', 0, NULL, NULL, NULL, NULL, NULL, NULL, NULL, 18, NULL, 0, 0, '2021-02-23 09:42:49', '2021-02-23 09:42:49'),
(188, '50kg set', 12, 'single', 35, NULL, NULL, NULL, NULL, NULL, 'exclusive', 1, '10.0000', '0188', 'C128', NULL, NULL, 0, NULL, NULL, NULL, NULL, NULL, NULL, NULL, 20, NULL, 0, 0, '2021-02-25 10:20:50', '2021-02-25 10:20:50'),
(189, 'Test product', 12, 'single', 35, NULL, NULL, 15, NULL, NULL, 'exclusive', 1, '10.0000', 'DEV10001', 'C128', NULL, NULL, 0, NULL, NULL, NULL, NULL, NULL, NULL, '<p>anything</p>', 20, NULL, 0, 0, '2021-02-25 10:56:40', '2021-02-25 10:56:40'),
(190, 'pppp', 10, 'single', 27, NULL, NULL, NULL, NULL, NULL, 'exclusive', 1, NULL, '10010190', 'C128', '12.00', 'months', 0, NULL, NULL, NULL, NULL, NULL, NULL, NULL, 18, NULL, 0, 1, '2021-02-25 15:10:49', '2021-02-25 15:10:49'),
(191, 'For Ugali', 10, 'modifier', NULL, NULL, NULL, NULL, NULL, NULL, 'inclusive', 0, NULL, '10010191', 'C128', NULL, NULL, 0, NULL, NULL, NULL, NULL, NULL, NULL, NULL, 18, NULL, 0, 0, '2021-03-03 07:42:50', '2021-03-03 07:42:50'),
(192, 'KARANGA', 10, 'single', 27, NULL, NULL, NULL, NULL, NULL, 'exclusive', 1, '3.0000', '10010192', 'C128', '12.00', 'months', 0, NULL, NULL, NULL, NULL, NULL, NULL, '<p>TESTTT</p>', 18, NULL, 0, 0, '2021-03-03 14:59:09', '2021-03-03 14:59:09'),
(193, 'KWA UG', 10, 'modifier', NULL, NULL, NULL, NULL, NULL, NULL, 'inclusive', 0, NULL, '10010193', 'C128', NULL, NULL, 0, NULL, NULL, NULL, NULL, NULL, NULL, NULL, 18, NULL, 0, 0, '2021-03-03 15:53:45', '2021-03-03 15:53:45'),
(194, 'coffee', 10, 'single', 28, NULL, NULL, 11, NULL, NULL, 'exclusive', 1, NULL, '10010194', 'C128', '12.00', 'months', 0, NULL, NULL, NULL, NULL, NULL, NULL, NULL, 18, NULL, 0, 1, '2021-03-15 13:19:50', '2021-03-15 13:19:50'),
(195, 'Meat', 14, 'single', 39, NULL, NULL, 20, NULL, NULL, 'exclusive', 1, NULL, '0195', 'C128', NULL, NULL, 0, NULL, NULL, NULL, NULL, NULL, NULL, NULL, 23, NULL, 0, 1, '2021-03-30 07:33:44', '2021-03-30 07:33:44'),
(196, 'Salt', 14, 'single', 39, NULL, NULL, 20, NULL, NULL, 'exclusive', 1, NULL, '0196', 'C128', NULL, NULL, 0, NULL, NULL, NULL, NULL, NULL, NULL, NULL, 23, NULL, 0, 1, '2021-03-30 07:34:16', '2021-03-30 07:34:16'),
(197, 'AjinaMoto', 14, 'single', 39, NULL, NULL, 20, NULL, NULL, 'exclusive', 1, NULL, '0197', 'C128', NULL, NULL, 0, NULL, NULL, NULL, NULL, NULL, NULL, NULL, 23, NULL, 0, 1, '2021-03-30 07:35:00', '2021-03-30 07:35:00'),
(198, 'Ginger', 14, 'single', 39, NULL, NULL, 20, NULL, NULL, 'exclusive', 1, NULL, '0198', 'C128', NULL, NULL, 0, NULL, NULL, NULL, NULL, NULL, NULL, NULL, 23, NULL, 0, 1, '2021-03-30 07:35:26', '2021-03-30 07:35:26'),
(199, 'Gallic', 14, 'single', 39, NULL, NULL, 20, NULL, NULL, 'exclusive', 1, NULL, '0199', 'C128', NULL, NULL, 0, NULL, NULL, NULL, NULL, NULL, NULL, NULL, 23, NULL, 0, 1, '2021-03-30 07:35:52', '2021-03-30 08:25:24'),
(200, 'Egg', 14, 'single', 37, NULL, NULL, 20, NULL, NULL, 'exclusive', 1, NULL, '0200', 'C128', NULL, NULL, 0, NULL, NULL, NULL, NULL, NULL, NULL, NULL, 23, NULL, 0, 1, '2021-03-30 07:36:19', '2021-03-30 07:54:56'),
(201, 'Kababu', 14, 'single', 37, NULL, NULL, 16, NULL, NULL, 'exclusive', 1, NULL, '0201', 'C128', NULL, NULL, 1, NULL, NULL, NULL, NULL, NULL, NULL, NULL, 23, NULL, 0, 0, '2021-03-30 07:37:08', '2021-03-30 07:37:08'),
(202, 'PPF-Unga', 14, 'single', 39, NULL, NULL, 20, NULL, NULL, 'exclusive', 1, NULL, '0202', 'C128', NULL, NULL, 0, NULL, NULL, NULL, NULL, NULL, NULL, NULL, 23, NULL, 0, 1, '2021-03-30 07:43:15', '2021-03-30 07:43:15'),
(203, 'Prestige', 14, 'single', 39, NULL, NULL, 20, NULL, NULL, 'exclusive', 1, NULL, '0203', 'C128', NULL, NULL, 0, NULL, NULL, NULL, NULL, NULL, NULL, NULL, 23, NULL, 0, 1, '2021-03-30 07:43:49', '2021-03-30 07:43:49'),
(204, 'Milk', 14, 'single', 41, NULL, NULL, 20, NULL, NULL, 'exclusive', 1, NULL, '0204', 'C128', NULL, NULL, 0, NULL, NULL, NULL, NULL, NULL, NULL, NULL, 23, NULL, 0, 1, '2021-03-30 07:44:59', '2021-03-30 07:44:59'),
(205, 'Chapati Ngumu', 14, 'single', 37, NULL, NULL, 16, NULL, NULL, 'exclusive', 1, NULL, '0205', 'C128', NULL, NULL, 0, NULL, NULL, NULL, NULL, NULL, NULL, NULL, 23, NULL, 0, 0, '2021-03-30 07:45:48', '2021-03-30 07:45:48'),
(206, 'Sugar', 14, 'single', 39, NULL, NULL, 20, NULL, NULL, 'exclusive', 1, NULL, '0206', 'C128', NULL, NULL, 0, NULL, NULL, NULL, NULL, NULL, NULL, NULL, 23, NULL, 0, 1, '2021-03-30 07:46:35', '2021-03-30 07:46:35'),
(207, 'PanCake', 14, 'single', 37, NULL, NULL, 16, NULL, NULL, 'exclusive', 1, NULL, '0207', 'C128', NULL, NULL, 0, NULL, NULL, NULL, NULL, NULL, NULL, NULL, 23, NULL, 0, 0, '2021-03-30 07:47:02', '2021-03-30 07:47:02'),
(208, 'Barking Powder', 14, 'single', 39, NULL, NULL, 20, NULL, NULL, 'exclusive', 1, NULL, '0208', 'C128', NULL, NULL, 0, NULL, NULL, NULL, NULL, NULL, NULL, NULL, 23, NULL, 0, 1, '2021-03-30 07:47:55', '2021-03-30 07:47:55'),
(209, 'Rocky Burns', 14, 'single', 37, NULL, NULL, 16, NULL, NULL, 'exclusive', 1, NULL, '0209', 'C128', NULL, NULL, 0, NULL, NULL, NULL, NULL, NULL, NULL, NULL, 23, NULL, 0, 0, '2021-03-30 07:48:24', '2021-03-30 07:48:24'),
(210, 'Vitunguu', 14, 'single', 39, NULL, NULL, 20, NULL, NULL, 'exclusive', 1, NULL, '0210', 'C128', NULL, NULL, 0, NULL, NULL, NULL, NULL, NULL, NULL, NULL, 23, NULL, 0, 1, '2021-03-30 07:49:22', '2021-03-30 07:49:22'),
(211, 'Black Paper', 14, 'single', 39, NULL, NULL, 20, NULL, NULL, 'exclusive', 1, NULL, '0211', 'C128', NULL, NULL, 0, NULL, NULL, NULL, NULL, NULL, NULL, NULL, 23, NULL, 0, 1, '2021-03-30 07:49:55', '2021-03-30 07:49:55'),
(212, 'Sambusa', 14, 'single', 37, NULL, NULL, 16, NULL, NULL, 'exclusive', 1, NULL, '0212', 'C128', NULL, NULL, 0, NULL, NULL, NULL, NULL, NULL, NULL, NULL, 23, NULL, 0, 0, '2021-03-30 07:50:18', '2021-03-30 07:50:18'),
(213, 'Manda ya Sambusa', 14, 'single', 39, NULL, NULL, 20, NULL, NULL, 'exclusive', 1, NULL, '0213', 'C128', NULL, NULL, 0, NULL, NULL, NULL, NULL, NULL, NULL, NULL, 23, NULL, 0, 1, '2021-03-30 07:51:12', '2021-03-30 07:51:12'),
(214, 'Unga White Gold', 14, 'single', 39, NULL, NULL, 20, NULL, NULL, 'exclusive', 1, NULL, '0214', 'C128', NULL, NULL, 0, NULL, NULL, NULL, NULL, NULL, NULL, NULL, 23, NULL, 0, 1, '2021-03-30 07:51:50', '2021-03-30 20:44:55'),
(215, 'Amira', 14, 'single', 39, NULL, NULL, NULL, NULL, NULL, 'exclusive', 1, NULL, '0215', 'C128', NULL, NULL, 0, NULL, NULL, NULL, NULL, NULL, NULL, NULL, 23, NULL, 0, 1, '2021-03-30 07:52:55', '2021-03-30 07:52:55'),
(216, 'Maandazi', 14, 'single', 37, NULL, NULL, 16, NULL, NULL, 'exclusive', 1, NULL, '0216', 'C128', NULL, NULL, 0, NULL, NULL, NULL, NULL, NULL, NULL, NULL, 23, NULL, 0, 0, '2021-03-30 07:53:28', '2021-03-30 07:53:28'),
(217, 'Baking Soda', 14, 'single', 39, NULL, NULL, 20, NULL, NULL, 'exclusive', 1, NULL, '0217', 'C128', NULL, NULL, 0, NULL, NULL, NULL, NULL, NULL, NULL, NULL, 23, NULL, 0, 1, '2021-03-30 08:03:01', '2021-03-30 08:03:01'),
(218, 'Half Cake', 14, 'single', 37, NULL, NULL, 16, NULL, NULL, 'exclusive', 1, NULL, '0218', 'C128', NULL, NULL, 0, NULL, NULL, NULL, NULL, NULL, NULL, NULL, 23, NULL, 0, 0, '2021-03-30 08:03:37', '2021-03-30 08:03:37'),
(219, 'Kalimati', 14, 'single', 37, NULL, NULL, 16, NULL, NULL, 'exclusive', 1, NULL, '0219', 'C128', NULL, NULL, 0, NULL, NULL, NULL, NULL, NULL, NULL, NULL, 23, NULL, 0, 0, '2021-03-30 08:04:07', '2021-03-30 08:04:07'),
(220, 'Doughnut', 14, 'single', 37, NULL, NULL, 16, NULL, NULL, 'exclusive', 1, NULL, '0220', 'C128', NULL, NULL, 0, NULL, NULL, NULL, NULL, NULL, NULL, NULL, 23, NULL, 0, 0, '2021-03-30 08:04:50', '2021-03-30 08:04:50'),
(221, 'Brioche', 14, 'single', 37, NULL, NULL, 16, NULL, NULL, 'exclusive', 1, NULL, '0221', 'C128', NULL, NULL, 0, NULL, NULL, NULL, NULL, NULL, NULL, NULL, 23, NULL, 0, 0, '2021-03-30 08:05:21', '2021-03-30 08:05:21'),
(222, 'Dengu', 14, 'single', 39, NULL, NULL, 20, NULL, NULL, 'exclusive', 1, NULL, '0222', 'C128', NULL, NULL, 0, NULL, NULL, NULL, NULL, NULL, NULL, NULL, 23, NULL, 0, 1, '2021-03-30 08:07:03', '2021-03-30 08:13:24');
INSERT INTO `products` (`id`, `name`, `business_id`, `type`, `unit_id`, `sub_unit_ids`, `brand_id`, `category_id`, `sub_category_id`, `tax`, `tax_type`, `enable_stock`, `alert_quantity`, `sku`, `barcode_type`, `expiry_period`, `expiry_period_type`, `enable_sr_no`, `weight`, `product_custom_field1`, `product_custom_field2`, `product_custom_field3`, `product_custom_field4`, `image`, `product_description`, `created_by`, `warranty_id`, `is_inactive`, `not_for_selling`, `created_at`, `updated_at`) VALUES
(223, 'Hoho', 14, 'single', 39, NULL, NULL, 20, NULL, NULL, 'exclusive', 1, NULL, '0223', 'C128', NULL, NULL, 0, NULL, NULL, NULL, NULL, NULL, NULL, NULL, 23, NULL, 0, 1, '2021-03-30 08:07:34', '2021-03-30 08:07:34'),
(224, 'Carrot', 14, 'single', 39, NULL, NULL, 20, NULL, NULL, 'exclusive', 1, NULL, '0224', 'C128', NULL, NULL, 0, NULL, NULL, NULL, NULL, NULL, NULL, NULL, 23, NULL, 0, 1, '2021-03-30 08:08:08', '2021-03-30 20:30:32'),
(225, 'Viazi', 14, 'single', 39, NULL, NULL, 20, NULL, NULL, 'exclusive', 1, NULL, '0225', 'C128', NULL, NULL, 0, NULL, NULL, NULL, NULL, NULL, NULL, NULL, 23, NULL, 0, 0, '2021-03-30 08:09:52', '2021-03-30 08:09:52'),
(226, 'Bagia', 14, 'single', 37, NULL, NULL, 16, NULL, NULL, 'exclusive', 1, NULL, '0226', 'C128', NULL, NULL, 0, NULL, NULL, NULL, NULL, NULL, NULL, NULL, 23, NULL, 0, 0, '2021-03-30 08:10:22', '2021-03-30 08:10:22'),
(227, 'Ndimu ya Unga', 14, 'single', 39, NULL, NULL, 20, NULL, NULL, 'exclusive', 1, NULL, '0227', 'C128', NULL, NULL, 0, NULL, NULL, NULL, NULL, NULL, NULL, NULL, 23, NULL, 0, 1, '2021-03-30 08:10:56', '2021-03-30 08:10:56'),
(228, 'Rangi ya Njano', 14, 'single', 39, NULL, NULL, 20, NULL, NULL, 'exclusive', 1, NULL, '0228', 'C128', NULL, NULL, 0, NULL, NULL, NULL, NULL, NULL, NULL, NULL, 23, NULL, 0, 1, '2021-03-30 08:11:38', '2021-03-30 08:11:38'),
(229, 'Pilipili', 14, 'single', 39, NULL, NULL, 20, NULL, NULL, 'exclusive', 1, NULL, '0229', 'C128', NULL, NULL, 0, NULL, NULL, NULL, NULL, NULL, NULL, NULL, 23, NULL, 0, 1, '2021-03-30 08:12:24', '2021-03-30 08:12:24'),
(230, 'Kachori', 14, 'single', 37, NULL, NULL, 16, NULL, NULL, 'exclusive', 1, NULL, '0230', 'C128', NULL, NULL, 0, NULL, NULL, NULL, NULL, NULL, NULL, NULL, 23, NULL, 0, 0, '2021-03-30 08:12:51', '2021-03-30 08:12:51'),
(231, 'Nyama ya Kusaga', 14, 'single', 39, NULL, NULL, 20, NULL, NULL, 'exclusive', 1, NULL, '0231', 'C128', NULL, NULL, 0, NULL, NULL, NULL, NULL, NULL, NULL, NULL, 23, NULL, 0, 1, '2021-03-30 08:14:24', '2021-03-30 08:14:24'),
(232, 'Cattles', 14, 'single', 37, NULL, NULL, 16, NULL, NULL, 'exclusive', 1, NULL, '0232', 'C128', NULL, NULL, 0, NULL, NULL, NULL, NULL, NULL, NULL, NULL, 23, NULL, 0, 0, '2021-03-30 08:15:58', '2021-03-30 08:15:58'),
(233, 'Letus', 14, 'single', 39, NULL, NULL, 20, NULL, NULL, 'exclusive', 1, NULL, '0233', 'C128', NULL, NULL, 0, NULL, NULL, NULL, NULL, NULL, NULL, NULL, 23, NULL, 0, 1, '2021-03-30 08:16:39', '2021-03-30 08:16:39'),
(234, 'Tomato Sauce', 14, 'single', 41, NULL, NULL, 20, NULL, NULL, 'exclusive', 1, NULL, '0234', 'C128', NULL, NULL, 0, NULL, NULL, NULL, NULL, NULL, NULL, NULL, 23, NULL, 0, 1, '2021-03-30 08:17:18', '2021-03-30 08:17:18'),
(235, 'Mama Sita', 14, 'single', 39, NULL, NULL, 20, NULL, NULL, 'exclusive', 1, NULL, '0235', 'C128', NULL, NULL, 0, NULL, NULL, NULL, NULL, NULL, NULL, NULL, 23, NULL, 0, 1, '2021-03-30 08:17:43', '2021-03-30 08:17:43'),
(236, 'Beef Wrap', 14, 'single', 37, NULL, NULL, 17, NULL, NULL, 'exclusive', 1, NULL, '0236', 'C128', NULL, NULL, 0, NULL, NULL, NULL, NULL, NULL, NULL, NULL, 23, NULL, 0, 0, '2021-03-30 08:18:26', '2021-03-30 08:18:26'),
(237, 'Chicken Meat', 14, 'single', 39, NULL, NULL, 20, NULL, NULL, 'exclusive', 1, NULL, '0237', 'C128', NULL, NULL, 0, NULL, NULL, NULL, NULL, NULL, NULL, NULL, 23, NULL, 0, 1, '2021-03-30 08:19:25', '2021-03-30 08:19:25'),
(238, 'Chicken Wrap', 14, 'single', 37, NULL, NULL, 17, NULL, NULL, 'exclusive', 1, NULL, '0238', 'C128', NULL, NULL, 0, NULL, NULL, NULL, NULL, NULL, NULL, NULL, 23, NULL, 0, 0, '2021-03-30 08:19:59', '2021-03-30 08:19:59'),
(239, 'Mayonise', 14, 'single', 41, NULL, NULL, 20, NULL, NULL, 'exclusive', 1, NULL, '0239', 'C128', NULL, NULL, 0, NULL, NULL, NULL, NULL, NULL, NULL, NULL, 23, NULL, 0, 1, '2021-03-30 08:21:38', '2021-03-30 08:21:38'),
(240, 'Letuce', 14, 'single', 39, NULL, NULL, 16, NULL, NULL, 'exclusive', 1, NULL, '0240', 'C128', NULL, NULL, 0, NULL, NULL, NULL, NULL, NULL, NULL, NULL, 23, NULL, 0, 1, '2021-03-30 08:22:48', '2021-03-30 08:22:48'),
(241, 'Egg Rool', 14, 'single', 37, NULL, NULL, 17, NULL, NULL, 'exclusive', 1, NULL, '0241', 'C128', NULL, NULL, 0, NULL, NULL, NULL, NULL, NULL, NULL, NULL, 23, NULL, 0, 0, '2021-03-30 08:23:14', '2021-03-30 08:23:14'),
(242, 'White Bread', 14, 'single', 39, NULL, NULL, 20, NULL, NULL, 'exclusive', 1, NULL, '0242', 'C128', NULL, NULL, 0, NULL, NULL, NULL, NULL, NULL, NULL, NULL, 23, NULL, 0, 1, '2021-03-30 08:24:06', '2021-03-30 08:24:06'),
(243, 'Egg Chop', 14, 'single', 37, NULL, NULL, 17, NULL, NULL, 'exclusive', 1, NULL, '0243', 'C128', NULL, NULL, 0, NULL, NULL, NULL, NULL, NULL, NULL, NULL, 23, NULL, 0, 0, '2021-03-30 08:25:00', '2021-03-30 08:25:00'),
(244, 'DOBLINE', 14, 'single', 39, NULL, NULL, 20, NULL, NULL, 'exclusive', 1, NULL, '0244', 'C128', NULL, NULL, 0, NULL, NULL, NULL, NULL, NULL, NULL, NULL, 23, NULL, 0, 1, '2021-03-30 20:35:49', '2021-03-30 20:35:49'),
(245, 'CULISIUM', 14, 'single', 39, NULL, NULL, 20, NULL, NULL, 'exclusive', 1, NULL, '0245', 'C128', NULL, NULL, 0, NULL, NULL, NULL, NULL, NULL, NULL, NULL, 23, NULL, 0, 1, '2021-03-30 20:36:33', '2021-03-30 20:36:33'),
(246, 'Water', 14, 'single', 37, NULL, NULL, 20, NULL, NULL, 'exclusive', 1, NULL, '0246', 'C128', NULL, NULL, 0, NULL, NULL, NULL, NULL, NULL, NULL, NULL, 23, NULL, 0, 1, '2021-03-30 20:38:00', '2021-03-30 20:38:00'),
(247, 'FAMILY BREAD', 14, 'single', 37, NULL, NULL, 17, NULL, NULL, 'exclusive', 1, NULL, '0247', 'C128', NULL, NULL, 0, NULL, NULL, NULL, NULL, NULL, NULL, NULL, 23, NULL, 0, 0, '2021-03-30 20:39:56', '2021-03-30 20:39:56'),
(248, 'MILK BREAD', 14, 'single', 37, NULL, NULL, NULL, NULL, NULL, 'exclusive', 1, NULL, '0248', 'C128', NULL, NULL, 0, NULL, NULL, NULL, NULL, NULL, NULL, NULL, 23, NULL, 0, 0, '2021-03-30 20:42:35', '2021-03-30 20:42:35'),
(249, 'BROWN  BREAD', 14, 'single', 37, NULL, NULL, 17, NULL, NULL, 'exclusive', 1, NULL, '0249', 'C128', NULL, NULL, 0, NULL, NULL, NULL, NULL, NULL, NULL, NULL, 23, NULL, 0, 0, '2021-03-30 20:43:05', '2021-03-30 20:43:05'),
(250, 'HOT DOG', 14, 'single', 37, NULL, NULL, 17, NULL, NULL, 'exclusive', 1, NULL, '0250', 'C128', NULL, NULL, 0, NULL, NULL, NULL, NULL, NULL, NULL, NULL, 23, NULL, 0, 0, '2021-03-30 20:43:48', '2021-03-30 20:43:48'),
(251, 'BUGER BURNS', 14, 'single', 37, NULL, NULL, 17, NULL, NULL, 'exclusive', 1, NULL, '0251', 'C128', NULL, NULL, 0, NULL, NULL, NULL, NULL, NULL, NULL, NULL, 23, NULL, 0, 0, '2021-03-30 20:44:15', '2021-03-30 20:44:15'),
(252, 'SCONS', 14, 'single', 37, NULL, NULL, 17, NULL, NULL, 'exclusive', 1, NULL, '0252', 'C128', NULL, NULL, 0, NULL, NULL, NULL, NULL, NULL, NULL, NULL, 23, NULL, 0, 0, '2021-03-30 20:45:32', '2021-03-30 20:45:32'),
(253, 'ZABIBU', 14, 'single', 39, NULL, NULL, 20, NULL, NULL, 'exclusive', 1, NULL, '0253', 'C128', NULL, NULL, 0, NULL, NULL, NULL, NULL, NULL, NULL, NULL, 23, NULL, 0, 1, '2021-03-30 20:46:07', '2021-03-30 20:46:07'),
(254, 'FRUITS BREAD', 14, 'single', 37, NULL, NULL, 17, NULL, NULL, 'exclusive', 1, NULL, '0254', 'C128', NULL, NULL, 0, NULL, NULL, NULL, NULL, NULL, NULL, NULL, 23, NULL, 0, 0, '2021-03-30 20:46:55', '2021-03-30 20:46:55'),
(255, 'Unga PPF', 14, 'single', 39, NULL, NULL, 20, NULL, NULL, 'exclusive', 1, NULL, '0255', 'C128', NULL, NULL, 0, NULL, NULL, NULL, NULL, NULL, NULL, NULL, 23, NULL, 0, 1, '2021-03-30 20:47:29', '2021-03-30 20:47:29'),
(256, 'SWESS ROLL', 14, 'single', 37, NULL, NULL, 17, NULL, NULL, 'exclusive', 1, NULL, '0256', 'C128', NULL, NULL, 0, NULL, NULL, NULL, NULL, NULL, NULL, NULL, 23, NULL, 0, 0, '2021-03-30 20:48:26', '2021-03-30 20:48:26'),
(257, 'VICTORIA CAKE', 14, 'single', 39, NULL, NULL, 20, NULL, NULL, 'exclusive', 1, NULL, '0257', 'C128', NULL, NULL, 0, NULL, NULL, NULL, NULL, NULL, NULL, NULL, 23, NULL, 0, 0, '2021-03-30 20:50:24', '2021-03-30 20:51:18'),
(258, 'BUTTER', 14, 'single', 39, NULL, NULL, 20, NULL, NULL, 'exclusive', 1, NULL, '0258', 'C128', NULL, NULL, 0, NULL, NULL, NULL, NULL, NULL, NULL, NULL, 23, NULL, 0, 1, '2021-03-30 20:53:28', '2021-03-30 20:53:28'),
(259, 'CR0ISSAINT', 14, 'single', 37, NULL, NULL, 16, NULL, NULL, 'exclusive', 1, NULL, '0259', 'C128', NULL, NULL, 0, NULL, NULL, NULL, NULL, NULL, NULL, NULL, 23, NULL, 0, 0, '2021-03-30 20:54:12', '2021-03-30 20:54:12'),
(260, 'CAKE', 14, 'single', 37, NULL, NULL, 17, NULL, NULL, 'exclusive', 1, NULL, '0260', 'C128', NULL, NULL, 0, NULL, NULL, NULL, NULL, NULL, NULL, NULL, 23, NULL, 0, 0, '2021-03-30 20:54:51', '2021-03-30 20:54:51'),
(261, 'BEEF FILLET', 14, 'single', 39, NULL, NULL, 20, NULL, NULL, 'exclusive', 1, NULL, '0261', 'C128', NULL, NULL, 0, NULL, NULL, NULL, NULL, NULL, NULL, NULL, 23, NULL, 0, 1, '2021-03-30 20:55:44', '2021-03-30 20:55:44'),
(262, 'MAFUTA', 14, 'single', 41, NULL, NULL, 20, NULL, NULL, 'exclusive', 1, NULL, '0262', 'C128', NULL, NULL, 0, NULL, NULL, NULL, NULL, NULL, NULL, NULL, 23, NULL, 0, 1, '2021-03-30 20:56:27', '2021-03-30 20:56:27'),
(263, 'BLACK PAPER', 14, 'single', 39, NULL, NULL, 20, NULL, NULL, 'exclusive', 1, NULL, '0263', 'C128', NULL, NULL, 0, NULL, NULL, NULL, NULL, NULL, NULL, NULL, 23, NULL, 0, 1, '2021-03-30 20:56:51', '2021-03-30 20:56:51'),
(264, 'SOYA SOUCE', 14, 'single', 39, NULL, NULL, 20, NULL, NULL, 'exclusive', 1, NULL, '0264', 'C128', NULL, NULL, 0, NULL, NULL, NULL, NULL, NULL, NULL, NULL, 23, NULL, 0, 1, '2021-03-30 20:57:19', '2021-03-30 20:57:19'),
(265, 'PAPER STEAK', 14, 'single', 37, NULL, NULL, 17, NULL, NULL, 'exclusive', 1, NULL, '0265', 'C128', NULL, NULL, 0, NULL, NULL, NULL, NULL, NULL, NULL, NULL, 23, NULL, 0, 0, '2021-03-30 20:57:45', '2021-03-30 20:57:45'),
(266, 'GREEN BEANS', 14, 'single', 39, NULL, NULL, 20, NULL, NULL, 'exclusive', 1, NULL, '0266', 'C128', NULL, NULL, 0, NULL, NULL, NULL, NULL, NULL, NULL, NULL, 23, NULL, 0, 1, '2021-03-30 20:58:31', '2021-03-30 20:58:31'),
(267, 'GREEN  CHILLY', 14, 'single', 37, NULL, NULL, 20, NULL, NULL, 'exclusive', 1, NULL, '0267', 'C128', NULL, NULL, 0, NULL, NULL, NULL, NULL, NULL, NULL, NULL, 23, NULL, 0, 1, '2021-03-30 20:59:19', '2021-03-30 20:59:19'),
(268, 'CHILLY BEEF', 14, 'single', 37, NULL, NULL, 17, NULL, NULL, 'exclusive', 1, NULL, '0268', 'C128', NULL, NULL, 0, NULL, NULL, NULL, NULL, NULL, NULL, NULL, 23, NULL, 0, 0, '2021-03-30 21:00:24', '2021-03-30 21:00:24'),
(269, 'TOMATO KETCHAP', 14, 'single', 41, NULL, NULL, 20, NULL, NULL, 'exclusive', 1, NULL, '0269', 'C128', NULL, NULL, 0, NULL, NULL, NULL, NULL, NULL, NULL, NULL, 23, NULL, 0, 0, '2021-03-30 21:01:24', '2021-03-30 21:01:24'),
(270, 'Tomato', 14, 'single', 39, NULL, NULL, 20, NULL, NULL, 'exclusive', 1, NULL, '0270', 'C128', NULL, NULL, 0, NULL, NULL, NULL, NULL, NULL, NULL, NULL, 23, NULL, 0, 1, '2021-03-30 21:02:00', '2021-03-30 21:02:00'),
(271, 'MEXCAN BEEF', 14, 'single', 37, NULL, NULL, 17, NULL, NULL, 'exclusive', 1, NULL, '0271', 'C128', NULL, NULL, 0, NULL, NULL, NULL, NULL, NULL, NULL, NULL, 23, NULL, 0, 0, '2021-03-30 21:02:36', '2021-03-30 21:02:36'),
(272, 'BBQ SAOUCE', 14, 'single', 39, NULL, NULL, 20, NULL, NULL, 'exclusive', 1, NULL, '0272', 'C128', NULL, NULL, 0, NULL, NULL, NULL, NULL, NULL, NULL, NULL, 23, NULL, 0, 1, '2021-03-30 21:03:22', '2021-03-30 21:03:22'),
(273, 'T.BORN', 14, 'single', 37, NULL, NULL, 17, NULL, NULL, 'exclusive', 1, NULL, '0273', 'C128', NULL, NULL, 0, NULL, NULL, NULL, NULL, NULL, NULL, NULL, 23, NULL, 0, 0, '2021-03-30 21:04:33', '2021-03-30 21:04:33'),
(274, 'RED SNAPER', 14, 'single', 39, NULL, NULL, 20, NULL, NULL, 'exclusive', 1, NULL, '0274', 'C128', NULL, NULL, 0, NULL, NULL, NULL, NULL, NULL, NULL, NULL, 23, NULL, 0, 1, '2021-03-30 21:23:23', '2021-03-30 21:23:23'),
(275, 'NDIMU', 14, 'single', 39, NULL, NULL, 20, NULL, NULL, 'exclusive', 1, NULL, '0275', 'C128', NULL, NULL, 0, NULL, NULL, NULL, NULL, NULL, NULL, NULL, 23, NULL, 0, 1, '2021-03-30 21:24:59', '2021-03-30 21:24:59'),
(276, 'FISH FILLET', 14, 'single', 37, NULL, NULL, 17, NULL, NULL, 'exclusive', 1, NULL, '0276', 'C128', NULL, NULL, 0, NULL, NULL, NULL, NULL, NULL, NULL, NULL, 23, NULL, 0, 0, '2021-03-30 21:27:37', '2021-03-30 21:27:37'),
(277, 'RED SNAPER', 14, 'single', 39, NULL, NULL, 20, NULL, NULL, 'exclusive', 1, NULL, '0277', 'C128', NULL, NULL, 0, NULL, NULL, NULL, NULL, NULL, NULL, NULL, 23, NULL, 0, 1, '2021-03-30 21:30:19', '2021-03-30 21:30:19'),
(278, 'BREAD GRAMS', 14, 'single', 39, NULL, NULL, 20, NULL, NULL, 'exclusive', 1, NULL, '0278', 'C128', NULL, NULL, 0, NULL, NULL, NULL, NULL, NULL, NULL, NULL, 23, NULL, 0, 1, '2021-03-30 21:30:43', '2021-03-30 21:30:43'),
(279, 'FISH FINGER', 14, 'single', 37, NULL, NULL, 17, NULL, NULL, 'exclusive', 1, NULL, '0279', 'C128', NULL, NULL, 0, NULL, NULL, NULL, NULL, NULL, NULL, NULL, 23, NULL, 0, 0, '2021-03-30 21:31:10', '2021-03-30 21:31:10'),
(280, 'MAKANGE', 14, 'single', 39, NULL, NULL, 20, NULL, NULL, 'exclusive', 1, NULL, '0280', 'C128', NULL, NULL, 0, NULL, NULL, NULL, NULL, NULL, NULL, NULL, 23, NULL, 0, 1, '2021-03-30 21:39:02', '2021-03-30 21:39:02'),
(281, 'PILIPILI MBUZI', 14, 'single', 39, NULL, NULL, 20, NULL, NULL, 'exclusive', 1, NULL, '0281', 'C128', NULL, NULL, 0, NULL, NULL, NULL, NULL, NULL, NULL, NULL, 23, NULL, 0, 1, '2021-03-30 21:39:30', '2021-03-30 21:39:30'),
(282, 'SATO', 14, 'single', 39, NULL, NULL, 17, NULL, NULL, 'exclusive', 1, NULL, '0282', 'C128', NULL, NULL, 0, NULL, NULL, NULL, NULL, NULL, NULL, NULL, 23, NULL, 0, 0, '2021-03-30 21:40:25', '2021-03-30 21:40:25'),
(283, 'PROWNS', 14, 'single', 39, NULL, NULL, 20, NULL, NULL, 'exclusive', 1, NULL, '0283', 'C128', NULL, NULL, 0, NULL, NULL, NULL, NULL, NULL, NULL, NULL, 23, NULL, 0, 0, '2021-03-30 21:41:09', '2021-03-30 21:41:09'),
(284, 'PROWNS CURRY', 14, 'single', 37, NULL, NULL, 17, NULL, NULL, 'exclusive', 1, NULL, '0284', 'C128', NULL, NULL, 0, NULL, NULL, NULL, NULL, NULL, NULL, NULL, 23, NULL, 0, 0, '2021-03-30 21:41:33', '2021-03-30 21:41:33'),
(285, 'BREAST', 14, 'single', 39, NULL, NULL, 20, NULL, NULL, 'exclusive', 1, NULL, '0285', 'C128', NULL, NULL, 0, NULL, NULL, NULL, NULL, NULL, NULL, NULL, 23, NULL, 0, 1, '2021-03-30 21:43:55', '2021-03-30 21:43:55'),
(286, 'KUKU', 14, 'single', 37, NULL, NULL, 17, NULL, NULL, 'exclusive', 1, NULL, '0286', 'C128', NULL, NULL, 0, NULL, NULL, NULL, NULL, NULL, NULL, NULL, 23, NULL, 0, 0, '2021-03-30 21:44:26', '2021-03-30 21:44:26'),
(287, 'CORN STACH', 14, 'single', 39, NULL, NULL, 20, NULL, NULL, 'exclusive', 1, NULL, '0287', 'C128', NULL, NULL, 0, NULL, NULL, NULL, NULL, NULL, NULL, NULL, 23, NULL, 0, 1, '2021-03-30 21:45:38', '2021-03-30 21:45:38'),
(288, 'CHILLY CHICKEN', 14, 'single', 37, NULL, NULL, NULL, NULL, NULL, 'exclusive', 1, NULL, '0288', 'C128', NULL, NULL, 0, NULL, NULL, NULL, NULL, NULL, NULL, NULL, 23, NULL, 0, 0, '2021-03-30 21:46:53', '2021-03-30 21:46:53'),
(289, 'BINZARI', 14, 'single', 39, NULL, NULL, 20, NULL, NULL, 'exclusive', 1, NULL, '0289', 'C128', NULL, NULL, 0, NULL, NULL, NULL, NULL, NULL, NULL, NULL, 23, NULL, 0, 1, '2021-03-30 21:47:27', '2021-03-30 21:47:27'),
(290, 'CHICKEN CURRY', 14, 'single', 39, NULL, NULL, 17, NULL, NULL, 'exclusive', 1, NULL, '0290', 'C128', NULL, NULL, 0, NULL, NULL, NULL, NULL, NULL, NULL, NULL, 23, NULL, 0, 0, '2021-03-30 21:48:05', '2021-03-30 21:48:05'),
(291, 'Parsley', 14, 'single', 39, NULL, NULL, 20, NULL, NULL, 'inclusive', 1, NULL, '0291', 'C128', NULL, NULL, 0, NULL, NULL, NULL, NULL, NULL, NULL, NULL, 23, NULL, 0, 1, '2021-03-30 21:48:54', '2021-03-30 21:48:54'),
(292, 'CREAM PARSLEY', 14, 'single', 37, NULL, NULL, 17, NULL, NULL, 'exclusive', 1, NULL, '0292', 'C128', NULL, NULL, 0, NULL, NULL, NULL, NULL, NULL, NULL, NULL, 23, NULL, 0, 0, '2021-03-30 21:56:02', '2021-03-30 21:56:02'),
(293, 'VIAZI', 14, 'single', 39, NULL, NULL, 20, NULL, NULL, 'exclusive', 1, NULL, '0293', 'C128', NULL, NULL, 0, NULL, NULL, NULL, NULL, NULL, NULL, NULL, 23, NULL, 0, 0, '2021-03-30 21:56:30', '2021-03-30 21:56:30'),
(294, 'CHIPS', 14, 'single', 37, NULL, NULL, 17, NULL, NULL, 'exclusive', 1, NULL, '0294', 'C128', NULL, NULL, 0, NULL, NULL, NULL, NULL, NULL, NULL, NULL, 23, NULL, 0, 0, '2021-03-30 21:57:00', '2021-03-30 21:57:00'),
(295, 'MASH POTTOES', 14, 'single', 37, NULL, NULL, 17, NULL, NULL, 'exclusive', 1, NULL, '0295', 'C128', NULL, NULL, 0, NULL, NULL, NULL, NULL, NULL, NULL, NULL, 23, NULL, 0, 0, '2021-03-30 21:57:42', '2021-03-30 21:57:42'),
(296, 'RICE', 14, 'single', 39, NULL, NULL, 20, NULL, NULL, 'exclusive', 1, NULL, '0296', 'C128', NULL, NULL, 0, NULL, NULL, NULL, NULL, NULL, NULL, NULL, 23, NULL, 0, 0, '2021-03-30 21:58:06', '2021-03-30 21:58:06'),
(297, 'BASMAT RICE', 14, 'single', 37, NULL, NULL, 17, NULL, NULL, 'exclusive', 1, NULL, '0297', 'C128', NULL, NULL, 0, NULL, NULL, NULL, NULL, NULL, NULL, NULL, 23, NULL, 0, 0, '2021-03-30 21:58:42', '2021-03-30 21:58:42'),
(298, 'CHIZZ', 14, 'single', 39, NULL, NULL, 20, NULL, NULL, 'exclusive', 1, NULL, '0298', 'C128', NULL, NULL, 0, NULL, NULL, NULL, NULL, NULL, NULL, NULL, 23, NULL, 0, 1, '2021-03-30 22:00:31', '2021-03-30 22:00:31'),
(299, 'OREGANO', 14, 'single', 39, NULL, NULL, 20, NULL, NULL, 'exclusive', 1, NULL, '0299', 'C128', NULL, NULL, 0, NULL, NULL, NULL, NULL, NULL, NULL, NULL, 23, NULL, 0, 1, '2021-03-30 22:01:01', '2021-03-30 22:01:01'),
(300, 'CHICKEEN PIZZA', 14, 'single', 37, NULL, NULL, 17, NULL, NULL, 'exclusive', 1, NULL, '0300', 'C128', NULL, NULL, 0, NULL, NULL, NULL, NULL, NULL, NULL, NULL, 23, NULL, 0, 0, '2021-03-30 22:01:29', '2021-03-30 22:01:29'),
(301, 'NAYAMA KUSAGA', 14, 'single', 39, NULL, NULL, 20, NULL, NULL, 'exclusive', 1, NULL, '0301', 'C128', NULL, NULL, 0, NULL, NULL, NULL, NULL, NULL, NULL, NULL, 23, NULL, 0, 0, '2021-03-30 22:02:10', '2021-03-30 22:02:10'),
(302, 'CHIZZ SLICE', 14, 'single', 37, NULL, NULL, 20, NULL, NULL, 'exclusive', 1, NULL, '0302', 'C128', NULL, NULL, 0, NULL, NULL, NULL, NULL, NULL, NULL, NULL, 23, NULL, 0, 1, '2021-03-30 22:02:37', '2021-03-30 22:02:37'),
(303, 'WHITE BREAD', 14, 'single', 39, NULL, NULL, 20, NULL, NULL, 'exclusive', 1, NULL, '0303', 'C128', NULL, NULL, 0, NULL, NULL, NULL, NULL, NULL, NULL, NULL, 23, NULL, 0, 1, '2021-03-30 22:04:29', '2021-03-30 22:04:29'),
(304, 'BEEF BURGER', 14, 'single', 37, NULL, NULL, 17, NULL, NULL, 'exclusive', 1, NULL, '0304', 'C128', NULL, NULL, 0, NULL, NULL, NULL, NULL, NULL, NULL, NULL, 23, NULL, 0, 0, '2021-03-30 22:04:56', '2021-03-30 22:04:56'),
(306, 'BOXING GLOVE FIGHTER', 17, 'single', 43, NULL, NULL, NULL, NULL, NULL, 'exclusive', 1, '20.0000', '0306', 'C128', NULL, NULL, 0, NULL, NULL, NULL, NULL, NULL, NULL, '<p>Available OZ8, OZ12</p>', 26, NULL, 0, 0, '2021-04-13 16:25:57', '2021-04-13 16:25:57'),
(307, 'BOXING GLOVE FIGHTER SUPREME', 17, 'single', 43, NULL, NULL, NULL, NULL, NULL, 'exclusive', 1, NULL, '0307', 'C128', NULL, NULL, 0, NULL, NULL, NULL, NULL, NULL, NULL, NULL, 26, NULL, 0, 0, '2021-04-14 13:34:54', '2021-04-14 13:37:43'),
(308, 'BOXING GLOVE WORLD COMBAT', 17, 'single', 43, NULL, NULL, NULL, NULL, NULL, 'exclusive', 1, '10.0000', '0308', 'C128', NULL, NULL, 0, NULL, NULL, NULL, NULL, NULL, NULL, NULL, 26, NULL, 0, 0, '2021-04-14 13:35:35', '2021-04-14 13:38:30'),
(309, 'Home Gym 1 Station Orange', 17, 'single', 43, NULL, NULL, NULL, NULL, NULL, 'exclusive', 1, '5.0000', '0309', 'C128', NULL, NULL, 0, NULL, NULL, NULL, NULL, NULL, '1618399315_0803_11.jpg', NULL, 26, NULL, 0, 0, '2021-04-14 14:21:55', '2021-04-14 14:22:59'),
(310, 'Home Gym 1 Station Sliver', 17, 'single', 43, NULL, NULL, NULL, NULL, NULL, 'exclusive', 1, NULL, '0310', 'C128', NULL, NULL, 0, NULL, NULL, NULL, NULL, NULL, NULL, NULL, 26, NULL, 0, 0, '2021-04-14 14:24:06', '2021-04-14 14:24:06'),
(311, 'Home Gym 3 Station', 17, 'single', 43, NULL, NULL, NULL, NULL, NULL, 'exclusive', 1, NULL, '0311', 'C128', NULL, NULL, 0, NULL, NULL, NULL, NULL, NULL, NULL, NULL, 26, NULL, 0, 0, '2021-04-14 14:24:50', '2021-04-14 15:14:41'),
(312, 'Weight lift gloves nakozi', 17, 'single', 43, NULL, NULL, NULL, NULL, NULL, 'exclusive', 1, '20.0000', '0312', 'C128', NULL, NULL, 0, NULL, NULL, NULL, NULL, NULL, NULL, NULL, 26, NULL, 0, 0, '2021-04-14 14:27:28', '2021-04-14 14:27:28'),
(313, 'Weight lift gloves ladies', 17, 'single', 43, NULL, NULL, NULL, NULL, NULL, 'exclusive', 1, NULL, '0313', 'C128', NULL, NULL, 0, NULL, NULL, NULL, NULL, NULL, NULL, NULL, 26, NULL, 0, 0, '2021-04-14 14:28:17', '2021-04-14 14:28:17'),
(314, 'Weight lift gloves Ngozi', 17, 'single', 43, NULL, NULL, NULL, NULL, NULL, 'exclusive', 1, '20.0000', '0314', 'C128', NULL, NULL, 0, NULL, NULL, NULL, NULL, NULL, NULL, NULL, 26, NULL, 0, 0, '2021-04-14 14:29:06', '2021-04-14 14:29:06'),
(315, 'SPINNING BIKE MEDIUM', 17, 'single', 43, NULL, NULL, NULL, NULL, NULL, 'exclusive', 1, NULL, '0315', 'C128', NULL, NULL, 0, NULL, NULL, NULL, NULL, NULL, NULL, NULL, 26, NULL, 0, 0, '2021-04-14 14:30:23', '2021-04-14 14:30:23'),
(316, 'Punching Bag Everlast', 17, 'single', 43, NULL, NULL, NULL, NULL, NULL, 'exclusive', 1, NULL, '0316', 'C128', NULL, NULL, 0, NULL, NULL, NULL, NULL, NULL, NULL, NULL, 26, NULL, 0, 0, '2021-04-14 14:31:35', '2021-04-14 14:31:35'),
(317, '20Kg Adjustable Dumbell Set', 17, 'single', 43, NULL, NULL, NULL, NULL, NULL, 'exclusive', 1, '10.0000', '0317', 'C128', NULL, NULL, 0, NULL, NULL, NULL, NULL, NULL, NULL, NULL, 26, NULL, 0, 0, '2021-04-14 14:32:50', '2021-04-14 14:32:50'),
(318, 'OLYMPIC WEIGHT PLATES PLASTIC 5KG', 17, 'single', 43, NULL, NULL, NULL, NULL, NULL, 'exclusive', 1, NULL, '0318', 'C128', NULL, NULL, 0, NULL, NULL, NULL, NULL, NULL, NULL, NULL, 26, NULL, 0, 0, '2021-04-14 14:34:30', '2021-04-14 14:45:53'),
(319, 'OLYMPIC WEIGHT PLATES PLASTIC 20KG', 17, 'single', 43, NULL, NULL, NULL, NULL, NULL, 'exclusive', 1, '10.0000', '0319', 'C128', NULL, NULL, 0, NULL, NULL, NULL, NULL, NULL, NULL, NULL, 26, NULL, 0, 0, '2021-04-14 14:44:44', '2021-04-14 14:44:44'),
(320, 'Treadmill Manual incline', 17, 'single', 43, NULL, NULL, 25, NULL, NULL, 'exclusive', 1, '5.0000', '0320', 'C128', NULL, NULL, 0, NULL, NULL, NULL, NULL, NULL, NULL, NULL, 26, NULL, 0, 0, '2021-04-14 14:49:55', '2021-04-15 10:43:12'),
(321, 'Treadmill automatic incline', 17, 'single', 43, NULL, NULL, 25, NULL, NULL, 'exclusive', 1, '5.0000', '0321', 'C128', NULL, NULL, 0, NULL, NULL, NULL, NULL, NULL, NULL, NULL, 26, NULL, 0, 0, '2021-04-14 14:50:53', '2021-04-15 10:42:47'),
(322, 'treadmill sport', 17, 'single', 43, NULL, NULL, 25, NULL, NULL, 'exclusive', 1, '5.0000', '0322', 'C128', NULL, NULL, 0, NULL, NULL, NULL, NULL, NULL, NULL, NULL, 26, NULL, 0, 0, '2021-04-14 14:51:48', '2021-04-15 10:44:05'),
(323, 'Six Pack Care', 17, 'single', 43, NULL, NULL, NULL, NULL, NULL, 'exclusive', 1, '10.0000', '0323', 'C128', NULL, NULL, 0, NULL, NULL, NULL, NULL, NULL, NULL, NULL, 26, NULL, 0, 0, '2021-04-14 14:52:26', '2021-04-14 14:52:26'),
(324, 'AEROBIC STEPS BIG', 17, 'single', 43, NULL, NULL, NULL, NULL, NULL, 'exclusive', 1, NULL, '0324', 'C128', NULL, NULL, 0, NULL, NULL, NULL, NULL, NULL, NULL, NULL, 26, NULL, 0, 0, '2021-04-14 14:52:54', '2021-04-14 14:52:54'),
(325, 'ARM BAND PHONE POCKETS', 17, 'single', 43, NULL, NULL, NULL, NULL, NULL, 'exclusive', 1, '10.0000', '0325', 'C128', NULL, NULL, 0, NULL, NULL, NULL, NULL, NULL, NULL, NULL, 26, NULL, 0, 0, '2021-04-14 14:53:36', '2021-04-14 14:53:36'),
(326, 'AEROBIC STEPS', 17, 'single', 43, NULL, NULL, NULL, NULL, NULL, 'exclusive', 1, '10.0000', '0326', 'C128', NULL, NULL, 0, NULL, NULL, NULL, NULL, NULL, NULL, NULL, 26, NULL, 0, 0, '2021-04-14 14:54:44', '2021-04-14 14:54:44'),
(327, '50Kg Adjustable Dumbell Set', 17, 'single', 43, NULL, NULL, NULL, NULL, NULL, 'exclusive', 1, '20.0000', '0327', 'C128', NULL, NULL, 0, NULL, NULL, NULL, NULL, NULL, NULL, NULL, 26, NULL, 0, 0, '2021-04-14 14:55:21', '2021-04-14 14:55:21'),
(328, 'Revoflex Extreme', 17, 'single', 43, NULL, NULL, NULL, NULL, NULL, 'exclusive', 1, '10.0000', '0328', 'C128', NULL, NULL, 0, NULL, NULL, NULL, NULL, NULL, NULL, NULL, 26, NULL, 0, 0, '2021-04-14 14:57:03', '2021-04-14 14:57:03'),
(329, 'Resistance band set', 17, 'single', 43, NULL, NULL, NULL, NULL, NULL, 'exclusive', 1, NULL, '0329', 'C128', NULL, NULL, 0, NULL, NULL, NULL, NULL, NULL, NULL, NULL, 26, NULL, 0, 0, '2021-04-14 14:57:49', '2021-04-14 14:57:49'),
(330, 'Latex Band', 17, 'single', 43, NULL, NULL, NULL, NULL, NULL, 'exclusive', 1, '10.0000', '0330', 'C128', NULL, NULL, 0, NULL, NULL, NULL, NULL, NULL, NULL, NULL, 26, NULL, 0, 0, '2021-04-14 14:58:24', '2021-04-14 14:58:24'),
(331, 'Roller 2 Wheel', 17, 'single', 43, NULL, NULL, NULL, NULL, NULL, 'exclusive', 1, '10.0000', '0331', 'C128', NULL, NULL, 0, NULL, NULL, NULL, NULL, NULL, NULL, NULL, 26, NULL, 0, 0, '2021-04-14 14:59:55', '2021-04-14 14:59:55'),
(332, 'Roller 4 Wheel', 17, 'single', 43, NULL, NULL, NULL, NULL, NULL, 'exclusive', 1, NULL, '0332', 'C128', NULL, NULL, 0, NULL, NULL, NULL, NULL, NULL, NULL, NULL, 26, NULL, 0, 0, '2021-04-14 15:00:22', '2021-04-14 15:00:22'),
(333, 'Yoga mat', 17, 'single', 43, NULL, NULL, NULL, NULL, NULL, 'exclusive', 1, '20.0000', '0333', 'C128', NULL, NULL, 0, NULL, NULL, NULL, NULL, NULL, NULL, NULL, 26, NULL, 0, 0, '2021-04-14 15:01:04', '2021-04-14 15:01:04'),
(334, 'Training Ladder', 17, 'single', 43, NULL, NULL, NULL, NULL, NULL, 'exclusive', 1, '10.0000', '0334', 'C128', NULL, NULL, 0, NULL, NULL, NULL, NULL, NULL, NULL, NULL, 26, NULL, 0, 0, '2021-04-14 15:02:20', '2021-04-14 15:02:20'),
(335, 'Gym Ball big', 17, 'single', 43, NULL, NULL, NULL, NULL, NULL, 'exclusive', 1, '10.0000', '0335', 'C128', NULL, NULL, 0, NULL, NULL, NULL, NULL, NULL, NULL, NULL, 26, NULL, 0, 0, '2021-04-14 15:03:23', '2021-04-14 15:03:23'),
(336, 'Gym Ball medium', 17, 'single', 43, NULL, NULL, NULL, NULL, NULL, 'exclusive', 1, '10.0000', '0336', 'C128', NULL, NULL, 0, NULL, NULL, NULL, NULL, NULL, NULL, NULL, 26, NULL, 0, 0, '2021-04-14 15:03:53', '2021-04-14 15:03:53'),
(337, 'Gym Ball small', 17, 'single', 43, NULL, NULL, NULL, NULL, NULL, 'exclusive', 1, '10.0000', '0337', 'C128', NULL, NULL, 0, NULL, NULL, NULL, NULL, NULL, NULL, NULL, 26, NULL, 0, 0, '2021-04-14 15:04:23', '2021-04-14 15:04:23'),
(338, 'BARBELL 1.8M', 17, 'single', 43, NULL, NULL, NULL, NULL, NULL, 'exclusive', 1, '10.0000', '0338', 'C128', NULL, NULL, 0, NULL, NULL, NULL, NULL, NULL, NULL, NULL, 26, NULL, 0, 0, '2021-04-14 15:05:48', '2021-04-14 15:05:48'),
(339, 'BARBELL 1.5M', 17, 'single', 43, NULL, NULL, NULL, NULL, NULL, 'exclusive', 1, '10.0000', '0339', 'C128', NULL, NULL, 0, NULL, NULL, NULL, NULL, NULL, NULL, NULL, 26, NULL, 0, 0, '2021-04-14 15:06:29', '2021-04-14 15:06:29'),
(340, 'BARBELL 2.2M', 17, 'single', 43, NULL, NULL, NULL, NULL, NULL, 'exclusive', 1, '10.0000', '0340', 'C128', NULL, NULL, 0, NULL, NULL, NULL, NULL, NULL, NULL, NULL, 26, NULL, 0, 0, '2021-04-14 15:07:10', '2021-04-14 15:07:10'),
(341, 'Miss Belt', 17, 'single', 43, NULL, NULL, NULL, NULL, NULL, 'exclusive', 1, '10.0000', '0341', 'C128', NULL, NULL, 0, NULL, NULL, NULL, NULL, NULL, NULL, NULL, 26, NULL, 0, 0, '2021-04-14 15:07:59', '2021-04-14 15:07:59'),
(342, 'Fit Now Belt', 17, 'single', 43, NULL, NULL, NULL, NULL, NULL, 'exclusive', 1, NULL, '0342', 'C128', NULL, NULL, 0, NULL, NULL, NULL, NULL, NULL, NULL, NULL, 26, NULL, 0, 0, '2021-04-14 15:08:30', '2021-04-14 15:08:30'),
(343, 'Fitness Belt', 17, 'single', 43, NULL, NULL, NULL, NULL, NULL, 'exclusive', 1, '10.0000', '0343', 'C128', NULL, NULL, 0, NULL, NULL, NULL, NULL, NULL, NULL, NULL, 26, NULL, 0, 0, '2021-04-14 15:09:03', '2021-04-14 15:09:03'),
(344, 'Gum shield two side', 17, 'single', 43, NULL, NULL, NULL, NULL, NULL, 'exclusive', 1, '20.0000', '0344', 'C128', NULL, NULL, 0, NULL, NULL, NULL, NULL, NULL, NULL, NULL, 26, NULL, 0, 0, '2021-04-15 09:20:10', '2021-04-15 09:20:10'),
(345, 'Gum shield soft', 17, 'single', 43, NULL, NULL, NULL, NULL, NULL, 'exclusive', 1, '30.0000', '0345', 'C128', NULL, NULL, 0, NULL, NULL, NULL, NULL, NULL, NULL, NULL, 26, NULL, 0, 0, '2021-04-15 09:20:37', '2021-04-15 09:20:37'),
(346, 'Gum shield hard', 17, 'single', 43, NULL, NULL, NULL, NULL, NULL, 'exclusive', 1, '30.0000', '0346', 'C128', NULL, NULL, 0, NULL, NULL, NULL, NULL, NULL, NULL, NULL, 26, NULL, 0, 0, '2021-04-15 09:21:05', '2021-04-15 09:21:05'),
(347, 'Crazy Fit Massager', 17, 'single', 43, NULL, NULL, NULL, NULL, NULL, 'exclusive', 1, NULL, '0347', 'C128', NULL, NULL, 0, NULL, NULL, NULL, NULL, NULL, NULL, NULL, 26, NULL, 0, 0, '2021-04-15 09:22:11', '2021-04-15 09:22:11'),
(348, 'WEIGHT SCALE ANALOGE', 17, 'single', 43, NULL, NULL, NULL, NULL, NULL, 'exclusive', 1, NULL, '0348', 'C128', NULL, NULL, 0, NULL, NULL, NULL, NULL, NULL, NULL, NULL, 26, NULL, 0, 0, '2021-04-15 09:23:22', '2021-04-15 09:23:22'),
(349, 'WEIGHT SCALE DIGITAL', 17, 'single', 43, NULL, NULL, NULL, NULL, NULL, 'exclusive', 1, NULL, '0349', 'C128', NULL, NULL, 0, NULL, NULL, NULL, NULL, NULL, NULL, NULL, 26, NULL, 0, 0, '2021-04-15 09:23:41', '2021-04-15 09:23:41'),
(350, 'WEIGHT SMART SCALE', 17, 'single', 43, NULL, NULL, NULL, NULL, NULL, 'exclusive', 1, '10.0000', '0350', 'C128', NULL, NULL, 0, NULL, NULL, NULL, NULL, NULL, NULL, NULL, 26, NULL, 0, 0, '2021-04-15 09:24:05', '2021-04-15 09:24:05'),
(351, 'Hot Shapers', 17, 'single', 43, NULL, NULL, NULL, NULL, NULL, 'exclusive', 1, '18.0000', '0351', 'C128', NULL, NULL, 0, NULL, NULL, NULL, NULL, NULL, NULL, NULL, 26, NULL, 0, 0, '2021-04-15 09:25:57', '2021-04-15 09:25:57'),
(352, 'Weight bag 5kg', 17, 'single', 43, NULL, NULL, NULL, NULL, NULL, 'exclusive', 1, NULL, '0352', 'C128', NULL, NULL, 0, NULL, NULL, NULL, NULL, NULL, NULL, NULL, 26, NULL, 0, 0, '2021-04-15 09:27:00', '2021-04-15 09:27:00'),
(353, 'Weight bag 10kg', 17, 'single', 43, NULL, NULL, NULL, NULL, NULL, 'exclusive', 1, NULL, '0353', 'C128', NULL, NULL, 0, NULL, NULL, NULL, NULL, NULL, NULL, NULL, 26, NULL, 0, 0, '2021-04-15 09:27:35', '2021-04-15 09:27:35'),
(354, 'Bench press Mult functional', 17, 'single', 43, NULL, NULL, NULL, NULL, NULL, 'exclusive', 1, '0.0000', '0354', 'C128', NULL, NULL, 0, NULL, NULL, NULL, NULL, NULL, NULL, NULL, 26, NULL, 0, 0, '2021-04-15 09:28:39', '2021-04-15 09:28:39'),
(355, '1kg Aerobic Dumbbell', 17, 'single', 43, NULL, NULL, NULL, NULL, NULL, 'exclusive', 1, '10.0000', '0355', 'C128', NULL, NULL, 0, NULL, NULL, NULL, NULL, NULL, NULL, NULL, 26, NULL, 0, 0, '2021-04-15 09:29:43', '2021-04-15 09:29:43'),
(356, '2kg Aerobic Dumbbell', 17, 'single', 44, NULL, NULL, NULL, NULL, NULL, 'exclusive', 1, '8.0000', '0356', 'C128', NULL, NULL, 0, NULL, NULL, NULL, NULL, NULL, NULL, NULL, 26, NULL, 0, 0, '2021-04-15 09:32:09', '2021-04-15 09:32:09'),
(357, '3kg Aerobic Dumbbell', 17, 'single', 44, NULL, NULL, NULL, NULL, NULL, 'exclusive', 1, '10.0000', '0357', 'C128', NULL, NULL, 0, NULL, NULL, NULL, NULL, NULL, NULL, NULL, 26, NULL, 0, 0, '2021-04-15 09:33:00', '2021-04-15 09:33:00'),
(358, '5kg Fixed Rubber Dumbbell', 17, 'single', 44, NULL, NULL, NULL, NULL, NULL, 'exclusive', 1, '10.0000', '0358', 'C128', NULL, NULL, 0, NULL, NULL, NULL, NULL, NULL, NULL, NULL, 26, NULL, 0, 0, '2021-04-15 09:34:18', '2021-04-15 09:34:18'),
(359, '7.5kg Fixed Rubber Dumbbell', 17, 'single', 44, NULL, NULL, NULL, NULL, NULL, 'exclusive', 1, '10.0000', '0359', 'C128', NULL, NULL, 0, NULL, NULL, NULL, NULL, NULL, NULL, NULL, 26, NULL, 0, 0, '2021-04-15 09:35:01', '2021-04-15 09:35:01'),
(360, '10kg Fixed Rubber Dumbbell', 17, 'single', 44, NULL, NULL, NULL, NULL, NULL, 'exclusive', 1, '10.0000', '0360', 'C128', NULL, NULL, 0, NULL, NULL, NULL, NULL, NULL, NULL, NULL, 26, NULL, 0, 0, '2021-04-15 09:35:54', '2021-04-15 09:35:54'),
(361, '12.5kg Fixed Rubber Dumbbell', 17, 'single', 44, NULL, NULL, NULL, NULL, NULL, 'exclusive', 1, '10.0000', '0361', 'C128', NULL, NULL, 0, NULL, NULL, NULL, NULL, NULL, NULL, NULL, 26, NULL, 0, 0, '2021-04-15 09:37:05', '2021-04-15 09:37:05'),
(362, '15kg Fixed Rubber Dumbbell', 17, 'single', 44, NULL, NULL, NULL, NULL, NULL, 'exclusive', 1, '10.0000', '0362', 'C128', NULL, NULL, 0, NULL, NULL, NULL, NULL, NULL, NULL, NULL, 26, NULL, 0, 0, '2021-04-15 09:38:11', '2021-04-15 09:38:11'),
(363, '20kg Fixed Rubber Dumbbell', 17, 'single', 44, NULL, NULL, NULL, NULL, NULL, 'exclusive', 1, '10.0000', '0363', 'C128', NULL, NULL, 0, NULL, NULL, NULL, NULL, NULL, NULL, NULL, 26, NULL, 0, 0, '2021-04-15 09:39:33', '2021-04-15 09:39:33'),
(364, '25kg Fixed Rubber Dumbbell', 17, 'single', 44, NULL, NULL, NULL, NULL, NULL, 'exclusive', 1, '10.0000', '0364', 'C128', NULL, NULL, 0, NULL, NULL, NULL, NULL, NULL, NULL, NULL, 26, NULL, 0, 0, '2021-04-15 09:40:29', '2021-04-15 09:40:29'),
(365, '30Kg Adjustable Dumbell Set', 17, 'single', 44, NULL, NULL, NULL, NULL, NULL, 'exclusive', 1, '10.0000', '0365', 'C128', NULL, NULL, 0, NULL, NULL, NULL, NULL, NULL, NULL, NULL, 26, NULL, 0, 0, '2021-04-15 09:41:53', '2021-04-15 09:41:53'),
(366, '15Kg Adjustable Dumbell Set', 17, 'single', 45, NULL, NULL, NULL, NULL, NULL, 'exclusive', 1, '10.0000', '0366', 'C128', NULL, NULL, 0, NULL, NULL, NULL, NULL, NULL, NULL, NULL, 26, NULL, 0, 0, '2021-04-15 09:43:45', '2021-04-15 09:43:45'),
(367, 'Jumping Rope Heavy', 17, 'single', 43, NULL, NULL, NULL, NULL, NULL, 'exclusive', 1, '10.0000', '0367', 'C128', NULL, NULL, 0, NULL, NULL, NULL, NULL, NULL, NULL, NULL, 26, NULL, 0, 0, '2021-04-15 09:44:55', '2021-04-15 09:44:55'),
(368, 'Shakers Bottle', 17, 'single', 43, NULL, NULL, NULL, NULL, NULL, 'exclusive', 1, '10.0000', '0368', 'C128', NULL, NULL, 0, NULL, NULL, NULL, NULL, NULL, NULL, NULL, 26, NULL, 0, 0, '2021-04-15 09:45:36', '2021-04-15 09:45:36'),
(369, '2kg chrome dumbbell', 17, 'single', 44, NULL, NULL, NULL, NULL, NULL, 'exclusive', 1, '10.0000', '0369', 'C128', NULL, NULL, 0, NULL, NULL, NULL, NULL, NULL, NULL, NULL, 26, NULL, 0, 0, '2021-04-15 09:46:16', '2021-04-15 09:46:16'),
(370, '1kg chrome dumbbell', 17, 'single', 44, NULL, NULL, NULL, NULL, NULL, 'exclusive', 1, '10.0000', '0370', 'C128', NULL, NULL, 0, NULL, NULL, NULL, NULL, NULL, NULL, NULL, 26, NULL, 0, 0, '2021-04-15 09:46:51', '2021-04-15 09:46:51'),
(371, '3kg chrome dumbbell', 17, 'single', 44, NULL, NULL, NULL, NULL, NULL, 'exclusive', 1, '10.0000', '0371', 'C128', NULL, NULL, 0, NULL, NULL, NULL, NULL, NULL, NULL, NULL, 26, NULL, 0, 0, '2021-04-15 09:47:17', '2021-04-15 09:47:17'),
(372, 'Boxing Pads', 17, 'single', 44, NULL, NULL, NULL, NULL, NULL, 'exclusive', 1, '10.0000', '0372', 'C128', NULL, NULL, 0, NULL, NULL, NULL, NULL, NULL, NULL, NULL, 26, NULL, 0, 0, '2021-04-15 09:48:12', '2021-04-15 09:48:12'),
(373, 'Taekwondo Kick Pad', 17, 'single', 44, NULL, NULL, NULL, NULL, NULL, 'exclusive', 1, '10.0000', '0373', 'C128', NULL, NULL, 0, NULL, NULL, NULL, NULL, NULL, NULL, NULL, 26, NULL, 0, 0, '2021-04-15 09:48:52', '2021-04-15 09:48:52'),
(374, 'Kick Pad', 17, 'single', 43, NULL, NULL, NULL, NULL, NULL, 'exclusive', 1, '10.0000', '0374', 'C128', NULL, NULL, 0, NULL, NULL, NULL, NULL, NULL, NULL, NULL, 26, NULL, 0, 0, '2021-04-15 09:49:45', '2021-04-15 09:49:45'),
(375, 'Clip Bandages 5meter', 17, 'single', 44, NULL, NULL, NULL, NULL, NULL, 'exclusive', 1, '10.0000', '0375', 'C128', NULL, NULL, 0, NULL, NULL, NULL, NULL, NULL, NULL, NULL, 26, NULL, 0, 0, '2021-04-15 09:50:58', '2021-04-15 09:50:58'),
(376, 'Clip Bandages 3meter', 17, 'single', 44, NULL, NULL, NULL, NULL, NULL, 'exclusive', 1, '10.0000', '0376', 'C128', NULL, NULL, 0, NULL, NULL, NULL, NULL, NULL, NULL, NULL, 26, NULL, 0, 0, '2021-04-15 09:51:28', '2021-04-15 09:51:28'),
(377, 'GLOVES MMA KICK BOXER', 17, 'single', 44, NULL, NULL, NULL, NULL, NULL, 'exclusive', 1, '10.0000', '0377', 'C128', NULL, NULL, 0, NULL, NULL, NULL, NULL, NULL, NULL, NULL, 26, NULL, 0, 0, '2021-04-15 09:52:45', '2021-04-15 09:52:45'),
(378, 'Resistance band UMBO 8', 17, 'single', 43, NULL, NULL, NULL, NULL, NULL, 'exclusive', 1, '10.0000', '0378', 'C128', NULL, NULL, 0, NULL, NULL, NULL, NULL, NULL, NULL, NULL, 26, NULL, 0, 0, '2021-04-15 09:53:35', '2021-04-15 09:53:35'),
(379, 'KETTLE BELLS 2KG', 17, 'single', 43, NULL, NULL, NULL, NULL, NULL, 'exclusive', 1, '10.0000', '0379', 'C128', NULL, NULL, 0, NULL, NULL, NULL, NULL, NULL, NULL, NULL, 26, NULL, 0, 0, '2021-04-15 09:54:11', '2021-04-15 09:54:11'),
(380, 'KETTLE BELLS 3KG', 17, 'single', 43, NULL, NULL, NULL, NULL, NULL, 'exclusive', 1, '10.0000', '0380', 'C128', NULL, NULL, 0, NULL, NULL, NULL, NULL, NULL, NULL, NULL, 26, NULL, 0, 0, '2021-04-15 09:54:35', '2021-04-15 09:54:35'),
(381, 'KETTLE BELLS 5KG', 17, 'single', 43, NULL, NULL, NULL, NULL, NULL, 'exclusive', 1, '10.0000', '0381', 'C128', NULL, NULL, 0, NULL, NULL, NULL, NULL, NULL, NULL, NULL, 26, NULL, 0, 0, '2021-04-15 09:55:25', '2021-04-15 09:55:25'),
(382, 'Thermol Battle', 17, 'single', 43, NULL, NULL, NULL, NULL, NULL, 'exclusive', 1, '10.0000', '0382', 'C128', NULL, NULL, 0, NULL, NULL, NULL, NULL, NULL, NULL, NULL, 26, NULL, 0, 0, '2021-04-15 09:57:11', '2021-04-15 09:57:11'),
(383, 'OLYMPIC WEIGHT PLATES PLASTIC 7.5KG', 17, 'single', 44, NULL, NULL, NULL, NULL, NULL, 'exclusive', 1, NULL, '0383', 'C128', NULL, NULL, 0, NULL, NULL, NULL, NULL, NULL, NULL, NULL, 26, NULL, 0, 0, '2021-04-15 09:59:22', '2021-04-15 09:59:22'),
(384, 'OLYMPIC WEIGHT PLATES PLASTIC 10KG', 17, 'single', 44, NULL, NULL, NULL, NULL, NULL, 'exclusive', 1, '10.0000', '0384', 'C128', NULL, NULL, 0, NULL, NULL, NULL, NULL, NULL, NULL, NULL, 26, NULL, 0, 0, '2021-04-15 09:59:59', '2021-04-15 09:59:59'),
(385, 'OLYMPIC WEIGHT PLATES PLASTIC 15KG', 17, 'single', 44, NULL, NULL, NULL, NULL, NULL, 'exclusive', 1, '10.0000', '0385', 'C128', NULL, NULL, 0, NULL, NULL, NULL, NULL, NULL, NULL, NULL, 26, NULL, 0, 0, '2021-04-15 10:00:55', '2021-04-15 10:00:55'),
(386, 'TRUCK SUITS', 17, 'single', 43, NULL, NULL, NULL, NULL, NULL, 'exclusive', 1, '10.0000', '0386', 'C128', NULL, NULL, 0, NULL, NULL, NULL, NULL, NULL, NULL, NULL, 26, NULL, 0, 0, '2021-04-15 10:03:10', '2021-04-15 10:03:10'),
(387, 'Battle Rope', 17, 'single', 43, NULL, NULL, NULL, NULL, NULL, 'exclusive', 1, '10.0000', '0387', 'C128', NULL, NULL, 0, NULL, NULL, NULL, NULL, NULL, NULL, NULL, 26, NULL, 0, 0, '2021-04-15 10:11:03', '2021-04-15 10:11:03'),
(388, 'House Flex', 17, 'single', 43, NULL, NULL, NULL, NULL, NULL, 'exclusive', 1, '10.0000', '0388', 'C128', NULL, NULL, 0, NULL, NULL, NULL, NULL, NULL, NULL, NULL, 26, NULL, 0, 0, '2021-04-15 10:11:43', '2021-04-15 10:11:43'),
(389, 'Push Up Stand', 17, 'single', 44, NULL, NULL, NULL, NULL, NULL, 'exclusive', 1, '10.0000', '0389', 'C128', NULL, NULL, 0, NULL, NULL, NULL, NULL, NULL, NULL, NULL, 26, NULL, 0, 0, '2021-04-15 10:12:26', '2021-04-15 10:12:26'),
(390, 'Chest Expander', 17, 'single', 43, NULL, NULL, NULL, NULL, NULL, 'exclusive', 1, '10.0000', '0390', 'C128', NULL, NULL, 0, NULL, NULL, NULL, NULL, NULL, NULL, NULL, 26, NULL, 0, 0, '2021-04-15 10:13:05', '2021-04-15 10:13:05'),
(391, 'Cardio Twister', 17, 'single', 43, NULL, NULL, NULL, NULL, NULL, 'exclusive', 1, '10.0000', '0391', 'C128', NULL, NULL, 0, NULL, NULL, NULL, NULL, NULL, NULL, NULL, 26, NULL, 0, 0, '2021-04-15 10:13:54', '2021-04-15 10:13:54'),
(392, 'Hand Grip', 17, 'single', 44, NULL, NULL, NULL, NULL, NULL, 'exclusive', 1, '10.0000', '0392', 'C128', NULL, NULL, 0, NULL, NULL, NULL, NULL, NULL, NULL, NULL, 26, NULL, 0, 0, '2021-04-15 10:14:51', '2021-04-15 10:14:51'),
(393, 'Hand Grip Adjustable', 17, 'single', 43, NULL, NULL, NULL, NULL, NULL, 'exclusive', 1, '10.0000', '0393', 'C128', NULL, NULL, 0, NULL, NULL, NULL, NULL, NULL, NULL, NULL, 26, NULL, 0, 0, '2021-04-15 10:15:25', '2021-04-15 10:15:25'),
(394, 'treadmill oil', 17, 'single', 43, NULL, NULL, NULL, NULL, NULL, 'exclusive', 1, '10.0000', '0394', 'C128', NULL, NULL, 0, NULL, NULL, NULL, NULL, NULL, NULL, NULL, 26, NULL, 0, 0, '2021-04-15 10:16:13', '2021-04-15 10:16:13'),
(395, 'Tricep Rope', 17, 'single', 43, NULL, NULL, NULL, NULL, NULL, 'exclusive', 1, '10.0000', '0395', 'C128', NULL, NULL, 0, NULL, NULL, NULL, NULL, NULL, NULL, NULL, 26, NULL, 0, 0, '2021-04-15 10:16:52', '2021-04-15 10:16:52'),
(396, 'Tummy Trimmer', 17, 'single', 43, NULL, NULL, NULL, NULL, NULL, 'exclusive', 1, '10.0000', '0396', 'C128', NULL, NULL, 0, NULL, NULL, NULL, NULL, NULL, NULL, NULL, 26, NULL, 0, 0, '2021-04-15 10:17:47', '2021-04-15 10:17:47'),
(397, 'Flex Shapers', 17, 'single', 43, NULL, NULL, NULL, NULL, NULL, 'exclusive', 1, '10.0000', '0397', 'C128', NULL, NULL, 0, NULL, NULL, NULL, NULL, NULL, NULL, NULL, 26, NULL, 0, 0, '2021-04-15 10:18:34', '2021-04-15 10:18:34'),
(398, 'Palm Support', 17, 'single', 43, NULL, NULL, NULL, NULL, NULL, 'exclusive', 1, '10.0000', '0398', 'C128', NULL, NULL, 0, NULL, NULL, NULL, NULL, NULL, NULL, NULL, 26, NULL, 0, 0, '2021-04-15 10:19:40', '2021-04-15 10:19:40'),
(399, 'Support Weak Muscles', 17, 'single', 43, NULL, NULL, NULL, NULL, NULL, 'exclusive', 1, '10.0000', '0399', 'C128', NULL, NULL, 0, NULL, NULL, NULL, NULL, NULL, NULL, NULL, 26, NULL, 0, 0, '2021-04-15 10:20:24', '2021-04-15 10:20:24'),
(400, 'Tapping Body Band', 17, 'single', 43, NULL, NULL, NULL, NULL, NULL, 'exclusive', 1, '10.0000', '0400', 'C128', NULL, NULL, 0, NULL, NULL, NULL, NULL, NULL, NULL, NULL, 26, NULL, 0, 0, '2021-04-15 10:20:58', '2021-04-15 10:20:58'),
(401, 'Just One Shapers', 17, 'single', 43, NULL, NULL, NULL, NULL, NULL, 'exclusive', 1, '10.0000', '0401', 'C128', NULL, NULL, 0, NULL, NULL, NULL, NULL, NULL, NULL, NULL, 26, NULL, 0, 0, '2021-04-15 10:22:10', '2021-04-15 10:22:10'),
(402, 'Sit Up Stand', 17, 'single', 43, NULL, NULL, NULL, NULL, NULL, 'exclusive', 1, '10.0000', '0402', 'C128', NULL, NULL, 0, NULL, NULL, NULL, NULL, NULL, NULL, NULL, 26, NULL, 0, 0, '2021-04-15 10:22:46', '2021-04-15 10:22:46'),
(403, 'Tower 200', 17, 'single', 45, NULL, NULL, NULL, NULL, NULL, 'exclusive', 1, '10.0000', '0403', 'C128', NULL, NULL, 0, NULL, NULL, NULL, NULL, NULL, NULL, NULL, 26, NULL, 0, 0, '2021-04-15 10:23:32', '2021-04-15 10:23:32'),
(404, 'Back Care Pad', 17, 'single', 43, NULL, NULL, NULL, NULL, NULL, 'exclusive', 1, '10.0000', '0404', 'C128', NULL, NULL, 0, NULL, NULL, NULL, NULL, NULL, NULL, NULL, 26, NULL, 0, 0, '2021-04-15 10:24:03', '2021-04-15 10:24:03'),
(405, 'BOXING GLOVE WOLON', 17, 'single', 44, NULL, NULL, NULL, NULL, NULL, 'exclusive', 1, '10.0000', '0405', 'C128', NULL, NULL, 0, NULL, NULL, NULL, NULL, NULL, NULL, NULL, 26, NULL, 0, 0, '2021-04-15 10:25:12', '2021-04-15 10:25:12'),
(406, 'Medicine Ball  3kg', 17, 'single', 43, NULL, NULL, NULL, NULL, NULL, 'exclusive', 1, '10.0000', '0406', 'C128', NULL, NULL, 0, NULL, NULL, NULL, NULL, NULL, NULL, NULL, 26, NULL, 0, 0, '2021-04-15 10:26:14', '2021-04-15 10:26:14'),
(407, 'Medicine Ball  5kg', 17, 'single', 43, NULL, NULL, NULL, NULL, NULL, 'exclusive', 1, '10.0000', '0407', 'C128', NULL, NULL, 0, NULL, NULL, NULL, NULL, NULL, NULL, NULL, 26, NULL, 0, 0, '2021-04-15 10:26:42', '2021-04-15 10:26:42'),
(408, 'Medicine Ball  10kg', 17, 'single', 43, NULL, NULL, NULL, NULL, NULL, 'exclusive', 1, '10.0000', '0408', 'C128', NULL, NULL, 0, NULL, NULL, NULL, NULL, NULL, NULL, NULL, 26, NULL, 0, 0, '2021-04-15 10:27:06', '2021-04-15 10:27:06'),
(409, 'Weight Leg 5kg', 17, 'single', 44, NULL, NULL, NULL, NULL, NULL, 'exclusive', 1, '10.0000', '0409', 'C128', NULL, NULL, 0, NULL, NULL, NULL, NULL, NULL, NULL, NULL, 26, NULL, 0, 0, '2021-04-15 10:27:51', '2021-04-15 10:27:51'),
(410, 'Orbitrek', 17, 'single', 43, NULL, NULL, NULL, NULL, NULL, 'exclusive', 1, '10.0000', '0410', 'C128', NULL, NULL, 0, NULL, NULL, NULL, NULL, NULL, NULL, NULL, 26, NULL, 0, 0, '2021-04-15 10:28:34', '2021-04-15 10:28:34'),
(411, 'Trx', 17, 'single', 45, NULL, NULL, NULL, NULL, NULL, 'exclusive', 1, '10.0000', '0411', 'C128', NULL, NULL, 0, NULL, NULL, NULL, NULL, NULL, NULL, NULL, 26, NULL, 0, 0, '2021-04-15 10:29:08', '2021-04-15 10:29:08'),
(412, 'Vibro Shape', 17, 'single', 43, NULL, NULL, NULL, NULL, NULL, 'exclusive', 1, '10.0000', '0412', 'C128', NULL, NULL, 0, NULL, NULL, NULL, NULL, NULL, NULL, NULL, 26, NULL, 0, 0, '2021-04-15 10:29:38', '2021-04-15 10:29:38'),
(413, 'Gum shield one side', 17, 'single', 43, NULL, NULL, 21, NULL, NULL, 'exclusive', 1, '10.0000', '0413', 'C128', NULL, NULL, 0, NULL, NULL, NULL, NULL, NULL, NULL, NULL, 26, NULL, 0, 0, '2021-04-20 13:57:19', '2021-04-20 13:57:19'),
(414, 'BARBELL OLYMPIC 2.2 METER', 17, 'single', 43, NULL, NULL, 22, NULL, NULL, 'exclusive', 1, '10.0000', '0414', 'C128', NULL, NULL, 0, NULL, NULL, NULL, NULL, NULL, NULL, NULL, 26, NULL, 0, 0, '2021-04-24 11:18:41', '2021-04-24 11:18:41'),
(415, 'BARBELL CURL 1.2 METER', 17, 'single', 43, NULL, NULL, 22, NULL, NULL, 'exclusive', 1, '10.0000', '0415', 'C128', NULL, NULL, 0, NULL, NULL, NULL, NULL, NULL, NULL, NULL, 26, NULL, 0, 0, '2021-04-24 11:19:30', '2021-04-24 11:19:30'),
(416, '15kg Fixed Rubber barbell culr', 17, 'single', 43, NULL, NULL, 23, NULL, NULL, 'exclusive', 1, NULL, '0416', 'C128', NULL, NULL, 0, NULL, NULL, NULL, NULL, NULL, NULL, NULL, 26, NULL, 0, 0, '2021-04-24 13:49:55', '2021-04-24 13:49:55'),
(417, '10kg Fixed Rubber barbell', 17, 'single', 43, NULL, NULL, 23, NULL, NULL, 'exclusive', 1, NULL, '0417', 'C128', NULL, NULL, 0, NULL, NULL, NULL, NULL, NULL, NULL, NULL, 26, NULL, 0, 0, '2021-04-24 13:51:52', '2021-04-24 13:51:52'),
(418, 'IRON GYM', 17, 'single', 43, NULL, NULL, 22, NULL, NULL, 'exclusive', 1, NULL, '0418', 'C128', NULL, NULL, 0, NULL, NULL, NULL, NULL, NULL, NULL, NULL, 26, NULL, 0, 0, '2021-04-24 13:52:44', '2021-04-24 13:52:44'),
(419, 'Devlopment and Implementation of Lipa Gas Mobile Apps', 7, 'single', 8, NULL, NULL, NULL, NULL, NULL, 'exclusive', 0, NULL, 'DEV0002', 'C128', NULL, NULL, 0, NULL, NULL, NULL, NULL, NULL, NULL, '<ul>\r\n<li>Share hardware and development requirements</li>\r\n<li>Purchase and setup Development Server</li>\r\n<li>Install and configure SMS Engine</li>\r\n<li>Setup VPN Software for Connectivity</li>\r\n<li>Finalize security updates and server hardening</li>\r\n<li>Admin/Backend panel development</li>\r\n<li>Customer apps development</li>\r\n<li>Delivery app development</li>\r\n<li>Vendor App Development</li>\r\n<li>Mobile money and SMS integration</li>\r\n<li>Create test cases document</li>\r\n<li>Conduct UAT</li>\r\n<li>Submit to App stores</li>\r\n<li>Training</li>\r\n<li>Launch</li>\r\n<li>Start support and maintenance</li>\r\n</ul>', 10, NULL, 0, 0, '2021-05-01 12:57:15', '2021-05-01 12:57:15'),
(420, 'Loan Management System', 7, 'single', 48, NULL, NULL, NULL, NULL, NULL, 'exclusive', 0, '0.0000', '202010508139', 'C128', NULL, NULL, 0, NULL, NULL, NULL, NULL, NULL, NULL, '<p>Licence, installation and training for a Loan management system, two locations</p>', 10, NULL, 0, 0, '2021-05-08 13:42:00', '2021-05-08 13:42:00'),
(421, 'pepsi', 10, 'single', 27, NULL, NULL, NULL, NULL, NULL, 'exclusive', 1, '10.0000', '100001', 'C128', '12.00', 'months', 0, NULL, NULL, NULL, NULL, NULL, NULL, NULL, 18, NULL, 0, 0, '2021-06-21 14:33:55', '2021-06-21 14:37:08'),
(422, 'Panadol', 10, 'single', 27, NULL, NULL, 10, NULL, NULL, 'inclusive', 1, '10.0000', '100001001', 'C128', NULL, NULL, 0, NULL, NULL, NULL, NULL, NULL, NULL, '<p>for head pain or ache</p>', 18, NULL, 0, 0, '2021-07-14 21:09:13', '2021-07-14 21:09:13'),
(423, '2004 Toyota IST', 20, 'single', 49, NULL, 3, 32, 33, 3, 'inclusive', 1, '0.0000', 'PRM0423', 'C128', '3.00', 'months', 0, NULL, 'Not Inspected', 'No', 'Pending', NULL, '1645169618_PM100001313TY269886-9.jpeg', NULL, 33, NULL, 0, 0, '2022-02-18 07:31:33', '2022-02-19 14:27:17'),
(424, '2005 Toyota Harrier', 20, 'single', 49, NULL, 4, 34, 35, 3, 'inclusive', 1, '0.0000', '26ETGAAJ12', 'C128', '3.00', 'months', 0, NULL, 'Not Inspected', 'No', 'Pending', NULL, NULL, NULL, 33, NULL, 0, 0, '2022-02-19 14:30:27', '2022-02-19 14:39:16');

-- --------------------------------------------------------

--
-- Table structure for table `product_locations`
--

CREATE TABLE `product_locations` (
  `product_id` int(11) NOT NULL,
  `location_id` int(11) NOT NULL
) ENGINE=InnoDB DEFAULT CHARSET=utf8mb4 COLLATE=utf8mb4_unicode_ci;

--
-- Dumping data for table `product_locations`
--

INSERT INTO `product_locations` (`product_id`, `location_id`) VALUES
(1, 2),
(2, 2),
(3, 5),
(4, 5),
(5, 5),
(6, 5),
(7, 5),
(8, 5),
(9, 5),
(10, 5),
(11, 5),
(12, 5),
(13, 5),
(14, 5),
(15, 5),
(16, 5),
(17, 5),
(18, 1),
(19, 5),
(20, 5),
(21, 5),
(22, 7),
(23, 1),
(24, 1),
(25, 1),
(26, 1),
(27, 1),
(28, 1),
(29, 1),
(30, 1),
(31, 1),
(32, 1),
(33, 1),
(34, 1),
(35, 1),
(36, 1),
(37, 1),
(38, 1),
(39, 1),
(40, 1),
(41, 1),
(42, 1),
(43, 1),
(44, 1),
(45, 1),
(46, 1),
(47, 10),
(48, 10),
(49, 10),
(50, 10),
(51, 10),
(52, 10),
(53, 10),
(54, 10),
(55, 10),
(56, 10),
(57, 10),
(58, 10),
(59, 10),
(60, 10),
(61, 10),
(62, 10),
(63, 10),
(64, 10),
(65, 10),
(66, 10),
(67, 10),
(68, 10),
(69, 10),
(70, 10),
(71, 10),
(72, 10),
(73, 10),
(74, 10),
(75, 10),
(76, 10),
(77, 10),
(78, 10),
(79, 10),
(80, 10),
(81, 10),
(82, 10),
(83, 10),
(84, 10),
(85, 10),
(86, 10),
(87, 10),
(88, 10),
(89, 10),
(90, 10),
(91, 10),
(92, 10),
(93, 10),
(94, 10),
(95, 10),
(96, 10),
(97, 10),
(98, 10),
(99, 10),
(100, 10),
(101, 10),
(102, 10),
(103, 10),
(104, 10),
(105, 10),
(106, 10),
(107, 10),
(108, 10),
(109, 10),
(110, 10),
(111, 10),
(112, 10),
(113, 10),
(114, 10),
(115, 10),
(116, 10),
(117, 10),
(118, 10),
(119, 10),
(120, 10),
(121, 10),
(122, 10),
(123, 10),
(124, 10),
(125, 10),
(126, 10),
(127, 10),
(128, 10),
(129, 10),
(130, 10),
(131, 10),
(132, 10),
(133, 10),
(134, 10),
(135, 10),
(136, 10),
(137, 10),
(138, 10),
(139, 10),
(140, 10),
(141, 10),
(142, 10),
(143, 10),
(144, 10),
(145, 10),
(146, 10),
(147, 10),
(148, 10),
(149, 10),
(150, 10),
(151, 10),
(152, 10),
(153, 10),
(154, 10),
(155, 10),
(156, 10),
(157, 10),
(158, 10),
(159, 10),
(160, 10),
(161, 10),
(162, 10),
(163, 10),
(164, 10),
(165, 10),
(166, 10),
(167, 10),
(168, 10),
(169, 10),
(170, 10),
(171, 10),
(172, 10),
(173, 10),
(174, 10),
(175, 10),
(176, 10),
(177, 10),
(178, 10),
(179, 10),
(180, 10),
(181, 10),
(183, 10),
(184, 10),
(185, 10),
(186, 10),
(187, 10),
(188, 12),
(189, 12),
(190, 10),
(192, 10),
(194, 10),
(195, 14),
(196, 14),
(197, 14),
(198, 14),
(199, 14),
(200, 14),
(201, 14),
(202, 14),
(203, 14),
(204, 14),
(205, 14),
(206, 14),
(207, 14),
(208, 14),
(209, 14),
(210, 14),
(211, 14),
(212, 14),
(213, 14),
(214, 14),
(215, 14),
(216, 14),
(217, 14),
(218, 14),
(219, 14),
(220, 14),
(221, 14),
(222, 14),
(223, 14),
(224, 14),
(225, 14),
(226, 14),
(227, 14),
(228, 14),
(229, 14),
(230, 14),
(231, 14),
(232, 14),
(233, 14),
(234, 14),
(235, 14),
(236, 14),
(237, 14),
(238, 14),
(239, 14),
(240, 14),
(241, 14),
(242, 14),
(243, 14),
(244, 14),
(245, 14),
(246, 14),
(247, 14),
(248, 14),
(249, 14),
(250, 14),
(251, 14),
(252, 14),
(253, 14),
(254, 14),
(255, 14),
(256, 14),
(257, 14),
(258, 14),
(259, 14),
(260, 14),
(261, 14),
(262, 14),
(263, 14),
(264, 14),
(265, 14),
(266, 14),
(267, 14),
(268, 14),
(269, 14),
(270, 14),
(271, 14),
(272, 14),
(273, 14),
(274, 14),
(275, 14),
(276, 14),
(277, 14),
(278, 14),
(279, 14),
(280, 14),
(281, 14),
(282, 14),
(283, 14),
(284, 14),
(285, 14),
(286, 14),
(287, 14),
(288, 14),
(289, 14),
(290, 14),
(291, 14),
(292, 14),
(293, 14),
(294, 14),
(295, 14),
(296, 14),
(297, 14),
(298, 14),
(299, 14),
(300, 14),
(301, 14),
(302, 14),
(303, 14),
(304, 14),
(305, 17),
(306, 17),
(307, 17),
(308, 17),
(309, 17),
(310, 17),
(311, 17),
(312, 17),
(313, 17),
(314, 17),
(315, 17),
(316, 17),
(317, 17),
(318, 17),
(319, 17),
(320, 17),
(321, 17),
(322, 17),
(323, 17),
(324, 17),
(325, 17),
(326, 17),
(327, 17),
(328, 17),
(329, 17),
(330, 17),
(331, 17),
(332, 17),
(333, 17),
(334, 17),
(335, 17),
(336, 17),
(337, 17),
(338, 17),
(339, 17),
(340, 17),
(341, 17),
(342, 17),
(343, 17),
(344, 17),
(345, 17),
(346, 17),
(347, 17),
(348, 17),
(349, 17),
(350, 17),
(351, 17),
(352, 17),
(353, 17),
(354, 17),
(355, 17),
(356, 17),
(357, 17),
(358, 17),
(359, 17),
(360, 17),
(361, 17),
(362, 17),
(363, 17),
(364, 17),
(365, 17),
(366, 17),
(367, 17),
(368, 17),
(369, 17),
(370, 17),
(371, 17),
(372, 17),
(373, 17),
(374, 17),
(375, 17),
(376, 17),
(377, 17),
(378, 17),
(379, 17),
(380, 17),
(381, 17),
(382, 17),
(383, 17),
(384, 17),
(385, 17),
(386, 17),
(387, 17),
(388, 17),
(389, 17),
(390, 17),
(391, 17),
(392, 17),
(393, 17),
(394, 17),
(395, 17),
(396, 17),
(397, 17),
(398, 17),
(399, 17),
(400, 17),
(401, 17),
(402, 17),
(403, 17),
(404, 17),
(405, 17),
(406, 17),
(407, 17),
(408, 17),
(409, 17),
(410, 17),
(411, 17),
(412, 17),
(413, 17),
(414, 17),
(415, 17),
(416, 17),
(417, 17),
(418, 17),
(419, 7),
(420, 7),
(421, 10),
(422, 20),
(423, 21),
(424, 21),
(425, 21);

-- --------------------------------------------------------

--
-- Table structure for table `product_racks`
--

CREATE TABLE `product_racks` (
  `id` int(10) UNSIGNED NOT NULL,
  `business_id` int(10) UNSIGNED NOT NULL,
  `location_id` int(10) UNSIGNED NOT NULL,
  `product_id` int(10) UNSIGNED NOT NULL,
  `rack` varchar(191) COLLATE utf8mb4_unicode_ci DEFAULT NULL,
  `row` varchar(191) COLLATE utf8mb4_unicode_ci DEFAULT NULL,
  `position` varchar(191) COLLATE utf8mb4_unicode_ci DEFAULT NULL,
  `created_at` timestamp NULL DEFAULT NULL,
  `updated_at` timestamp NULL DEFAULT NULL
) ENGINE=InnoDB DEFAULT CHARSET=utf8mb4 COLLATE=utf8mb4_unicode_ci;

--
-- Dumping data for table `product_racks`
--

INSERT INTO `product_racks` (`id`, `business_id`, `location_id`, `product_id`, `rack`, `row`, `position`, `created_at`, `updated_at`) VALUES
(1, 10, 10, 47, NULL, NULL, NULL, '2021-01-29 21:09:46', '2021-01-29 21:09:46'),
(2, 10, 10, 48, NULL, NULL, NULL, '2021-01-29 21:10:57', '2021-02-25 14:31:32'),
(3, 10, 10, 49, NULL, NULL, NULL, '2021-01-29 21:12:38', '2021-02-05 17:58:50'),
(4, 10, 10, 50, NULL, NULL, NULL, '2021-01-29 21:13:30', '2021-01-29 21:13:30'),
(5, 10, 10, 51, NULL, NULL, NULL, '2021-01-29 21:14:08', '2021-01-29 21:14:08'),
(6, 10, 10, 52, NULL, NULL, NULL, '2021-01-29 21:15:02', '2021-01-29 21:15:02'),
(7, 10, 10, 53, NULL, NULL, NULL, '2021-01-29 21:15:55', '2021-01-30 21:19:57'),
(8, 10, 10, 54, NULL, NULL, NULL, '2021-01-29 21:16:55', '2021-01-29 21:16:55'),
(9, 10, 10, 55, NULL, NULL, NULL, '2021-01-29 21:17:48', '2021-01-29 21:17:48'),
(10, 10, 10, 56, NULL, NULL, NULL, '2021-01-29 21:18:58', '2021-01-29 21:18:58'),
(11, 10, 10, 57, NULL, NULL, NULL, '2021-01-29 21:20:25', '2021-01-29 21:20:25'),
(12, 10, 10, 58, NULL, NULL, NULL, '2021-01-29 22:02:48', '2021-01-29 22:02:48'),
(13, 10, 10, 59, NULL, NULL, NULL, '2021-01-29 22:04:11', '2021-01-29 22:04:11'),
(14, 10, 10, 60, NULL, NULL, NULL, '2021-01-29 22:05:12', '2021-01-29 22:05:12'),
(15, 10, 10, 61, NULL, NULL, NULL, '2021-01-29 22:06:04', '2021-01-29 22:06:04'),
(16, 10, 10, 62, NULL, NULL, NULL, '2021-01-29 22:07:00', '2021-01-29 22:07:00'),
(17, 10, 10, 63, NULL, NULL, NULL, '2021-01-29 22:08:10', '2021-01-29 22:08:10'),
(18, 10, 10, 64, NULL, NULL, NULL, '2021-01-29 22:09:03', '2021-01-29 22:09:03'),
(19, 10, 10, 65, NULL, NULL, NULL, '2021-01-29 22:09:54', '2021-01-29 22:09:54'),
(20, 10, 10, 66, NULL, NULL, NULL, '2021-01-29 22:10:38', '2021-01-29 22:10:38'),
(21, 10, 10, 67, NULL, NULL, NULL, '2021-01-29 22:11:45', '2021-01-29 22:11:45'),
(22, 10, 10, 68, NULL, NULL, NULL, '2021-01-30 09:07:47', '2021-01-30 09:07:47'),
(23, 10, 10, 69, NULL, NULL, NULL, '2021-01-30 09:28:31', '2021-01-30 09:28:31'),
(24, 10, 10, 70, NULL, NULL, NULL, '2021-01-30 09:29:29', '2021-01-30 09:29:29'),
(25, 10, 10, 71, NULL, NULL, NULL, '2021-01-30 09:30:18', '2021-01-30 09:30:18'),
(26, 10, 10, 72, NULL, NULL, NULL, '2021-01-30 09:31:02', '2021-01-30 09:31:02'),
(27, 10, 10, 73, NULL, NULL, NULL, '2021-01-30 09:31:49', '2021-01-30 09:31:49'),
(28, 10, 10, 74, NULL, NULL, NULL, '2021-01-30 09:33:19', '2021-01-30 09:33:19'),
(29, 10, 10, 75, NULL, NULL, NULL, '2021-01-30 09:34:25', '2021-01-30 09:34:25'),
(30, 10, 10, 76, NULL, NULL, NULL, '2021-01-30 09:35:29', '2021-01-30 09:35:29'),
(31, 10, 10, 77, NULL, NULL, NULL, '2021-01-30 09:36:56', '2021-01-30 09:36:56'),
(32, 10, 10, 78, NULL, NULL, NULL, '2021-01-30 09:37:44', '2021-01-30 09:37:44'),
(33, 10, 10, 79, NULL, NULL, NULL, '2021-01-30 09:38:51', '2021-01-30 09:38:51'),
(34, 10, 10, 80, NULL, NULL, NULL, '2021-01-30 09:40:35', '2021-01-30 09:40:35'),
(35, 10, 10, 81, NULL, NULL, NULL, '2021-01-30 09:41:26', '2021-01-30 09:41:26'),
(36, 10, 10, 82, NULL, NULL, NULL, '2021-01-30 09:49:23', '2021-01-30 21:22:54'),
(37, 10, 10, 83, NULL, NULL, NULL, '2021-01-30 09:50:28', '2021-01-30 09:50:28'),
(38, 10, 10, 84, NULL, NULL, NULL, '2021-01-30 09:51:42', '2021-01-30 09:51:42'),
(39, 10, 10, 85, NULL, NULL, NULL, '2021-01-30 09:52:35', '2021-01-30 09:52:35'),
(40, 10, 10, 86, NULL, NULL, NULL, '2021-01-30 09:53:28', '2021-01-30 09:53:28'),
(41, 10, 10, 87, NULL, NULL, NULL, '2021-01-30 09:54:15', '2021-01-30 09:54:15'),
(42, 10, 10, 88, NULL, NULL, NULL, '2021-01-30 09:55:34', '2021-01-30 09:55:34'),
(43, 10, 10, 89, NULL, NULL, NULL, '2021-01-30 09:56:21', '2021-01-30 09:56:21'),
(44, 10, 10, 90, NULL, NULL, NULL, '2021-01-30 09:57:16', '2021-01-30 09:57:16'),
(45, 10, 10, 91, NULL, NULL, NULL, '2021-01-30 09:58:36', '2021-01-30 09:58:36'),
(46, 10, 10, 92, NULL, NULL, NULL, '2021-01-30 09:59:27', '2021-01-30 09:59:27'),
(47, 10, 10, 93, NULL, NULL, NULL, '2021-01-30 10:00:26', '2021-01-30 10:00:26'),
(48, 10, 10, 94, NULL, NULL, NULL, '2021-01-30 10:01:14', '2021-01-30 10:01:14'),
(49, 10, 10, 95, NULL, NULL, NULL, '2021-01-30 10:02:27', '2021-01-30 10:02:27'),
(50, 10, 10, 96, NULL, NULL, NULL, '2021-01-30 10:13:11', '2021-01-30 10:13:11'),
(51, 10, 10, 97, NULL, NULL, NULL, '2021-01-30 10:14:10', '2021-01-30 10:14:10'),
(52, 10, 10, 98, NULL, NULL, NULL, '2021-01-30 10:15:11', '2021-01-30 10:15:11'),
(53, 10, 10, 99, NULL, NULL, NULL, '2021-01-30 10:16:21', '2021-01-30 10:16:21'),
(54, 10, 10, 100, NULL, NULL, NULL, '2021-01-30 10:39:07', '2021-01-30 10:39:07'),
(55, 10, 10, 101, NULL, NULL, NULL, '2021-01-30 10:40:10', '2021-01-30 10:40:10'),
(56, 10, 10, 102, NULL, NULL, NULL, '2021-01-30 10:41:01', '2021-01-30 10:41:01'),
(57, 10, 10, 103, NULL, NULL, NULL, '2021-01-30 10:41:48', '2021-01-30 10:41:48'),
(58, 10, 10, 104, NULL, NULL, NULL, '2021-01-30 10:42:58', '2021-01-30 10:42:58'),
(59, 10, 10, 105, NULL, NULL, NULL, '2021-01-30 10:43:39', '2021-01-30 10:43:39'),
(60, 10, 10, 106, NULL, NULL, NULL, '2021-01-30 10:49:37', '2021-01-30 10:49:37'),
(61, 10, 10, 107, NULL, NULL, NULL, '2021-01-30 10:50:15', '2021-01-30 10:50:15'),
(62, 10, 10, 108, NULL, NULL, NULL, '2021-01-30 10:51:44', '2021-01-30 10:51:44'),
(63, 10, 10, 109, NULL, NULL, NULL, '2021-01-30 10:54:48', '2021-01-30 10:54:48'),
(64, 10, 10, 110, NULL, NULL, NULL, '2021-01-30 10:57:43', '2021-01-30 10:57:43'),
(65, 10, 10, 111, NULL, NULL, NULL, '2021-01-30 10:58:23', '2021-01-30 10:58:23'),
(66, 10, 10, 112, NULL, NULL, NULL, '2021-01-30 10:59:54', '2021-01-30 10:59:54'),
(67, 10, 10, 113, NULL, NULL, NULL, '2021-01-30 11:00:30', '2021-01-30 11:00:30'),
(68, 10, 10, 114, NULL, NULL, NULL, '2021-01-30 11:01:17', '2021-01-30 11:01:17'),
(69, 10, 10, 115, NULL, NULL, NULL, '2021-01-30 11:02:10', '2021-01-30 11:02:10'),
(70, 10, 10, 116, NULL, NULL, NULL, '2021-01-30 11:02:34', '2021-01-30 11:02:34'),
(71, 10, 10, 117, NULL, NULL, NULL, '2021-01-30 11:03:03', '2021-01-30 11:03:03'),
(72, 10, 10, 118, NULL, NULL, NULL, '2021-01-30 11:03:59', '2021-01-30 11:03:59'),
(73, 10, 10, 119, NULL, NULL, NULL, '2021-01-30 11:04:57', '2021-01-30 11:04:57'),
(74, 10, 10, 120, NULL, NULL, NULL, '2021-01-30 11:05:52', '2021-01-30 11:05:52'),
(75, 10, 10, 121, NULL, NULL, NULL, '2021-01-30 11:06:52', '2021-01-30 11:06:52'),
(76, 10, 10, 122, NULL, NULL, NULL, '2021-01-30 11:07:38', '2021-01-30 11:07:38'),
(77, 10, 10, 123, NULL, NULL, NULL, '2021-01-30 11:12:49', '2021-01-30 11:12:49'),
(78, 10, 10, 124, NULL, NULL, NULL, '2021-01-30 11:13:28', '2021-01-30 11:13:28'),
(79, 10, 10, 125, NULL, NULL, NULL, '2021-01-30 11:13:56', '2021-01-30 11:13:56'),
(80, 10, 10, 126, NULL, NULL, NULL, '2021-01-30 11:14:29', '2021-01-30 11:14:29'),
(81, 10, 10, 127, NULL, NULL, NULL, '2021-01-30 11:14:57', '2021-01-30 11:14:57'),
(82, 10, 10, 128, NULL, NULL, NULL, '2021-01-30 11:16:30', '2021-01-30 11:16:30'),
(83, 10, 10, 129, NULL, NULL, NULL, '2021-01-30 11:16:54', '2021-01-30 11:16:54'),
(84, 10, 10, 130, NULL, NULL, NULL, '2021-01-30 11:17:26', '2021-01-30 11:17:26'),
(85, 10, 10, 131, NULL, NULL, NULL, '2021-01-30 11:17:59', '2021-01-30 11:17:59'),
(86, 10, 10, 132, NULL, NULL, NULL, '2021-01-30 11:18:35', '2021-01-30 11:18:35'),
(87, 10, 10, 133, NULL, NULL, NULL, '2021-01-30 11:19:06', '2021-01-30 11:19:06'),
(88, 10, 10, 134, NULL, NULL, NULL, '2021-01-30 11:19:29', '2021-01-30 11:19:29'),
(89, 10, 10, 135, NULL, NULL, NULL, '2021-01-30 11:20:02', '2021-01-30 11:20:02'),
(90, 10, 10, 136, NULL, NULL, NULL, '2021-01-30 11:20:30', '2021-01-30 11:20:30'),
(91, 10, 10, 137, NULL, NULL, NULL, '2021-01-30 11:20:59', '2021-01-30 11:20:59'),
(92, 10, 10, 138, NULL, NULL, NULL, '2021-01-30 11:21:30', '2021-01-30 11:21:30'),
(93, 10, 10, 139, NULL, NULL, NULL, '2021-01-30 11:22:02', '2021-01-30 11:22:02'),
(94, 10, 10, 140, NULL, NULL, NULL, '2021-01-30 11:22:30', '2021-01-30 11:22:30'),
(95, 10, 10, 141, NULL, NULL, NULL, '2021-01-30 11:22:53', '2021-01-30 11:22:53'),
(96, 10, 10, 142, NULL, NULL, NULL, '2021-01-30 11:23:25', '2021-01-30 11:23:25'),
(97, 10, 10, 143, NULL, NULL, NULL, '2021-01-30 11:24:01', '2021-01-30 11:24:01'),
(98, 10, 10, 144, NULL, NULL, NULL, '2021-01-30 11:24:40', '2021-01-30 11:24:40'),
(99, 10, 10, 145, NULL, NULL, NULL, '2021-01-30 11:25:01', '2021-01-30 11:25:01'),
(100, 10, 10, 146, NULL, NULL, NULL, '2021-01-30 11:25:25', '2021-01-30 11:25:25'),
(101, 10, 10, 147, NULL, NULL, NULL, '2021-01-30 11:25:56', '2021-01-30 11:25:56'),
(102, 10, 10, 148, NULL, NULL, NULL, '2021-01-30 11:26:23', '2021-01-30 11:26:23'),
(103, 10, 10, 149, NULL, NULL, NULL, '2021-01-30 11:27:09', '2021-01-30 11:27:09'),
(104, 10, 10, 150, NULL, NULL, NULL, '2021-01-30 11:27:46', '2021-01-30 11:27:46'),
(105, 10, 10, 151, NULL, NULL, NULL, '2021-01-30 11:28:18', '2021-01-30 11:28:18'),
(106, 10, 10, 152, NULL, NULL, NULL, '2021-01-30 11:40:16', '2021-01-30 11:40:16'),
(107, 10, 10, 153, NULL, NULL, NULL, '2021-01-30 11:40:42', '2021-01-30 11:40:42'),
(108, 10, 10, 154, NULL, NULL, NULL, '2021-01-30 11:41:35', '2021-01-30 11:41:35'),
(109, 10, 10, 155, NULL, NULL, NULL, '2021-01-30 11:42:03', '2021-01-30 11:42:03'),
(110, 10, 10, 156, NULL, NULL, NULL, '2021-01-30 11:42:32', '2021-01-30 11:42:32'),
(111, 10, 10, 157, NULL, NULL, NULL, '2021-01-30 11:43:08', '2021-01-30 11:43:08'),
(112, 10, 10, 158, NULL, NULL, NULL, '2021-01-30 11:43:44', '2021-01-30 11:43:44'),
(113, 10, 10, 159, NULL, NULL, NULL, '2021-01-30 11:44:49', '2021-01-30 11:44:49'),
(114, 10, 10, 160, NULL, NULL, NULL, '2021-01-30 11:45:20', '2021-01-30 11:45:20'),
(115, 10, 10, 161, NULL, NULL, NULL, '2021-01-30 11:45:54', '2021-01-30 11:45:54'),
(116, 10, 10, 162, NULL, NULL, NULL, '2021-01-30 11:46:29', '2021-01-30 11:46:29'),
(117, 10, 10, 163, NULL, NULL, NULL, '2021-01-30 11:47:06', '2021-01-30 11:47:06'),
(118, 10, 10, 164, NULL, NULL, NULL, '2021-01-30 11:47:38', '2021-01-30 11:47:38'),
(119, 10, 10, 165, NULL, NULL, NULL, '2021-01-30 11:48:07', '2021-01-30 11:48:07'),
(120, 10, 10, 166, NULL, NULL, NULL, '2021-01-30 11:48:46', '2021-01-30 11:48:46'),
(121, 10, 10, 167, NULL, NULL, NULL, '2021-01-30 11:49:16', '2021-01-30 11:49:16'),
(122, 10, 10, 168, NULL, NULL, NULL, '2021-01-30 11:49:38', '2021-01-30 11:49:38'),
(123, 10, 10, 169, NULL, NULL, NULL, '2021-01-30 14:07:39', '2021-01-30 14:07:39'),
(124, 10, 10, 170, NULL, NULL, NULL, '2021-01-30 15:24:29', '2021-01-30 15:24:29'),
(125, 10, 10, 171, NULL, NULL, NULL, '2021-01-30 15:29:07', '2021-01-30 15:29:07'),
(126, 10, 10, 172, NULL, NULL, NULL, '2021-01-30 21:02:30', '2021-01-30 21:02:30'),
(127, 10, 10, 173, NULL, NULL, NULL, '2021-01-30 21:09:48', '2021-01-30 21:09:48'),
(128, 10, 10, 174, NULL, NULL, NULL, '2021-02-06 03:21:49', '2021-02-06 03:21:49'),
(129, 10, 10, 175, NULL, NULL, NULL, '2021-02-06 03:26:40', '2021-02-06 03:26:40'),
(130, 10, 10, 176, NULL, NULL, NULL, '2021-02-08 10:35:21', '2021-02-08 10:35:21'),
(131, 10, 10, 177, NULL, NULL, NULL, '2021-02-16 10:17:30', '2021-02-16 10:17:30'),
(132, 10, 10, 178, NULL, NULL, NULL, '2021-02-16 10:21:05', '2021-02-16 10:21:05'),
(133, 10, 10, 179, NULL, NULL, NULL, '2021-02-16 10:32:54', '2021-02-16 10:32:54'),
(134, 10, 10, 180, NULL, NULL, NULL, '2021-02-17 09:58:15', '2021-02-17 09:58:15'),
(135, 10, 10, 181, NULL, NULL, NULL, '2021-02-17 10:06:14', '2021-02-17 10:06:14'),
(136, 10, 10, 183, NULL, NULL, NULL, '2021-02-17 15:51:47', '2021-02-17 15:51:47'),
(137, 10, 10, 184, NULL, NULL, NULL, '2021-02-17 16:06:12', '2021-02-17 16:06:12'),
(138, 10, 10, 185, NULL, NULL, NULL, '2021-02-18 08:38:48', '2021-02-18 08:38:48'),
(139, 10, 10, 186, NULL, NULL, NULL, '2021-02-18 08:50:07', '2021-02-18 08:50:07'),
(140, 10, 10, 187, NULL, NULL, NULL, '2021-02-23 09:42:49', '2021-02-23 09:42:49'),
(141, 10, 10, 190, NULL, NULL, NULL, '2021-02-25 15:10:49', '2021-02-25 15:10:49');

-- --------------------------------------------------------

--
-- Table structure for table `product_variations`
--

CREATE TABLE `product_variations` (
  `id` int(10) UNSIGNED NOT NULL,
  `variation_template_id` int(11) DEFAULT NULL,
  `name` varchar(191) COLLATE utf8mb4_unicode_ci NOT NULL,
  `product_id` int(10) UNSIGNED NOT NULL,
  `is_dummy` tinyint(1) NOT NULL DEFAULT '1',
  `created_at` timestamp NULL DEFAULT NULL,
  `updated_at` timestamp NULL DEFAULT NULL
) ENGINE=InnoDB DEFAULT CHARSET=utf8mb4 COLLATE=utf8mb4_unicode_ci;

--
-- Dumping data for table `product_variations`
--

INSERT INTO `product_variations` (`id`, `variation_template_id`, `name`, `product_id`, `is_dummy`, `created_at`, `updated_at`) VALUES
(1, NULL, 'DUMMY', 1, 1, '2020-03-27 23:40:14', '2020-03-27 23:40:14'),
(2, NULL, 'DUMMY', 2, 1, '2020-03-27 23:49:54', '2020-03-27 23:49:54'),
(3, NULL, 'DUMMY', 3, 1, '2020-03-30 00:20:39', '2020-03-30 00:20:39'),
(4, NULL, 'DUMMY', 4, 1, '2020-03-30 00:21:42', '2020-03-30 00:21:42'),
(5, NULL, 'DUMMY', 5, 1, '2020-03-30 00:24:22', '2020-03-30 00:24:22'),
(6, NULL, 'DUMMY', 6, 1, '2020-03-30 00:25:32', '2020-03-30 00:25:32'),
(7, NULL, 'DUMMY', 7, 1, '2020-03-30 00:26:47', '2020-03-30 00:26:47'),
(8, NULL, 'DUMMY', 8, 1, '2020-03-30 00:28:13', '2020-03-30 00:28:13'),
(9, NULL, 'DUMMY', 9, 1, '2020-03-30 00:29:27', '2020-03-30 00:29:27'),
(10, NULL, 'DUMMY', 10, 1, '2020-03-30 00:31:34', '2020-03-30 00:31:34'),
(11, NULL, 'DUMMY', 11, 1, '2020-03-30 00:33:03', '2020-03-30 00:33:03'),
(12, NULL, 'DUMMY', 12, 1, '2020-03-30 00:34:38', '2020-03-30 00:34:38'),
(13, NULL, 'DUMMY', 13, 1, '2020-03-30 00:36:08', '2020-03-30 00:36:08'),
(14, NULL, 'DUMMY', 14, 1, '2020-03-30 00:38:24', '2020-03-30 00:38:24'),
(15, NULL, 'DUMMY', 15, 1, '2020-03-30 00:40:29', '2020-03-30 00:40:29'),
(16, NULL, 'DUMMY', 16, 1, '2020-03-30 00:45:54', '2020-03-30 00:45:54'),
(17, NULL, 'DUMMY', 17, 1, '2020-03-30 00:47:33', '2020-03-30 00:47:33'),
(19, NULL, 'DUMMY', 19, 1, '2020-04-17 01:02:02', '2020-04-17 01:02:02'),
(20, NULL, 'DUMMY', 20, 1, '2020-04-17 01:04:26', '2020-04-17 01:04:26'),
(21, NULL, 'DUMMY', 21, 1, '2020-04-17 01:33:42', '2020-04-17 01:33:42'),
(22, NULL, 'DUMMY', 22, 1, '2020-11-28 15:48:03', '2020-11-28 15:48:03'),
(31, NULL, 'DUMMY', 31, 1, '2021-01-20 12:34:05', '2021-01-20 12:34:05'),
(32, NULL, 'DUMMY', 32, 1, '2021-01-20 12:39:10', '2021-01-20 12:39:10'),
(33, NULL, 'DUMMY', 33, 1, '2021-01-20 13:25:21', '2021-01-20 13:25:21'),
(34, NULL, 'DUMMY', 34, 1, '2021-01-20 13:27:27', '2021-01-20 13:27:27'),
(35, NULL, 'DUMMY', 35, 1, '2021-01-20 13:29:07', '2021-01-20 13:29:07'),
(36, NULL, 'DUMMY', 36, 1, '2021-01-20 13:31:35', '2021-01-20 13:31:35'),
(37, NULL, 'DUMMY', 37, 1, '2021-01-20 13:36:40', '2021-01-20 13:36:40'),
(38, NULL, 'DUMMY', 38, 1, '2021-01-20 13:57:50', '2021-01-20 13:57:50'),
(39, NULL, 'DUMMY', 39, 1, '2021-01-20 14:00:43', '2021-01-20 14:00:43'),
(40, NULL, 'DUMMY', 40, 1, '2021-01-20 14:04:20', '2021-01-20 14:04:20'),
(41, NULL, 'DUMMY', 41, 1, '2021-01-20 14:07:03', '2021-01-20 14:07:03'),
(42, NULL, 'DUMMY', 42, 1, '2021-01-20 19:43:38', '2021-01-20 19:43:38'),
(43, NULL, 'DUMMY', 43, 1, '2021-01-20 19:46:41', '2021-01-20 19:46:41'),
(44, NULL, 'DUMMY', 44, 1, '2021-01-21 12:31:51', '2021-01-21 12:31:51'),
(45, NULL, 'DUMMY', 45, 1, '2021-01-21 12:33:51', '2021-01-21 12:33:51'),
(46, NULL, 'DUMMY', 46, 1, '2021-01-21 12:35:54', '2021-01-21 12:35:54'),
(47, NULL, 'DUMMY', 47, 1, '2021-01-29 21:09:46', '2021-01-29 21:09:46'),
(48, NULL, 'DUMMY', 48, 1, '2021-01-29 21:10:57', '2021-01-29 21:10:57'),
(49, NULL, 'DUMMY', 49, 1, '2021-01-29 21:12:38', '2021-01-29 21:12:38'),
(50, NULL, 'DUMMY', 50, 1, '2021-01-29 21:13:30', '2021-01-29 21:13:30'),
(51, NULL, 'DUMMY', 51, 1, '2021-01-29 21:14:08', '2021-01-29 21:14:08'),
(52, NULL, 'DUMMY', 52, 1, '2021-01-29 21:15:02', '2021-01-29 21:15:02'),
(53, NULL, 'DUMMY', 53, 1, '2021-01-29 21:15:55', '2021-01-29 21:15:55'),
(54, NULL, 'DUMMY', 54, 1, '2021-01-29 21:16:55', '2021-01-29 21:16:55'),
(55, NULL, 'DUMMY', 55, 1, '2021-01-29 21:17:48', '2021-01-29 21:17:48'),
(56, NULL, 'DUMMY', 56, 1, '2021-01-29 21:18:58', '2021-01-29 21:18:58'),
(57, NULL, 'DUMMY', 57, 1, '2021-01-29 21:20:25', '2021-01-29 21:20:25'),
(58, NULL, 'DUMMY', 58, 1, '2021-01-29 22:02:48', '2021-01-29 22:02:48'),
(59, NULL, 'DUMMY', 59, 1, '2021-01-29 22:04:11', '2021-01-29 22:04:11'),
(60, NULL, 'DUMMY', 60, 1, '2021-01-29 22:05:12', '2021-01-29 22:05:12'),
(61, NULL, 'DUMMY', 61, 1, '2021-01-29 22:06:04', '2021-01-29 22:06:04'),
(62, NULL, 'DUMMY', 62, 1, '2021-01-29 22:07:00', '2021-01-29 22:07:00'),
(63, NULL, 'DUMMY', 63, 1, '2021-01-29 22:08:10', '2021-01-29 22:08:10'),
(64, NULL, 'DUMMY', 64, 1, '2021-01-29 22:09:03', '2021-01-29 22:09:03'),
(65, NULL, 'DUMMY', 65, 1, '2021-01-29 22:09:54', '2021-01-29 22:09:54'),
(68, NULL, 'DUMMY', 68, 1, '2021-01-30 09:07:47', '2021-01-30 09:07:47'),
(69, NULL, 'DUMMY', 69, 1, '2021-01-30 09:28:31', '2021-01-30 09:28:31'),
(70, NULL, 'DUMMY', 70, 1, '2021-01-30 09:29:29', '2021-01-30 09:29:29'),
(71, NULL, 'DUMMY', 71, 1, '2021-01-30 09:30:18', '2021-01-30 09:30:18'),
(72, NULL, 'DUMMY', 72, 1, '2021-01-30 09:31:02', '2021-01-30 09:31:02'),
(73, NULL, 'DUMMY', 73, 1, '2021-01-30 09:31:49', '2021-01-30 09:31:49'),
(74, NULL, 'DUMMY', 74, 1, '2021-01-30 09:33:19', '2021-01-30 09:33:19'),
(75, NULL, 'DUMMY', 75, 1, '2021-01-30 09:34:25', '2021-01-30 09:34:25'),
(76, NULL, 'DUMMY', 76, 1, '2021-01-30 09:35:29', '2021-01-30 09:35:29'),
(77, NULL, 'DUMMY', 77, 1, '2021-01-30 09:36:56', '2021-01-30 09:36:56'),
(78, NULL, 'DUMMY', 78, 1, '2021-01-30 09:37:44', '2021-01-30 09:37:44'),
(79, NULL, 'DUMMY', 79, 1, '2021-01-30 09:38:51', '2021-01-30 09:38:51'),
(80, NULL, 'DUMMY', 80, 1, '2021-01-30 09:40:35', '2021-01-30 09:40:35'),
(81, NULL, 'DUMMY', 81, 1, '2021-01-30 09:41:26', '2021-01-30 09:41:26'),
(82, NULL, 'DUMMY', 82, 1, '2021-01-30 09:49:23', '2021-01-30 09:49:23'),
(83, NULL, 'DUMMY', 83, 1, '2021-01-30 09:50:28', '2021-01-30 09:50:28'),
(84, NULL, 'DUMMY', 84, 1, '2021-01-30 09:51:42', '2021-01-30 09:51:42'),
(85, NULL, 'DUMMY', 85, 1, '2021-01-30 09:52:35', '2021-01-30 09:52:35'),
(86, NULL, 'DUMMY', 86, 1, '2021-01-30 09:53:28', '2021-01-30 09:53:28'),
(87, NULL, 'DUMMY', 87, 1, '2021-01-30 09:54:15', '2021-01-30 09:54:15'),
(88, NULL, 'DUMMY', 88, 1, '2021-01-30 09:55:34', '2021-01-30 09:55:34'),
(89, NULL, 'DUMMY', 89, 1, '2021-01-30 09:56:21', '2021-01-30 09:56:21'),
(90, NULL, 'DUMMY', 90, 1, '2021-01-30 09:57:16', '2021-01-30 09:57:16'),
(91, NULL, 'DUMMY', 91, 1, '2021-01-30 09:58:36', '2021-01-30 09:58:36'),
(92, NULL, 'DUMMY', 92, 1, '2021-01-30 09:59:27', '2021-01-30 09:59:27'),
(93, NULL, 'DUMMY', 93, 1, '2021-01-30 10:00:26', '2021-01-30 10:00:26'),
(94, NULL, 'DUMMY', 94, 1, '2021-01-30 10:01:14', '2021-01-30 10:01:14'),
(95, NULL, 'DUMMY', 95, 1, '2021-01-30 10:02:27', '2021-01-30 10:02:27'),
(96, NULL, 'DUMMY', 96, 1, '2021-01-30 10:13:11', '2021-01-30 10:13:11'),
(97, NULL, 'DUMMY', 97, 1, '2021-01-30 10:14:10', '2021-01-30 10:14:10'),
(98, NULL, 'DUMMY', 98, 1, '2021-01-30 10:15:11', '2021-01-30 10:15:11'),
(99, NULL, 'DUMMY', 99, 1, '2021-01-30 10:16:21', '2021-01-30 10:16:21'),
(100, NULL, 'DUMMY', 100, 1, '2021-01-30 10:39:07', '2021-01-30 10:39:07'),
(101, NULL, 'DUMMY', 101, 1, '2021-01-30 10:40:10', '2021-01-30 10:40:10'),
(102, NULL, 'DUMMY', 102, 1, '2021-01-30 10:41:01', '2021-01-30 10:41:01'),
(103, NULL, 'DUMMY', 103, 1, '2021-01-30 10:41:48', '2021-01-30 10:41:48'),
(104, NULL, 'DUMMY', 104, 1, '2021-01-30 10:42:58', '2021-01-30 10:42:58'),
(105, NULL, 'DUMMY', 105, 1, '2021-01-30 10:43:39', '2021-01-30 10:43:39'),
(106, NULL, 'DUMMY', 106, 1, '2021-01-30 10:49:37', '2021-01-30 10:49:37'),
(107, NULL, 'DUMMY', 107, 1, '2021-01-30 10:50:15', '2021-01-30 10:50:15'),
(108, NULL, 'DUMMY', 108, 1, '2021-01-30 10:51:44', '2021-01-30 10:51:44'),
(109, NULL, 'DUMMY', 109, 1, '2021-01-30 10:54:48', '2021-01-30 10:54:48'),
(110, NULL, 'DUMMY', 110, 1, '2021-01-30 10:57:43', '2021-01-30 10:57:43'),
(111, NULL, 'DUMMY', 111, 1, '2021-01-30 10:58:23', '2021-01-30 10:58:23'),
(112, NULL, 'DUMMY', 112, 1, '2021-01-30 10:59:54', '2021-01-30 10:59:54'),
(113, NULL, 'DUMMY', 113, 1, '2021-01-30 11:00:30', '2021-01-30 11:00:30'),
(114, NULL, 'DUMMY', 114, 1, '2021-01-30 11:01:17', '2021-01-30 11:01:17'),
(115, NULL, 'DUMMY', 115, 1, '2021-01-30 11:02:10', '2021-01-30 11:02:10'),
(116, NULL, 'DUMMY', 116, 1, '2021-01-30 11:02:34', '2021-01-30 11:02:34'),
(117, NULL, 'DUMMY', 117, 1, '2021-01-30 11:03:03', '2021-01-30 11:03:03'),
(118, NULL, 'DUMMY', 118, 1, '2021-01-30 11:03:59', '2021-01-30 11:03:59'),
(119, NULL, 'DUMMY', 119, 1, '2021-01-30 11:04:57', '2021-01-30 11:04:57'),
(120, NULL, 'DUMMY', 120, 1, '2021-01-30 11:05:52', '2021-01-30 11:05:52'),
(121, NULL, 'DUMMY', 121, 1, '2021-01-30 11:06:52', '2021-01-30 11:06:52'),
(122, NULL, 'DUMMY', 122, 1, '2021-01-30 11:07:38', '2021-01-30 11:07:38'),
(123, NULL, 'DUMMY', 123, 1, '2021-01-30 11:12:49', '2021-01-30 11:12:49'),
(124, NULL, 'DUMMY', 124, 1, '2021-01-30 11:13:28', '2021-01-30 11:13:28'),
(125, NULL, 'DUMMY', 125, 1, '2021-01-30 11:13:56', '2021-01-30 11:13:56'),
(126, NULL, 'DUMMY', 126, 1, '2021-01-30 11:14:29', '2021-01-30 11:14:29'),
(127, NULL, 'DUMMY', 127, 1, '2021-01-30 11:14:57', '2021-01-30 11:14:57'),
(128, NULL, 'DUMMY', 128, 1, '2021-01-30 11:16:30', '2021-01-30 11:16:30'),
(129, NULL, 'DUMMY', 129, 1, '2021-01-30 11:16:54', '2021-01-30 11:16:54'),
(130, NULL, 'DUMMY', 130, 1, '2021-01-30 11:17:26', '2021-01-30 11:17:26'),
(131, NULL, 'DUMMY', 131, 1, '2021-01-30 11:17:59', '2021-01-30 11:17:59'),
(132, NULL, 'DUMMY', 132, 1, '2021-01-30 11:18:35', '2021-01-30 11:18:35'),
(133, NULL, 'DUMMY', 133, 1, '2021-01-30 11:19:06', '2021-01-30 11:19:06'),
(134, NULL, 'DUMMY', 134, 1, '2021-01-30 11:19:29', '2021-01-30 11:19:29'),
(135, NULL, 'DUMMY', 135, 1, '2021-01-30 11:20:02', '2021-01-30 11:20:02'),
(136, NULL, 'DUMMY', 136, 1, '2021-01-30 11:20:30', '2021-01-30 11:20:30'),
(137, NULL, 'DUMMY', 137, 1, '2021-01-30 11:20:59', '2021-01-30 11:20:59'),
(138, NULL, 'DUMMY', 138, 1, '2021-01-30 11:21:30', '2021-01-30 11:21:30'),
(139, NULL, 'DUMMY', 139, 1, '2021-01-30 11:22:02', '2021-01-30 11:22:02'),
(140, NULL, 'DUMMY', 140, 1, '2021-01-30 11:22:30', '2021-01-30 11:22:30'),
(141, NULL, 'DUMMY', 141, 1, '2021-01-30 11:22:53', '2021-01-30 11:22:53'),
(142, NULL, 'DUMMY', 142, 1, '2021-01-30 11:23:25', '2021-01-30 11:23:25'),
(143, NULL, 'DUMMY', 143, 1, '2021-01-30 11:24:01', '2021-01-30 11:24:01'),
(144, NULL, 'DUMMY', 144, 1, '2021-01-30 11:24:40', '2021-01-30 11:24:40'),
(145, NULL, 'DUMMY', 145, 1, '2021-01-30 11:25:01', '2021-01-30 11:25:01'),
(146, NULL, 'DUMMY', 146, 1, '2021-01-30 11:25:25', '2021-01-30 11:25:25'),
(147, NULL, 'DUMMY', 147, 1, '2021-01-30 11:25:56', '2021-01-30 11:25:56'),
(148, NULL, 'DUMMY', 148, 1, '2021-01-30 11:26:23', '2021-01-30 11:26:23'),
(149, NULL, 'DUMMY', 149, 1, '2021-01-30 11:27:09', '2021-01-30 11:27:09'),
(150, NULL, 'DUMMY', 150, 1, '2021-01-30 11:27:46', '2021-01-30 11:27:46'),
(151, NULL, 'DUMMY', 151, 1, '2021-01-30 11:28:18', '2021-01-30 11:28:18'),
(152, NULL, 'DUMMY', 152, 1, '2021-01-30 11:40:16', '2021-01-30 11:40:16'),
(153, NULL, 'DUMMY', 153, 1, '2021-01-30 11:40:42', '2021-01-30 11:40:42'),
(154, NULL, 'DUMMY', 154, 1, '2021-01-30 11:41:35', '2021-01-30 11:41:35'),
(155, NULL, 'DUMMY', 155, 1, '2021-01-30 11:42:03', '2021-01-30 11:42:03'),
(156, NULL, 'DUMMY', 156, 1, '2021-01-30 11:42:32', '2021-01-30 11:42:32'),
(157, NULL, 'DUMMY', 157, 1, '2021-01-30 11:43:08', '2021-01-30 11:43:08'),
(158, NULL, 'DUMMY', 158, 1, '2021-01-30 11:43:44', '2021-01-30 11:43:44'),
(159, NULL, 'DUMMY', 159, 1, '2021-01-30 11:44:49', '2021-01-30 11:44:49'),
(160, NULL, 'DUMMY', 160, 1, '2021-01-30 11:45:20', '2021-01-30 11:45:20'),
(161, NULL, 'DUMMY', 161, 1, '2021-01-30 11:45:54', '2021-01-30 11:45:54'),
(162, NULL, 'DUMMY', 162, 1, '2021-01-30 11:46:29', '2021-01-30 11:46:29'),
(163, NULL, 'DUMMY', 163, 1, '2021-01-30 11:47:06', '2021-01-30 11:47:06'),
(164, NULL, 'DUMMY', 164, 1, '2021-01-30 11:47:38', '2021-01-30 11:47:38'),
(165, NULL, 'DUMMY', 165, 1, '2021-01-30 11:48:07', '2021-01-30 11:48:07'),
(166, NULL, 'DUMMY', 166, 1, '2021-01-30 11:48:46', '2021-01-30 11:48:46'),
(167, NULL, 'DUMMY', 167, 1, '2021-01-30 11:49:16', '2021-01-30 11:49:16'),
(168, NULL, 'DUMMY', 168, 1, '2021-01-30 11:49:38', '2021-01-30 11:49:38'),
(169, NULL, 'DUMMY', 169, 1, '2021-01-30 14:07:39', '2021-01-30 14:07:39'),
(170, NULL, 'DUMMY', 170, 1, '2021-01-30 15:24:29', '2021-01-30 15:24:29'),
(171, NULL, 'DUMMY', 171, 1, '2021-01-30 15:29:07', '2021-01-30 15:29:07'),
(172, NULL, 'DUMMY', 172, 1, '2021-01-30 21:02:30', '2021-01-30 21:02:30'),
(173, NULL, 'DUMMY', 173, 1, '2021-01-30 21:09:48', '2021-01-30 21:09:48'),
(175, 1, 'Size', 175, 0, '2021-02-06 03:26:40', '2021-02-06 03:26:40'),
(176, NULL, 'DUMMY', 176, 1, '2021-02-08 10:35:21', '2021-02-08 10:35:21'),
(177, NULL, 'DUMMY', 177, 1, '2021-02-16 10:17:30', '2021-02-16 10:17:30'),
(178, NULL, 'DUMMY', 178, 1, '2021-02-16 10:21:05', '2021-02-16 10:21:05'),
(179, NULL, 'DUMMY', 179, 1, '2021-02-16 10:32:54', '2021-02-16 10:32:54'),
(180, NULL, 'DUMMY', 180, 1, '2021-02-17 09:58:15', '2021-02-17 09:58:15'),
(181, NULL, 'DUMMY', 181, 1, '2021-02-17 10:06:14', '2021-02-17 10:06:14'),
(182, NULL, 'DUMMY', 182, 0, '2021-02-17 14:55:24', '2021-02-17 14:55:24'),
(183, NULL, 'DUMMY', 183, 1, '2021-02-17 15:51:47', '2021-02-17 15:51:47'),
(184, NULL, 'DUMMY', 184, 1, '2021-02-17 16:06:12', '2021-02-17 16:06:12'),
(185, NULL, 'DUMMY', 185, 1, '2021-02-18 08:38:48', '2021-02-18 08:38:48'),
(186, NULL, 'DUMMY', 186, 1, '2021-02-18 08:50:07', '2021-02-18 08:50:07'),
(187, NULL, 'DUMMY', 187, 1, '2021-02-23 09:42:49', '2021-02-23 09:42:49'),
(188, NULL, 'DUMMY', 188, 1, '2021-02-25 10:20:50', '2021-02-25 10:20:50'),
(189, NULL, 'DUMMY', 189, 1, '2021-02-25 10:56:40', '2021-02-25 10:56:40'),
(190, NULL, 'DUMMY', 190, 1, '2021-02-25 15:10:49', '2021-02-25 15:10:49'),
(191, NULL, 'DUMMY', 191, 0, '2021-03-03 07:42:50', '2021-03-03 07:42:50'),
(192, NULL, 'DUMMY', 192, 1, '2021-03-03 14:59:09', '2021-03-03 14:59:09'),
(193, NULL, 'DUMMY', 193, 0, '2021-03-03 15:53:45', '2021-03-03 15:53:45'),
(194, NULL, 'DUMMY', 194, 1, '2021-03-15 13:19:50', '2021-03-15 13:19:50'),
(195, NULL, 'DUMMY', 195, 1, '2021-03-30 07:33:44', '2021-03-30 07:33:44'),
(196, NULL, 'DUMMY', 196, 1, '2021-03-30 07:34:16', '2021-03-30 07:34:16'),
(197, NULL, 'DUMMY', 197, 1, '2021-03-30 07:35:00', '2021-03-30 07:35:00'),
(198, NULL, 'DUMMY', 198, 1, '2021-03-30 07:35:26', '2021-03-30 07:35:26'),
(199, NULL, 'DUMMY', 199, 1, '2021-03-30 07:35:52', '2021-03-30 07:35:52'),
(200, NULL, 'DUMMY', 200, 1, '2021-03-30 07:36:19', '2021-03-30 07:36:19'),
(201, NULL, 'DUMMY', 201, 1, '2021-03-30 07:37:08', '2021-03-30 07:37:08'),
(202, NULL, 'DUMMY', 202, 1, '2021-03-30 07:43:15', '2021-03-30 07:43:15'),
(203, NULL, 'DUMMY', 203, 1, '2021-03-30 07:43:49', '2021-03-30 07:43:49'),
(204, NULL, 'DUMMY', 204, 1, '2021-03-30 07:44:59', '2021-03-30 07:44:59'),
(205, NULL, 'DUMMY', 205, 1, '2021-03-30 07:45:48', '2021-03-30 07:45:48'),
(206, NULL, 'DUMMY', 206, 1, '2021-03-30 07:46:35', '2021-03-30 07:46:35'),
(207, NULL, 'DUMMY', 207, 1, '2021-03-30 07:47:02', '2021-03-30 07:47:02'),
(208, NULL, 'DUMMY', 208, 1, '2021-03-30 07:47:55', '2021-03-30 07:47:55'),
(209, NULL, 'DUMMY', 209, 1, '2021-03-30 07:48:24', '2021-03-30 07:48:24'),
(210, NULL, 'DUMMY', 210, 1, '2021-03-30 07:49:22', '2021-03-30 07:49:22'),
(211, NULL, 'DUMMY', 211, 1, '2021-03-30 07:49:55', '2021-03-30 07:49:55'),
(212, NULL, 'DUMMY', 212, 1, '2021-03-30 07:50:18', '2021-03-30 07:50:18'),
(213, NULL, 'DUMMY', 213, 1, '2021-03-30 07:51:12', '2021-03-30 07:51:12'),
(214, NULL, 'DUMMY', 214, 1, '2021-03-30 07:51:50', '2021-03-30 07:51:50'),
(215, NULL, 'DUMMY', 215, 1, '2021-03-30 07:52:55', '2021-03-30 07:52:55'),
(216, NULL, 'DUMMY', 216, 1, '2021-03-30 07:53:28', '2021-03-30 07:53:28'),
(217, NULL, 'DUMMY', 217, 1, '2021-03-30 08:03:01', '2021-03-30 08:03:01'),
(218, NULL, 'DUMMY', 218, 1, '2021-03-30 08:03:37', '2021-03-30 08:03:37'),
(219, NULL, 'DUMMY', 219, 1, '2021-03-30 08:04:07', '2021-03-30 08:04:07'),
(220, NULL, 'DUMMY', 220, 1, '2021-03-30 08:04:50', '2021-03-30 08:04:50'),
(221, NULL, 'DUMMY', 221, 1, '2021-03-30 08:05:21', '2021-03-30 08:05:21'),
(222, NULL, 'DUMMY', 222, 1, '2021-03-30 08:07:03', '2021-03-30 08:07:03'),
(223, NULL, 'DUMMY', 223, 1, '2021-03-30 08:07:34', '2021-03-30 08:07:34'),
(224, NULL, 'DUMMY', 224, 1, '2021-03-30 08:08:08', '2021-03-30 08:08:08'),
(225, NULL, 'DUMMY', 225, 1, '2021-03-30 08:09:52', '2021-03-30 08:09:52'),
(226, NULL, 'DUMMY', 226, 1, '2021-03-30 08:10:22', '2021-03-30 08:10:22'),
(227, NULL, 'DUMMY', 227, 1, '2021-03-30 08:10:56', '2021-03-30 08:10:56'),
(228, NULL, 'DUMMY', 228, 1, '2021-03-30 08:11:38', '2021-03-30 08:11:38'),
(229, NULL, 'DUMMY', 229, 1, '2021-03-30 08:12:24', '2021-03-30 08:12:24'),
(230, NULL, 'DUMMY', 230, 1, '2021-03-30 08:12:51', '2021-03-30 08:12:51'),
(231, NULL, 'DUMMY', 231, 1, '2021-03-30 08:14:24', '2021-03-30 08:14:24'),
(232, NULL, 'DUMMY', 232, 1, '2021-03-30 08:15:58', '2021-03-30 08:15:58'),
(233, NULL, 'DUMMY', 233, 1, '2021-03-30 08:16:39', '2021-03-30 08:16:39'),
(234, NULL, 'DUMMY', 234, 1, '2021-03-30 08:17:18', '2021-03-30 08:17:18'),
(235, NULL, 'DUMMY', 235, 1, '2021-03-30 08:17:43', '2021-03-30 08:17:43'),
(236, NULL, 'DUMMY', 236, 1, '2021-03-30 08:18:26', '2021-03-30 08:18:26'),
(237, NULL, 'DUMMY', 237, 1, '2021-03-30 08:19:25', '2021-03-30 08:19:25'),
(238, NULL, 'DUMMY', 238, 1, '2021-03-30 08:19:59', '2021-03-30 08:19:59'),
(239, NULL, 'DUMMY', 239, 1, '2021-03-30 08:21:38', '2021-03-30 08:21:38'),
(240, NULL, 'DUMMY', 240, 1, '2021-03-30 08:22:48', '2021-03-30 08:22:48'),
(241, NULL, 'DUMMY', 241, 1, '2021-03-30 08:23:14', '2021-03-30 08:23:14'),
(242, NULL, 'DUMMY', 242, 1, '2021-03-30 08:24:06', '2021-03-30 08:24:06'),
(243, NULL, 'DUMMY', 243, 1, '2021-03-30 08:25:00', '2021-03-30 08:25:00'),
(244, NULL, 'DUMMY', 244, 1, '2021-03-30 20:35:49', '2021-03-30 20:35:49'),
(245, NULL, 'DUMMY', 245, 1, '2021-03-30 20:36:33', '2021-03-30 20:36:33'),
(246, NULL, 'DUMMY', 246, 1, '2021-03-30 20:38:00', '2021-03-30 20:38:00'),
(247, NULL, 'DUMMY', 247, 1, '2021-03-30 20:39:56', '2021-03-30 20:39:56'),
(248, NULL, 'DUMMY', 248, 1, '2021-03-30 20:42:35', '2021-03-30 20:42:35'),
(249, NULL, 'DUMMY', 249, 1, '2021-03-30 20:43:05', '2021-03-30 20:43:05'),
(250, NULL, 'DUMMY', 250, 1, '2021-03-30 20:43:48', '2021-03-30 20:43:48'),
(251, NULL, 'DUMMY', 251, 1, '2021-03-30 20:44:15', '2021-03-30 20:44:15'),
(252, NULL, 'DUMMY', 252, 1, '2021-03-30 20:45:32', '2021-03-30 20:45:32'),
(253, NULL, 'DUMMY', 253, 1, '2021-03-30 20:46:07', '2021-03-30 20:46:07'),
(254, NULL, 'DUMMY', 254, 1, '2021-03-30 20:46:55', '2021-03-30 20:46:55'),
(255, NULL, 'DUMMY', 255, 1, '2021-03-30 20:47:29', '2021-03-30 20:47:29'),
(256, NULL, 'DUMMY', 256, 1, '2021-03-30 20:48:26', '2021-03-30 20:48:26'),
(257, NULL, 'DUMMY', 257, 1, '2021-03-30 20:50:24', '2021-03-30 20:50:24'),
(258, NULL, 'DUMMY', 258, 1, '2021-03-30 20:53:28', '2021-03-30 20:53:28'),
(259, NULL, 'DUMMY', 259, 1, '2021-03-30 20:54:12', '2021-03-30 20:54:12'),
(260, NULL, 'DUMMY', 260, 1, '2021-03-30 20:54:51', '2021-03-30 20:54:51'),
(261, NULL, 'DUMMY', 261, 1, '2021-03-30 20:55:44', '2021-03-30 20:55:44'),
(262, NULL, 'DUMMY', 262, 1, '2021-03-30 20:56:27', '2021-03-30 20:56:27'),
(263, NULL, 'DUMMY', 263, 1, '2021-03-30 20:56:51', '2021-03-30 20:56:51'),
(264, NULL, 'DUMMY', 264, 1, '2021-03-30 20:57:19', '2021-03-30 20:57:19'),
(265, NULL, 'DUMMY', 265, 1, '2021-03-30 20:57:45', '2021-03-30 20:57:45'),
(266, NULL, 'DUMMY', 266, 1, '2021-03-30 20:58:31', '2021-03-30 20:58:31'),
(267, NULL, 'DUMMY', 267, 1, '2021-03-30 20:59:19', '2021-03-30 20:59:19'),
(268, NULL, 'DUMMY', 268, 1, '2021-03-30 21:00:24', '2021-03-30 21:00:24'),
(269, NULL, 'DUMMY', 269, 1, '2021-03-30 21:01:24', '2021-03-30 21:01:24'),
(270, NULL, 'DUMMY', 270, 1, '2021-03-30 21:02:00', '2021-03-30 21:02:00'),
(271, NULL, 'DUMMY', 271, 1, '2021-03-30 21:02:36', '2021-03-30 21:02:36'),
(272, NULL, 'DUMMY', 272, 1, '2021-03-30 21:03:22', '2021-03-30 21:03:22'),
(273, NULL, 'DUMMY', 273, 1, '2021-03-30 21:04:33', '2021-03-30 21:04:33'),
(274, NULL, 'DUMMY', 274, 1, '2021-03-30 21:23:23', '2021-03-30 21:23:23'),
(275, NULL, 'DUMMY', 275, 1, '2021-03-30 21:24:59', '2021-03-30 21:24:59'),
(276, NULL, 'DUMMY', 276, 1, '2021-03-30 21:27:37', '2021-03-30 21:27:37'),
(277, NULL, 'DUMMY', 277, 1, '2021-03-30 21:30:19', '2021-03-30 21:30:19'),
(278, NULL, 'DUMMY', 278, 1, '2021-03-30 21:30:43', '2021-03-30 21:30:43'),
(279, NULL, 'DUMMY', 279, 1, '2021-03-30 21:31:10', '2021-03-30 21:31:10'),
(280, NULL, 'DUMMY', 280, 1, '2021-03-30 21:39:02', '2021-03-30 21:39:02'),
(281, NULL, 'DUMMY', 281, 1, '2021-03-30 21:39:30', '2021-03-30 21:39:30'),
(282, NULL, 'DUMMY', 282, 1, '2021-03-30 21:40:25', '2021-03-30 21:40:25'),
(283, NULL, 'DUMMY', 283, 1, '2021-03-30 21:41:09', '2021-03-30 21:41:09'),
(284, NULL, 'DUMMY', 284, 1, '2021-03-30 21:41:33', '2021-03-30 21:41:33'),
(285, NULL, 'DUMMY', 285, 1, '2021-03-30 21:43:55', '2021-03-30 21:43:55'),
(286, NULL, 'DUMMY', 286, 1, '2021-03-30 21:44:26', '2021-03-30 21:44:26'),
(287, NULL, 'DUMMY', 287, 1, '2021-03-30 21:45:38', '2021-03-30 21:45:38'),
(288, NULL, 'DUMMY', 288, 1, '2021-03-30 21:46:53', '2021-03-30 21:46:53'),
(289, NULL, 'DUMMY', 289, 1, '2021-03-30 21:47:27', '2021-03-30 21:47:27'),
(290, NULL, 'DUMMY', 290, 1, '2021-03-30 21:48:05', '2021-03-30 21:48:05'),
(291, NULL, 'DUMMY', 291, 1, '2021-03-30 21:48:54', '2021-03-30 21:48:54'),
(292, NULL, 'DUMMY', 292, 1, '2021-03-30 21:56:02', '2021-03-30 21:56:02'),
(293, NULL, 'DUMMY', 293, 1, '2021-03-30 21:56:30', '2021-03-30 21:56:30'),
(294, NULL, 'DUMMY', 294, 1, '2021-03-30 21:57:00', '2021-03-30 21:57:00'),
(295, NULL, 'DUMMY', 295, 1, '2021-03-30 21:57:42', '2021-03-30 21:57:42'),
(296, NULL, 'DUMMY', 296, 1, '2021-03-30 21:58:06', '2021-03-30 21:58:06'),
(297, NULL, 'DUMMY', 297, 1, '2021-03-30 21:58:42', '2021-03-30 21:58:42'),
(298, NULL, 'DUMMY', 298, 1, '2021-03-30 22:00:31', '2021-03-30 22:00:31'),
(299, NULL, 'DUMMY', 299, 1, '2021-03-30 22:01:01', '2021-03-30 22:01:01'),
(300, NULL, 'DUMMY', 300, 1, '2021-03-30 22:01:29', '2021-03-30 22:01:29'),
(301, NULL, 'DUMMY', 301, 1, '2021-03-30 22:02:10', '2021-03-30 22:02:10'),
(302, NULL, 'DUMMY', 302, 1, '2021-03-30 22:02:37', '2021-03-30 22:02:37'),
(303, NULL, 'DUMMY', 303, 1, '2021-03-30 22:04:29', '2021-03-30 22:04:29'),
(304, NULL, 'DUMMY', 304, 1, '2021-03-30 22:04:56', '2021-03-30 22:04:56'),
(306, NULL, 'DUMMY', 306, 1, '2021-04-13 16:25:57', '2021-04-13 16:25:57'),
(307, NULL, 'DUMMY', 307, 1, '2021-04-14 13:34:54', '2021-04-14 13:34:54'),
(308, NULL, 'DUMMY', 308, 1, '2021-04-14 13:35:35', '2021-04-14 13:35:35'),
(309, NULL, 'DUMMY', 309, 1, '2021-04-14 14:21:55', '2021-04-14 14:21:55'),
(310, NULL, 'DUMMY', 310, 1, '2021-04-14 14:24:06', '2021-04-14 14:24:06'),
(311, NULL, 'DUMMY', 311, 1, '2021-04-14 14:24:50', '2021-04-14 14:24:50'),
(312, NULL, 'DUMMY', 312, 1, '2021-04-14 14:27:28', '2021-04-14 14:27:28'),
(313, NULL, 'DUMMY', 313, 1, '2021-04-14 14:28:17', '2021-04-14 14:28:17'),
(314, NULL, 'DUMMY', 314, 1, '2021-04-14 14:29:06', '2021-04-14 14:29:06'),
(315, NULL, 'DUMMY', 315, 1, '2021-04-14 14:30:23', '2021-04-14 14:30:23'),
(316, NULL, 'DUMMY', 316, 1, '2021-04-14 14:31:35', '2021-04-14 14:31:35'),
(317, NULL, 'DUMMY', 317, 1, '2021-04-14 14:32:50', '2021-04-14 14:32:50'),
(318, NULL, 'DUMMY', 318, 1, '2021-04-14 14:34:30', '2021-04-14 14:34:30'),
(319, NULL, 'DUMMY', 319, 1, '2021-04-14 14:44:44', '2021-04-14 14:44:44'),
(320, NULL, 'DUMMY', 320, 1, '2021-04-14 14:49:55', '2021-04-14 14:49:55'),
(321, NULL, 'DUMMY', 321, 1, '2021-04-14 14:50:53', '2021-04-14 14:50:53'),
(322, NULL, 'DUMMY', 322, 1, '2021-04-14 14:51:48', '2021-04-14 14:51:48'),
(323, NULL, 'DUMMY', 323, 1, '2021-04-14 14:52:26', '2021-04-14 14:52:26'),
(324, NULL, 'DUMMY', 324, 1, '2021-04-14 14:52:54', '2021-04-14 14:52:54'),
(325, NULL, 'DUMMY', 325, 1, '2021-04-14 14:53:36', '2021-04-14 14:53:36'),
(326, NULL, 'DUMMY', 326, 1, '2021-04-14 14:54:44', '2021-04-14 14:54:44'),
(327, NULL, 'DUMMY', 327, 1, '2021-04-14 14:55:21', '2021-04-14 14:55:21'),
(328, NULL, 'DUMMY', 328, 1, '2021-04-14 14:57:03', '2021-04-14 14:57:03'),
(329, NULL, 'DUMMY', 329, 1, '2021-04-14 14:57:49', '2021-04-14 14:57:49'),
(330, NULL, 'DUMMY', 330, 1, '2021-04-14 14:58:24', '2021-04-14 14:58:24'),
(331, NULL, 'DUMMY', 331, 1, '2021-04-14 14:59:55', '2021-04-14 14:59:55'),
(332, NULL, 'DUMMY', 332, 1, '2021-04-14 15:00:22', '2021-04-14 15:00:22'),
(333, NULL, 'DUMMY', 333, 1, '2021-04-14 15:01:04', '2021-04-14 15:01:04'),
(334, NULL, 'DUMMY', 334, 1, '2021-04-14 15:02:20', '2021-04-14 15:02:20'),
(335, NULL, 'DUMMY', 335, 1, '2021-04-14 15:03:23', '2021-04-14 15:03:23'),
(336, NULL, 'DUMMY', 336, 1, '2021-04-14 15:03:53', '2021-04-14 15:03:53'),
(337, NULL, 'DUMMY', 337, 1, '2021-04-14 15:04:23', '2021-04-14 15:04:23'),
(338, NULL, 'DUMMY', 338, 1, '2021-04-14 15:05:48', '2021-04-14 15:05:48'),
(339, NULL, 'DUMMY', 339, 1, '2021-04-14 15:06:29', '2021-04-14 15:06:29'),
(340, NULL, 'DUMMY', 340, 1, '2021-04-14 15:07:10', '2021-04-14 15:07:10'),
(341, NULL, 'DUMMY', 341, 1, '2021-04-14 15:07:59', '2021-04-14 15:07:59'),
(342, NULL, 'DUMMY', 342, 1, '2021-04-14 15:08:30', '2021-04-14 15:08:30'),
(343, NULL, 'DUMMY', 343, 1, '2021-04-14 15:09:03', '2021-04-14 15:09:03'),
(344, NULL, 'DUMMY', 344, 1, '2021-04-15 09:20:10', '2021-04-15 09:20:10'),
(345, NULL, 'DUMMY', 345, 1, '2021-04-15 09:20:37', '2021-04-15 09:20:37'),
(346, NULL, 'DUMMY', 346, 1, '2021-04-15 09:21:05', '2021-04-15 09:21:05'),
(347, NULL, 'DUMMY', 347, 1, '2021-04-15 09:22:11', '2021-04-15 09:22:11'),
(348, NULL, 'DUMMY', 348, 1, '2021-04-15 09:23:22', '2021-04-15 09:23:22'),
(349, NULL, 'DUMMY', 349, 1, '2021-04-15 09:23:41', '2021-04-15 09:23:41'),
(350, NULL, 'DUMMY', 350, 1, '2021-04-15 09:24:05', '2021-04-15 09:24:05'),
(351, NULL, 'DUMMY', 351, 1, '2021-04-15 09:25:57', '2021-04-15 09:25:57'),
(352, NULL, 'DUMMY', 352, 1, '2021-04-15 09:27:00', '2021-04-15 09:27:00'),
(353, NULL, 'DUMMY', 353, 1, '2021-04-15 09:27:35', '2021-04-15 09:27:35'),
(354, NULL, 'DUMMY', 354, 1, '2021-04-15 09:28:39', '2021-04-15 09:28:39'),
(355, NULL, 'DUMMY', 355, 1, '2021-04-15 09:29:43', '2021-04-15 09:29:43'),
(356, NULL, 'DUMMY', 356, 1, '2021-04-15 09:32:09', '2021-04-15 09:32:09'),
(357, NULL, 'DUMMY', 357, 1, '2021-04-15 09:33:00', '2021-04-15 09:33:00'),
(358, NULL, 'DUMMY', 358, 1, '2021-04-15 09:34:18', '2021-04-15 09:34:18'),
(359, NULL, 'DUMMY', 359, 1, '2021-04-15 09:35:01', '2021-04-15 09:35:01'),
(360, NULL, 'DUMMY', 360, 1, '2021-04-15 09:35:54', '2021-04-15 09:35:54'),
(361, NULL, 'DUMMY', 361, 1, '2021-04-15 09:37:05', '2021-04-15 09:37:05'),
(362, NULL, 'DUMMY', 362, 1, '2021-04-15 09:38:11', '2021-04-15 09:38:11'),
(363, NULL, 'DUMMY', 363, 1, '2021-04-15 09:39:33', '2021-04-15 09:39:33'),
(364, NULL, 'DUMMY', 364, 1, '2021-04-15 09:40:29', '2021-04-15 09:40:29'),
(365, NULL, 'DUMMY', 365, 1, '2021-04-15 09:41:53', '2021-04-15 09:41:53'),
(366, NULL, 'DUMMY', 366, 1, '2021-04-15 09:43:45', '2021-04-15 09:43:45'),
(367, NULL, 'DUMMY', 367, 1, '2021-04-15 09:44:55', '2021-04-15 09:44:55'),
(368, NULL, 'DUMMY', 368, 1, '2021-04-15 09:45:36', '2021-04-15 09:45:36'),
(369, NULL, 'DUMMY', 369, 1, '2021-04-15 09:46:16', '2021-04-15 09:46:16'),
(370, NULL, 'DUMMY', 370, 1, '2021-04-15 09:46:51', '2021-04-15 09:46:51'),
(371, NULL, 'DUMMY', 371, 1, '2021-04-15 09:47:17', '2021-04-15 09:47:17'),
(372, NULL, 'DUMMY', 372, 1, '2021-04-15 09:48:12', '2021-04-15 09:48:12'),
(373, NULL, 'DUMMY', 373, 1, '2021-04-15 09:48:52', '2021-04-15 09:48:52'),
(374, NULL, 'DUMMY', 374, 1, '2021-04-15 09:49:45', '2021-04-15 09:49:45'),
(375, NULL, 'DUMMY', 375, 1, '2021-04-15 09:50:58', '2021-04-15 09:50:58'),
(376, NULL, 'DUMMY', 376, 1, '2021-04-15 09:51:28', '2021-04-15 09:51:28'),
(377, NULL, 'DUMMY', 377, 1, '2021-04-15 09:52:45', '2021-04-15 09:52:45'),
(378, NULL, 'DUMMY', 378, 1, '2021-04-15 09:53:35', '2021-04-15 09:53:35'),
(379, NULL, 'DUMMY', 379, 1, '2021-04-15 09:54:11', '2021-04-15 09:54:11'),
(380, NULL, 'DUMMY', 380, 1, '2021-04-15 09:54:35', '2021-04-15 09:54:35'),
(381, NULL, 'DUMMY', 381, 1, '2021-04-15 09:55:25', '2021-04-15 09:55:25'),
(382, NULL, 'DUMMY', 382, 1, '2021-04-15 09:57:11', '2021-04-15 09:57:11'),
(383, NULL, 'DUMMY', 383, 1, '2021-04-15 09:59:22', '2021-04-15 09:59:22'),
(384, NULL, 'DUMMY', 384, 1, '2021-04-15 09:59:59', '2021-04-15 09:59:59'),
(385, NULL, 'DUMMY', 385, 1, '2021-04-15 10:00:55', '2021-04-15 10:00:55'),
(386, NULL, 'DUMMY', 386, 1, '2021-04-15 10:03:10', '2021-04-15 10:03:10'),
(387, NULL, 'DUMMY', 387, 1, '2021-04-15 10:11:03', '2021-04-15 10:11:03'),
(388, NULL, 'DUMMY', 388, 1, '2021-04-15 10:11:43', '2021-04-15 10:11:43'),
(389, NULL, 'DUMMY', 389, 1, '2021-04-15 10:12:26', '2021-04-15 10:12:26'),
(390, NULL, 'DUMMY', 390, 1, '2021-04-15 10:13:05', '2021-04-15 10:13:05'),
(391, NULL, 'DUMMY', 391, 1, '2021-04-15 10:13:54', '2021-04-15 10:13:54'),
(392, NULL, 'DUMMY', 392, 1, '2021-04-15 10:14:51', '2021-04-15 10:14:51'),
(393, NULL, 'DUMMY', 393, 1, '2021-04-15 10:15:25', '2021-04-15 10:15:25'),
(394, NULL, 'DUMMY', 394, 1, '2021-04-15 10:16:13', '2021-04-15 10:16:13'),
(395, NULL, 'DUMMY', 395, 1, '2021-04-15 10:16:52', '2021-04-15 10:16:52'),
(396, NULL, 'DUMMY', 396, 1, '2021-04-15 10:17:47', '2021-04-15 10:17:47'),
(397, NULL, 'DUMMY', 397, 1, '2021-04-15 10:18:34', '2021-04-15 10:18:34'),
(398, NULL, 'DUMMY', 398, 1, '2021-04-15 10:19:40', '2021-04-15 10:19:40'),
(399, NULL, 'DUMMY', 399, 1, '2021-04-15 10:20:24', '2021-04-15 10:20:24'),
(400, NULL, 'DUMMY', 400, 1, '2021-04-15 10:20:58', '2021-04-15 10:20:58'),
(401, NULL, 'DUMMY', 401, 1, '2021-04-15 10:22:10', '2021-04-15 10:22:10'),
(402, NULL, 'DUMMY', 402, 1, '2021-04-15 10:22:46', '2021-04-15 10:22:46'),
(403, NULL, 'DUMMY', 403, 1, '2021-04-15 10:23:32', '2021-04-15 10:23:32'),
(404, NULL, 'DUMMY', 404, 1, '2021-04-15 10:24:03', '2021-04-15 10:24:03'),
(405, NULL, 'DUMMY', 405, 1, '2021-04-15 10:25:12', '2021-04-15 10:25:12'),
(406, NULL, 'DUMMY', 406, 1, '2021-04-15 10:26:14', '2021-04-15 10:26:14'),
(407, NULL, 'DUMMY', 407, 1, '2021-04-15 10:26:42', '2021-04-15 10:26:42'),
(408, NULL, 'DUMMY', 408, 1, '2021-04-15 10:27:06', '2021-04-15 10:27:06'),
(409, NULL, 'DUMMY', 409, 1, '2021-04-15 10:27:51', '2021-04-15 10:27:51'),
(410, NULL, 'DUMMY', 410, 1, '2021-04-15 10:28:34', '2021-04-15 10:28:34'),
(411, NULL, 'DUMMY', 411, 1, '2021-04-15 10:29:08', '2021-04-15 10:29:08'),
(412, NULL, 'DUMMY', 412, 1, '2021-04-15 10:29:38', '2021-04-15 10:29:38'),
(413, NULL, 'DUMMY', 413, 1, '2021-04-20 13:57:19', '2021-04-20 13:57:19'),
(414, NULL, 'DUMMY', 414, 1, '2021-04-24 11:18:41', '2021-04-24 11:18:41'),
(415, NULL, 'DUMMY', 415, 1, '2021-04-24 11:19:30', '2021-04-24 11:19:30'),
(416, NULL, 'DUMMY', 416, 1, '2021-04-24 13:49:55', '2021-04-24 13:49:55'),
(417, NULL, 'DUMMY', 417, 1, '2021-04-24 13:51:52', '2021-04-24 13:51:52'),
(418, NULL, 'DUMMY', 418, 1, '2021-04-24 13:52:44', '2021-04-24 13:52:44'),
(419, NULL, 'DUMMY', 419, 1, '2021-05-01 12:57:15', '2021-05-01 12:57:15'),
(420, NULL, 'DUMMY', 420, 1, '2021-05-08 13:42:00', '2021-05-08 13:42:00'),
(421, NULL, 'DUMMY', 421, 1, '2021-06-21 14:33:55', '2021-06-21 14:33:55'),
(422, NULL, 'DUMMY', 422, 1, '2021-07-14 21:09:13', '2021-07-14 21:09:13'),
(423, NULL, 'DUMMY', 423, 1, '2022-02-18 07:31:33', '2022-02-18 07:31:33'),
(424, NULL, 'DUMMY', 424, 1, '2022-02-19 14:30:27', '2022-02-19 14:30:27');

-- --------------------------------------------------------

--
-- Table structure for table `purchase_lines`
--

CREATE TABLE `purchase_lines` (
  `id` int(10) UNSIGNED NOT NULL,
  `transaction_id` int(10) UNSIGNED NOT NULL,
  `product_id` int(10) UNSIGNED NOT NULL,
  `variation_id` int(10) UNSIGNED NOT NULL,
  `quantity` decimal(22,4) NOT NULL DEFAULT '0.0000',
  `pp_without_discount` decimal(22,4) NOT NULL DEFAULT '0.0000' COMMENT 'Purchase price before inline discounts',
  `discount_percent` decimal(5,2) NOT NULL DEFAULT '0.00' COMMENT 'Inline discount percentage',
  `purchase_price` decimal(22,4) NOT NULL,
  `purchase_price_inc_tax` decimal(22,4) NOT NULL DEFAULT '0.0000',
  `item_tax` decimal(22,4) NOT NULL COMMENT 'Tax for one quantity',
  `tax_id` int(10) UNSIGNED DEFAULT NULL,
  `purchase_order_line_id` int(11) DEFAULT NULL,
  `quantity_sold` decimal(22,4) NOT NULL DEFAULT '0.0000' COMMENT 'Quanity sold from this purchase line',
  `quantity_adjusted` decimal(22,4) NOT NULL DEFAULT '0.0000' COMMENT 'Quanity adjusted in stock adjustment from this purchase line',
  `quantity_returned` decimal(22,4) NOT NULL DEFAULT '0.0000',
  `po_quantity_purchased` decimal(22,4) NOT NULL DEFAULT '0.0000',
  `mfg_quantity_used` decimal(22,4) NOT NULL DEFAULT '0.0000',
  `mfg_date` date DEFAULT NULL,
  `exp_date` date DEFAULT NULL,
  `lot_number` varchar(191) COLLATE utf8mb4_unicode_ci DEFAULT NULL,
  `sub_unit_id` int(11) DEFAULT NULL,
  `created_at` timestamp NULL DEFAULT NULL,
  `updated_at` timestamp NULL DEFAULT NULL
) ENGINE=InnoDB DEFAULT CHARSET=utf8mb4 COLLATE=utf8mb4_unicode_ci;

--
-- Dumping data for table `purchase_lines`
--

INSERT INTO `purchase_lines` (`id`, `transaction_id`, `product_id`, `variation_id`, `quantity`, `pp_without_discount`, `discount_percent`, `purchase_price`, `purchase_price_inc_tax`, `item_tax`, `tax_id`, `purchase_order_line_id`, `quantity_sold`, `quantity_adjusted`, `quantity_returned`, `po_quantity_purchased`, `mfg_quantity_used`, `mfg_date`, `exp_date`, `lot_number`, `sub_unit_id`, `created_at`, `updated_at`) VALUES
(1, 1, 1, 1, '200.0000', '1200000.0000', '0.00', '1200000.0000', '1200000.0000', '0.0000', NULL, NULL, '10.0000', '0.0000', '0.0000', '0.0000', '0.0000', NULL, NULL, NULL, NULL, '2020-03-27 23:40:26', '2021-01-29 22:00:05'),
(2, 3, 2, 2, '3.0000', '10000.0000', '0.00', '10000.0000', '10000.0000', '0.0000', NULL, NULL, '1.0000', '0.0000', '0.0000', '0.0000', '0.0000', NULL, NULL, NULL, NULL, '2020-03-27 23:50:14', '2021-01-29 21:48:27'),
(3, 4, 4, 4, '1000.0000', '12.0000', '0.00', '12.0000', '12.0000', '0.0000', NULL, NULL, '72.0000', '0.0000', '0.0000', '0.0000', '0.0000', NULL, NULL, NULL, NULL, '2020-03-30 00:22:11', '2020-04-17 00:58:08'),
(4, 5, 3, 3, '10000.0000', '10.0000', '0.00', '10.0000', '10.0000', '0.0000', NULL, NULL, '2.0000', '0.0000', '0.0000', '0.0000', '0.0000', NULL, NULL, NULL, NULL, '2020-03-30 00:23:14', '2020-04-02 06:58:49'),
(5, 6, 5, 5, '500.0000', '14.0000', '0.00', '14.0000', '14.0000', '0.0000', NULL, NULL, '36.0000', '0.0000', '0.0000', '0.0000', '0.0000', NULL, NULL, NULL, NULL, '2020-03-30 00:24:33', '2020-04-02 06:58:49'),
(6, 7, 6, 6, '8000.0000', '8.0000', '0.00', '8.0000', '8.0000', '0.0000', NULL, NULL, '2.0000', '0.0000', '0.0000', '0.0000', '0.0000', NULL, NULL, NULL, NULL, '2020-03-30 00:25:43', '2020-04-02 06:58:49'),
(7, 8, 7, 7, '10000.0000', '15.0000', '0.00', '15.0000', '15.0000', '0.0000', NULL, NULL, '0.0000', '0.0000', '0.0000', '0.0000', '0.0000', NULL, NULL, NULL, NULL, '2020-03-30 00:27:00', '2020-03-30 00:27:00'),
(8, 9, 8, 8, '100000.0000', '6.0000', '0.00', '6.0000', '6.0000', '0.0000', NULL, NULL, '0.0000', '0.0000', '0.0000', '0.0000', '0.0000', NULL, NULL, NULL, NULL, '2020-03-30 00:28:24', '2020-03-30 00:28:24'),
(9, 10, 9, 9, '700.0000', '10.0000', '0.00', '10.0000', '10.0000', '0.0000', NULL, NULL, '55.0000', '0.0000', '0.0000', '0.0000', '0.0000', NULL, NULL, NULL, NULL, '2020-03-30 00:29:41', '2020-04-17 00:58:08'),
(10, 11, 10, 10, '150.0000', '15.0000', '0.00', '15.0000', '15.0000', '0.0000', NULL, NULL, '68.0000', '0.0000', '0.0000', '0.0000', '0.0000', NULL, NULL, NULL, NULL, '2020-03-30 00:31:52', '2020-04-17 00:59:02'),
(11, 12, 11, 11, '1000.0000', '15.0000', '0.00', '15.0000', '15.0000', '0.0000', NULL, NULL, '27.0000', '0.0000', '0.0000', '0.0000', '0.0000', NULL, NULL, NULL, NULL, '2020-03-30 00:33:14', '2020-04-17 00:59:02'),
(12, 13, 12, 12, '5000.0000', '5.0000', '0.00', '5.0000', '5.0000', '0.0000', NULL, NULL, '50.0000', '0.0000', '0.0000', '0.0000', '0.0000', NULL, NULL, NULL, NULL, '2020-03-30 00:34:57', '2020-04-02 06:58:49'),
(13, 14, 13, 13, '5000.0000', '50.0000', '0.00', '50.0000', '50.0000', '0.0000', NULL, NULL, '2.0000', '0.0000', '0.0000', '0.0000', '0.0000', NULL, NULL, NULL, NULL, '2020-03-30 00:36:23', '2020-04-02 06:58:49'),
(14, 15, 14, 14, '8000.0000', '35.0000', '0.00', '35.0000', '35.0000', '0.0000', NULL, NULL, '77.0000', '0.0000', '0.0000', '0.0000', '0.0000', NULL, NULL, NULL, NULL, '2020-03-30 00:38:38', '2020-04-17 00:59:02'),
(15, 16, 15, 15, '12000.0000', '60.0000', '0.00', '60.0000', '60.0000', '0.0000', NULL, NULL, '33.0000', '0.0000', '0.0000', '0.0000', '0.0000', NULL, NULL, NULL, NULL, '2020-03-30 00:40:47', '2020-04-17 00:58:08'),
(16, 17, 16, 16, '15000.0000', '25.0000', '0.00', '25.0000', '25.0000', '0.0000', NULL, NULL, '5.0000', '0.0000', '0.0000', '0.0000', '0.0000', NULL, NULL, NULL, NULL, '2020-03-30 00:46:06', '2020-04-17 00:58:08'),
(17, 18, 17, 17, '5000.0000', '12.0000', '0.00', '12.0000', '12.0000', '0.0000', NULL, NULL, '52.0000', '0.0000', '0.0000', '0.0000', '0.0000', NULL, NULL, NULL, NULL, '2020-03-30 00:47:44', '2020-04-17 00:59:02'),
(19, 29, 20, 20, '1000000.0000', '200.0000', '0.00', '200.0000', '200.0000', '0.0000', NULL, NULL, '1.0000', '0.0000', '0.0000', '0.0000', '0.0000', NULL, NULL, NULL, NULL, '2020-04-17 01:08:29', '2020-04-17 01:36:11'),
(20, 30, 21, 21, '1000000.0000', '10.0000', '0.00', '10.0000', '10.0000', '0.0000', NULL, NULL, '53.0000', '0.0000', '0.0000', '0.0000', '0.0000', NULL, NULL, NULL, NULL, '2020-04-17 01:34:46', '2020-04-17 01:40:17'),
(28, 43, 31, 31, '50000.0000', '6.0000', '0.00', '6.0000', '6.0000', '0.0000', NULL, NULL, '0.0000', '0.0000', '0.0000', '0.0000', '5000.0000', NULL, NULL, NULL, 20, '2021-01-20 12:36:51', '2021-01-20 17:28:16'),
(29, 44, 32, 32, '30000.0000', '0.5500', '0.00', '0.5500', '0.5500', '0.0000', NULL, NULL, '0.0000', '0.0000', '0.0000', '0.0000', '368.0000', NULL, NULL, NULL, 20, '2021-01-20 12:41:55', '2021-01-21 13:18:46'),
(30, 45, 33, 33, '1125.0000', '8.8100', '0.00', '8.8100', '8.8100', '0.0000', NULL, NULL, '0.0000', '0.0000', '0.0000', '0.0000', '125.0000', NULL, '2022-02-09', NULL, NULL, '2021-01-20 13:26:09', '2022-02-10 17:00:35'),
(31, 46, 34, 34, '50000.0000', '0.1900', '0.00', '0.1900', '0.1900', '0.0000', NULL, NULL, '0.0000', '0.0000', '0.0000', '0.0000', '1500.0000', NULL, NULL, NULL, NULL, '2021-01-20 13:27:53', '2021-01-20 17:28:16'),
(32, 47, 35, 35, '50000.0000', '0.1900', '0.00', '0.1900', '0.1900', '0.0000', NULL, NULL, '0.0000', '0.0000', '0.0000', '0.0000', '1500.0000', NULL, NULL, NULL, NULL, '2021-01-20 13:29:22', '2021-01-20 17:28:16'),
(33, 48, 36, 36, '200.0000', '243.3300', '0.00', '243.3300', '243.3300', '0.0000', NULL, NULL, '0.0000', '0.0000', '0.0000', '0.0000', '50.0000', NULL, NULL, NULL, NULL, '2021-01-20 13:32:01', '2021-01-20 17:28:16'),
(35, 49, 37, 37, '100.0000', '269.4600', '0.00', '269.4600', '269.4600', '0.0000', NULL, NULL, '48.0000', '0.0000', '0.0000', '0.0000', '0.0000', '2021-01-20', NULL, NULL, NULL, '2021-01-20 13:48:04', '2022-01-30 19:24:10'),
(36, 52, 38, 38, '100000.0000', '1.5600', '0.00', '1.5600', '1.5600', '0.0000', NULL, NULL, '0.0000', '0.0000', '0.0000', '0.0000', '16660.0000', NULL, NULL, NULL, NULL, '2021-01-20 13:58:05', '2021-01-20 14:11:29'),
(37, 53, 39, 39, '50000.0000', '4.6000', '0.00', '4.6000', '4.6000', '0.0000', NULL, NULL, '0.0000', '0.0000', '0.0000', '0.0000', '2410.0000', NULL, NULL, NULL, NULL, '2021-01-20 14:01:20', '2021-01-21 13:18:46'),
(38, 54, 40, 40, '50000.0000', '2.0000', '0.00', '2.0000', '2.0000', '0.0000', NULL, NULL, '0.0000', '0.0000', '0.0000', '0.0000', '13340.0000', NULL, NULL, NULL, NULL, '2021-01-20 14:04:36', '2021-01-21 13:18:46'),
(39, 55, 41, 41, '200.0000', '251.9900', '0.00', '251.9900', '251.9900', '0.0000', NULL, NULL, '80.0000', '0.0000', '0.0000', '0.0000', '0.0000', '2021-01-20', NULL, NULL, NULL, '2021-01-20 14:11:29', '2022-02-10 18:53:46'),
(40, 60, 37, 37, '100.0000', '269.4600', '0.00', '269.4600', '269.4600', '0.0000', NULL, NULL, '0.0000', '0.0000', '0.0000', '0.0000', '0.0000', '2021-01-20', NULL, NULL, NULL, '2021-01-20 17:28:16', '2021-01-20 17:28:16'),
(42, 63, 43, 43, '50000.0000', '2.4000', '0.00', '2.4000', '2.4000', '0.0000', NULL, NULL, '0.0000', '0.0000', '0.0000', '0.0000', '2000.0000', NULL, NULL, NULL, 20, '2021-01-20 20:31:22', '2021-01-21 13:18:46'),
(43, 64, 43, 43, '50000.0000', '2.4000', '0.00', '2.4000', '2.4000', '0.0000', NULL, NULL, '0.0000', '0.0000', '0.0000', '0.0000', '0.0000', NULL, NULL, NULL, 20, '2021-01-20 20:33:44', '2021-01-20 20:33:44'),
(44, 65, 46, 46, '20000.0000', '12.0000', '0.00', '12.0000', '12.0000', '0.0000', NULL, NULL, '0.0000', '0.0000', '0.0000', '0.0000', '250.0000', NULL, NULL, NULL, NULL, '2021-01-21 12:36:35', '2021-01-21 13:18:46'),
(45, 66, 45, 45, '30000.0000', '1.2000', '0.00', '1.2000', '1.2000', '0.0000', NULL, NULL, '0.0000', '0.0000', '0.0000', '0.0000', '10000.0000', NULL, NULL, NULL, NULL, '2021-01-21 12:40:26', '2021-01-21 13:18:46'),
(46, 67, 38, 38, '50000.0000', '1.5600', '0.00', '1.5600', '1.5600', '0.0000', NULL, NULL, '0.0000', '0.0000', '0.0000', '0.0000', '0.0000', NULL, NULL, NULL, 20, '2021-01-21 12:57:33', '2021-01-21 12:57:33'),
(47, 68, 44, 44, '200.0000', '166.5300', '0.00', '166.5300', '166.5300', '0.0000', NULL, NULL, '102.0000', '0.0000', '0.0000', '0.0000', '0.0000', '2021-01-21', '2021-01-22', NULL, NULL, '2021-01-21 13:18:46', '2021-01-21 14:12:59'),
(48, 87, 172, 172, '20.0000', '450.0000', '0.00', '450.0000', '450.0000', '0.0000', NULL, NULL, '17.0000', '3.0000', '0.0000', '0.0000', '0.0000', NULL, NULL, NULL, NULL, '2021-01-30 21:03:04', '2021-03-02 20:53:45'),
(49, 88, 53, 53, '100.0000', '1.5600', '0.00', '1.5600', '1.5600', '0.0000', NULL, NULL, '0.0000', '0.0000', '0.0000', '0.0000', '100.0000', NULL, NULL, NULL, NULL, '2021-01-30 21:20:12', '2021-02-05 18:18:31'),
(50, 89, 48, 48, '100.0000', '0.5500', '0.00', '0.5500', '0.5500', '0.0000', NULL, NULL, '0.0000', '0.0000', '0.0000', '0.0000', '100.0000', NULL, NULL, NULL, NULL, '2021-01-30 21:22:02', '2021-03-03 08:19:09'),
(51, 90, 82, 82, '10000.0000', '0.0000', '0.00', '0.0000', '0.0000', '0.0000', NULL, NULL, '0.0000', '0.0000', '0.0000', '0.0000', '9320.0000', NULL, NULL, NULL, NULL, '2021-01-30 21:23:25', '2021-03-03 14:55:30'),
(52, 91, 173, 173, '10.0000', '9.4500', '0.00', '9.4500', '9.4500', '0.0000', NULL, NULL, '10.0000', '0.0000', '0.0000', '0.0000', '0.0000', '2021-01-30', NULL, NULL, NULL, '2021-01-30 21:27:10', '2021-02-05 18:34:34'),
(53, 98, 173, 173, '10.0000', '9.4500', '0.00', '9.4500', '9.4500', '0.0000', NULL, NULL, '10.0000', '0.0000', '0.0000', '0.0000', '0.0000', '2021-02-05', '2021-02-07', '12890', NULL, '2021-02-05 18:18:31', '2021-02-15 16:23:06'),
(56, 104, 175, 175, '6.0000', '30.0000', '0.00', '30.0000', '30.0000', '0.0000', NULL, NULL, '0.0000', '0.0000', '0.0000', '0.0000', '0.0000', NULL, NULL, NULL, NULL, '2021-02-06 03:27:58', '2021-02-06 03:27:58'),
(57, 104, 175, 176, '7.0000', '20.0000', '0.00', '20.0000', '20.0000', '0.0000', NULL, NULL, '0.0000', '0.0000', '0.0000', '0.0000', '0.0000', NULL, NULL, NULL, NULL, '2021-02-06 03:27:58', '2021-02-06 03:27:58'),
(58, 104, 175, 177, '8.0000', '10.0000', '0.00', '10.0000', '10.0000', '0.0000', NULL, NULL, '0.0000', '0.0000', '0.0000', '0.0000', '0.0000', NULL, NULL, NULL, NULL, '2021-02-06 03:27:58', '2021-02-06 03:27:58'),
(59, 104, 175, 177, '2.0000', '10.0000', '0.00', '10.0000', '10.0000', '0.0000', NULL, NULL, '0.0000', '0.0000', '0.0000', '0.0000', '0.0000', NULL, NULL, NULL, NULL, '2021-02-06 03:27:58', '2021-02-06 03:27:58'),
(60, 124, 189, 191, '100.0000', '1000.0000', '0.00', '1000.0000', '1000.0000', '0.0000', NULL, NULL, '5.0000', '0.0000', '0.0000', '0.0000', '0.0000', NULL, NULL, NULL, NULL, '2021-02-25 10:57:04', '2021-02-25 11:02:48'),
(61, 127, 189, 191, '5.0000', '1000.0000', '0.00', '1000.0000', '1000.0000', '0.0000', NULL, NULL, '0.0000', '0.0000', '0.0000', '0.0000', '0.0000', NULL, NULL, NULL, NULL, '2021-02-25 11:09:13', '2021-02-25 11:09:13'),
(62, 129, 48, 48, '100000.0000', '0.5500', '0.00', '0.5500', '0.5500', '0.0000', NULL, NULL, '0.0000', '0.0000', '0.0000', '0.0000', '2963.0000', NULL, NULL, NULL, 29, '2021-02-25 14:40:19', '2021-03-03 14:55:30'),
(63, 130, 181, 183, '100000.0000', '1000.0000', '0.00', '1000.0000', '1000.0000', '0.0000', NULL, NULL, '0.0000', '0.0000', '0.0000', '0.0000', '20.0000', NULL, NULL, NULL, 29, '2021-02-25 14:50:16', '2021-02-25 14:55:57'),
(64, 130, 184, 186, '100000.0000', '1000.0000', '0.00', '1000.0000', '1000.0000', '0.0000', NULL, NULL, '0.0000', '0.0000', '0.0000', '0.0000', '0.0000', NULL, NULL, NULL, 29, '2021-02-25 14:50:16', '2021-02-25 14:50:16'),
(65, 131, 180, 182, '20.0000', '1000.0000', '0.00', '1000.0000', '1000.0000', '0.0000', NULL, NULL, '17.0000', '3.0000', '0.0000', '0.0000', '0.0000', '2021-02-25', NULL, '12345678', NULL, '2021-02-25 14:55:57', '2021-03-17 16:29:55'),
(66, 136, 180, 182, '60.0000', '5000.0000', '0.00', '5000.0000', '5000.0000', '0.0000', NULL, NULL, '16.0000', '0.0000', '0.0000', '0.0000', '0.0000', NULL, NULL, NULL, NULL, '2021-02-26 15:39:43', '2021-03-24 18:54:42'),
(67, 137, 148, 148, '50.0000', '5000.0000', '0.00', '5000.0000', '5000.0000', '0.0000', NULL, NULL, '1.0000', '0.0000', '0.0000', '0.0000', '0.0000', NULL, NULL, NULL, NULL, '2021-02-26 15:42:15', '2021-02-26 15:42:51'),
(68, 150, 53, 53, '1000000.0000', '1.5600', '0.00', '1.5600', '1.5600', '0.0000', NULL, NULL, '0.0000', '0.0000', '0.0000', '0.0000', '3005.0000', NULL, NULL, NULL, 29, '2021-03-03 08:16:12', '2021-03-03 14:55:30'),
(69, 151, 186, 188, '3.0000', '2110.0000', '0.00', '2110.0000', '2110.0000', '0.0000', NULL, NULL, '3.0000', '0.0000', '0.0000', '0.0000', '0.0000', '2021-03-03', NULL, NULL, NULL, '2021-03-03 08:19:09', '2021-03-24 18:01:50'),
(70, 156, 172, 172, '100.0000', '450.0000', '0.00', '450.0000', '450.0000', '0.0000', NULL, NULL, '12.0000', '0.0000', '20.0000', '0.0000', '0.0000', NULL, NULL, NULL, NULL, '2021-03-03 14:25:35', '2021-03-24 18:54:42'),
(72, 159, 173, 173, '1.0000', '9.4500', '0.00', '9.4500', '9.4500', '0.0000', NULL, NULL, '1.0000', '0.0000', '0.0000', '0.0000', '0.0000', '2021-03-03', NULL, '123', NULL, '2021-03-03 14:55:30', '2021-03-15 11:34:48'),
(73, 199, 311, 315, '7.0000', '0.0000', '0.00', '0.0000', '0.0000', '0.0000', NULL, NULL, '0.0000', '0.0000', '0.0000', '0.0000', '0.0000', NULL, NULL, NULL, NULL, '2021-04-14 15:13:18', '2021-04-14 15:13:18'),
(74, 200, 319, 323, '1.0000', '300000.0000', '0.00', '300000.0000', '300000.0000', '0.0000', NULL, NULL, '0.0000', '0.0000', '0.0000', '0.0000', '0.0000', NULL, NULL, NULL, NULL, '2021-04-14 15:16:57', '2021-04-14 15:24:28'),
(75, 203, 312, 316, '130.0000', '0.0000', '0.00', '0.0000', '0.0000', '0.0000', NULL, NULL, '0.0000', '0.0000', '0.0000', '0.0000', '0.0000', NULL, NULL, NULL, NULL, '2021-04-15 10:47:51', '2021-04-22 10:02:53'),
(76, 204, 327, 331, '50.0000', '150000.0000', '0.00', '150000.0000', '150000.0000', '0.0000', NULL, NULL, '0.0000', '0.0000', '0.0000', '0.0000', '0.0000', NULL, NULL, NULL, NULL, '2021-04-17 11:04:32', '2021-04-22 10:06:03'),
(77, 207, 323, 327, '55.0000', '0.0000', '0.00', '0.0000', '0.0000', '0.0000', NULL, NULL, '0.0000', '0.0000', '0.0000', '0.0000', '0.0000', NULL, NULL, NULL, NULL, '2021-04-20 14:00:15', '2021-04-20 14:00:15'),
(78, 208, 321, 325, '10.0000', '0.0000', '0.00', '0.0000', '0.0000', '0.0000', NULL, NULL, '0.0000', '0.0000', '0.0000', '0.0000', '0.0000', NULL, NULL, NULL, NULL, '2021-04-20 14:00:58', '2021-04-20 14:00:58'),
(79, 209, 320, 324, '14.0000', '0.0000', '0.00', '0.0000', '0.0000', '0.0000', NULL, NULL, '0.0000', '0.0000', '0.0000', '0.0000', '0.0000', NULL, NULL, NULL, NULL, '2021-04-20 14:01:18', '2021-04-20 14:01:18'),
(80, 210, 322, 326, '1.0000', '0.0000', '0.00', '0.0000', '0.0000', '0.0000', NULL, NULL, '0.0000', '0.0000', '0.0000', '0.0000', '0.0000', NULL, NULL, NULL, NULL, '2021-04-20 14:01:46', '2021-04-20 14:01:46'),
(81, 211, 315, 319, '35.0000', '0.0000', '0.00', '0.0000', '0.0000', '0.0000', NULL, NULL, '0.0000', '0.0000', '0.0000', '0.0000', '0.0000', NULL, NULL, NULL, NULL, '2021-04-20 14:02:22', '2021-04-20 14:02:22'),
(82, 212, 309, 313, '16.0000', '0.0000', '0.00', '0.0000', '0.0000', '0.0000', NULL, NULL, '0.0000', '0.0000', '0.0000', '0.0000', '0.0000', NULL, NULL, NULL, NULL, '2021-04-20 14:03:17', '2021-04-20 14:03:17'),
(83, 213, 310, 314, '6.0000', '0.0000', '0.00', '0.0000', '0.0000', '0.0000', NULL, NULL, '0.0000', '0.0000', '0.0000', '0.0000', '0.0000', NULL, NULL, NULL, NULL, '2021-04-20 14:03:27', '2021-04-20 14:03:27'),
(84, 214, 324, 328, '21.0000', '0.0000', '0.00', '0.0000', '0.0000', '0.0000', NULL, NULL, '0.0000', '0.0000', '0.0000', '0.0000', '0.0000', NULL, NULL, NULL, NULL, '2021-04-20 14:04:02', '2021-04-20 14:04:02'),
(85, 215, 358, 362, '8.0000', '0.0000', '0.00', '0.0000', '0.0000', '0.0000', NULL, NULL, '0.0000', '0.0000', '0.0000', '0.0000', '0.0000', NULL, NULL, NULL, NULL, '2021-04-20 14:04:51', '2021-04-20 14:04:51'),
(86, 216, 327, 331, '37.0000', '150000.0000', '0.00', '150000.0000', '150000.0000', '0.0000', NULL, NULL, '0.0000', '0.0000', '0.0000', '0.0000', '0.0000', NULL, NULL, NULL, NULL, '2021-04-20 14:07:05', '2021-04-24 14:08:11'),
(87, 217, 314, 318, '173.0000', '0.0000', '0.00', '0.0000', '0.0000', '0.0000', NULL, NULL, '0.0000', '0.0000', '0.0000', '0.0000', '0.0000', NULL, NULL, NULL, NULL, '2021-04-20 14:07:49', '2021-04-20 14:07:49'),
(88, 218, 306, 310, '40.0000', '52000.0000', '0.00', '52000.0000', '52000.0000', '0.0000', NULL, NULL, '0.0000', '0.0000', '0.0000', '0.0000', '0.0000', NULL, NULL, NULL, NULL, '2021-04-20 14:08:42', '2021-04-20 14:08:42'),
(89, 219, 307, 311, '48.0000', '52000.0000', '0.00', '52000.0000', '52000.0000', '0.0000', NULL, NULL, '0.0000', '0.0000', '0.0000', '0.0000', '0.0000', NULL, NULL, NULL, NULL, '2021-04-20 14:09:05', '2021-04-20 14:09:05'),
(90, 220, 308, 312, '43.0000', '52000.0000', '0.00', '52000.0000', '52000.0000', '0.0000', NULL, NULL, '0.0000', '0.0000', '0.0000', '0.0000', '0.0000', NULL, NULL, NULL, NULL, '2021-04-20 14:09:20', '2021-04-20 14:09:20'),
(91, 221, 413, 417, '168.0000', '0.0000', '0.00', '0.0000', '0.0000', '0.0000', NULL, NULL, '0.0000', '0.0000', '0.0000', '0.0000', '0.0000', NULL, NULL, NULL, NULL, '2021-04-20 14:09:54', '2021-04-20 14:09:54'),
(92, 222, 344, 348, '70.0000', '0.0000', '0.00', '0.0000', '0.0000', '0.0000', NULL, NULL, '0.0000', '0.0000', '0.0000', '0.0000', '0.0000', NULL, NULL, NULL, NULL, '2021-04-20 14:10:25', '2021-04-20 14:10:25'),
(93, 223, 347, 351, '2.0000', '0.0000', '0.00', '0.0000', '0.0000', '0.0000', NULL, NULL, '0.0000', '0.0000', '0.0000', '0.0000', '0.0000', NULL, NULL, NULL, NULL, '2021-04-20 14:53:36', '2021-04-20 14:53:36'),
(94, 224, 365, 369, '2.0000', '0.0000', '0.00', '0.0000', '0.0000', '0.0000', NULL, NULL, '0.0000', '0.0000', '0.0000', '0.0000', '0.0000', NULL, NULL, NULL, NULL, '2021-04-21 15:05:59', '2021-04-21 15:05:59'),
(95, 227, 330, 334, '21.0000', '0.0000', '0.00', '0.0000', '0.0000', '0.0000', NULL, NULL, '0.0000', '0.0000', '0.0000', '0.0000', '0.0000', NULL, NULL, NULL, NULL, '2021-04-24 11:15:34', '2021-04-24 11:15:34'),
(96, 228, 334, 338, '50.0000', '0.0000', '0.00', '0.0000', '0.0000', '0.0000', NULL, NULL, '0.0000', '0.0000', '0.0000', '0.0000', '0.0000', NULL, NULL, NULL, NULL, '2021-04-24 11:15:57', '2021-04-24 11:15:57'),
(97, 229, 377, 381, '10.0000', '0.0000', '0.00', '0.0000', '0.0000', '0.0000', NULL, NULL, '0.0000', '0.0000', '0.0000', '0.0000', '0.0000', NULL, NULL, NULL, NULL, '2021-04-24 11:16:44', '2021-04-24 11:16:44'),
(98, 230, 339, 343, '22.0000', '0.0000', '0.00', '0.0000', '0.0000', '0.0000', NULL, NULL, '0.0000', '0.0000', '0.0000', '0.0000', '0.0000', NULL, NULL, NULL, NULL, '2021-04-24 11:17:14', '2021-04-24 13:55:43'),
(99, 231, 415, 419, '10.0000', '0.0000', '0.00', '0.0000', '0.0000', '0.0000', NULL, NULL, '0.0000', '0.0000', '0.0000', '0.0000', '0.0000', NULL, NULL, NULL, NULL, '2021-04-24 11:19:38', '2021-04-24 11:19:38'),
(100, 232, 414, 418, '6.0000', '0.0000', '0.00', '0.0000', '0.0000', '0.0000', NULL, NULL, '0.0000', '0.0000', '0.0000', '0.0000', '0.0000', NULL, NULL, NULL, NULL, '2021-04-24 11:20:10', '2021-04-24 11:20:10'),
(101, 233, 372, 376, '4.0000', '0.0000', '0.00', '0.0000', '0.0000', '0.0000', NULL, NULL, '0.0000', '0.0000', '0.0000', '0.0000', '0.0000', NULL, NULL, NULL, NULL, '2021-04-24 11:20:31', '2021-04-24 11:20:31'),
(102, 234, 373, 377, '4.0000', '0.0000', '0.00', '0.0000', '0.0000', '0.0000', NULL, NULL, '0.0000', '0.0000', '0.0000', '0.0000', '0.0000', NULL, NULL, NULL, NULL, '2021-04-24 11:20:44', '2021-04-24 11:20:44'),
(103, 235, 329, 333, '145.0000', '0.0000', '0.00', '0.0000', '0.0000', '0.0000', NULL, NULL, '0.0000', '0.0000', '0.0000', '0.0000', '0.0000', NULL, NULL, NULL, NULL, '2021-04-24 13:38:38', '2021-04-24 13:38:38'),
(104, 236, 378, 382, '116.0000', '0.0000', '0.00', '0.0000', '0.0000', '0.0000', NULL, NULL, '0.0000', '0.0000', '0.0000', '0.0000', '0.0000', NULL, NULL, NULL, NULL, '2021-04-24 13:39:14', '2021-04-24 13:39:14'),
(105, 237, 328, 332, '77.0000', '0.0000', '0.00', '0.0000', '0.0000', '0.0000', NULL, NULL, '0.0000', '0.0000', '0.0000', '0.0000', '0.0000', NULL, NULL, NULL, NULL, '2021-04-24 13:39:38', '2021-04-24 13:39:38'),
(106, 238, 352, 356, '8.0000', '0.0000', '0.00', '0.0000', '0.0000', '0.0000', NULL, NULL, '0.0000', '0.0000', '0.0000', '0.0000', '0.0000', NULL, NULL, NULL, NULL, '2021-04-24 13:40:06', '2021-04-24 13:40:06'),
(107, 239, 362, 366, '3.0000', '0.0000', '0.00', '0.0000', '0.0000', '0.0000', NULL, NULL, '0.0000', '0.0000', '0.0000', '0.0000', '0.0000', NULL, NULL, NULL, NULL, '2021-04-24 13:40:28', '2021-04-24 13:40:28'),
(108, 240, 350, 354, '80.0000', '0.0000', '0.00', '0.0000', '0.0000', '0.0000', NULL, NULL, '0.0000', '0.0000', '0.0000', '0.0000', '0.0000', NULL, NULL, NULL, NULL, '2021-04-24 13:40:54', '2021-04-24 13:40:54'),
(109, 241, 380, 384, '1.0000', '0.0000', '0.00', '0.0000', '0.0000', '0.0000', NULL, NULL, '0.0000', '0.0000', '0.0000', '0.0000', '0.0000', NULL, NULL, NULL, NULL, '2021-04-24 13:41:15', '2021-04-24 13:41:15'),
(110, 242, 379, 383, '8.0000', '0.0000', '0.00', '0.0000', '0.0000', '0.0000', NULL, NULL, '0.0000', '0.0000', '0.0000', '0.0000', '0.0000', NULL, NULL, NULL, NULL, '2021-04-24 13:41:31', '2021-04-24 13:41:31'),
(111, 243, 341, 345, '144.0000', '0.0000', '0.00', '0.0000', '0.0000', '0.0000', NULL, NULL, '0.0000', '0.0000', '0.0000', '0.0000', '0.0000', NULL, NULL, NULL, NULL, '2021-04-24 13:42:04', '2021-04-24 13:42:04'),
(112, 244, 369, 373, '5.0000', '0.0000', '0.00', '0.0000', '0.0000', '0.0000', NULL, NULL, '0.0000', '0.0000', '0.0000', '0.0000', '0.0000', NULL, NULL, NULL, NULL, '2021-04-24 13:42:27', '2021-04-24 13:42:27'),
(113, 245, 395, 399, '5.0000', '0.0000', '0.00', '0.0000', '0.0000', '0.0000', NULL, NULL, '0.0000', '0.0000', '0.0000', '0.0000', '0.0000', NULL, NULL, NULL, NULL, '2021-04-24 13:42:50', '2021-04-24 13:42:50'),
(114, 246, 367, 371, '103.0000', '0.0000', '0.00', '0.0000', '0.0000', '0.0000', NULL, NULL, '0.0000', '0.0000', '0.0000', '0.0000', '0.0000', NULL, NULL, NULL, NULL, '2021-04-24 13:43:10', '2021-04-24 13:43:10'),
(115, 247, 325, 329, '47.0000', '0.0000', '0.00', '0.0000', '0.0000', '0.0000', NULL, NULL, '0.0000', '0.0000', '0.0000', '0.0000', '0.0000', NULL, NULL, NULL, NULL, '2021-04-24 13:44:06', '2021-04-24 13:44:06'),
(116, 248, 313, 317, '92.0000', '0.0000', '0.00', '0.0000', '0.0000', '0.0000', NULL, NULL, '0.0000', '0.0000', '0.0000', '0.0000', '0.0000', NULL, NULL, NULL, NULL, '2021-04-24 13:44:30', '2021-04-24 13:44:30'),
(117, 249, 376, 380, '94.0000', '0.0000', '0.00', '0.0000', '0.0000', '0.0000', NULL, NULL, '0.0000', '0.0000', '0.0000', '0.0000', '0.0000', NULL, NULL, NULL, NULL, '2021-04-24 13:44:48', '2021-04-24 13:44:48'),
(118, 250, 375, 379, '108.0000', '0.0000', '0.00', '0.0000', '0.0000', '0.0000', NULL, NULL, '0.0000', '0.0000', '0.0000', '0.0000', '0.0000', NULL, NULL, NULL, NULL, '2021-04-24 13:45:04', '2021-04-24 13:45:04'),
(119, 251, 397, 401, '5.0000', '0.0000', '0.00', '0.0000', '0.0000', '0.0000', NULL, NULL, '0.0000', '0.0000', '0.0000', '0.0000', '0.0000', NULL, NULL, NULL, NULL, '2021-04-24 13:45:36', '2021-04-24 13:45:36'),
(120, 252, 368, 372, '32.0000', '0.0000', '0.00', '0.0000', '0.0000', '0.0000', NULL, NULL, '0.0000', '0.0000', '0.0000', '0.0000', '0.0000', NULL, NULL, NULL, NULL, '2021-04-24 13:46:11', '2021-04-24 13:46:11'),
(121, 253, 416, 420, '3.0000', '0.0000', '0.00', '0.0000', '0.0000', '0.0000', NULL, NULL, '0.0000', '0.0000', '0.0000', '0.0000', '0.0000', NULL, NULL, NULL, NULL, '2021-04-24 13:50:06', '2021-04-24 13:50:06'),
(122, 254, 417, 421, '2.0000', '0.0000', '0.00', '0.0000', '0.0000', '0.0000', NULL, NULL, '0.0000', '0.0000', '0.0000', '0.0000', '0.0000', NULL, NULL, NULL, NULL, '2021-04-24 13:52:00', '2021-04-24 13:52:00'),
(123, 255, 418, 422, '1.0000', '0.0000', '0.00', '0.0000', '0.0000', '0.0000', NULL, NULL, '0.0000', '0.0000', '0.0000', '0.0000', '0.0000', NULL, NULL, NULL, NULL, '2021-04-24 13:52:50', '2021-04-24 13:52:50'),
(124, 256, 333, 337, '581.0000', '0.0000', '0.00', '0.0000', '0.0000', '0.0000', NULL, NULL, '0.0000', '0.0000', '0.0000', '0.0000', '0.0000', NULL, NULL, NULL, NULL, '2021-04-24 13:53:46', '2021-04-24 13:53:46'),
(125, 257, 338, 342, '35.0000', '0.0000', '0.00', '0.0000', '0.0000', '0.0000', NULL, NULL, '0.0000', '0.0000', '0.0000', '0.0000', '0.0000', NULL, NULL, NULL, NULL, '2021-04-24 13:56:01', '2021-04-24 13:56:01'),
(126, 258, 340, 344, '28.0000', '0.0000', '0.00', '0.0000', '0.0000', '0.0000', NULL, NULL, '0.0000', '0.0000', '0.0000', '0.0000', '0.0000', NULL, NULL, NULL, NULL, '2021-04-24 13:56:13', '2021-04-24 13:56:13'),
(127, 262, 421, 425, '1007.0000', '1000.0000', '0.00', '1000.0000', '1000.0000', '0.0000', NULL, NULL, '9.0000', '0.0000', '0.0000', '0.0000', '0.0000', NULL, '2023-02-04', NULL, NULL, '2021-06-21 14:34:23', '2021-07-14 20:53:24'),
(128, 266, 422, 426, '100.0000', '10000.0000', '0.00', '10000.0000', '10000.0000', '0.0000', NULL, NULL, '0.0000', '0.0000', '0.0000', '0.0000', '0.0000', NULL, '2021-07-30', '1000001', NULL, '2021-07-14 21:11:18', '2021-07-14 21:11:18'),
(129, 266, 422, 426, '50.0000', '110000.0000', '0.00', '110000.0000', '110000.0000', '0.0000', NULL, NULL, '1.0000', '10.0000', '0.0000', '0.0000', '0.0000', NULL, '2021-07-24', '1000002', NULL, '2021-07-14 21:11:18', '2021-07-14 21:20:45'),
(130, 279, 41, 41, '984.0000', '251.9900', '0.00', '251.9900', '251.9900', '0.0000', NULL, NULL, '0.0000', '0.0000', '0.0000', '0.0000', '0.0000', NULL, NULL, NULL, NULL, '2022-01-30 19:16:32', '2022-01-30 19:16:32'),
(131, 293, 44, 44, '1.0000', '166.5300', '0.00', '166.5300', '166.5300', '0.0000', NULL, NULL, '0.0000', '0.0000', '0.0000', '0.0000', '0.0000', NULL, NULL, NULL, NULL, '2022-02-18 07:09:29', '2022-02-18 07:09:29'),
(133, 295, 423, 427, '1.0000', '700.0000', '0.00', '700.0000', '700.0000', '0.0000', NULL, NULL, '0.0000', '0.0000', '0.0000', '0.0000', '0.0000', NULL, NULL, NULL, NULL, '2022-02-18 10:20:22', '2022-02-18 16:49:42'),
(134, 296, 423, 427, '1.0000', '700.0000', '0.00', '700.0000', '700.0000', '0.0000', NULL, NULL, '1.0000', '0.0000', '0.0000', '0.0000', '0.0000', NULL, '2022-02-20', NULL, NULL, '2022-02-18 10:27:33', '2022-03-05 21:37:21'),
(135, 298, 424, 428, '1.0000', '1500.0000', '0.00', '1500.0000', '1500.0000', '0.0000', NULL, NULL, '1.0000', '0.0000', '0.0000', '0.0000', '0.0000', NULL, NULL, NULL, NULL, '2022-02-19 14:31:43', '2022-03-19 11:10:40'),
(136, 300, 423, 427, '1.0000', '1500.0000', '0.00', '1500.0000', '1770.0000', '270.0000', 3, NULL, '0.0000', '0.0000', '0.0000', '0.0000', '0.0000', NULL, NULL, NULL, NULL, '2022-03-04 18:50:00', '2022-03-04 19:21:18'),
(137, 315, 423, 427, '1.0000', '1500.0000', '0.00', '1500.0000', '1500.0000', '0.0000', NULL, NULL, '0.0000', '0.0000', '1.0000', '0.0000', '0.0000', NULL, NULL, NULL, NULL, '2022-03-08 10:43:23', '2022-03-08 10:57:04');

-- --------------------------------------------------------

--
-- Table structure for table `reference_counts`
--

CREATE TABLE `reference_counts` (
  `id` int(10) UNSIGNED NOT NULL,
  `ref_type` varchar(191) COLLATE utf8mb4_unicode_ci NOT NULL,
  `ref_count` int(11) NOT NULL,
  `business_id` int(11) NOT NULL,
  `created_at` timestamp NULL DEFAULT NULL,
  `updated_at` timestamp NULL DEFAULT NULL
) ENGINE=InnoDB DEFAULT CHARSET=utf8mb4 COLLATE=utf8mb4_unicode_ci;

--
-- Dumping data for table `reference_counts`
--

INSERT INTO `reference_counts` (`id`, `ref_type`, `ref_count`, `business_id`, `created_at`, `updated_at`) VALUES
(1, 'contacts', 8, 1, '2020-03-28 01:01:40', '2022-02-18 07:06:54'),
(2, 'business_location', 1, 1, '2020-03-28 01:01:40', '2020-03-28 01:01:40'),
(3, 'contacts', 2, 2, '2020-03-28 01:10:32', '2020-03-27 23:48:05'),
(4, 'business_location', 1, 2, '2020-03-28 01:10:32', '2020-03-28 01:10:32'),
(5, 'contacts', 1, 3, '2020-03-28 01:30:01', '2020-03-28 01:30:01'),
(6, 'business_location', 1, 3, '2020-03-28 01:30:01', '2020-03-28 01:30:01'),
(7, 'contacts', 1, 4, '2020-03-28 01:44:34', '2020-03-28 01:44:34'),
(8, 'business_location', 1, 4, '2020-03-28 01:44:34', '2020-03-28 01:44:34'),
(9, 'sell_payment', 3, 2, '2020-03-27 23:43:04', '2021-01-29 22:30:52'),
(10, 'purchase', 1, 2, '2020-03-27 23:50:14', '2020-03-27 23:50:14'),
(11, 'purchase_payment', 1, 2, '2020-03-27 23:50:14', '2020-03-27 23:50:14'),
(12, 'contacts', 2, 5, '2020-03-28 20:57:56', '2020-04-17 01:08:00'),
(13, 'business_location', 1, 5, '2020-03-28 20:57:56', '2020-03-28 20:57:56'),
(14, 'username', 2, 5, '2020-03-30 00:06:43', '2020-03-30 00:09:55'),
(15, 'sell_payment', 9, 5, '2020-04-01 00:33:07', '2020-04-17 01:40:17'),
(16, 'purchase', 2, 5, '2020-04-17 01:08:29', '2020-04-17 01:34:46'),
(17, 'purchase_payment', 2, 5, '2020-04-17 01:08:29', '2020-04-17 01:34:46'),
(18, 'contacts', 1, 6, '2020-04-23 16:07:44', '2020-04-23 16:07:44'),
(19, 'business_location', 1, 6, '2020-04-23 16:07:44', '2020-04-23 16:07:44'),
(20, 'contacts', 4, 7, '2020-11-28 16:59:51', '2021-05-08 13:36:48'),
(21, 'business_location', 1, 7, '2020-11-28 16:59:51', '2020-11-28 16:59:51'),
(22, 'sell_payment', 2, 7, '2020-11-28 15:51:12', '2021-05-01 14:09:17'),
(23, 'contacts', 1, 8, '2021-01-07 18:34:56', '2021-01-07 18:34:56'),
(24, 'business_location', 1, 8, '2021-01-07 18:34:56', '2021-01-07 18:34:56'),
(25, 'purchase', 7, 1, '2021-01-17 19:04:10', '2022-02-18 07:09:29'),
(26, 'purchase_payment', 6, 1, '2021-01-17 19:04:10', '2021-01-21 12:57:33'),
(27, 'sell_payment', 25, 1, '2021-01-17 19:57:25', '2022-02-10 18:59:16'),
(28, 'production_purchase', 4, 1, '2021-01-20 13:47:03', '2021-01-21 13:18:46'),
(29, 'username', 1, 1, '2021-01-20 14:32:40', '2021-01-20 14:32:40'),
(30, 'contacts', 1, 9, '2021-01-22 17:10:50', '2021-01-22 17:10:50'),
(31, 'business_location', 1, 9, '2021-01-22 17:10:50', '2021-01-22 17:10:50'),
(32, 'contacts', 5, 10, '2021-01-29 19:43:36', '2021-07-14 20:53:16'),
(33, 'business_location', 2, 10, '2021-01-29 19:43:36', '2021-07-14 20:56:29'),
(34, 'draft', 2, 2, '2021-01-29 21:40:30', '2021-01-29 21:40:53'),
(35, 'production_purchase', 5, 10, '2021-01-30 21:27:10', '2021-03-03 14:51:55'),
(36, 'sell_payment', 60, 10, '2021-01-30 21:31:32', '2021-11-16 16:08:14'),
(37, 'draft', 16, 10, '2021-01-30 21:40:01', '2021-07-14 21:15:07'),
(38, 'expense', 3, 10, '2021-02-16 12:17:06', '2021-07-14 21:17:31'),
(39, 'contacts', 1, 11, '2021-02-17 10:42:17', '2021-02-17 10:42:17'),
(40, 'business_location', 1, 11, '2021-02-17 10:42:17', '2021-02-17 10:42:17'),
(41, 'stock_adjustment', 4, 10, '2021-02-18 10:35:12', '2021-07-14 21:20:45'),
(42, 'contacts', 2, 12, '2021-02-24 20:59:33', '2021-02-25 11:07:58'),
(43, 'business_location', 1, 12, '2021-02-24 20:59:33', '2021-02-24 20:59:33'),
(44, 'sell_payment', 2, 12, '2021-02-25 11:02:07', '2021-02-25 11:02:48'),
(45, 'purchase', 1, 12, '2021-02-25 11:09:13', '2021-02-25 11:09:13'),
(46, 'purchase_payment', 1, 12, '2021-02-25 11:09:42', '2021-02-25 11:09:42'),
(47, 'purchase', 6, 10, '2021-02-25 14:40:19', '2021-03-03 14:25:35'),
(48, 'purchase_payment', 4, 10, '2021-02-25 14:50:16', '2021-03-03 20:30:48'),
(49, 'contacts', 1, 13, '2021-02-27 17:52:49', '2021-02-27 17:52:49'),
(50, 'business_location', 1, 13, '2021-02-27 17:52:49', '2021-02-27 17:52:49'),
(51, 'expense_payment', 1, 10, '2021-03-01 15:13:05', '2021-03-01 15:13:05'),
(52, 'sell_return', 2, 10, '2021-03-03 15:54:33', '2021-03-03 20:31:38'),
(53, 'purchase_return', 1, 10, '2021-03-03 15:55:11', '2021-03-03 15:55:11'),
(54, 'contacts', 1, 14, '2021-03-22 17:28:03', '2021-03-22 17:28:03'),
(55, 'business_location', 1, 14, '2021-03-22 17:28:03', '2021-03-22 17:28:03'),
(56, 'contacts', 1, 15, '2021-03-28 11:27:46', '2021-03-28 11:27:46'),
(57, 'business_location', 1, 15, '2021-03-28 11:27:46', '2021-03-28 11:27:46'),
(58, 'contacts', 1, 16, '2021-04-12 19:06:10', '2021-04-12 19:06:10'),
(59, 'business_location', 1, 16, '2021-04-12 19:06:10', '2021-04-12 19:06:10'),
(60, 'contacts', 2, 17, '2021-04-13 14:22:01', '2021-04-17 11:02:28'),
(61, 'business_location', 1, 17, '2021-04-13 14:22:01', '2021-04-13 14:22:01'),
(62, 'sell_payment', 3, 17, '2021-04-14 15:20:26', '2021-04-17 11:19:59'),
(63, 'sell_return', 3, 17, '2021-04-14 15:24:28', '2021-04-22 10:06:03'),
(64, 'purchase', 1, 17, '2021-04-17 11:04:32', '2021-04-17 11:04:32'),
(65, 'purchase_payment', 1, 17, '2021-04-17 11:04:32', '2021-04-17 11:04:32'),
(66, 'contacts', 1, 18, '2021-04-23 16:28:34', '2021-04-23 16:28:34'),
(67, 'business_location', 1, 18, '2021-04-23 16:28:34', '2021-04-23 16:28:34'),
(68, 'contacts', 1, 19, '2021-05-01 13:44:51', '2021-05-01 13:44:51'),
(69, 'business_location', 1, 19, '2021-05-01 13:44:51', '2021-05-01 13:44:51'),
(70, 'draft', 2, 7, '2021-05-01 12:59:46', '2021-05-01 14:04:19'),
(71, 'draft', 4, 1, '2022-01-08 12:40:03', '2022-01-30 19:47:15'),
(72, 'crm_order_request', 1, 1, '2022-02-10 14:48:13', '2022-02-10 14:48:13'),
(73, 'subscription', 1, 1, '2022-02-10 17:30:00', '2022-02-10 17:30:00'),
(74, 'sell_return', 2, 1, '2022-02-10 18:48:22', '2022-02-10 18:53:46'),
(75, 'contacts', 7, 20, '2022-02-18 09:44:26', '2022-03-08 11:32:35'),
(76, 'business_location', 1, 20, '2022-02-18 09:44:26', '2022-02-18 09:44:26'),
(77, 'purchase_order', 1, 20, '2022-02-18 10:20:22', '2022-02-18 10:20:22'),
(78, 'purchase', 4, 20, '2022-02-18 10:27:33', '2022-03-08 10:43:23'),
(79, 'purchase_payment', 5, 20, '2022-02-18 10:33:04', '2022-03-08 10:51:20'),
(80, 'draft', 14, 20, '2022-02-18 10:52:01', '2022-03-08 11:05:31'),
(81, 'sell_payment', 3, 20, '2022-03-01 15:57:39', '2022-03-19 11:10:40'),
(82, 'purchase_return', 1, 20, '2022-03-08 10:56:29', '2022-03-08 10:56:29');

-- --------------------------------------------------------

--
-- Table structure for table `res_product_modifier_sets`
--

CREATE TABLE `res_product_modifier_sets` (
  `modifier_set_id` int(10) UNSIGNED NOT NULL,
  `product_id` int(10) UNSIGNED NOT NULL COMMENT 'Table use to store the modifier sets applicable for a product'
) ENGINE=InnoDB DEFAULT CHARSET=utf8mb4 COLLATE=utf8mb4_unicode_ci;

--
-- Dumping data for table `res_product_modifier_sets`
--

INSERT INTO `res_product_modifier_sets` (`modifier_set_id`, `product_id`) VALUES
(182, 164),
(191, 180),
(193, 180);

-- --------------------------------------------------------

--
-- Table structure for table `res_tables`
--

CREATE TABLE `res_tables` (
  `id` int(10) UNSIGNED NOT NULL,
  `business_id` int(10) UNSIGNED NOT NULL,
  `location_id` int(10) UNSIGNED NOT NULL,
  `name` varchar(191) COLLATE utf8mb4_unicode_ci NOT NULL,
  `description` text COLLATE utf8mb4_unicode_ci,
  `created_by` int(10) UNSIGNED NOT NULL,
  `deleted_at` timestamp NULL DEFAULT NULL,
  `created_at` timestamp NULL DEFAULT NULL,
  `updated_at` timestamp NULL DEFAULT NULL
) ENGINE=InnoDB DEFAULT CHARSET=utf8mb4 COLLATE=utf8mb4_unicode_ci;

--
-- Dumping data for table `res_tables`
--

INSERT INTO `res_tables` (`id`, `business_id`, `location_id`, `name`, `description`, `created_by`, `deleted_at`, `created_at`, `updated_at`) VALUES
(1, 1, 1, 'Table 1', 'T1', 1, NULL, '2021-01-20 11:07:39', '2021-01-20 11:07:39'),
(2, 1, 1, 'Table 2', 'near the corner', 1, NULL, '2021-01-20 14:20:13', '2021-01-20 14:20:13'),
(3, 1, 1, 'Table 3', 'outside', 1, NULL, '2021-01-20 14:20:30', '2021-01-20 14:20:30'),
(4, 10, 10, 'Main Intrance', 'TASTY B1', 18, NULL, '2021-01-30 21:42:25', '2021-03-03 10:42:38'),
(5, 10, 10, 'B2', NULL, 18, NULL, '2021-01-30 21:42:45', '2021-01-30 21:42:45'),
(6, 10, 10, 'B3', NULL, 18, NULL, '2021-01-30 21:42:58', '2021-01-30 21:42:58'),
(7, 10, 10, 'B4', NULL, 18, NULL, '2021-01-30 21:43:09', '2021-01-30 21:43:09'),
(8, 10, 10, 'B5', NULL, 18, NULL, '2021-01-30 21:43:23', '2021-01-30 21:43:23'),
(9, 10, 10, 'B6', NULL, 18, NULL, '2021-01-30 21:43:34', '2021-01-30 21:43:34'),
(10, 10, 10, 'B7', NULL, 18, NULL, '2021-01-30 21:43:51', '2021-01-30 21:43:51'),
(11, 10, 10, 'B8', NULL, 18, NULL, '2021-01-30 21:44:14', '2021-01-30 21:44:14'),
(12, 10, 10, 'B9', NULL, 18, NULL, '2021-01-30 21:44:26', '2021-01-30 21:44:26'),
(13, 10, 10, 'B10', NULL, 18, NULL, '2021-01-30 21:44:42', '2021-01-30 21:44:42');

-- --------------------------------------------------------

--
-- Table structure for table `roles`
--

CREATE TABLE `roles` (
  `id` int(10) UNSIGNED NOT NULL,
  `name` varchar(191) COLLATE utf8mb4_unicode_ci NOT NULL,
  `guard_name` varchar(191) COLLATE utf8mb4_unicode_ci NOT NULL,
  `business_id` int(10) UNSIGNED NOT NULL,
  `is_default` tinyint(1) NOT NULL DEFAULT '0',
  `is_service_staff` tinyint(1) NOT NULL DEFAULT '0',
  `created_at` timestamp NULL DEFAULT NULL,
  `updated_at` timestamp NULL DEFAULT NULL
) ENGINE=InnoDB DEFAULT CHARSET=utf8mb4 COLLATE=utf8mb4_unicode_ci;

--
-- Dumping data for table `roles`
--

INSERT INTO `roles` (`id`, `name`, `guard_name`, `business_id`, `is_default`, `is_service_staff`, `created_at`, `updated_at`) VALUES
(1, 'Admin#1', 'web', 1, 1, 0, '2020-03-28 01:01:40', '2020-03-28 01:01:40'),
(2, 'Cashier#1', 'web', 1, 0, 0, '2020-03-28 01:01:40', '2020-03-28 01:01:40'),
(3, 'Admin#2', 'web', 2, 1, 0, '2020-03-28 01:10:32', '2020-03-28 01:10:32'),
(4, 'Cashier#2', 'web', 2, 0, 0, '2020-03-28 01:10:32', '2020-03-28 01:10:32'),
(5, 'Admin#3', 'web', 3, 1, 0, '2020-03-28 01:30:01', '2020-03-28 01:30:01'),
(6, 'Cashier#3', 'web', 3, 0, 0, '2020-03-28 01:30:01', '2020-03-28 01:30:01'),
(7, 'Admin#4', 'web', 4, 1, 0, '2020-03-28 01:44:34', '2020-03-28 01:44:34'),
(8, 'Cashier#4', 'web', 4, 0, 0, '2020-03-28 01:44:34', '2020-03-28 01:44:34'),
(9, 'Admin#5', 'web', 5, 1, 0, '2020-03-28 20:57:56', '2020-03-28 20:57:56'),
(10, 'Cashier#5', 'web', 5, 0, 0, '2020-03-28 20:57:56', '2020-03-28 20:57:56'),
(11, 'Store Keeper#5', 'web', 5, 0, 0, '2020-03-30 00:08:42', '2020-03-30 00:08:42'),
(12, 'Admin#6', 'web', 6, 1, 0, '2020-04-23 16:07:44', '2020-04-23 16:07:44'),
(13, 'Cashier#6', 'web', 6, 0, 0, '2020-04-23 16:07:44', '2020-04-23 16:07:44'),
(14, 'Admin#7', 'web', 7, 1, 0, '2020-11-28 16:59:51', '2020-11-28 16:59:51'),
(15, 'Cashier#7', 'web', 7, 0, 0, '2020-11-28 16:59:51', '2020-11-28 16:59:51'),
(18, 'waiter#1', 'web', 1, 0, 1, '2021-01-20 14:29:12', '2021-01-20 14:29:12'),
(21, 'Admin#10', 'web', 10, 1, 0, '2021-01-29 19:43:36', '2021-01-29 19:43:36'),
(22, 'Cashier#10', 'web', 10, 0, 0, '2021-01-29 19:43:36', '2021-01-29 19:43:36'),
(23, 'Accountants#10', 'web', 10, 0, 0, '2021-02-05 18:26:54', '2021-02-05 18:26:54'),
(24, 'Manager#10', 'web', 10, 0, 0, '2021-02-16 09:40:47', '2021-02-16 09:40:47'),
(25, 'Admin#11', 'web', 11, 1, 0, '2021-02-17 10:42:17', '2021-02-17 10:42:17'),
(26, 'Cashier#11', 'web', 11, 0, 0, '2021-02-17 10:42:17', '2021-02-17 10:42:17'),
(27, 'Admin#12', 'web', 12, 1, 0, '2021-02-24 20:59:33', '2021-02-24 20:59:33'),
(28, 'Cashier#12', 'web', 12, 0, 0, '2021-02-24 20:59:33', '2021-02-24 20:59:33'),
(29, 'Admin#13', 'web', 13, 1, 0, '2021-02-27 17:52:49', '2021-02-27 17:52:49'),
(30, 'Cashier#13', 'web', 13, 0, 0, '2021-02-27 17:52:49', '2021-02-27 17:52:49'),
(31, 'Admin#14', 'web', 14, 1, 0, '2021-03-22 17:28:03', '2021-03-22 17:28:03'),
(32, 'Cashier#14', 'web', 14, 0, 0, '2021-03-22 17:28:03', '2021-03-22 17:28:03'),
(35, 'Admin#16', 'web', 16, 1, 0, '2021-04-12 19:06:10', '2021-04-12 19:06:10'),
(36, 'Cashier#16', 'web', 16, 0, 0, '2021-04-12 19:06:10', '2021-04-12 19:06:10'),
(37, 'Admin#17', 'web', 17, 1, 0, '2021-04-13 14:22:01', '2021-04-13 14:22:01'),
(38, 'Cashier#17', 'web', 17, 0, 0, '2021-04-13 14:22:01', '2021-04-13 14:22:01'),
(39, 'Admin#18', 'web', 18, 1, 0, '2021-04-23 16:28:34', '2021-04-23 16:28:34'),
(40, 'Cashier#18', 'web', 18, 0, 0, '2021-04-23 16:28:34', '2021-04-23 16:28:34'),
(41, 'Admin#19', 'web', 19, 1, 0, '2021-05-01 13:44:50', '2021-05-01 13:44:50'),
(42, 'Cashier#19', 'web', 19, 0, 0, '2021-05-01 13:44:50', '2021-05-01 13:44:50'),
(43, 'Admin#20', 'web', 20, 1, 0, '2022-02-18 09:44:26', '2022-02-18 09:44:26'),
(44, 'Cashier#20', 'web', 20, 0, 0, '2022-02-18 09:44:26', '2022-02-18 09:44:26'),
(45, 'Account#20', 'web', 20, 0, 0, '2022-03-08 10:00:59', '2022-03-08 10:00:59');

-- --------------------------------------------------------

--
-- Table structure for table `role_has_permissions`
--

CREATE TABLE `role_has_permissions` (
  `permission_id` int(10) UNSIGNED NOT NULL,
  `role_id` int(10) UNSIGNED NOT NULL
) ENGINE=InnoDB DEFAULT CHARSET=utf8mb4 COLLATE=utf8mb4_unicode_ci;

--
-- Dumping data for table `role_has_permissions`
--

INSERT INTO `role_has_permissions` (`permission_id`, `role_id`) VALUES
(109, 1),
(45, 2),
(46, 2),
(47, 2),
(48, 2),
(77, 2),
(109, 2),
(109, 3),
(45, 4),
(46, 4),
(47, 4),
(48, 4),
(77, 4),
(109, 4),
(109, 5),
(45, 6),
(46, 6),
(47, 6),
(48, 6),
(77, 6),
(109, 6),
(109, 7),
(45, 8),
(46, 8),
(47, 8),
(48, 8),
(77, 8),
(109, 8),
(109, 9),
(18, 10),
(23, 10),
(24, 10),
(45, 10),
(46, 10),
(47, 10),
(48, 10),
(109, 10),
(3, 11),
(6, 11),
(17, 11),
(29, 11),
(30, 11),
(31, 11),
(32, 11),
(37, 11),
(38, 11),
(39, 11),
(40, 11),
(60, 11),
(61, 11),
(62, 11),
(63, 11),
(68, 11),
(69, 11),
(70, 11),
(71, 11),
(72, 11),
(73, 11),
(74, 11),
(75, 11),
(109, 11),
(109, 12),
(45, 13),
(46, 13),
(47, 13),
(48, 13),
(77, 13),
(109, 13),
(109, 14),
(45, 15),
(46, 15),
(47, 15),
(48, 15),
(77, 15),
(109, 15),
(2, 18),
(6, 18),
(8, 18),
(18, 18),
(23, 18),
(24, 18),
(34, 18),
(35, 18),
(36, 18),
(37, 18),
(87, 18),
(93, 18),
(94, 18),
(109, 18),
(109, 21),
(45, 22),
(46, 22),
(47, 22),
(48, 22),
(77, 22),
(91, 22),
(92, 22),
(109, 22),
(1, 23),
(6, 23),
(29, 23),
(30, 23),
(31, 23),
(32, 23),
(49, 23),
(50, 23),
(51, 23),
(52, 23),
(53, 23),
(54, 23),
(55, 23),
(56, 23),
(64, 23),
(65, 23),
(66, 23),
(67, 23),
(78, 23),
(97, 23),
(98, 23),
(109, 23),
(1, 24),
(6, 24),
(29, 24),
(33, 24),
(37, 24),
(41, 24),
(45, 24),
(49, 24),
(50, 24),
(51, 24),
(52, 24),
(53, 24),
(54, 24),
(55, 24),
(56, 24),
(60, 24),
(64, 24),
(68, 24),
(72, 24),
(78, 24),
(87, 24),
(91, 24),
(98, 24),
(109, 24),
(109, 25),
(45, 26),
(46, 26),
(47, 26),
(48, 26),
(77, 26),
(91, 26),
(92, 26),
(109, 26),
(109, 27),
(45, 28),
(46, 28),
(47, 28),
(48, 28),
(77, 28),
(91, 28),
(92, 28),
(109, 28),
(109, 29),
(45, 30),
(46, 30),
(47, 30),
(48, 30),
(77, 30),
(91, 30),
(92, 30),
(109, 30),
(109, 31),
(45, 32),
(46, 32),
(47, 32),
(48, 32),
(77, 32),
(91, 32),
(92, 32),
(109, 32),
(109, 35),
(45, 36),
(46, 36),
(47, 36),
(48, 36),
(77, 36),
(91, 36),
(92, 36),
(109, 36),
(109, 37),
(45, 38),
(46, 38),
(47, 38),
(48, 38),
(77, 38),
(91, 38),
(92, 38),
(109, 38),
(109, 39),
(45, 40),
(46, 40),
(47, 40),
(48, 40),
(77, 40),
(91, 40),
(92, 40),
(109, 40),
(109, 41),
(45, 42),
(46, 42),
(47, 42),
(48, 42),
(77, 42),
(91, 42),
(92, 42),
(109, 42),
(45, 44),
(46, 44),
(47, 44),
(48, 44),
(77, 44),
(91, 44),
(92, 44),
(30, 45),
(31, 45),
(32, 45),
(34, 45),
(35, 45),
(36, 45),
(93, 45),
(97, 45),
(114, 45),
(115, 45);

-- --------------------------------------------------------

--
-- Table structure for table `selling_price_groups`
--

CREATE TABLE `selling_price_groups` (
  `id` int(10) UNSIGNED NOT NULL,
  `name` varchar(191) COLLATE utf8mb4_unicode_ci NOT NULL,
  `description` text COLLATE utf8mb4_unicode_ci,
  `business_id` int(10) UNSIGNED NOT NULL,
  `is_active` tinyint(1) NOT NULL DEFAULT '1',
  `deleted_at` timestamp NULL DEFAULT NULL,
  `created_at` timestamp NULL DEFAULT NULL,
  `updated_at` timestamp NULL DEFAULT NULL
) ENGINE=InnoDB DEFAULT CHARSET=utf8mb4 COLLATE=utf8mb4_unicode_ci;

-- --------------------------------------------------------

--
-- Table structure for table `sell_line_warranties`
--

CREATE TABLE `sell_line_warranties` (
  `sell_line_id` int(11) NOT NULL,
  `warranty_id` int(11) NOT NULL
) ENGINE=InnoDB DEFAULT CHARSET=utf8mb4 COLLATE=utf8mb4_unicode_ci;

-- --------------------------------------------------------

--
-- Table structure for table `sessions`
--

CREATE TABLE `sessions` (
  `id` varchar(191) COLLATE utf8mb4_unicode_ci NOT NULL,
  `user_id` int(10) UNSIGNED DEFAULT NULL,
  `ip_address` varchar(45) COLLATE utf8mb4_unicode_ci DEFAULT NULL,
  `user_agent` text COLLATE utf8mb4_unicode_ci,
  `payload` text COLLATE utf8mb4_unicode_ci NOT NULL,
  `last_activity` int(11) NOT NULL
) ENGINE=InnoDB DEFAULT CHARSET=utf8mb4 COLLATE=utf8mb4_unicode_ci;

-- --------------------------------------------------------

--
-- Table structure for table `stock_adjustments_temp`
--

CREATE TABLE `stock_adjustments_temp` (
  `id` int(11) DEFAULT NULL
) ENGINE=InnoDB DEFAULT CHARSET=latin1;

-- --------------------------------------------------------

--
-- Table structure for table `stock_adjustment_lines`
--

CREATE TABLE `stock_adjustment_lines` (
  `id` int(10) UNSIGNED NOT NULL,
  `transaction_id` int(10) UNSIGNED NOT NULL,
  `product_id` int(10) UNSIGNED NOT NULL,
  `variation_id` int(10) UNSIGNED NOT NULL,
  `quantity` decimal(22,4) NOT NULL,
  `unit_price` decimal(22,4) DEFAULT NULL COMMENT 'Last purchase unit price',
  `removed_purchase_line` int(11) DEFAULT NULL,
  `lot_no_line_id` int(11) DEFAULT NULL,
  `created_at` timestamp NULL DEFAULT NULL,
  `updated_at` timestamp NULL DEFAULT NULL
) ENGINE=InnoDB DEFAULT CHARSET=utf8mb4 COLLATE=utf8mb4_unicode_ci;

--
-- Dumping data for table `stock_adjustment_lines`
--

INSERT INTO `stock_adjustment_lines` (`id`, `transaction_id`, `product_id`, `variation_id`, `quantity`, `unit_price`, `removed_purchase_line`, `lot_no_line_id`, `created_at`, `updated_at`) VALUES
(1, 113, 172, 172, '2.0000', '450.0000', NULL, NULL, '2021-02-18 10:35:12', '2021-02-18 10:35:12'),
(2, 114, 172, 172, '1.0000', '450.0000', NULL, NULL, '2021-02-18 10:36:52', '2021-02-18 10:36:52'),
(3, 158, 180, 182, '3.0000', '5000.0000', NULL, NULL, '2021-03-03 14:40:03', '2021-03-03 14:40:03'),
(4, 270, 422, 426, '10.0000', '110000.0000', NULL, 129, '2021-07-14 21:20:45', '2021-07-14 21:20:45');

-- --------------------------------------------------------

--
-- Table structure for table `subscriptions`
--

CREATE TABLE `subscriptions` (
  `id` int(10) UNSIGNED NOT NULL,
  `business_id` int(10) UNSIGNED NOT NULL,
  `package_id` int(10) UNSIGNED NOT NULL,
  `start_date` date DEFAULT NULL,
  `trial_end_date` date DEFAULT NULL,
  `end_date` date DEFAULT NULL,
  `package_price` decimal(22,4) NOT NULL,
  `package_details` longtext COLLATE utf8mb4_unicode_ci NOT NULL,
  `created_id` int(10) UNSIGNED NOT NULL,
  `paid_via` varchar(191) COLLATE utf8mb4_unicode_ci DEFAULT NULL,
  `payment_transaction_id` varchar(191) COLLATE utf8mb4_unicode_ci DEFAULT NULL,
  `payment_reference` varchar(10) COLLATE utf8mb4_unicode_ci NOT NULL,
  `status` enum('approved','waiting','declined') COLLATE utf8mb4_unicode_ci NOT NULL DEFAULT 'waiting',
  `deleted_at` timestamp NULL DEFAULT NULL,
  `created_at` timestamp NULL DEFAULT NULL,
  `updated_at` timestamp NULL DEFAULT NULL
) ENGINE=InnoDB DEFAULT CHARSET=utf8mb4 COLLATE=utf8mb4_unicode_ci;

--
-- Dumping data for table `subscriptions`
--

INSERT INTO `subscriptions` (`id`, `business_id`, `package_id`, `start_date`, `trial_end_date`, `end_date`, `package_price`, `package_details`, `created_id`, `paid_via`, `payment_transaction_id`, `payment_reference`, `status`, `deleted_at`, `created_at`, `updated_at`) VALUES
(9, 2, 3, '2021-01-28', NULL, '2021-05-26', '30000.0000', '{\"location_count\":10,\"user_count\":10,\"product_count\":0,\"invoice_count\":0,\"name\":\"Twiga\"}', 2, 'offline', NULL, '', 'approved', NULL, '2020-06-10 07:58:02', '2021-01-30 00:09:34'),
(10, 7, 2, '2020-11-28', '2021-01-27', '2020-12-28', '20000.0000', '{\"location_count\":3,\"user_count\":3,\"product_count\":0,\"invoice_count\":0,\"name\":\"Simba\"}', 10, 'offline', '1234', '', 'approved', NULL, '2020-11-28 14:33:42', '2020-11-28 18:13:41'),
(11, 1, 3, '2021-01-15', '2021-03-17', '2021-02-15', '30000.0000', '{\"location_count\":10,\"user_count\":10,\"product_count\":0,\"invoice_count\":0,\"name\":\"Twiga\"}', 1, 'offline', '1234590', '', 'approved', NULL, '2021-01-15 21:17:23', '2021-01-15 23:48:44'),
(12, 10, 3, '2021-01-29', '2021-01-30', '2031-01-04', '30000.0000', '{\"location_count\":10,\"user_count\":10,\"product_count\":0,\"invoice_count\":0,\"name\":\"Twiga\"}', 18, 'offline', '123459090', '', 'declined', NULL, '2021-01-29 17:54:41', '2021-01-30 12:31:50'),
(13, 10, 3, '2021-01-01', '2021-02-02', '2021-07-01', '30000.0000', '{\"location_count\":10,\"user_count\":10,\"product_count\":0,\"invoice_count\":0,\"name\":\"Twiga\",\"manufacturing_module\":\"1\",\"productcatalogue_module\":\"1\"}', 18, 'offline', '55221565', '', 'approved', NULL, '2021-01-30 10:00:23', '2021-01-30 12:40:56'),
(14, 11, 3, '2021-02-17', '2021-03-17', '2021-03-17', '30000.0000', '{\"location_count\":10,\"user_count\":10,\"product_count\":0,\"invoice_count\":0,\"name\":\"Twiga\",\"manufacturing_module\":\"1\",\"productcatalogue_module\":\"1\"}', 19, 'offline', NULL, '', 'approved', NULL, '2021-02-17 08:15:02', '2021-02-17 10:48:39'),
(15, 1, 3, '2021-02-16', '2021-04-15', '2021-03-16', '30000.0000', '{\"location_count\":10,\"user_count\":10,\"product_count\":0,\"invoice_count\":0,\"name\":\"Twiga\",\"manufacturing_module\":\"1\",\"productcatalogue_module\":\"1\"}', 1, 'offline', '123456789098765', '', 'approved', NULL, '2021-02-18 11:34:31', '2021-02-18 14:05:22'),
(16, 12, 4, '2021-02-24', '2021-03-24', '2021-05-14', '10000.0000', '{\"location_count\":1,\"user_count\":1,\"product_count\":0,\"invoice_count\":0,\"name\":\"Basic\"}', 20, 'offline', '12338373', '', 'approved', NULL, '2021-02-24 18:35:55', '2021-04-14 19:47:29'),
(17, 13, 4, NULL, NULL, NULL, '10000.0000', '{\"location_count\":1,\"user_count\":1,\"product_count\":0,\"invoice_count\":0,\"name\":\"Basic\"}', 21, 'offline', NULL, '', 'waiting', NULL, '2021-02-27 22:25:00', '2021-02-27 22:25:00'),
(18, 13, 3, '2021-03-17', '2021-05-17', '2021-04-17', '30000.0000', '{\"location_count\":10,\"user_count\":10,\"product_count\":0,\"invoice_count\":0,\"name\":\"Twiga\",\"manufacturing_module\":\"1\",\"productcatalogue_module\":\"1\"}', 21, 'offline', NULL, '', 'approved', NULL, '2021-03-02 23:52:09', '2021-04-13 18:15:59'),
(19, 14, 5, '2021-03-17', '2021-04-17', '2021-04-17', '100000.0000', '{\"location_count\":0,\"user_count\":0,\"product_count\":0,\"invoice_count\":0,\"name\":\"Enterprise\",\"manufacturing_module\":\"1\",\"productcatalogue_module\":\"1\"}', 23, 'offline', '123456789087654321', '', 'approved', NULL, '2021-03-22 15:02:44', '2021-03-22 17:34:33'),
(20, 17, 4, '2021-04-13', '2021-05-13', '2021-05-13', '10000.0000', '{\"location_count\":1,\"user_count\":1,\"product_count\":0,\"invoice_count\":0,\"name\":\"Basic\"}', 26, 'offline', NULL, '', 'approved', NULL, '2021-04-13 12:53:23', '2021-04-14 15:25:19'),
(21, 1, 5, '2021-04-28', NULL, '2030-12-27', '0.0000', '{\"location_count\":0,\"user_count\":0,\"product_count\":0,\"invoice_count\":0,\"name\":\"Enterprise\",\"manufacturing_module\":\"1\",\"productcatalogue_module\":\"1\"}', 1, 'offline', NULL, '', 'waiting', NULL, '2021-04-28 17:29:15', '2021-04-28 20:00:12'),
(22, 7, 5, '2021-05-01', '2022-04-08', '2022-02-01', '0.0000', '{\"location_count\":0,\"user_count\":0,\"product_count\":0,\"invoice_count\":0,\"name\":\"Enterprise\",\"manufacturing_module\":\"1\",\"productcatalogue_module\":\"1\"}', 10, 'offline', NULL, '', 'approved', NULL, '2021-05-01 11:31:04', '2021-05-01 14:02:52');

-- --------------------------------------------------------

--
-- Table structure for table `superadmin_communicator_logs`
--

CREATE TABLE `superadmin_communicator_logs` (
  `id` int(10) UNSIGNED NOT NULL,
  `business_ids` text COLLATE utf8mb4_unicode_ci,
  `subject` varchar(191) COLLATE utf8mb4_unicode_ci DEFAULT NULL,
  `message` text COLLATE utf8mb4_unicode_ci,
  `created_at` timestamp NULL DEFAULT NULL,
  `updated_at` timestamp NULL DEFAULT NULL
) ENGINE=InnoDB DEFAULT CHARSET=utf8mb4 COLLATE=utf8mb4_unicode_ci;

-- --------------------------------------------------------

--
-- Table structure for table `superadmin_frontend_pages`
--

CREATE TABLE `superadmin_frontend_pages` (
  `id` int(10) UNSIGNED NOT NULL,
  `title` varchar(191) COLLATE utf8mb4_unicode_ci DEFAULT NULL,
  `slug` varchar(191) COLLATE utf8mb4_unicode_ci NOT NULL,
  `content` longtext COLLATE utf8mb4_unicode_ci NOT NULL,
  `is_shown` tinyint(1) NOT NULL,
  `menu_order` int(11) DEFAULT '0',
  `created_at` timestamp NULL DEFAULT NULL,
  `updated_at` timestamp NULL DEFAULT NULL
) ENGINE=InnoDB DEFAULT CHARSET=utf8mb4 COLLATE=utf8mb4_unicode_ci;

-- --------------------------------------------------------

--
-- Table structure for table `system`
--

CREATE TABLE `system` (
  `id` int(10) UNSIGNED NOT NULL,
  `key` varchar(191) COLLATE utf8mb4_unicode_ci NOT NULL,
  `value` text COLLATE utf8mb4_unicode_ci
) ENGINE=InnoDB DEFAULT CHARSET=utf8mb4 COLLATE=utf8mb4_unicode_ci;

--
-- Dumping data for table `system`
--

INSERT INTO `system` (`id`, `key`, `value`) VALUES
(1, 'db_version', '4.7.4'),
(2, 'default_business_active_status', '1'),
(3, 'superadmin_version', '2.1'),
(4, 'app_currency_id', '138'),
(5, 'invoice_business_name', '100POS'),
(6, 'invoice_business_landmark', 'Landmark'),
(7, 'invoice_business_zip', 'Zip'),
(8, 'invoice_business_state', 'State'),
(9, 'invoice_business_city', 'City'),
(10, 'invoice_business_country', 'Country'),
(11, 'email', 'superadmin@example.com'),
(12, 'package_expiry_alert_days', '5'),
(13, 'enable_business_based_username', '0'),
(14, 'superadmin_register_tc', NULL),
(15, 'welcome_email_subject', 'Thank for JOINING'),
(16, 'welcome_email_body', '<p>Thank you, for joining, here we will give you all the help you need to grow your business</p>'),
(17, 'additional_js', NULL),
(18, 'additional_css', NULL),
(19, 'superadmin_enable_register_tc', '0'),
(20, 'allow_email_settings_to_businesses', '0'),
(21, 'enable_new_business_registration_notification', '1'),
(22, 'enable_new_subscription_notification', '1'),
(23, 'enable_welcome_email', '1'),
(24, 'enable_offline_payment', '1'),
(25, 'manufacturing_version', '2.1'),
(27, 'productcatalogue_version', '0.6'),
(28, 'crm_version', '1.5');

-- --------------------------------------------------------

--
-- Table structure for table `tax_rates`
--

CREATE TABLE `tax_rates` (
  `id` int(10) UNSIGNED NOT NULL,
  `business_id` int(10) UNSIGNED NOT NULL,
  `name` varchar(191) COLLATE utf8mb4_unicode_ci NOT NULL,
  `amount` double(22,4) NOT NULL,
  `is_tax_group` tinyint(1) NOT NULL DEFAULT '0',
  `for_tax_group` tinyint(1) NOT NULL DEFAULT '0',
  `created_by` int(10) UNSIGNED NOT NULL,
  `deleted_at` timestamp NULL DEFAULT NULL,
  `created_at` timestamp NULL DEFAULT NULL,
  `updated_at` timestamp NULL DEFAULT NULL
) ENGINE=InnoDB DEFAULT CHARSET=utf8mb4 COLLATE=utf8mb4_unicode_ci;

--
-- Dumping data for table `tax_rates`
--

INSERT INTO `tax_rates` (`id`, `business_id`, `name`, `amount`, `is_tax_group`, `for_tax_group`, `created_by`, `deleted_at`, `created_at`, `updated_at`) VALUES
(1, 10, 'VAT', 18.0000, 0, 0, 18, NULL, '2021-02-18 10:16:20', '2021-02-18 10:18:40'),
(2, 1, 'VAT', 18.0000, 0, 0, 1, NULL, '2022-01-30 19:13:34', '2022-01-30 19:13:34'),
(3, 20, 'VAT', 18.0000, 0, 0, 33, NULL, '2022-02-19 14:23:34', '2022-02-19 14:23:34');

-- --------------------------------------------------------

--
-- Table structure for table `transactions`
--

CREATE TABLE `transactions` (
  `id` int(10) UNSIGNED NOT NULL,
  `business_id` int(10) UNSIGNED NOT NULL,
  `location_id` int(10) UNSIGNED DEFAULT NULL,
  `res_table_id` int(10) UNSIGNED DEFAULT NULL COMMENT 'fields to restaurant module',
  `res_waiter_id` int(10) UNSIGNED DEFAULT NULL COMMENT 'fields to restaurant module',
  `res_order_status` enum('received','cooked','served') COLLATE utf8mb4_unicode_ci DEFAULT NULL,
  `type` varchar(191) COLLATE utf8mb4_unicode_ci DEFAULT NULL,
  `sub_type` varchar(20) COLLATE utf8mb4_unicode_ci DEFAULT NULL,
  `status` varchar(191) COLLATE utf8mb4_unicode_ci NOT NULL,
  `sub_status` varchar(191) COLLATE utf8mb4_unicode_ci DEFAULT NULL,
  `is_quotation` tinyint(1) NOT NULL DEFAULT '0',
  `payment_status` enum('paid','due','partial') COLLATE utf8mb4_unicode_ci DEFAULT NULL,
  `adjustment_type` enum('normal','abnormal') COLLATE utf8mb4_unicode_ci DEFAULT NULL,
  `contact_id` int(10) UNSIGNED DEFAULT NULL,
  `customer_group_id` int(11) DEFAULT NULL COMMENT 'used to add customer group while selling',
  `invoice_no` varchar(191) COLLATE utf8mb4_unicode_ci DEFAULT NULL,
  `ref_no` varchar(191) COLLATE utf8mb4_unicode_ci DEFAULT NULL,
  `source` varchar(191) COLLATE utf8mb4_unicode_ci DEFAULT NULL,
  `subscription_no` varchar(191) COLLATE utf8mb4_unicode_ci DEFAULT NULL,
  `subscription_repeat_on` varchar(191) COLLATE utf8mb4_unicode_ci DEFAULT NULL,
  `transaction_date` datetime NOT NULL,
  `total_before_tax` decimal(22,4) NOT NULL DEFAULT '0.0000' COMMENT 'Total before the purchase/invoice tax, this includeds the indivisual product tax',
  `tax_id` int(10) UNSIGNED DEFAULT NULL,
  `tax_amount` decimal(22,4) NOT NULL DEFAULT '0.0000',
  `discount_type` enum('fixed','percentage') COLLATE utf8mb4_unicode_ci DEFAULT NULL,
  `discount_amount` decimal(22,4) DEFAULT '0.0000',
  `rp_redeemed` int(11) NOT NULL DEFAULT '0' COMMENT 'rp is the short form of reward points',
  `rp_redeemed_amount` decimal(22,4) NOT NULL DEFAULT '0.0000' COMMENT 'rp is the short form of reward points',
  `shipping_details` varchar(191) COLLATE utf8mb4_unicode_ci DEFAULT NULL,
  `shipping_address` text COLLATE utf8mb4_unicode_ci,
  `shipping_status` varchar(191) COLLATE utf8mb4_unicode_ci DEFAULT NULL,
  `delivered_to` varchar(191) COLLATE utf8mb4_unicode_ci DEFAULT NULL,
  `shipping_charges` decimal(22,4) NOT NULL DEFAULT '0.0000',
  `shipping_custom_field_1` varchar(191) COLLATE utf8mb4_unicode_ci DEFAULT NULL,
  `shipping_custom_field_2` varchar(191) COLLATE utf8mb4_unicode_ci DEFAULT NULL,
  `shipping_custom_field_3` varchar(191) COLLATE utf8mb4_unicode_ci DEFAULT NULL,
  `shipping_custom_field_4` varchar(191) COLLATE utf8mb4_unicode_ci DEFAULT NULL,
  `shipping_custom_field_5` varchar(191) COLLATE utf8mb4_unicode_ci DEFAULT NULL,
  `additional_notes` text COLLATE utf8mb4_unicode_ci,
  `staff_note` text COLLATE utf8mb4_unicode_ci,
  `is_export` tinyint(1) NOT NULL DEFAULT '0',
  `export_custom_fields_info` longtext COLLATE utf8mb4_unicode_ci,
  `round_off_amount` decimal(22,4) NOT NULL DEFAULT '0.0000' COMMENT 'Difference of rounded total and actual total',
  `additional_expense_key_1` varchar(191) COLLATE utf8mb4_unicode_ci DEFAULT NULL,
  `additional_expense_value_1` decimal(22,4) NOT NULL DEFAULT '0.0000',
  `additional_expense_key_2` varchar(191) COLLATE utf8mb4_unicode_ci DEFAULT NULL,
  `additional_expense_value_2` decimal(22,4) NOT NULL DEFAULT '0.0000',
  `additional_expense_key_3` varchar(191) COLLATE utf8mb4_unicode_ci DEFAULT NULL,
  `additional_expense_value_3` decimal(22,4) NOT NULL DEFAULT '0.0000',
  `additional_expense_key_4` varchar(191) COLLATE utf8mb4_unicode_ci DEFAULT NULL,
  `additional_expense_value_4` decimal(22,4) NOT NULL DEFAULT '0.0000',
  `final_total` decimal(22,4) NOT NULL DEFAULT '0.0000',
  `expense_category_id` int(10) UNSIGNED DEFAULT NULL,
  `expense_for` int(10) UNSIGNED DEFAULT NULL,
  `commission_agent` int(11) DEFAULT NULL,
  `document` varchar(191) COLLATE utf8mb4_unicode_ci DEFAULT NULL,
  `is_direct_sale` tinyint(1) NOT NULL DEFAULT '0',
  `is_suspend` tinyint(1) NOT NULL DEFAULT '0',
  `exchange_rate` decimal(20,3) NOT NULL DEFAULT '1.000',
  `total_amount_recovered` decimal(22,4) DEFAULT NULL COMMENT 'Used for stock adjustment.',
  `transfer_parent_id` int(11) DEFAULT NULL,
  `return_parent_id` int(11) DEFAULT NULL,
  `opening_stock_product_id` int(11) DEFAULT NULL,
  `created_by` int(10) UNSIGNED NOT NULL,
  `crm_is_order_request` tinyint(1) NOT NULL DEFAULT '0',
  `prefer_payment_method` varchar(191) COLLATE utf8mb4_unicode_ci DEFAULT NULL,
  `prefer_payment_account` int(11) DEFAULT NULL,
  `sales_order_ids` text COLLATE utf8mb4_unicode_ci,
  `purchase_order_ids` text COLLATE utf8mb4_unicode_ci,
  `custom_field_1` varchar(191) COLLATE utf8mb4_unicode_ci DEFAULT NULL,
  `custom_field_2` varchar(191) COLLATE utf8mb4_unicode_ci DEFAULT NULL,
  `custom_field_3` varchar(191) COLLATE utf8mb4_unicode_ci DEFAULT NULL,
  `custom_field_4` varchar(191) COLLATE utf8mb4_unicode_ci DEFAULT NULL,
  `mfg_parent_production_purchase_id` int(11) DEFAULT NULL,
  `mfg_wasted_units` decimal(22,4) DEFAULT NULL,
  `mfg_production_cost` decimal(22,4) NOT NULL DEFAULT '0.0000',
  `mfg_production_cost_type` varchar(191) COLLATE utf8mb4_unicode_ci DEFAULT 'percentage',
  `mfg_is_final` tinyint(1) NOT NULL DEFAULT '0',
  `import_batch` int(11) DEFAULT NULL,
  `import_time` datetime DEFAULT NULL,
  `types_of_service_id` int(11) DEFAULT NULL,
  `packing_charge` decimal(22,4) DEFAULT NULL,
  `packing_charge_type` enum('fixed','percent') COLLATE utf8mb4_unicode_ci DEFAULT NULL,
  `service_custom_field_1` text COLLATE utf8mb4_unicode_ci,
  `service_custom_field_2` text COLLATE utf8mb4_unicode_ci,
  `service_custom_field_3` text COLLATE utf8mb4_unicode_ci,
  `service_custom_field_4` text COLLATE utf8mb4_unicode_ci,
  `service_custom_field_5` text COLLATE utf8mb4_unicode_ci,
  `service_custom_field_6` text COLLATE utf8mb4_unicode_ci,
  `is_created_from_api` tinyint(1) NOT NULL DEFAULT '0',
  `rp_earned` int(11) NOT NULL DEFAULT '0' COMMENT 'rp is the short form of reward points',
  `order_addresses` text COLLATE utf8mb4_unicode_ci,
  `is_recurring` tinyint(1) NOT NULL DEFAULT '0',
  `recur_interval` double(22,4) DEFAULT NULL,
  `recur_interval_type` enum('days','months','years') COLLATE utf8mb4_unicode_ci DEFAULT NULL,
  `recur_repetitions` int(11) DEFAULT NULL,
  `recur_stopped_on` datetime DEFAULT NULL,
  `recur_parent_id` int(11) DEFAULT NULL,
  `invoice_token` varchar(191) COLLATE utf8mb4_unicode_ci DEFAULT NULL,
  `pay_term_number` int(11) DEFAULT NULL,
  `pay_term_type` enum('days','months') COLLATE utf8mb4_unicode_ci DEFAULT NULL,
  `selling_price_group_id` int(11) DEFAULT NULL,
  `created_at` timestamp NULL DEFAULT NULL,
  `updated_at` timestamp NULL DEFAULT NULL,
  `release_order` enum('Yes','No') COLLATE utf8mb4_unicode_ci NOT NULL,
  `release_date` datetime NOT NULL,
  `carryin_confirmation` enum('Yes','No') COLLATE utf8mb4_unicode_ci NOT NULL,
  `carryin_date` datetime NOT NULL,
  `carryout_date` datetime DEFAULT NULL,
  `carryout_details` text COLLATE utf8mb4_unicode_ci
) ENGINE=InnoDB DEFAULT CHARSET=utf8mb4 COLLATE=utf8mb4_unicode_ci;

--
-- Dumping data for table `transactions`
--

INSERT INTO `transactions` (`id`, `business_id`, `location_id`, `res_table_id`, `res_waiter_id`, `res_order_status`, `type`, `sub_type`, `status`, `sub_status`, `is_quotation`, `payment_status`, `adjustment_type`, `contact_id`, `customer_group_id`, `invoice_no`, `ref_no`, `source`, `subscription_no`, `subscription_repeat_on`, `transaction_date`, `total_before_tax`, `tax_id`, `tax_amount`, `discount_type`, `discount_amount`, `rp_redeemed`, `rp_redeemed_amount`, `shipping_details`, `shipping_address`, `shipping_status`, `delivered_to`, `shipping_charges`, `shipping_custom_field_1`, `shipping_custom_field_2`, `shipping_custom_field_3`, `shipping_custom_field_4`, `shipping_custom_field_5`, `additional_notes`, `staff_note`, `is_export`, `export_custom_fields_info`, `round_off_amount`, `additional_expense_key_1`, `additional_expense_value_1`, `additional_expense_key_2`, `additional_expense_value_2`, `additional_expense_key_3`, `additional_expense_value_3`, `additional_expense_key_4`, `additional_expense_value_4`, `final_total`, `expense_category_id`, `expense_for`, `commission_agent`, `document`, `is_direct_sale`, `is_suspend`, `exchange_rate`, `total_amount_recovered`, `transfer_parent_id`, `return_parent_id`, `opening_stock_product_id`, `created_by`, `crm_is_order_request`, `prefer_payment_method`, `prefer_payment_account`, `sales_order_ids`, `purchase_order_ids`, `custom_field_1`, `custom_field_2`, `custom_field_3`, `custom_field_4`, `mfg_parent_production_purchase_id`, `mfg_wasted_units`, `mfg_production_cost`, `mfg_production_cost_type`, `mfg_is_final`, `import_batch`, `import_time`, `types_of_service_id`, `packing_charge`, `packing_charge_type`, `service_custom_field_1`, `service_custom_field_2`, `service_custom_field_3`, `service_custom_field_4`, `service_custom_field_5`, `service_custom_field_6`, `is_created_from_api`, `rp_earned`, `order_addresses`, `is_recurring`, `recur_interval`, `recur_interval_type`, `recur_repetitions`, `recur_stopped_on`, `recur_parent_id`, `invoice_token`, `pay_term_number`, `pay_term_type`, `selling_price_group_id`, `created_at`, `updated_at`, `release_order`, `release_date`, `carryin_confirmation`, `carryin_date`, `carryout_date`, `carryout_details`) VALUES
(1, 2, 2, NULL, NULL, NULL, 'opening_stock', NULL, 'received', NULL, 0, 'paid', NULL, NULL, NULL, NULL, NULL, NULL, NULL, NULL, '2020-01-01 23:40:26', '240000000.0000', NULL, '0.0000', NULL, '0.0000', 0, '0.0000', NULL, NULL, NULL, NULL, '0.0000', NULL, NULL, NULL, NULL, NULL, NULL, NULL, 0, NULL, '0.0000', NULL, '0.0000', NULL, '0.0000', NULL, '0.0000', NULL, '0.0000', '240000000.0000', NULL, NULL, NULL, NULL, 0, 0, '1.000', NULL, NULL, NULL, 1, 2, 0, NULL, NULL, NULL, NULL, NULL, NULL, NULL, NULL, NULL, NULL, '0.0000', 'percentage', 0, NULL, NULL, NULL, NULL, NULL, NULL, NULL, NULL, NULL, NULL, NULL, 0, 0, NULL, 0, NULL, NULL, NULL, NULL, NULL, NULL, NULL, NULL, NULL, '2020-03-27 23:40:26', '2020-03-27 23:40:26', 'Yes', '0000-00-00 00:00:00', 'Yes', '0000-00-00 00:00:00', NULL, NULL),
(2, 2, 2, NULL, NULL, NULL, 'sell', NULL, 'final', NULL, 0, 'paid', NULL, 2, NULL, '0001', '', NULL, NULL, NULL, '2020-03-27 23:43:04', '1416000.0000', NULL, '0.0000', 'percentage', '0.0000', 0, '0.0000', NULL, NULL, NULL, NULL, '0.0000', NULL, NULL, NULL, NULL, NULL, NULL, NULL, 0, NULL, '0.0000', NULL, '0.0000', NULL, '0.0000', NULL, '0.0000', NULL, '0.0000', '1416000.0000', NULL, NULL, NULL, NULL, 0, 0, '1.000', NULL, NULL, NULL, NULL, 2, 0, NULL, NULL, NULL, NULL, NULL, NULL, NULL, NULL, NULL, NULL, '0.0000', 'percentage', 0, NULL, NULL, NULL, '0.0000', NULL, NULL, NULL, NULL, NULL, NULL, NULL, 0, 0, NULL, 0, NULL, 'days', 0, NULL, NULL, NULL, NULL, NULL, 0, '2020-03-27 23:43:04', '2020-03-27 23:43:04', 'Yes', '0000-00-00 00:00:00', 'Yes', '0000-00-00 00:00:00', NULL, NULL),
(3, 2, 2, NULL, NULL, NULL, 'purchase', NULL, 'received', NULL, 0, 'paid', NULL, 5, NULL, NULL, 'PO2020/0001', NULL, NULL, NULL, '2020-03-27 23:46:00', '30000.0000', NULL, '0.0000', NULL, '0.0000', 0, '0.0000', NULL, NULL, NULL, NULL, '0.0000', NULL, NULL, NULL, NULL, NULL, NULL, NULL, 0, NULL, '0.0000', NULL, '0.0000', NULL, '0.0000', NULL, '0.0000', NULL, '0.0000', '30000.0000', NULL, NULL, NULL, NULL, 0, 0, '1.000', NULL, NULL, NULL, NULL, 2, 0, NULL, NULL, NULL, NULL, NULL, NULL, NULL, NULL, NULL, NULL, '0.0000', 'percentage', 0, NULL, NULL, NULL, NULL, NULL, NULL, NULL, NULL, NULL, NULL, NULL, 0, 0, NULL, 0, NULL, NULL, NULL, NULL, NULL, NULL, 1, 'days', NULL, '2020-03-27 23:50:14', '2020-03-27 23:50:14', 'Yes', '0000-00-00 00:00:00', 'Yes', '0000-00-00 00:00:00', NULL, NULL),
(4, 5, 5, NULL, NULL, NULL, 'opening_stock', NULL, 'received', NULL, 0, 'paid', NULL, NULL, NULL, NULL, NULL, NULL, NULL, NULL, '2020-01-01 00:22:11', '12000.0000', NULL, '0.0000', NULL, '0.0000', 0, '0.0000', NULL, NULL, NULL, NULL, '0.0000', NULL, NULL, NULL, NULL, NULL, NULL, NULL, 0, NULL, '0.0000', NULL, '0.0000', NULL, '0.0000', NULL, '0.0000', NULL, '0.0000', '12000.0000', NULL, NULL, NULL, NULL, 0, 0, '1.000', NULL, NULL, NULL, 4, 5, 0, NULL, NULL, NULL, NULL, NULL, NULL, NULL, NULL, NULL, NULL, '0.0000', 'percentage', 0, NULL, NULL, NULL, NULL, NULL, NULL, NULL, NULL, NULL, NULL, NULL, 0, 0, NULL, 0, NULL, NULL, NULL, NULL, NULL, NULL, NULL, NULL, NULL, '2020-03-30 00:22:11', '2020-03-30 00:22:11', 'Yes', '0000-00-00 00:00:00', 'Yes', '0000-00-00 00:00:00', NULL, NULL),
(5, 5, 5, NULL, NULL, NULL, 'opening_stock', NULL, 'received', NULL, 0, 'paid', NULL, NULL, NULL, NULL, NULL, NULL, NULL, NULL, '2020-01-01 00:23:14', '100000.0000', NULL, '0.0000', NULL, '0.0000', 0, '0.0000', NULL, NULL, NULL, NULL, '0.0000', NULL, NULL, NULL, NULL, NULL, NULL, NULL, 0, NULL, '0.0000', NULL, '0.0000', NULL, '0.0000', NULL, '0.0000', NULL, '0.0000', '100000.0000', NULL, NULL, NULL, NULL, 0, 0, '1.000', NULL, NULL, NULL, 3, 5, 0, NULL, NULL, NULL, NULL, NULL, NULL, NULL, NULL, NULL, NULL, '0.0000', 'percentage', 0, NULL, NULL, NULL, NULL, NULL, NULL, NULL, NULL, NULL, NULL, NULL, 0, 0, NULL, 0, NULL, NULL, NULL, NULL, NULL, NULL, NULL, NULL, NULL, '2020-03-30 00:23:14', '2020-03-30 00:23:14', 'Yes', '0000-00-00 00:00:00', 'Yes', '0000-00-00 00:00:00', NULL, NULL),
(6, 5, 5, NULL, NULL, NULL, 'opening_stock', NULL, 'received', NULL, 0, 'paid', NULL, NULL, NULL, NULL, NULL, NULL, NULL, NULL, '2020-01-01 00:24:33', '7000.0000', NULL, '0.0000', NULL, '0.0000', 0, '0.0000', NULL, NULL, NULL, NULL, '0.0000', NULL, NULL, NULL, NULL, NULL, NULL, NULL, 0, NULL, '0.0000', NULL, '0.0000', NULL, '0.0000', NULL, '0.0000', NULL, '0.0000', '7000.0000', NULL, NULL, NULL, NULL, 0, 0, '1.000', NULL, NULL, NULL, 5, 5, 0, NULL, NULL, NULL, NULL, NULL, NULL, NULL, NULL, NULL, NULL, '0.0000', 'percentage', 0, NULL, NULL, NULL, NULL, NULL, NULL, NULL, NULL, NULL, NULL, NULL, 0, 0, NULL, 0, NULL, NULL, NULL, NULL, NULL, NULL, NULL, NULL, NULL, '2020-03-30 00:24:33', '2020-03-30 00:24:33', 'Yes', '0000-00-00 00:00:00', 'Yes', '0000-00-00 00:00:00', NULL, NULL),
(7, 5, 5, NULL, NULL, NULL, 'opening_stock', NULL, 'received', NULL, 0, 'paid', NULL, NULL, NULL, NULL, NULL, NULL, NULL, NULL, '2020-01-01 00:25:43', '64000.0000', NULL, '0.0000', NULL, '0.0000', 0, '0.0000', NULL, NULL, NULL, NULL, '0.0000', NULL, NULL, NULL, NULL, NULL, NULL, NULL, 0, NULL, '0.0000', NULL, '0.0000', NULL, '0.0000', NULL, '0.0000', NULL, '0.0000', '64000.0000', NULL, NULL, NULL, NULL, 0, 0, '1.000', NULL, NULL, NULL, 6, 5, 0, NULL, NULL, NULL, NULL, NULL, NULL, NULL, NULL, NULL, NULL, '0.0000', 'percentage', 0, NULL, NULL, NULL, NULL, NULL, NULL, NULL, NULL, NULL, NULL, NULL, 0, 0, NULL, 0, NULL, NULL, NULL, NULL, NULL, NULL, NULL, NULL, NULL, '2020-03-30 00:25:43', '2020-03-30 00:25:43', 'Yes', '0000-00-00 00:00:00', 'Yes', '0000-00-00 00:00:00', NULL, NULL),
(8, 5, 5, NULL, NULL, NULL, 'opening_stock', NULL, 'received', NULL, 0, 'paid', NULL, NULL, NULL, NULL, NULL, NULL, NULL, NULL, '2020-01-01 00:27:00', '150000.0000', NULL, '0.0000', NULL, '0.0000', 0, '0.0000', NULL, NULL, NULL, NULL, '0.0000', NULL, NULL, NULL, NULL, NULL, NULL, NULL, 0, NULL, '0.0000', NULL, '0.0000', NULL, '0.0000', NULL, '0.0000', NULL, '0.0000', '150000.0000', NULL, NULL, NULL, NULL, 0, 0, '1.000', NULL, NULL, NULL, 7, 5, 0, NULL, NULL, NULL, NULL, NULL, NULL, NULL, NULL, NULL, NULL, '0.0000', 'percentage', 0, NULL, NULL, NULL, NULL, NULL, NULL, NULL, NULL, NULL, NULL, NULL, 0, 0, NULL, 0, NULL, NULL, NULL, NULL, NULL, NULL, NULL, NULL, NULL, '2020-03-30 00:27:00', '2020-03-30 00:27:00', 'Yes', '0000-00-00 00:00:00', 'Yes', '0000-00-00 00:00:00', NULL, NULL),
(9, 5, 5, NULL, NULL, NULL, 'opening_stock', NULL, 'received', NULL, 0, 'paid', NULL, NULL, NULL, NULL, NULL, NULL, NULL, NULL, '2020-01-01 00:28:24', '600000.0000', NULL, '0.0000', NULL, '0.0000', 0, '0.0000', NULL, NULL, NULL, NULL, '0.0000', NULL, NULL, NULL, NULL, NULL, NULL, NULL, 0, NULL, '0.0000', NULL, '0.0000', NULL, '0.0000', NULL, '0.0000', NULL, '0.0000', '600000.0000', NULL, NULL, NULL, NULL, 0, 0, '1.000', NULL, NULL, NULL, 8, 5, 0, NULL, NULL, NULL, NULL, NULL, NULL, NULL, NULL, NULL, NULL, '0.0000', 'percentage', 0, NULL, NULL, NULL, NULL, NULL, NULL, NULL, NULL, NULL, NULL, NULL, 0, 0, NULL, 0, NULL, NULL, NULL, NULL, NULL, NULL, NULL, NULL, NULL, '2020-03-30 00:28:24', '2020-03-30 00:28:24', 'Yes', '0000-00-00 00:00:00', 'Yes', '0000-00-00 00:00:00', NULL, NULL),
(10, 5, 5, NULL, NULL, NULL, 'opening_stock', NULL, 'received', NULL, 0, 'paid', NULL, NULL, NULL, NULL, NULL, NULL, NULL, NULL, '2020-01-01 00:29:41', '7000.0000', NULL, '0.0000', NULL, '0.0000', 0, '0.0000', NULL, NULL, NULL, NULL, '0.0000', NULL, NULL, NULL, NULL, NULL, NULL, NULL, 0, NULL, '0.0000', NULL, '0.0000', NULL, '0.0000', NULL, '0.0000', NULL, '0.0000', '7000.0000', NULL, NULL, NULL, NULL, 0, 0, '1.000', NULL, NULL, NULL, 9, 5, 0, NULL, NULL, NULL, NULL, NULL, NULL, NULL, NULL, NULL, NULL, '0.0000', 'percentage', 0, NULL, NULL, NULL, NULL, NULL, NULL, NULL, NULL, NULL, NULL, NULL, 0, 0, NULL, 0, NULL, NULL, NULL, NULL, NULL, NULL, NULL, NULL, NULL, '2020-03-30 00:29:41', '2020-03-30 00:29:41', 'Yes', '0000-00-00 00:00:00', 'Yes', '0000-00-00 00:00:00', NULL, NULL),
(11, 5, 5, NULL, NULL, NULL, 'opening_stock', NULL, 'received', NULL, 0, 'paid', NULL, NULL, NULL, NULL, NULL, NULL, NULL, NULL, '2020-01-01 00:31:52', '2250.0000', NULL, '0.0000', NULL, '0.0000', 0, '0.0000', NULL, NULL, NULL, NULL, '0.0000', NULL, NULL, NULL, NULL, NULL, NULL, NULL, 0, NULL, '0.0000', NULL, '0.0000', NULL, '0.0000', NULL, '0.0000', NULL, '0.0000', '2250.0000', NULL, NULL, NULL, NULL, 0, 0, '1.000', NULL, NULL, NULL, 10, 5, 0, NULL, NULL, NULL, NULL, NULL, NULL, NULL, NULL, NULL, NULL, '0.0000', 'percentage', 0, NULL, NULL, NULL, NULL, NULL, NULL, NULL, NULL, NULL, NULL, NULL, 0, 0, NULL, 0, NULL, NULL, NULL, NULL, NULL, NULL, NULL, NULL, NULL, '2020-03-30 00:31:52', '2020-03-30 00:31:52', 'Yes', '0000-00-00 00:00:00', 'Yes', '0000-00-00 00:00:00', NULL, NULL),
(12, 5, 5, NULL, NULL, NULL, 'opening_stock', NULL, 'received', NULL, 0, 'paid', NULL, NULL, NULL, NULL, NULL, NULL, NULL, NULL, '2020-01-01 00:33:14', '15000.0000', NULL, '0.0000', NULL, '0.0000', 0, '0.0000', NULL, NULL, NULL, NULL, '0.0000', NULL, NULL, NULL, NULL, NULL, NULL, NULL, 0, NULL, '0.0000', NULL, '0.0000', NULL, '0.0000', NULL, '0.0000', NULL, '0.0000', '15000.0000', NULL, NULL, NULL, NULL, 0, 0, '1.000', NULL, NULL, NULL, 11, 5, 0, NULL, NULL, NULL, NULL, NULL, NULL, NULL, NULL, NULL, NULL, '0.0000', 'percentage', 0, NULL, NULL, NULL, NULL, NULL, NULL, NULL, NULL, NULL, NULL, NULL, 0, 0, NULL, 0, NULL, NULL, NULL, NULL, NULL, NULL, NULL, NULL, NULL, '2020-03-30 00:33:14', '2020-03-30 00:33:14', 'Yes', '0000-00-00 00:00:00', 'Yes', '0000-00-00 00:00:00', NULL, NULL),
(13, 5, 5, NULL, NULL, NULL, 'opening_stock', NULL, 'received', NULL, 0, 'paid', NULL, NULL, NULL, NULL, NULL, NULL, NULL, NULL, '2020-01-01 00:34:57', '25000.0000', NULL, '0.0000', NULL, '0.0000', 0, '0.0000', NULL, NULL, NULL, NULL, '0.0000', NULL, NULL, NULL, NULL, NULL, NULL, NULL, 0, NULL, '0.0000', NULL, '0.0000', NULL, '0.0000', NULL, '0.0000', NULL, '0.0000', '25000.0000', NULL, NULL, NULL, NULL, 0, 0, '1.000', NULL, NULL, NULL, 12, 5, 0, NULL, NULL, NULL, NULL, NULL, NULL, NULL, NULL, NULL, NULL, '0.0000', 'percentage', 0, NULL, NULL, NULL, NULL, NULL, NULL, NULL, NULL, NULL, NULL, NULL, 0, 0, NULL, 0, NULL, NULL, NULL, NULL, NULL, NULL, NULL, NULL, NULL, '2020-03-30 00:34:57', '2020-03-30 00:34:57', 'Yes', '0000-00-00 00:00:00', 'Yes', '0000-00-00 00:00:00', NULL, NULL),
(14, 5, 5, NULL, NULL, NULL, 'opening_stock', NULL, 'received', NULL, 0, 'paid', NULL, NULL, NULL, NULL, NULL, NULL, NULL, NULL, '2020-01-01 00:36:23', '250000.0000', NULL, '0.0000', NULL, '0.0000', 0, '0.0000', NULL, NULL, NULL, NULL, '0.0000', NULL, NULL, NULL, NULL, NULL, NULL, NULL, 0, NULL, '0.0000', NULL, '0.0000', NULL, '0.0000', NULL, '0.0000', NULL, '0.0000', '250000.0000', NULL, NULL, NULL, NULL, 0, 0, '1.000', NULL, NULL, NULL, 13, 5, 0, NULL, NULL, NULL, NULL, NULL, NULL, NULL, NULL, NULL, NULL, '0.0000', 'percentage', 0, NULL, NULL, NULL, NULL, NULL, NULL, NULL, NULL, NULL, NULL, NULL, 0, 0, NULL, 0, NULL, NULL, NULL, NULL, NULL, NULL, NULL, NULL, NULL, '2020-03-30 00:36:23', '2020-03-30 00:36:23', 'Yes', '0000-00-00 00:00:00', 'Yes', '0000-00-00 00:00:00', NULL, NULL),
(15, 5, 5, NULL, NULL, NULL, 'opening_stock', NULL, 'received', NULL, 0, 'paid', NULL, NULL, NULL, NULL, NULL, NULL, NULL, NULL, '2020-01-01 00:38:38', '280000.0000', NULL, '0.0000', NULL, '0.0000', 0, '0.0000', NULL, NULL, NULL, NULL, '0.0000', NULL, NULL, NULL, NULL, NULL, NULL, NULL, 0, NULL, '0.0000', NULL, '0.0000', NULL, '0.0000', NULL, '0.0000', NULL, '0.0000', '280000.0000', NULL, NULL, NULL, NULL, 0, 0, '1.000', NULL, NULL, NULL, 14, 5, 0, NULL, NULL, NULL, NULL, NULL, NULL, NULL, NULL, NULL, NULL, '0.0000', 'percentage', 0, NULL, NULL, NULL, NULL, NULL, NULL, NULL, NULL, NULL, NULL, NULL, 0, 0, NULL, 0, NULL, NULL, NULL, NULL, NULL, NULL, NULL, NULL, NULL, '2020-03-30 00:38:38', '2020-03-30 00:38:38', 'Yes', '0000-00-00 00:00:00', 'Yes', '0000-00-00 00:00:00', NULL, NULL),
(16, 5, 5, NULL, NULL, NULL, 'opening_stock', NULL, 'received', NULL, 0, 'paid', NULL, NULL, NULL, NULL, NULL, NULL, NULL, NULL, '2020-01-01 00:40:47', '720000.0000', NULL, '0.0000', NULL, '0.0000', 0, '0.0000', NULL, NULL, NULL, NULL, '0.0000', NULL, NULL, NULL, NULL, NULL, NULL, NULL, 0, NULL, '0.0000', NULL, '0.0000', NULL, '0.0000', NULL, '0.0000', NULL, '0.0000', '720000.0000', NULL, NULL, NULL, NULL, 0, 0, '1.000', NULL, NULL, NULL, 15, 5, 0, NULL, NULL, NULL, NULL, NULL, NULL, NULL, NULL, NULL, NULL, '0.0000', 'percentage', 0, NULL, NULL, NULL, NULL, NULL, NULL, NULL, NULL, NULL, NULL, NULL, 0, 0, NULL, 0, NULL, NULL, NULL, NULL, NULL, NULL, NULL, NULL, NULL, '2020-03-30 00:40:47', '2020-03-30 00:40:47', 'Yes', '0000-00-00 00:00:00', 'Yes', '0000-00-00 00:00:00', NULL, NULL),
(17, 5, 5, NULL, NULL, NULL, 'opening_stock', NULL, 'received', NULL, 0, 'paid', NULL, NULL, NULL, NULL, NULL, NULL, NULL, NULL, '2020-01-01 00:46:06', '375000.0000', NULL, '0.0000', NULL, '0.0000', 0, '0.0000', NULL, NULL, NULL, NULL, '0.0000', NULL, NULL, NULL, NULL, NULL, NULL, NULL, 0, NULL, '0.0000', NULL, '0.0000', NULL, '0.0000', NULL, '0.0000', NULL, '0.0000', '375000.0000', NULL, NULL, NULL, NULL, 0, 0, '1.000', NULL, NULL, NULL, 16, 5, 0, NULL, NULL, NULL, NULL, NULL, NULL, NULL, NULL, NULL, NULL, '0.0000', 'percentage', 0, NULL, NULL, NULL, NULL, NULL, NULL, NULL, NULL, NULL, NULL, NULL, 0, 0, NULL, 0, NULL, NULL, NULL, NULL, NULL, NULL, NULL, NULL, NULL, '2020-03-30 00:46:06', '2020-03-30 00:46:06', 'Yes', '0000-00-00 00:00:00', 'Yes', '0000-00-00 00:00:00', NULL, NULL),
(18, 5, 5, NULL, NULL, NULL, 'opening_stock', NULL, 'received', NULL, 0, 'paid', NULL, NULL, NULL, NULL, NULL, NULL, NULL, NULL, '2020-01-01 00:47:44', '60000.0000', NULL, '0.0000', NULL, '0.0000', 0, '0.0000', NULL, NULL, NULL, NULL, '0.0000', NULL, NULL, NULL, NULL, NULL, NULL, NULL, 0, NULL, '0.0000', NULL, '0.0000', NULL, '0.0000', NULL, '0.0000', NULL, '0.0000', '60000.0000', NULL, NULL, NULL, NULL, 0, 0, '1.000', NULL, NULL, NULL, 17, 5, 0, NULL, NULL, NULL, NULL, NULL, NULL, NULL, NULL, NULL, NULL, '0.0000', 'percentage', 0, NULL, NULL, NULL, NULL, NULL, NULL, NULL, NULL, NULL, NULL, NULL, 0, 0, NULL, 0, NULL, NULL, NULL, NULL, NULL, NULL, NULL, NULL, NULL, '2020-03-30 00:47:44', '2020-03-30 00:47:44', 'Yes', '0000-00-00 00:00:00', 'Yes', '0000-00-00 00:00:00', NULL, NULL),
(19, 5, 5, NULL, NULL, NULL, 'sell', NULL, 'final', NULL, 0, 'paid', NULL, 6, NULL, '0001', '', NULL, NULL, NULL, '2020-04-01 00:33:07', '2513.4000', NULL, '0.0000', 'percentage', '0.0000', 0, '0.0000', NULL, NULL, NULL, NULL, '0.0000', NULL, NULL, NULL, NULL, NULL, NULL, NULL, 0, NULL, '0.0000', NULL, '0.0000', NULL, '0.0000', NULL, '0.0000', NULL, '0.0000', '2513.4000', NULL, NULL, NULL, NULL, 0, 0, '1.000', NULL, NULL, NULL, NULL, 6, 0, NULL, NULL, NULL, NULL, NULL, NULL, NULL, NULL, NULL, NULL, '0.0000', 'percentage', 0, NULL, NULL, NULL, '0.0000', NULL, NULL, NULL, NULL, NULL, NULL, NULL, 0, 0, NULL, 0, NULL, 'days', 0, NULL, NULL, NULL, NULL, NULL, NULL, '2020-04-01 00:33:07', '2020-04-01 00:33:07', 'Yes', '0000-00-00 00:00:00', 'Yes', '0000-00-00 00:00:00', NULL, NULL),
(20, 5, 5, NULL, NULL, NULL, 'sell', NULL, 'final', NULL, 0, 'paid', NULL, 6, NULL, '0002', '', NULL, NULL, NULL, '2020-04-01 00:34:11', '1637.8400', NULL, '0.0000', 'percentage', '0.0000', 0, '0.0000', NULL, NULL, NULL, NULL, '0.0000', NULL, NULL, NULL, NULL, NULL, NULL, NULL, 0, NULL, '0.0000', NULL, '0.0000', NULL, '0.0000', NULL, '0.0000', NULL, '0.0000', '1637.8400', NULL, NULL, NULL, NULL, 0, 0, '1.000', NULL, NULL, NULL, NULL, 6, 0, NULL, NULL, NULL, NULL, NULL, NULL, NULL, NULL, NULL, NULL, '0.0000', 'percentage', 0, NULL, NULL, NULL, '0.0000', NULL, NULL, NULL, NULL, NULL, NULL, NULL, 0, 0, NULL, 0, NULL, 'days', 0, NULL, NULL, NULL, NULL, NULL, NULL, '2020-04-01 00:34:11', '2020-04-01 00:34:12', 'Yes', '0000-00-00 00:00:00', 'Yes', '0000-00-00 00:00:00', NULL, NULL),
(21, 1, 1, NULL, NULL, NULL, 'opening_stock', NULL, 'received', NULL, 0, 'paid', NULL, NULL, NULL, NULL, NULL, NULL, NULL, NULL, '2020-01-01 10:15:57', '500000.0000', NULL, '0.0000', NULL, '0.0000', 0, '0.0000', NULL, NULL, NULL, NULL, '0.0000', NULL, NULL, NULL, NULL, NULL, NULL, NULL, 0, NULL, '0.0000', NULL, '0.0000', NULL, '0.0000', NULL, '0.0000', NULL, '0.0000', '500000.0000', NULL, NULL, NULL, NULL, 0, 0, '1.000', NULL, NULL, NULL, 18, 1, 0, NULL, NULL, NULL, NULL, NULL, NULL, NULL, NULL, NULL, NULL, '0.0000', 'percentage', 0, NULL, NULL, NULL, NULL, NULL, NULL, NULL, NULL, NULL, NULL, NULL, 0, 0, NULL, 0, NULL, NULL, NULL, NULL, NULL, NULL, NULL, NULL, NULL, '2020-04-01 10:15:57', '2021-01-17 19:05:56', 'Yes', '0000-00-00 00:00:00', 'Yes', '0000-00-00 00:00:00', NULL, NULL),
(22, 1, 1, NULL, NULL, NULL, 'sell', NULL, 'draft', 'quotation', 1, NULL, NULL, 7, NULL, 'oOqCd', '', NULL, NULL, NULL, '2020-04-01 10:30:39', '7000.0000', NULL, '0.0000', 'percentage', '0.0000', 0, '0.0000', NULL, NULL, NULL, NULL, '0.0000', NULL, NULL, NULL, NULL, NULL, NULL, NULL, 0, NULL, '0.0000', NULL, '0.0000', NULL, '0.0000', NULL, '0.0000', NULL, '0.0000', '7000.0000', NULL, NULL, NULL, NULL, 0, 0, '1.000', NULL, NULL, NULL, NULL, 1, 0, NULL, NULL, NULL, NULL, NULL, NULL, NULL, NULL, NULL, NULL, '0.0000', 'percentage', 0, NULL, NULL, NULL, '0.0000', NULL, NULL, NULL, NULL, NULL, NULL, NULL, 0, 0, NULL, 0, NULL, 'days', 0, NULL, NULL, NULL, NULL, NULL, 0, '2020-04-01 10:30:39', '2022-01-07 07:13:38', 'Yes', '0000-00-00 00:00:00', 'Yes', '0000-00-00 00:00:00', NULL, NULL),
(23, 5, 5, NULL, NULL, NULL, 'sell', NULL, 'final', NULL, 0, 'paid', NULL, 6, NULL, '0004', '', NULL, NULL, NULL, '2020-04-01 11:47:15', '1216.5800', NULL, '0.0000', 'percentage', '0.0000', 0, '0.0000', NULL, NULL, NULL, NULL, '0.0000', NULL, NULL, NULL, NULL, NULL, NULL, NULL, 0, NULL, '0.0000', NULL, '0.0000', NULL, '0.0000', NULL, '0.0000', NULL, '0.0000', '1216.5800', NULL, NULL, NULL, NULL, 0, 0, '1.000', NULL, NULL, NULL, NULL, 6, 0, NULL, NULL, NULL, NULL, NULL, NULL, NULL, NULL, NULL, NULL, '0.0000', 'percentage', 0, NULL, NULL, NULL, '0.0000', NULL, NULL, NULL, NULL, NULL, NULL, NULL, 0, 0, NULL, 0, NULL, 'days', 0, NULL, NULL, NULL, NULL, NULL, NULL, '2020-04-01 11:47:15', '2020-04-01 13:41:29', 'Yes', '0000-00-00 00:00:00', 'Yes', '0000-00-00 00:00:00', NULL, NULL),
(24, 5, 5, NULL, NULL, NULL, 'sell', NULL, 'draft', NULL, 0, NULL, NULL, 6, NULL, 'iqSZL', '', NULL, NULL, NULL, '2020-04-01 11:48:03', '14.1600', NULL, '0.0000', 'percentage', '0.0000', 0, '0.0000', NULL, NULL, NULL, NULL, '0.0000', NULL, NULL, NULL, NULL, NULL, NULL, NULL, 0, NULL, '0.0000', NULL, '0.0000', NULL, '0.0000', NULL, '0.0000', NULL, '0.0000', '14.1600', NULL, NULL, NULL, NULL, 0, 0, '1.000', NULL, NULL, NULL, NULL, 6, 0, NULL, NULL, NULL, NULL, NULL, NULL, NULL, NULL, NULL, NULL, '0.0000', 'percentage', 0, NULL, NULL, NULL, '0.0000', NULL, NULL, NULL, NULL, NULL, NULL, NULL, 0, 0, NULL, 0, NULL, 'days', 0, NULL, NULL, NULL, NULL, NULL, NULL, '2020-04-01 11:48:03', '2020-04-01 11:48:03', 'Yes', '0000-00-00 00:00:00', 'Yes', '0000-00-00 00:00:00', NULL, NULL),
(25, 5, 5, NULL, NULL, NULL, 'sell', NULL, 'final', NULL, 0, 'paid', NULL, 6, NULL, '0003', '', NULL, NULL, NULL, '2020-04-01 11:48:18', '230.1000', NULL, '0.0000', 'percentage', '0.0000', 0, '0.0000', NULL, NULL, NULL, NULL, '0.0000', NULL, NULL, NULL, NULL, NULL, NULL, NULL, 0, NULL, '0.0000', NULL, '0.0000', NULL, '0.0000', NULL, '0.0000', NULL, '0.0000', '230.1000', NULL, NULL, NULL, NULL, 0, 0, '1.000', NULL, NULL, NULL, NULL, 6, 0, NULL, NULL, NULL, NULL, NULL, NULL, NULL, NULL, NULL, NULL, '0.0000', 'percentage', 0, NULL, NULL, NULL, '0.0000', NULL, NULL, NULL, NULL, NULL, NULL, NULL, 0, 0, NULL, 0, NULL, 'days', 0, NULL, NULL, NULL, NULL, NULL, NULL, '2020-04-01 11:48:18', '2020-04-01 11:48:18', 'Yes', '0000-00-00 00:00:00', 'Yes', '0000-00-00 00:00:00', NULL, NULL),
(26, 5, 5, NULL, NULL, NULL, 'sell', NULL, 'final', NULL, 0, 'paid', NULL, 6, NULL, '0005', '', NULL, NULL, NULL, '2020-04-02 06:58:49', '737.0000', NULL, '0.0000', 'percentage', '0.0000', 0, '0.0000', NULL, NULL, NULL, NULL, '0.0000', NULL, NULL, NULL, NULL, NULL, NULL, NULL, 0, NULL, '0.0000', NULL, '0.0000', NULL, '0.0000', NULL, '0.0000', NULL, '0.0000', '737.0000', NULL, NULL, NULL, NULL, 0, 0, '1.000', NULL, NULL, NULL, NULL, 6, 0, NULL, NULL, NULL, NULL, NULL, NULL, NULL, NULL, NULL, NULL, '0.0000', 'percentage', 0, NULL, NULL, NULL, '0.0000', NULL, NULL, NULL, NULL, NULL, NULL, NULL, 0, 0, NULL, 0, NULL, 'days', 0, NULL, NULL, NULL, NULL, NULL, NULL, '2020-04-02 06:58:49', '2020-04-02 06:58:49', 'Yes', '0000-00-00 00:00:00', 'Yes', '0000-00-00 00:00:00', NULL, NULL),
(27, 5, 5, NULL, NULL, NULL, 'sell', NULL, 'final', NULL, 0, 'paid', NULL, 6, NULL, '0006', '', NULL, NULL, NULL, '2020-04-17 00:58:08', '2285.6600', NULL, '0.0000', 'percentage', '0.0000', 0, '0.0000', NULL, NULL, NULL, NULL, '0.0000', NULL, NULL, NULL, NULL, NULL, NULL, NULL, 0, NULL, '0.0000', NULL, '0.0000', NULL, '0.0000', NULL, '0.0000', NULL, '0.0000', '2285.6600', NULL, NULL, NULL, NULL, 0, 0, '1.000', NULL, NULL, NULL, NULL, 5, 0, NULL, NULL, NULL, NULL, NULL, NULL, NULL, NULL, NULL, NULL, '0.0000', 'percentage', 0, NULL, NULL, NULL, '0.0000', NULL, NULL, NULL, NULL, NULL, NULL, NULL, 0, 0, NULL, 0, NULL, 'days', 0, NULL, NULL, NULL, NULL, NULL, 0, '2020-04-17 00:58:08', '2020-04-17 00:58:08', 'Yes', '0000-00-00 00:00:00', 'Yes', '0000-00-00 00:00:00', NULL, NULL),
(28, 5, 5, NULL, NULL, NULL, 'sell', NULL, 'final', NULL, 0, 'paid', NULL, 6, NULL, '0007', '', NULL, NULL, NULL, '2020-04-17 00:59:02', '2185.3600', NULL, '0.0000', 'percentage', '0.0000', 0, '0.0000', NULL, NULL, NULL, NULL, '0.0000', NULL, NULL, NULL, NULL, NULL, NULL, NULL, 0, NULL, '0.0000', NULL, '0.0000', NULL, '0.0000', NULL, '0.0000', NULL, '0.0000', '2185.3600', NULL, NULL, NULL, NULL, 0, 0, '1.000', NULL, NULL, NULL, NULL, 5, 0, NULL, NULL, NULL, NULL, NULL, NULL, NULL, NULL, NULL, NULL, '0.0000', 'percentage', 0, NULL, NULL, NULL, '0.0000', NULL, NULL, NULL, NULL, NULL, NULL, NULL, 0, 0, NULL, 0, NULL, 'days', 0, NULL, NULL, NULL, NULL, NULL, 0, '2020-04-17 00:59:02', '2020-04-17 00:59:02', 'Yes', '0000-00-00 00:00:00', 'Yes', '0000-00-00 00:00:00', NULL, NULL),
(29, 5, 5, NULL, NULL, NULL, 'purchase', NULL, 'received', NULL, 0, 'partial', NULL, 8, NULL, NULL, 'PO2020/0001', NULL, NULL, NULL, '2020-04-17 01:02:00', '200000000.0000', NULL, '0.0000', NULL, '0.0000', 0, '0.0000', NULL, NULL, NULL, NULL, '1000.0000', NULL, NULL, NULL, NULL, NULL, NULL, NULL, 0, NULL, '0.0000', NULL, '0.0000', NULL, '0.0000', NULL, '0.0000', NULL, '0.0000', '200001000.0000', NULL, NULL, NULL, NULL, 0, 0, '1.000', NULL, NULL, NULL, NULL, 5, 0, NULL, NULL, NULL, NULL, NULL, NULL, NULL, NULL, NULL, NULL, '0.0000', 'percentage', 0, NULL, NULL, NULL, NULL, NULL, NULL, NULL, NULL, NULL, NULL, NULL, 0, 0, NULL, 0, NULL, NULL, NULL, NULL, NULL, NULL, NULL, 'months', NULL, '2020-04-17 01:08:29', '2020-04-17 01:13:10', 'Yes', '0000-00-00 00:00:00', 'Yes', '0000-00-00 00:00:00', NULL, NULL),
(30, 5, 5, NULL, NULL, NULL, 'purchase', NULL, 'received', NULL, 0, 'paid', NULL, 8, NULL, NULL, 'PO2020/0002', NULL, NULL, NULL, '2020-04-17 01:31:00', '10000000.0000', NULL, '0.0000', NULL, '0.0000', 0, '0.0000', NULL, NULL, NULL, NULL, '0.0000', NULL, NULL, NULL, NULL, NULL, NULL, NULL, 0, NULL, '0.0000', NULL, '0.0000', NULL, '0.0000', NULL, '0.0000', NULL, '0.0000', '10000000.0000', NULL, NULL, NULL, NULL, 0, 0, '1.000', NULL, NULL, NULL, NULL, 5, 0, NULL, NULL, NULL, NULL, NULL, NULL, NULL, NULL, NULL, NULL, '0.0000', 'percentage', 0, NULL, NULL, NULL, NULL, NULL, NULL, NULL, NULL, NULL, NULL, NULL, 0, 0, NULL, 0, NULL, NULL, NULL, NULL, NULL, NULL, NULL, 'days', NULL, '2020-04-17 01:34:46', '2020-04-17 01:39:11', 'Yes', '0000-00-00 00:00:00', 'Yes', '0000-00-00 00:00:00', NULL, NULL),
(31, 5, 5, NULL, NULL, NULL, 'sell', NULL, 'final', NULL, 0, 'paid', NULL, 6, NULL, '0008', '', NULL, NULL, NULL, '2020-04-17 01:36:11', '13200.0000', NULL, '0.0000', 'percentage', '0.0000', 0, '0.0000', NULL, NULL, NULL, NULL, '0.0000', NULL, NULL, NULL, NULL, NULL, NULL, NULL, 0, NULL, '0.0000', NULL, '0.0000', NULL, '0.0000', NULL, '0.0000', NULL, '0.0000', '13200.0000', NULL, NULL, NULL, NULL, 0, 0, '1.000', NULL, NULL, NULL, NULL, 5, 0, NULL, NULL, NULL, NULL, NULL, NULL, NULL, NULL, NULL, NULL, '0.0000', 'percentage', 0, NULL, NULL, NULL, '0.0000', NULL, NULL, NULL, NULL, NULL, NULL, NULL, 0, 0, NULL, 0, NULL, 'days', 0, NULL, NULL, NULL, NULL, NULL, 0, '2020-04-17 01:36:11', '2020-04-17 01:36:11', 'Yes', '0000-00-00 00:00:00', 'Yes', '0000-00-00 00:00:00', NULL, NULL),
(32, 5, 5, NULL, NULL, NULL, 'sell', NULL, 'final', NULL, 0, 'paid', NULL, 6, NULL, '0009', '', NULL, NULL, NULL, '2020-04-17 01:40:17', '795.0000', NULL, '0.0000', 'percentage', '0.0000', 0, '0.0000', NULL, NULL, NULL, NULL, '0.0000', NULL, NULL, NULL, NULL, NULL, NULL, NULL, 0, NULL, '0.0000', NULL, '0.0000', NULL, '0.0000', NULL, '0.0000', NULL, '0.0000', '795.0000', NULL, NULL, NULL, NULL, 0, 0, '1.000', NULL, NULL, NULL, NULL, 5, 0, NULL, NULL, NULL, NULL, NULL, NULL, NULL, NULL, NULL, NULL, '0.0000', 'percentage', 0, NULL, NULL, NULL, '0.0000', NULL, NULL, NULL, NULL, NULL, NULL, NULL, 0, 0, NULL, 0, NULL, 'days', 0, NULL, NULL, NULL, NULL, NULL, 0, '2020-04-17 01:40:17', '2020-04-17 01:40:17', 'Yes', '0000-00-00 00:00:00', 'Yes', '0000-00-00 00:00:00', NULL, NULL),
(33, 7, 7, NULL, NULL, NULL, 'sell', NULL, 'final', NULL, 0, 'paid', NULL, 11, NULL, '0001', '', NULL, NULL, NULL, '2020-11-28 15:51:12', '300000.0000', NULL, '0.0000', 'percentage', '0.0000', 0, '0.0000', NULL, NULL, NULL, NULL, '0.0000', NULL, NULL, NULL, NULL, NULL, NULL, NULL, 0, NULL, '0.0000', NULL, '0.0000', NULL, '0.0000', NULL, '0.0000', NULL, '0.0000', '300000.0000', NULL, NULL, NULL, NULL, 0, 0, '1.000', NULL, NULL, NULL, NULL, 10, 0, NULL, NULL, NULL, NULL, NULL, NULL, NULL, NULL, NULL, NULL, '0.0000', 'percentage', 0, NULL, NULL, NULL, '0.0000', NULL, NULL, NULL, NULL, NULL, NULL, NULL, 0, 0, NULL, 0, NULL, 'days', 0, NULL, NULL, NULL, NULL, NULL, 0, '2020-11-28 15:51:12', '2020-11-28 15:51:12', 'Yes', '0000-00-00 00:00:00', 'Yes', '0000-00-00 00:00:00', NULL, NULL),
(36, 1, 1, NULL, NULL, NULL, 'opening_stock', NULL, 'received', NULL, 0, 'paid', NULL, NULL, NULL, NULL, NULL, NULL, NULL, NULL, '2021-01-01 20:26:55', '40000.0000', NULL, '0.0000', NULL, '0.0000', 0, '0.0000', NULL, NULL, NULL, NULL, '0.0000', NULL, NULL, NULL, NULL, NULL, NULL, NULL, 0, NULL, '0.0000', NULL, '0.0000', NULL, '0.0000', NULL, '0.0000', NULL, '0.0000', '40000.0000', NULL, NULL, NULL, NULL, 0, 0, '1.000', NULL, NULL, NULL, 23, 1, 0, NULL, NULL, NULL, NULL, NULL, NULL, NULL, NULL, NULL, NULL, '0.0000', 'percentage', 0, NULL, NULL, NULL, NULL, NULL, NULL, NULL, NULL, NULL, NULL, NULL, 0, 0, NULL, 0, NULL, NULL, NULL, NULL, NULL, NULL, NULL, NULL, NULL, '2021-01-17 20:26:55', '2021-01-17 20:29:49', 'Yes', '0000-00-00 00:00:00', 'Yes', '0000-00-00 00:00:00', NULL, NULL),
(37, 1, 1, NULL, NULL, NULL, 'opening_stock', NULL, 'received', NULL, 0, 'paid', NULL, NULL, NULL, NULL, NULL, NULL, NULL, NULL, '2021-01-01 20:31:23', '15000.0000', NULL, '0.0000', NULL, '0.0000', 0, '0.0000', NULL, NULL, NULL, NULL, '0.0000', NULL, NULL, NULL, NULL, NULL, NULL, NULL, 0, NULL, '0.0000', NULL, '0.0000', NULL, '0.0000', NULL, '0.0000', NULL, '0.0000', '15000.0000', NULL, NULL, NULL, NULL, 0, 0, '1.000', NULL, NULL, NULL, 24, 1, 0, NULL, NULL, NULL, NULL, NULL, NULL, NULL, NULL, NULL, NULL, '0.0000', 'percentage', 0, NULL, NULL, NULL, NULL, NULL, NULL, NULL, NULL, NULL, NULL, NULL, 0, 0, NULL, 0, NULL, NULL, NULL, NULL, NULL, NULL, NULL, NULL, NULL, '2021-01-17 20:31:23', '2021-01-17 20:31:23', 'Yes', '0000-00-00 00:00:00', 'Yes', '0000-00-00 00:00:00', NULL, NULL),
(38, 1, 1, NULL, NULL, NULL, 'opening_stock', NULL, 'received', NULL, 0, 'paid', NULL, NULL, NULL, NULL, NULL, NULL, NULL, NULL, '2021-01-01 20:34:31', '100000.0000', NULL, '0.0000', NULL, '0.0000', 0, '0.0000', NULL, NULL, NULL, NULL, '0.0000', NULL, NULL, NULL, NULL, NULL, NULL, NULL, 0, NULL, '0.0000', NULL, '0.0000', NULL, '0.0000', NULL, '0.0000', NULL, '0.0000', '100000.0000', NULL, NULL, NULL, NULL, 0, 0, '1.000', NULL, NULL, NULL, 25, 1, 0, NULL, NULL, NULL, NULL, NULL, NULL, NULL, NULL, NULL, NULL, '0.0000', 'percentage', 0, NULL, NULL, NULL, NULL, NULL, NULL, NULL, NULL, NULL, NULL, NULL, 0, 0, NULL, 0, NULL, NULL, NULL, NULL, NULL, NULL, NULL, NULL, NULL, '2021-01-17 20:34:31', '2021-01-17 20:34:31', 'Yes', '0000-00-00 00:00:00', 'Yes', '0000-00-00 00:00:00', NULL, NULL),
(39, 1, 1, NULL, NULL, NULL, 'opening_stock', NULL, 'received', NULL, 0, 'paid', NULL, NULL, NULL, NULL, NULL, NULL, NULL, NULL, '2021-01-01 21:01:29', '180000.0000', NULL, '0.0000', NULL, '0.0000', 0, '0.0000', NULL, NULL, NULL, NULL, '0.0000', NULL, NULL, NULL, NULL, NULL, NULL, NULL, 0, NULL, '0.0000', NULL, '0.0000', NULL, '0.0000', NULL, '0.0000', NULL, '0.0000', '180000.0000', NULL, NULL, NULL, NULL, 0, 0, '1.000', NULL, NULL, NULL, 27, 1, 0, NULL, NULL, NULL, NULL, NULL, NULL, NULL, NULL, NULL, NULL, '0.0000', 'percentage', 0, NULL, NULL, NULL, NULL, NULL, NULL, NULL, NULL, NULL, NULL, NULL, 0, 0, NULL, 0, NULL, NULL, NULL, NULL, NULL, NULL, NULL, NULL, NULL, '2021-01-17 21:01:29', '2021-01-17 21:01:29', 'Yes', '0000-00-00 00:00:00', 'Yes', '0000-00-00 00:00:00', NULL, NULL),
(40, 1, 1, NULL, NULL, NULL, 'opening_stock', NULL, 'received', NULL, 0, 'paid', NULL, NULL, NULL, NULL, NULL, NULL, NULL, NULL, '2021-01-01 21:02:49', '0.0000', NULL, '0.0000', NULL, '0.0000', 0, '0.0000', NULL, NULL, NULL, NULL, '0.0000', NULL, NULL, NULL, NULL, NULL, NULL, NULL, 0, NULL, '0.0000', NULL, '0.0000', NULL, '0.0000', NULL, '0.0000', NULL, '0.0000', '0.0000', NULL, NULL, NULL, NULL, 0, 0, '1.000', NULL, NULL, NULL, 28, 1, 0, NULL, NULL, NULL, NULL, NULL, NULL, NULL, NULL, NULL, NULL, '0.0000', 'percentage', 0, NULL, NULL, NULL, NULL, NULL, NULL, NULL, NULL, NULL, NULL, NULL, 0, 0, NULL, 0, NULL, NULL, NULL, NULL, NULL, NULL, NULL, NULL, NULL, '2021-01-17 21:02:49', '2021-01-17 21:02:49', 'Yes', '0000-00-00 00:00:00', 'Yes', '0000-00-00 00:00:00', NULL, NULL),
(41, 1, 1, NULL, NULL, NULL, 'opening_stock', NULL, 'received', NULL, 0, 'paid', NULL, NULL, NULL, NULL, NULL, NULL, NULL, NULL, '2021-01-01 21:17:44', '240000.0000', NULL, '0.0000', NULL, '0.0000', 0, '0.0000', NULL, NULL, NULL, NULL, '0.0000', NULL, NULL, NULL, NULL, NULL, NULL, NULL, 0, NULL, '0.0000', NULL, '0.0000', NULL, '0.0000', NULL, '0.0000', NULL, '0.0000', '240000.0000', NULL, NULL, NULL, NULL, 0, 0, '1.000', NULL, NULL, NULL, 29, 1, 0, NULL, NULL, NULL, NULL, NULL, NULL, NULL, NULL, NULL, NULL, '0.0000', 'percentage', 0, NULL, NULL, NULL, NULL, NULL, NULL, NULL, NULL, NULL, NULL, NULL, 0, 0, NULL, 0, NULL, NULL, NULL, NULL, NULL, NULL, NULL, NULL, NULL, '2021-01-17 21:17:44', '2021-01-17 21:17:44', 'Yes', '0000-00-00 00:00:00', 'Yes', '0000-00-00 00:00:00', NULL, NULL),
(43, 1, 1, NULL, NULL, NULL, 'purchase', NULL, 'received', NULL, 0, 'paid', NULL, 14, NULL, NULL, 'PO2021/0002', NULL, NULL, NULL, '2021-01-20 12:35:00', '300000.0000', NULL, '0.0000', NULL, '0.0000', 0, '0.0000', NULL, NULL, NULL, NULL, '0.0000', NULL, NULL, NULL, NULL, NULL, NULL, NULL, 0, NULL, '0.0000', NULL, '0.0000', NULL, '0.0000', NULL, '0.0000', NULL, '0.0000', '300000.0000', NULL, NULL, NULL, NULL, 0, 0, '1.000', NULL, NULL, NULL, NULL, 1, 0, NULL, NULL, NULL, NULL, NULL, NULL, NULL, NULL, NULL, NULL, '0.0000', 'percentage', 0, NULL, NULL, NULL, NULL, NULL, NULL, NULL, NULL, NULL, NULL, NULL, 0, 0, NULL, 0, NULL, NULL, NULL, NULL, NULL, NULL, NULL, NULL, NULL, '2021-01-20 12:36:51', '2021-01-20 12:36:51', 'Yes', '0000-00-00 00:00:00', 'Yes', '0000-00-00 00:00:00', NULL, NULL),
(44, 1, 1, NULL, NULL, NULL, 'purchase', NULL, 'received', NULL, 0, 'paid', NULL, 14, NULL, NULL, 'PO2021/0003', NULL, NULL, NULL, '2021-01-20 12:39:00', '16500.0000', NULL, '0.0000', NULL, '0.0000', 0, '0.0000', NULL, NULL, NULL, NULL, '0.0000', NULL, NULL, NULL, NULL, NULL, NULL, NULL, 0, NULL, '0.0000', NULL, '0.0000', NULL, '0.0000', NULL, '0.0000', NULL, '0.0000', '16500.0000', NULL, NULL, NULL, NULL, 0, 0, '1.000', NULL, NULL, NULL, NULL, 1, 0, NULL, NULL, NULL, NULL, NULL, NULL, NULL, NULL, NULL, NULL, '0.0000', 'percentage', 0, NULL, NULL, NULL, NULL, NULL, NULL, NULL, NULL, NULL, NULL, NULL, 0, 0, NULL, 0, NULL, NULL, NULL, NULL, NULL, NULL, NULL, NULL, NULL, '2021-01-20 12:41:55', '2021-01-20 12:41:55', 'Yes', '0000-00-00 00:00:00', 'Yes', '0000-00-00 00:00:00', NULL, NULL),
(45, 1, 1, NULL, NULL, NULL, 'opening_stock', NULL, 'received', NULL, 0, 'paid', NULL, NULL, NULL, NULL, NULL, NULL, NULL, NULL, '2021-01-01 13:26:09', '9911.2500', NULL, '0.0000', NULL, '0.0000', 0, '0.0000', NULL, NULL, NULL, NULL, '0.0000', NULL, NULL, NULL, NULL, NULL, NULL, NULL, 0, NULL, '0.0000', NULL, '0.0000', NULL, '0.0000', NULL, '0.0000', NULL, '0.0000', '9911.2500', NULL, NULL, NULL, NULL, 0, 0, '1.000', NULL, NULL, NULL, 33, 1, 0, NULL, NULL, NULL, NULL, NULL, NULL, NULL, NULL, NULL, NULL, '0.0000', 'percentage', 0, NULL, NULL, NULL, NULL, NULL, NULL, NULL, NULL, NULL, NULL, NULL, 0, 0, NULL, 0, NULL, NULL, NULL, NULL, NULL, NULL, NULL, NULL, NULL, '2021-01-20 13:26:09', '2022-02-10 17:00:35', 'Yes', '0000-00-00 00:00:00', 'Yes', '0000-00-00 00:00:00', NULL, NULL),
(46, 1, 1, NULL, NULL, NULL, 'opening_stock', NULL, 'received', NULL, 0, 'paid', NULL, NULL, NULL, NULL, NULL, NULL, NULL, NULL, '2021-01-01 13:27:53', '9500.0000', NULL, '0.0000', NULL, '0.0000', 0, '0.0000', NULL, NULL, NULL, NULL, '0.0000', NULL, NULL, NULL, NULL, NULL, NULL, NULL, 0, NULL, '0.0000', NULL, '0.0000', NULL, '0.0000', NULL, '0.0000', NULL, '0.0000', '9500.0000', NULL, NULL, NULL, NULL, 0, 0, '1.000', NULL, NULL, NULL, 34, 1, 0, NULL, NULL, NULL, NULL, NULL, NULL, NULL, NULL, NULL, NULL, '0.0000', 'percentage', 0, NULL, NULL, NULL, NULL, NULL, NULL, NULL, NULL, NULL, NULL, NULL, 0, 0, NULL, 0, NULL, NULL, NULL, NULL, NULL, NULL, NULL, NULL, NULL, '2021-01-20 13:27:53', '2021-01-20 13:27:53', 'Yes', '0000-00-00 00:00:00', 'Yes', '0000-00-00 00:00:00', NULL, NULL),
(47, 1, 1, NULL, NULL, NULL, 'opening_stock', NULL, 'received', NULL, 0, 'paid', NULL, NULL, NULL, NULL, NULL, NULL, NULL, NULL, '2021-01-01 13:29:22', '9500.0000', NULL, '0.0000', NULL, '0.0000', 0, '0.0000', NULL, NULL, NULL, NULL, '0.0000', NULL, NULL, NULL, NULL, NULL, NULL, NULL, 0, NULL, '0.0000', NULL, '0.0000', NULL, '0.0000', NULL, '0.0000', NULL, '0.0000', '9500.0000', NULL, NULL, NULL, NULL, 0, 0, '1.000', NULL, NULL, NULL, 35, 1, 0, NULL, NULL, NULL, NULL, NULL, NULL, NULL, NULL, NULL, NULL, '0.0000', 'percentage', 0, NULL, NULL, NULL, NULL, NULL, NULL, NULL, NULL, NULL, NULL, NULL, 0, 0, NULL, 0, NULL, NULL, NULL, NULL, NULL, NULL, NULL, NULL, NULL, '2021-01-20 13:29:22', '2021-01-20 13:29:22', 'Yes', '0000-00-00 00:00:00', 'Yes', '0000-00-00 00:00:00', NULL, NULL),
(48, 1, 1, NULL, NULL, NULL, 'opening_stock', NULL, 'received', NULL, 0, 'paid', NULL, NULL, NULL, NULL, NULL, NULL, NULL, NULL, '2021-01-01 13:32:01', '48666.0000', NULL, '0.0000', NULL, '0.0000', 0, '0.0000', NULL, NULL, NULL, NULL, '0.0000', NULL, NULL, NULL, NULL, NULL, NULL, NULL, 0, NULL, '0.0000', NULL, '0.0000', NULL, '0.0000', NULL, '0.0000', NULL, '0.0000', '48666.0000', NULL, NULL, NULL, NULL, 0, 0, '1.000', NULL, NULL, NULL, 36, 1, 0, NULL, NULL, NULL, NULL, NULL, NULL, NULL, NULL, NULL, NULL, '0.0000', 'percentage', 0, NULL, NULL, NULL, NULL, NULL, NULL, NULL, NULL, NULL, NULL, NULL, 0, 0, NULL, 0, NULL, NULL, NULL, NULL, NULL, NULL, NULL, NULL, NULL, '2021-01-20 13:32:01', '2021-01-20 13:32:01', 'Yes', '0000-00-00 00:00:00', 'Yes', '0000-00-00 00:00:00', NULL, NULL),
(49, 1, 1, NULL, NULL, NULL, 'production_purchase', NULL, 'received', NULL, 0, 'due', NULL, NULL, NULL, NULL, 'xxx2021/0001', NULL, NULL, NULL, '2021-01-20 13:44:00', '0.0000', NULL, '0.0000', NULL, '0.0000', 0, '0.0000', NULL, NULL, NULL, NULL, '0.0000', NULL, NULL, NULL, NULL, NULL, NULL, NULL, 0, NULL, '0.0000', NULL, '0.0000', NULL, '0.0000', NULL, '0.0000', NULL, '0.0000', '26946.3800', NULL, NULL, NULL, NULL, 0, 0, '1.000', NULL, NULL, NULL, NULL, 1, 0, NULL, NULL, NULL, NULL, NULL, NULL, NULL, NULL, NULL, '0.0000', '0.0000', 'fixed', 1, NULL, NULL, NULL, NULL, NULL, NULL, NULL, NULL, NULL, NULL, NULL, 0, 0, NULL, 0, NULL, NULL, NULL, NULL, NULL, NULL, NULL, NULL, NULL, '2021-01-20 13:47:03', '2021-01-20 13:48:04', 'Yes', '0000-00-00 00:00:00', 'Yes', '0000-00-00 00:00:00', NULL, NULL),
(50, 1, 1, NULL, NULL, NULL, 'production_sell', NULL, 'final', NULL, 0, 'due', NULL, NULL, NULL, NULL, NULL, NULL, NULL, NULL, '2021-01-20 13:44:00', '0.0000', NULL, '0.0000', NULL, '0.0000', 0, '0.0000', NULL, NULL, NULL, NULL, '0.0000', NULL, NULL, NULL, NULL, NULL, NULL, NULL, 0, NULL, '0.0000', NULL, '0.0000', NULL, '0.0000', NULL, '0.0000', NULL, '0.0000', '26946.3800', NULL, NULL, NULL, NULL, 0, 0, '1.000', NULL, NULL, NULL, NULL, 1, 0, NULL, NULL, NULL, NULL, NULL, NULL, NULL, NULL, 49, NULL, '0.0000', 'percentage', 0, NULL, NULL, NULL, NULL, NULL, NULL, NULL, NULL, NULL, NULL, NULL, 0, 0, NULL, 0, NULL, NULL, NULL, NULL, NULL, NULL, NULL, NULL, NULL, '2021-01-20 13:47:03', '2021-01-20 13:48:04', 'Yes', '0000-00-00 00:00:00', 'Yes', '0000-00-00 00:00:00', NULL, NULL),
(51, 1, 1, 1, NULL, NULL, 'sell', NULL, 'final', NULL, 0, 'paid', NULL, 1, NULL, '0003', '', NULL, NULL, NULL, '2021-01-20 13:49:00', '36000.0000', NULL, '0.0000', 'percentage', '0.0000', 0, '0.0000', NULL, NULL, NULL, NULL, '0.0000', NULL, NULL, NULL, NULL, NULL, NULL, NULL, 0, NULL, '0.0000', NULL, '0.0000', NULL, '0.0000', NULL, '0.0000', NULL, '0.0000', '36000.0000', NULL, NULL, NULL, NULL, 1, 0, '1.000', NULL, NULL, NULL, NULL, 1, 0, NULL, NULL, NULL, NULL, NULL, NULL, NULL, NULL, NULL, NULL, '0.0000', 'percentage', 0, NULL, NULL, NULL, '0.0000', NULL, NULL, NULL, NULL, NULL, NULL, NULL, 0, 0, NULL, 0, 1.0000, 'days', 0, NULL, NULL, '0c5a5ebddb58f8e99ab2595c18efd94e', NULL, NULL, NULL, '2021-01-20 13:51:18', '2021-01-20 13:51:18', 'Yes', '0000-00-00 00:00:00', 'Yes', '0000-00-00 00:00:00', NULL, NULL),
(52, 1, 1, NULL, NULL, NULL, 'opening_stock', NULL, 'received', NULL, 0, 'paid', NULL, NULL, NULL, NULL, NULL, NULL, NULL, NULL, '2021-01-01 13:58:05', '156000.0000', NULL, '0.0000', NULL, '0.0000', 0, '0.0000', NULL, NULL, NULL, NULL, '0.0000', NULL, NULL, NULL, NULL, NULL, NULL, NULL, 0, NULL, '0.0000', NULL, '0.0000', NULL, '0.0000', NULL, '0.0000', NULL, '0.0000', '156000.0000', NULL, NULL, NULL, NULL, 0, 0, '1.000', NULL, NULL, NULL, 38, 1, 0, NULL, NULL, NULL, NULL, NULL, NULL, NULL, NULL, NULL, NULL, '0.0000', 'percentage', 0, NULL, NULL, NULL, NULL, NULL, NULL, NULL, NULL, NULL, NULL, NULL, 0, 0, NULL, 0, NULL, NULL, NULL, NULL, NULL, NULL, NULL, NULL, NULL, '2021-01-20 13:58:05', '2021-01-20 13:58:05', 'Yes', '0000-00-00 00:00:00', 'Yes', '0000-00-00 00:00:00', NULL, NULL),
(53, 1, 1, NULL, NULL, NULL, 'opening_stock', NULL, 'received', NULL, 0, 'paid', NULL, NULL, NULL, NULL, NULL, NULL, NULL, NULL, '2021-01-01 14:01:20', '230000.0000', NULL, '0.0000', NULL, '0.0000', 0, '0.0000', NULL, NULL, NULL, NULL, '0.0000', NULL, NULL, NULL, NULL, NULL, NULL, NULL, 0, NULL, '0.0000', NULL, '0.0000', NULL, '0.0000', NULL, '0.0000', NULL, '0.0000', '230000.0000', NULL, NULL, NULL, NULL, 0, 0, '1.000', NULL, NULL, NULL, 39, 1, 0, NULL, NULL, NULL, NULL, NULL, NULL, NULL, NULL, NULL, NULL, '0.0000', 'percentage', 0, NULL, NULL, NULL, NULL, NULL, NULL, NULL, NULL, NULL, NULL, NULL, 0, 0, NULL, 0, NULL, NULL, NULL, NULL, NULL, NULL, NULL, NULL, NULL, '2021-01-20 14:01:20', '2021-01-20 14:01:20', 'Yes', '0000-00-00 00:00:00', 'Yes', '0000-00-00 00:00:00', NULL, NULL),
(54, 1, 1, NULL, NULL, NULL, 'opening_stock', NULL, 'received', NULL, 0, 'paid', NULL, NULL, NULL, NULL, NULL, NULL, NULL, NULL, '2021-01-01 14:04:36', '100000.0000', NULL, '0.0000', NULL, '0.0000', 0, '0.0000', NULL, NULL, NULL, NULL, '0.0000', NULL, NULL, NULL, NULL, NULL, NULL, NULL, 0, NULL, '0.0000', NULL, '0.0000', NULL, '0.0000', NULL, '0.0000', NULL, '0.0000', '100000.0000', NULL, NULL, NULL, NULL, 0, 0, '1.000', NULL, NULL, NULL, 40, 1, 0, NULL, NULL, NULL, NULL, NULL, NULL, NULL, NULL, NULL, NULL, '0.0000', 'percentage', 0, NULL, NULL, NULL, NULL, NULL, NULL, NULL, NULL, NULL, NULL, NULL, 0, 0, NULL, 0, NULL, NULL, NULL, NULL, NULL, NULL, NULL, NULL, NULL, '2021-01-20 14:04:36', '2021-01-20 14:04:36', 'Yes', '0000-00-00 00:00:00', 'Yes', '0000-00-00 00:00:00', NULL, NULL),
(55, 1, 1, NULL, NULL, NULL, 'production_purchase', NULL, 'received', NULL, 0, 'due', NULL, NULL, NULL, NULL, 'xxx2021/0002', NULL, NULL, NULL, '2021-01-20 14:10:00', '0.0000', NULL, '0.0000', NULL, '0.0000', 0, '0.0000', NULL, NULL, NULL, NULL, '0.0000', NULL, NULL, NULL, NULL, NULL, NULL, NULL, 0, NULL, '0.0000', NULL, '0.0000', NULL, '0.0000', NULL, '0.0000', NULL, '0.0000', '50398.0000', NULL, NULL, NULL, NULL, 0, 0, '1.000', NULL, NULL, NULL, NULL, 1, 0, NULL, NULL, NULL, NULL, NULL, NULL, NULL, NULL, NULL, '0.0000', '0.0000', 'fixed', 1, NULL, NULL, NULL, NULL, NULL, NULL, NULL, NULL, NULL, NULL, NULL, 0, 0, NULL, 0, NULL, NULL, NULL, NULL, NULL, NULL, NULL, NULL, NULL, '2021-01-20 14:11:29', '2021-01-20 14:11:29', 'Yes', '0000-00-00 00:00:00', 'Yes', '0000-00-00 00:00:00', NULL, NULL),
(56, 1, 1, NULL, NULL, NULL, 'production_sell', NULL, 'final', NULL, 0, 'due', NULL, NULL, NULL, NULL, NULL, NULL, NULL, NULL, '2021-01-20 14:10:00', '0.0000', NULL, '0.0000', NULL, '0.0000', 0, '0.0000', NULL, NULL, NULL, NULL, '0.0000', NULL, NULL, NULL, NULL, NULL, NULL, NULL, 0, NULL, '0.0000', NULL, '0.0000', NULL, '0.0000', NULL, '0.0000', NULL, '0.0000', '50398.0000', NULL, NULL, NULL, NULL, 0, 0, '1.000', NULL, NULL, NULL, NULL, 1, 0, NULL, NULL, NULL, NULL, NULL, NULL, NULL, NULL, 55, NULL, '0.0000', 'percentage', 0, NULL, NULL, NULL, NULL, NULL, NULL, NULL, NULL, NULL, NULL, NULL, 0, 0, NULL, 0, NULL, NULL, NULL, NULL, NULL, NULL, NULL, NULL, NULL, '2021-01-20 14:11:29', '2021-01-20 14:11:29', 'Yes', '0000-00-00 00:00:00', 'Yes', '0000-00-00 00:00:00', NULL, NULL),
(57, 1, 1, NULL, NULL, NULL, 'sell', NULL, 'final', NULL, 0, 'paid', NULL, 1, NULL, '0004', '', NULL, NULL, NULL, '2021-01-20 14:12:43', '50000.0000', NULL, '0.0000', 'percentage', '0.0000', 0, '0.0000', NULL, NULL, NULL, NULL, '0.0000', NULL, NULL, NULL, NULL, NULL, NULL, NULL, 0, NULL, '0.0000', NULL, '0.0000', NULL, '0.0000', NULL, '0.0000', NULL, '0.0000', '50000.0000', NULL, NULL, NULL, NULL, 0, 0, '1.000', NULL, NULL, NULL, NULL, 1, 0, NULL, NULL, NULL, NULL, NULL, NULL, NULL, NULL, NULL, NULL, '0.0000', 'percentage', 0, NULL, NULL, NULL, '0.0000', NULL, NULL, NULL, NULL, NULL, NULL, NULL, 0, 0, NULL, 0, 1.0000, 'days', 0, NULL, NULL, NULL, NULL, NULL, 0, '2021-01-20 14:12:43', '2021-01-20 14:12:43', 'Yes', '0000-00-00 00:00:00', 'Yes', '0000-00-00 00:00:00', NULL, NULL),
(58, 1, 1, NULL, NULL, NULL, 'sell', NULL, 'final', NULL, 0, 'paid', NULL, 1, NULL, '0005', '', NULL, NULL, NULL, '2021-01-20 14:42:35', '6200.0000', NULL, '0.0000', 'percentage', '0.0000', 0, '0.0000', NULL, NULL, NULL, NULL, '0.0000', NULL, NULL, NULL, NULL, NULL, NULL, NULL, 0, NULL, '0.0000', NULL, '0.0000', NULL, '0.0000', NULL, '0.0000', NULL, '0.0000', '6200.0000', NULL, NULL, NULL, NULL, 0, 0, '1.000', NULL, NULL, NULL, NULL, 15, 0, NULL, NULL, NULL, NULL, NULL, NULL, NULL, NULL, NULL, NULL, '0.0000', 'percentage', 0, NULL, NULL, NULL, '0.0000', NULL, NULL, NULL, NULL, NULL, NULL, NULL, 0, 0, NULL, 0, 1.0000, 'days', 0, NULL, NULL, NULL, NULL, NULL, 0, '2021-01-20 14:42:35', '2021-01-20 14:42:35', 'Yes', '0000-00-00 00:00:00', 'Yes', '0000-00-00 00:00:00', NULL, NULL),
(59, 1, 1, 2, 15, NULL, 'sell', NULL, 'final', NULL, 0, 'paid', NULL, 1, NULL, '0006', '', NULL, NULL, NULL, '2021-01-20 14:43:08', '2200.0000', NULL, '0.0000', 'percentage', '0.0000', 0, '0.0000', NULL, NULL, NULL, NULL, '0.0000', NULL, NULL, NULL, NULL, NULL, NULL, NULL, 0, NULL, '0.0000', NULL, '0.0000', NULL, '0.0000', NULL, '0.0000', NULL, '0.0000', '2200.0000', NULL, NULL, NULL, NULL, 0, 0, '1.000', NULL, NULL, NULL, NULL, 15, 0, NULL, NULL, NULL, NULL, NULL, NULL, NULL, NULL, NULL, NULL, '0.0000', 'percentage', 0, NULL, NULL, NULL, '0.0000', NULL, NULL, NULL, NULL, NULL, NULL, NULL, 0, 0, NULL, 0, 1.0000, 'days', 0, NULL, NULL, NULL, NULL, NULL, 0, '2021-01-20 14:43:08', '2021-01-20 14:43:08', 'Yes', '0000-00-00 00:00:00', 'Yes', '0000-00-00 00:00:00', NULL, NULL),
(60, 1, 1, NULL, NULL, NULL, 'production_purchase', NULL, 'received', NULL, 0, 'due', NULL, NULL, NULL, NULL, 'xxx2021/0003', NULL, NULL, NULL, '2021-01-20 17:26:00', '0.0000', NULL, '0.0000', NULL, '0.0000', 0, '0.0000', NULL, NULL, NULL, NULL, '0.0000', NULL, NULL, NULL, NULL, NULL, NULL, NULL, 0, NULL, '0.0000', NULL, '0.0000', NULL, '0.0000', NULL, '0.0000', NULL, '0.0000', '26946.3800', NULL, NULL, NULL, NULL, 0, 0, '1.000', NULL, NULL, NULL, NULL, 1, 0, NULL, NULL, NULL, NULL, NULL, NULL, NULL, NULL, NULL, '0.0000', '0.0000', 'fixed', 1, NULL, NULL, NULL, NULL, NULL, NULL, NULL, NULL, NULL, NULL, NULL, 0, 0, NULL, 0, NULL, NULL, NULL, NULL, NULL, NULL, NULL, NULL, NULL, '2021-01-20 17:28:16', '2021-01-20 17:28:16', 'Yes', '0000-00-00 00:00:00', 'Yes', '0000-00-00 00:00:00', NULL, NULL),
(61, 1, 1, NULL, NULL, NULL, 'production_sell', NULL, 'final', NULL, 0, 'due', NULL, NULL, NULL, NULL, NULL, NULL, NULL, NULL, '2021-01-20 17:26:00', '0.0000', NULL, '0.0000', NULL, '0.0000', 0, '0.0000', NULL, NULL, NULL, NULL, '0.0000', NULL, NULL, NULL, NULL, NULL, NULL, NULL, 0, NULL, '0.0000', NULL, '0.0000', NULL, '0.0000', NULL, '0.0000', NULL, '0.0000', '26946.3800', NULL, NULL, NULL, NULL, 0, 0, '1.000', NULL, NULL, NULL, NULL, 1, 0, NULL, NULL, NULL, NULL, NULL, NULL, NULL, NULL, 60, NULL, '0.0000', 'percentage', 0, NULL, NULL, NULL, NULL, NULL, NULL, NULL, NULL, NULL, NULL, NULL, 0, 0, NULL, 0, NULL, NULL, NULL, NULL, NULL, NULL, NULL, NULL, NULL, '2021-01-20 17:28:16', '2021-01-20 17:28:16', 'Yes', '0000-00-00 00:00:00', 'Yes', '0000-00-00 00:00:00', NULL, NULL),
(62, 1, 1, 3, 15, NULL, 'sell', NULL, 'final', NULL, 0, 'paid', NULL, 1, NULL, '0007', '', NULL, NULL, NULL, '2021-01-20 17:30:46', '12000.0000', NULL, '0.0000', 'percentage', '0.0000', 0, '0.0000', NULL, NULL, NULL, NULL, '0.0000', NULL, NULL, NULL, NULL, NULL, NULL, NULL, 0, NULL, '0.0000', NULL, '0.0000', NULL, '0.0000', NULL, '0.0000', NULL, '0.0000', '12000.0000', NULL, NULL, NULL, NULL, 0, 0, '1.000', NULL, NULL, NULL, NULL, 1, 0, NULL, NULL, NULL, NULL, NULL, NULL, NULL, NULL, NULL, NULL, '0.0000', 'percentage', 0, NULL, NULL, NULL, '0.0000', NULL, NULL, NULL, NULL, NULL, NULL, NULL, 0, 0, NULL, 0, 1.0000, 'days', 0, NULL, NULL, NULL, NULL, NULL, 0, '2021-01-20 17:30:46', '2021-01-20 17:30:46', 'Yes', '0000-00-00 00:00:00', 'Yes', '0000-00-00 00:00:00', NULL, NULL),
(63, 1, 1, NULL, NULL, NULL, 'purchase', NULL, 'received', NULL, 0, 'paid', NULL, 14, NULL, NULL, 'PO2021/0004', NULL, NULL, NULL, '2021-01-20 20:26:00', '120000.0000', NULL, '0.0000', NULL, '0.0000', 0, '0.0000', NULL, NULL, NULL, NULL, '0.0000', NULL, NULL, NULL, NULL, NULL, NULL, NULL, 0, NULL, '0.0000', NULL, '0.0000', NULL, '0.0000', NULL, '0.0000', NULL, '0.0000', '120000.0000', NULL, NULL, NULL, NULL, 0, 0, '1.000', NULL, NULL, NULL, NULL, 1, 0, NULL, NULL, NULL, NULL, NULL, NULL, NULL, NULL, NULL, NULL, '0.0000', 'percentage', 0, NULL, NULL, NULL, NULL, NULL, NULL, NULL, NULL, NULL, NULL, NULL, 0, 0, NULL, 0, NULL, NULL, NULL, NULL, NULL, NULL, NULL, NULL, NULL, '2021-01-20 20:28:26', '2021-01-20 20:31:54', 'Yes', '0000-00-00 00:00:00', 'Yes', '0000-00-00 00:00:00', NULL, NULL);
INSERT INTO `transactions` (`id`, `business_id`, `location_id`, `res_table_id`, `res_waiter_id`, `res_order_status`, `type`, `sub_type`, `status`, `sub_status`, `is_quotation`, `payment_status`, `adjustment_type`, `contact_id`, `customer_group_id`, `invoice_no`, `ref_no`, `source`, `subscription_no`, `subscription_repeat_on`, `transaction_date`, `total_before_tax`, `tax_id`, `tax_amount`, `discount_type`, `discount_amount`, `rp_redeemed`, `rp_redeemed_amount`, `shipping_details`, `shipping_address`, `shipping_status`, `delivered_to`, `shipping_charges`, `shipping_custom_field_1`, `shipping_custom_field_2`, `shipping_custom_field_3`, `shipping_custom_field_4`, `shipping_custom_field_5`, `additional_notes`, `staff_note`, `is_export`, `export_custom_fields_info`, `round_off_amount`, `additional_expense_key_1`, `additional_expense_value_1`, `additional_expense_key_2`, `additional_expense_value_2`, `additional_expense_key_3`, `additional_expense_value_3`, `additional_expense_key_4`, `additional_expense_value_4`, `final_total`, `expense_category_id`, `expense_for`, `commission_agent`, `document`, `is_direct_sale`, `is_suspend`, `exchange_rate`, `total_amount_recovered`, `transfer_parent_id`, `return_parent_id`, `opening_stock_product_id`, `created_by`, `crm_is_order_request`, `prefer_payment_method`, `prefer_payment_account`, `sales_order_ids`, `purchase_order_ids`, `custom_field_1`, `custom_field_2`, `custom_field_3`, `custom_field_4`, `mfg_parent_production_purchase_id`, `mfg_wasted_units`, `mfg_production_cost`, `mfg_production_cost_type`, `mfg_is_final`, `import_batch`, `import_time`, `types_of_service_id`, `packing_charge`, `packing_charge_type`, `service_custom_field_1`, `service_custom_field_2`, `service_custom_field_3`, `service_custom_field_4`, `service_custom_field_5`, `service_custom_field_6`, `is_created_from_api`, `rp_earned`, `order_addresses`, `is_recurring`, `recur_interval`, `recur_interval_type`, `recur_repetitions`, `recur_stopped_on`, `recur_parent_id`, `invoice_token`, `pay_term_number`, `pay_term_type`, `selling_price_group_id`, `created_at`, `updated_at`, `release_order`, `release_date`, `carryin_confirmation`, `carryin_date`, `carryout_date`, `carryout_details`) VALUES
(64, 1, 1, NULL, NULL, NULL, 'purchase', NULL, 'received', NULL, 0, 'paid', NULL, 14, NULL, NULL, 'PO2021/0005', NULL, NULL, NULL, '2021-01-20 20:32:00', '120000.0000', NULL, '0.0000', NULL, '0.0000', 0, '0.0000', NULL, NULL, NULL, NULL, '0.0000', NULL, NULL, NULL, NULL, NULL, NULL, NULL, 0, NULL, '0.0000', NULL, '0.0000', NULL, '0.0000', NULL, '0.0000', NULL, '0.0000', '120000.0000', NULL, NULL, NULL, NULL, 0, 0, '1.000', NULL, NULL, NULL, NULL, 1, 0, NULL, NULL, NULL, NULL, NULL, NULL, NULL, NULL, NULL, NULL, '0.0000', 'percentage', 0, NULL, NULL, NULL, NULL, NULL, NULL, NULL, NULL, NULL, NULL, NULL, 0, 0, NULL, 0, NULL, NULL, NULL, NULL, NULL, NULL, NULL, NULL, NULL, '2021-01-20 20:33:44', '2021-01-20 20:33:44', 'Yes', '0000-00-00 00:00:00', 'Yes', '0000-00-00 00:00:00', NULL, NULL),
(65, 1, 1, NULL, NULL, NULL, 'opening_stock', NULL, 'received', NULL, 0, 'paid', NULL, NULL, NULL, NULL, NULL, NULL, NULL, NULL, '2021-01-01 12:36:35', '240000.0000', NULL, '0.0000', NULL, '0.0000', 0, '0.0000', NULL, NULL, NULL, NULL, '0.0000', NULL, NULL, NULL, NULL, NULL, NULL, NULL, 0, NULL, '0.0000', NULL, '0.0000', NULL, '0.0000', NULL, '0.0000', NULL, '0.0000', '240000.0000', NULL, NULL, NULL, NULL, 0, 0, '1.000', NULL, NULL, NULL, 46, 1, 0, NULL, NULL, NULL, NULL, NULL, NULL, NULL, NULL, NULL, NULL, '0.0000', 'percentage', 0, NULL, NULL, NULL, NULL, NULL, NULL, NULL, NULL, NULL, NULL, NULL, 0, 0, NULL, 0, NULL, NULL, NULL, NULL, NULL, NULL, NULL, NULL, NULL, '2021-01-21 12:36:35', '2021-01-21 12:36:35', 'Yes', '0000-00-00 00:00:00', 'Yes', '0000-00-00 00:00:00', NULL, NULL),
(66, 1, 1, NULL, NULL, NULL, 'opening_stock', NULL, 'received', NULL, 0, 'paid', NULL, NULL, NULL, NULL, NULL, NULL, NULL, NULL, '2021-01-01 12:40:26', '36000.0000', NULL, '0.0000', NULL, '0.0000', 0, '0.0000', NULL, NULL, NULL, NULL, '0.0000', NULL, NULL, NULL, NULL, NULL, NULL, NULL, 0, NULL, '0.0000', NULL, '0.0000', NULL, '0.0000', NULL, '0.0000', NULL, '0.0000', '36000.0000', NULL, NULL, NULL, NULL, 0, 0, '1.000', NULL, NULL, NULL, 45, 1, 0, NULL, NULL, NULL, NULL, NULL, NULL, NULL, NULL, NULL, NULL, '0.0000', 'percentage', 0, NULL, NULL, NULL, NULL, NULL, NULL, NULL, NULL, NULL, NULL, NULL, 0, 0, NULL, 0, NULL, NULL, NULL, NULL, NULL, NULL, NULL, NULL, NULL, '2021-01-21 12:40:26', '2021-01-21 12:40:26', 'Yes', '0000-00-00 00:00:00', 'Yes', '0000-00-00 00:00:00', NULL, NULL),
(67, 1, 1, NULL, NULL, NULL, 'purchase', NULL, 'received', NULL, 0, 'paid', NULL, 13, NULL, NULL, 'PO2021/0006', NULL, NULL, NULL, '2021-01-21 12:51:00', '78000.0000', NULL, '0.0000', 'fixed', '0.0000', 0, '0.0000', NULL, NULL, NULL, NULL, '0.0000', NULL, NULL, NULL, NULL, NULL, NULL, NULL, 0, NULL, '0.0000', NULL, '0.0000', NULL, '0.0000', NULL, '0.0000', NULL, '0.0000', '78000.0000', NULL, NULL, NULL, NULL, 0, 0, '1.000', NULL, NULL, NULL, NULL, 1, 0, NULL, NULL, NULL, NULL, NULL, NULL, NULL, NULL, NULL, NULL, '0.0000', 'percentage', 0, NULL, NULL, NULL, NULL, NULL, NULL, NULL, NULL, NULL, NULL, NULL, 0, 0, NULL, 0, NULL, NULL, NULL, NULL, NULL, NULL, NULL, NULL, NULL, '2021-01-21 12:57:33', '2021-01-21 12:57:33', 'Yes', '0000-00-00 00:00:00', 'Yes', '0000-00-00 00:00:00', NULL, NULL),
(68, 1, 1, NULL, NULL, NULL, 'production_purchase', NULL, 'received', NULL, 0, 'due', NULL, NULL, NULL, NULL, 'xxx2021/0004', NULL, NULL, NULL, '2021-01-21 13:12:00', '0.0000', NULL, '0.0000', NULL, '0.0000', 0, '0.0000', NULL, NULL, NULL, NULL, '0.0000', NULL, NULL, NULL, NULL, NULL, NULL, NULL, 0, NULL, '0.0000', NULL, '0.0000', NULL, '0.0000', NULL, '0.0000', NULL, '0.0000', '33305.0000', NULL, NULL, NULL, NULL, 0, 0, '1.000', NULL, NULL, NULL, NULL, 1, 0, NULL, NULL, NULL, NULL, NULL, NULL, NULL, NULL, NULL, '0.0000', '0.0000', 'fixed', 1, NULL, NULL, NULL, NULL, NULL, NULL, NULL, NULL, NULL, NULL, NULL, 0, 0, NULL, 0, NULL, NULL, NULL, NULL, NULL, NULL, NULL, NULL, NULL, '2021-01-21 13:18:46', '2021-01-21 13:18:46', 'Yes', '0000-00-00 00:00:00', 'Yes', '0000-00-00 00:00:00', NULL, NULL),
(69, 1, 1, NULL, NULL, NULL, 'production_sell', NULL, 'final', NULL, 0, 'due', NULL, NULL, NULL, NULL, NULL, NULL, NULL, NULL, '2021-01-21 13:12:00', '0.0000', NULL, '0.0000', NULL, '0.0000', 0, '0.0000', NULL, NULL, NULL, NULL, '0.0000', NULL, NULL, NULL, NULL, NULL, NULL, NULL, 0, NULL, '0.0000', NULL, '0.0000', NULL, '0.0000', NULL, '0.0000', NULL, '0.0000', '33305.0000', NULL, NULL, NULL, NULL, 0, 0, '1.000', NULL, NULL, NULL, NULL, 1, 0, NULL, NULL, NULL, NULL, NULL, NULL, NULL, NULL, 68, NULL, '0.0000', 'percentage', 0, NULL, NULL, NULL, NULL, NULL, NULL, NULL, NULL, NULL, NULL, NULL, 0, 0, NULL, 0, NULL, NULL, NULL, NULL, NULL, NULL, NULL, NULL, NULL, '2021-01-21 13:18:46', '2021-01-21 13:18:46', 'Yes', '0000-00-00 00:00:00', 'Yes', '0000-00-00 00:00:00', NULL, NULL),
(71, 1, 1, 3, 15, NULL, 'sell', NULL, 'final', NULL, 0, 'paid', NULL, 1, NULL, '0008', '', NULL, NULL, NULL, '2021-01-21 13:30:24', '100000.0000', NULL, '0.0000', 'percentage', '0.0000', 0, '0.0000', NULL, NULL, NULL, NULL, '0.0000', NULL, NULL, NULL, NULL, NULL, NULL, NULL, 0, NULL, '0.0000', NULL, '0.0000', NULL, '0.0000', NULL, '0.0000', NULL, '0.0000', '100000.0000', NULL, NULL, NULL, NULL, 0, 0, '1.000', NULL, NULL, NULL, NULL, 1, 0, NULL, NULL, NULL, NULL, NULL, NULL, NULL, NULL, NULL, NULL, '0.0000', 'percentage', 0, NULL, NULL, NULL, '0.0000', NULL, NULL, NULL, NULL, NULL, NULL, NULL, 0, 0, NULL, 0, 1.0000, 'days', 0, NULL, NULL, NULL, NULL, NULL, 0, '2021-01-21 13:30:24', '2021-01-21 13:30:24', 'Yes', '0000-00-00 00:00:00', 'Yes', '0000-00-00 00:00:00', NULL, NULL),
(72, 1, 1, NULL, NULL, NULL, 'sell', NULL, 'final', NULL, 0, 'paid', NULL, 1, NULL, '0009', '', NULL, NULL, NULL, '2021-01-21 14:12:43', '3200.0000', NULL, '0.0000', 'percentage', '0.0000', 0, '0.0000', NULL, NULL, NULL, NULL, '0.0000', NULL, NULL, NULL, NULL, NULL, NULL, NULL, 0, NULL, '0.0000', NULL, '0.0000', NULL, '0.0000', NULL, '0.0000', NULL, '0.0000', '3200.0000', NULL, NULL, NULL, NULL, 0, 0, '1.000', NULL, NULL, NULL, NULL, 1, 0, NULL, NULL, NULL, NULL, NULL, NULL, NULL, NULL, NULL, NULL, '0.0000', 'percentage', 0, NULL, NULL, NULL, '0.0000', NULL, NULL, NULL, NULL, NULL, NULL, NULL, 0, 0, NULL, 0, 1.0000, 'days', 0, NULL, NULL, NULL, NULL, NULL, 0, '2021-01-21 14:12:43', '2021-01-21 14:12:43', 'Yes', '0000-00-00 00:00:00', 'Yes', '0000-00-00 00:00:00', NULL, NULL),
(73, 1, 1, NULL, NULL, NULL, 'sell', NULL, 'final', NULL, 0, 'due', NULL, 1, NULL, '0010', '', NULL, NULL, NULL, '2021-01-21 14:12:59', '3200.0000', NULL, '0.0000', 'percentage', '0.0000', 0, '0.0000', NULL, NULL, NULL, NULL, '0.0000', NULL, NULL, NULL, NULL, NULL, NULL, NULL, 0, NULL, '0.0000', NULL, '0.0000', NULL, '0.0000', NULL, '0.0000', NULL, '0.0000', '3200.0000', NULL, NULL, NULL, NULL, 0, 0, '1.000', NULL, NULL, NULL, NULL, 1, 0, NULL, NULL, NULL, NULL, NULL, NULL, NULL, NULL, NULL, NULL, '0.0000', 'percentage', 0, NULL, NULL, NULL, '0.0000', NULL, NULL, NULL, NULL, NULL, NULL, NULL, 0, 0, NULL, 0, 1.0000, 'days', 0, NULL, NULL, NULL, NULL, NULL, 0, '2021-01-21 14:12:59', '2021-01-21 14:12:59', 'Yes', '0000-00-00 00:00:00', 'Yes', '0000-00-00 00:00:00', NULL, NULL),
(74, 1, 1, NULL, NULL, NULL, 'sell', NULL, 'final', NULL, 0, 'paid', NULL, 1, NULL, '0011', '', NULL, NULL, NULL, '2021-01-21 14:13:20', '1000.0000', NULL, '0.0000', 'percentage', '0.0000', 0, '0.0000', NULL, NULL, NULL, NULL, '0.0000', NULL, NULL, NULL, NULL, NULL, NULL, NULL, 0, NULL, '0.0000', NULL, '0.0000', NULL, '0.0000', NULL, '0.0000', NULL, '0.0000', '1000.0000', NULL, NULL, NULL, NULL, 0, 0, '1.000', NULL, NULL, NULL, NULL, 1, 0, NULL, NULL, NULL, NULL, NULL, NULL, NULL, NULL, NULL, NULL, '0.0000', 'percentage', 0, NULL, NULL, NULL, '0.0000', NULL, NULL, NULL, NULL, NULL, NULL, NULL, 0, 0, NULL, 0, 1.0000, 'days', 0, NULL, NULL, NULL, NULL, NULL, 0, '2021-01-21 14:13:20', '2021-01-21 14:13:20', 'Yes', '0000-00-00 00:00:00', 'Yes', '0000-00-00 00:00:00', NULL, NULL),
(75, 1, 1, NULL, NULL, NULL, 'sell', NULL, 'final', NULL, 0, 'due', NULL, 1, NULL, '0012', '', NULL, NULL, NULL, '2021-01-21 19:55:34', '1000.0000', NULL, '0.0000', 'percentage', '0.0000', 0, '0.0000', NULL, NULL, NULL, NULL, '0.0000', NULL, NULL, NULL, NULL, NULL, NULL, NULL, 0, NULL, '0.0000', NULL, '0.0000', NULL, '0.0000', NULL, '0.0000', NULL, '0.0000', '1000.0000', NULL, NULL, NULL, NULL, 0, 0, '1.000', NULL, NULL, NULL, NULL, 1, 0, NULL, NULL, NULL, NULL, NULL, NULL, NULL, NULL, NULL, NULL, '0.0000', 'percentage', 0, NULL, NULL, NULL, '0.0000', NULL, NULL, NULL, NULL, NULL, NULL, NULL, 0, 0, NULL, 0, 1.0000, 'days', 0, NULL, NULL, NULL, NULL, NULL, 0, '2021-01-21 19:55:34', '2021-01-21 19:55:34', 'Yes', '0000-00-00 00:00:00', 'Yes', '0000-00-00 00:00:00', NULL, NULL),
(76, 1, 1, NULL, NULL, NULL, 'sell', NULL, 'final', NULL, 0, 'due', NULL, 1, NULL, '0013', '', NULL, NULL, NULL, '2021-01-21 19:56:30', '1000.0000', NULL, '0.0000', 'percentage', '0.0000', 0, '0.0000', NULL, NULL, NULL, NULL, '0.0000', NULL, NULL, NULL, NULL, NULL, NULL, NULL, 0, NULL, '0.0000', NULL, '0.0000', NULL, '0.0000', NULL, '0.0000', NULL, '0.0000', '1000.0000', NULL, NULL, NULL, NULL, 0, 0, '1.000', NULL, NULL, NULL, NULL, 1, 0, NULL, NULL, NULL, NULL, NULL, NULL, NULL, NULL, NULL, NULL, '0.0000', 'percentage', 0, NULL, NULL, NULL, '0.0000', NULL, NULL, NULL, NULL, NULL, NULL, NULL, 0, 0, NULL, 0, 1.0000, 'days', 0, NULL, NULL, NULL, NULL, NULL, 0, '2021-01-21 19:56:30', '2021-01-21 19:56:30', 'Yes', '0000-00-00 00:00:00', 'Yes', '0000-00-00 00:00:00', NULL, NULL),
(80, 1, 1, NULL, NULL, NULL, 'sell', NULL, 'final', NULL, 0, 'due', NULL, 1, NULL, '0014', '', NULL, NULL, NULL, '2021-01-22 13:45:13', '1000.0000', NULL, '0.0000', 'percentage', '0.0000', 0, '0.0000', NULL, NULL, NULL, NULL, '0.0000', NULL, NULL, NULL, NULL, NULL, NULL, NULL, 0, NULL, '0.0000', NULL, '0.0000', NULL, '0.0000', NULL, '0.0000', NULL, '0.0000', '1000.0000', NULL, NULL, NULL, NULL, 0, 0, '1.000', NULL, NULL, NULL, NULL, 1, 0, NULL, NULL, NULL, NULL, NULL, NULL, NULL, NULL, NULL, NULL, '0.0000', 'percentage', 0, NULL, NULL, NULL, '0.0000', NULL, NULL, NULL, NULL, NULL, NULL, NULL, 0, 0, NULL, 0, 1.0000, 'days', 0, NULL, NULL, NULL, NULL, NULL, 0, '2021-01-22 13:45:13', '2021-01-22 13:45:13', 'Yes', '0000-00-00 00:00:00', 'Yes', '0000-00-00 00:00:00', NULL, NULL),
(81, 1, 1, NULL, NULL, NULL, 'sell', NULL, 'final', NULL, 0, 'paid', NULL, 1, NULL, '0015', '', NULL, NULL, NULL, '2021-01-22 13:51:35', '1000.0000', NULL, '0.0000', 'percentage', '0.0000', 0, '0.0000', NULL, NULL, NULL, NULL, '0.0000', NULL, NULL, NULL, NULL, NULL, NULL, NULL, 0, NULL, '0.0000', NULL, '0.0000', NULL, '0.0000', NULL, '0.0000', NULL, '0.0000', '1000.0000', NULL, NULL, NULL, NULL, 0, 0, '1.000', NULL, NULL, NULL, NULL, 1, 0, NULL, NULL, NULL, NULL, NULL, NULL, NULL, NULL, NULL, NULL, '0.0000', 'percentage', 0, NULL, NULL, NULL, '0.0000', NULL, NULL, NULL, NULL, NULL, NULL, NULL, 0, 0, NULL, 0, 1.0000, 'days', 0, NULL, NULL, NULL, NULL, NULL, 0, '2021-01-22 13:51:35', '2021-01-22 13:51:35', 'Yes', '0000-00-00 00:00:00', 'Yes', '0000-00-00 00:00:00', NULL, NULL),
(83, 2, 2, NULL, NULL, NULL, 'sell', NULL, 'final', NULL, 0, 'paid', NULL, 2, NULL, '0004', '', NULL, NULL, NULL, '2021-01-29 21:40:53', '1426000.0000', NULL, '0.0000', 'percentage', '0.0000', 0, '0.0000', NULL, NULL, NULL, NULL, '0.0000', NULL, NULL, NULL, NULL, NULL, NULL, NULL, 0, NULL, '0.0000', NULL, '0.0000', NULL, '0.0000', NULL, '0.0000', NULL, '0.0000', '1426000.0000', NULL, NULL, NULL, NULL, 0, 0, '1.000', NULL, NULL, NULL, NULL, 2, 0, NULL, NULL, NULL, NULL, NULL, NULL, NULL, NULL, NULL, NULL, '0.0000', 'percentage', 0, NULL, NULL, NULL, '0.0000', NULL, NULL, NULL, NULL, NULL, NULL, NULL, 0, 0, NULL, 0, 1.0000, 'days', 0, NULL, NULL, NULL, NULL, NULL, NULL, '2021-01-29 21:40:53', '2021-01-29 21:48:27', 'Yes', '0000-00-00 00:00:00', 'Yes', '0000-00-00 00:00:00', NULL, NULL),
(84, 2, 2, NULL, NULL, NULL, 'sell', NULL, 'final', NULL, 0, 'due', NULL, 2, NULL, '0002', '', NULL, NULL, NULL, '2021-01-29 21:45:15', '1416000.0000', NULL, '0.0000', 'percentage', '0.0000', 0, '0.0000', NULL, NULL, NULL, NULL, '0.0000', NULL, NULL, NULL, NULL, NULL, NULL, NULL, 0, NULL, '0.0000', NULL, '0.0000', NULL, '0.0000', NULL, '0.0000', NULL, '0.0000', '1416000.0000', NULL, NULL, NULL, NULL, 0, 0, '1.000', NULL, NULL, NULL, NULL, 2, 0, NULL, NULL, NULL, NULL, NULL, NULL, NULL, NULL, NULL, NULL, '0.0000', 'percentage', 0, NULL, NULL, NULL, '0.0000', NULL, NULL, NULL, NULL, NULL, NULL, NULL, 0, 0, NULL, 0, 1.0000, 'days', 0, NULL, NULL, NULL, NULL, NULL, 0, '2021-01-29 21:45:15', '2021-01-29 21:45:15', 'Yes', '0000-00-00 00:00:00', 'Yes', '0000-00-00 00:00:00', NULL, NULL),
(85, 2, 2, NULL, NULL, NULL, 'sell', NULL, 'final', NULL, 0, 'paid', NULL, 2, NULL, '0003', '', NULL, NULL, NULL, '2021-01-29 21:47:19', '2832000.0000', NULL, '0.0000', 'percentage', '2.0000', 0, '0.0000', 'ersdfyghn', 'asrdtfyguh', 'delivered', 'wwawersdtygui', '20000.0000', NULL, NULL, NULL, NULL, NULL, NULL, NULL, 0, NULL, '0.0000', NULL, '0.0000', NULL, '0.0000', NULL, '0.0000', NULL, '0.0000', '2795360.0000', NULL, NULL, NULL, NULL, 0, 0, '1.000', NULL, NULL, NULL, NULL, 2, 0, NULL, NULL, NULL, NULL, NULL, NULL, NULL, NULL, NULL, NULL, '0.0000', 'percentage', 0, NULL, NULL, NULL, '0.0000', NULL, NULL, NULL, NULL, NULL, NULL, NULL, 0, 0, NULL, 0, 1.0000, 'days', 0, NULL, NULL, NULL, NULL, NULL, 0, '2021-01-29 21:47:19', '2021-01-29 22:31:27', 'Yes', '0000-00-00 00:00:00', 'Yes', '0000-00-00 00:00:00', NULL, NULL),
(86, 2, 2, NULL, NULL, NULL, 'sell', NULL, 'final', NULL, 0, 'due', NULL, 2, NULL, '0005', '', NULL, NULL, NULL, '2021-01-29 22:00:05', '7080000.0000', NULL, '0.0000', 'percentage', '0.0000', 0, '0.0000', NULL, NULL, NULL, NULL, '0.0000', NULL, NULL, NULL, NULL, NULL, 'asrtfghij', NULL, 0, NULL, '0.0000', NULL, '0.0000', NULL, '0.0000', NULL, '0.0000', NULL, '0.0000', '7080000.0000', NULL, NULL, NULL, NULL, 0, 1, '1.000', NULL, NULL, NULL, NULL, 2, 0, NULL, NULL, NULL, NULL, NULL, NULL, NULL, NULL, NULL, NULL, '0.0000', 'percentage', 0, NULL, NULL, NULL, '0.0000', NULL, NULL, NULL, NULL, NULL, NULL, NULL, 0, 0, NULL, 0, 1.0000, 'days', 0, NULL, NULL, NULL, NULL, NULL, 0, '2021-01-29 22:00:05', '2021-01-29 22:00:05', 'Yes', '0000-00-00 00:00:00', 'Yes', '0000-00-00 00:00:00', NULL, NULL),
(87, 10, 10, NULL, NULL, NULL, 'opening_stock', NULL, 'received', NULL, 0, 'paid', NULL, NULL, NULL, NULL, NULL, NULL, NULL, NULL, '2021-01-01 21:03:04', '9000.0000', NULL, '0.0000', NULL, '0.0000', 0, '0.0000', NULL, NULL, NULL, NULL, '0.0000', NULL, NULL, NULL, NULL, NULL, NULL, NULL, 0, NULL, '0.0000', NULL, '0.0000', NULL, '0.0000', NULL, '0.0000', NULL, '0.0000', '9000.0000', NULL, NULL, NULL, NULL, 0, 0, '1.000', NULL, NULL, NULL, 172, 18, 0, NULL, NULL, NULL, NULL, NULL, NULL, NULL, NULL, NULL, NULL, '0.0000', 'percentage', 0, NULL, NULL, NULL, NULL, NULL, NULL, NULL, NULL, NULL, NULL, NULL, 0, 0, NULL, 0, NULL, NULL, NULL, NULL, NULL, NULL, NULL, NULL, NULL, '2021-01-30 21:03:04', '2021-01-30 21:03:04', 'Yes', '0000-00-00 00:00:00', 'Yes', '0000-00-00 00:00:00', NULL, NULL),
(88, 10, 10, NULL, NULL, NULL, 'opening_stock', NULL, 'received', NULL, 0, 'paid', NULL, NULL, NULL, NULL, NULL, NULL, NULL, NULL, '2021-01-01 21:20:12', '156.0000', NULL, '0.0000', NULL, '0.0000', 0, '0.0000', NULL, NULL, NULL, NULL, '0.0000', NULL, NULL, NULL, NULL, NULL, NULL, NULL, 0, NULL, '0.0000', NULL, '0.0000', NULL, '0.0000', NULL, '0.0000', NULL, '0.0000', '156.0000', NULL, NULL, NULL, NULL, 0, 0, '1.000', NULL, NULL, NULL, 53, 18, 0, NULL, NULL, NULL, NULL, NULL, NULL, NULL, NULL, NULL, NULL, '0.0000', 'percentage', 0, NULL, NULL, NULL, NULL, NULL, NULL, NULL, NULL, NULL, NULL, NULL, 0, 0, NULL, 0, NULL, NULL, NULL, NULL, NULL, NULL, NULL, NULL, NULL, '2021-01-30 21:20:12', '2021-01-30 21:20:12', 'Yes', '0000-00-00 00:00:00', 'Yes', '0000-00-00 00:00:00', NULL, NULL),
(89, 10, 10, NULL, NULL, NULL, 'opening_stock', NULL, 'received', NULL, 0, 'paid', NULL, NULL, NULL, NULL, NULL, NULL, NULL, NULL, '2021-01-01 21:22:02', '55.0000', NULL, '0.0000', NULL, '0.0000', 0, '0.0000', NULL, NULL, NULL, NULL, '0.0000', NULL, NULL, NULL, NULL, NULL, NULL, NULL, 0, NULL, '0.0000', NULL, '0.0000', NULL, '0.0000', NULL, '0.0000', NULL, '0.0000', '55.0000', NULL, NULL, NULL, NULL, 0, 0, '1.000', NULL, NULL, NULL, 48, 18, 0, NULL, NULL, NULL, NULL, NULL, NULL, NULL, NULL, NULL, NULL, '0.0000', 'percentage', 0, NULL, NULL, NULL, NULL, NULL, NULL, NULL, NULL, NULL, NULL, NULL, 0, 0, NULL, 0, NULL, NULL, NULL, NULL, NULL, NULL, NULL, NULL, NULL, '2021-01-30 21:22:02', '2021-01-30 21:22:02', 'Yes', '0000-00-00 00:00:00', 'Yes', '0000-00-00 00:00:00', NULL, NULL),
(90, 10, 10, NULL, NULL, NULL, 'opening_stock', NULL, 'received', NULL, 0, 'paid', NULL, NULL, NULL, NULL, NULL, NULL, NULL, NULL, '2021-01-01 21:23:25', '0.0000', NULL, '0.0000', NULL, '0.0000', 0, '0.0000', NULL, NULL, NULL, NULL, '0.0000', NULL, NULL, NULL, NULL, NULL, NULL, NULL, 0, NULL, '0.0000', NULL, '0.0000', NULL, '0.0000', NULL, '0.0000', NULL, '0.0000', '0.0000', NULL, NULL, NULL, NULL, 0, 0, '1.000', NULL, NULL, NULL, 82, 18, 0, NULL, NULL, NULL, NULL, NULL, NULL, NULL, NULL, NULL, NULL, '0.0000', 'percentage', 0, NULL, NULL, NULL, NULL, NULL, NULL, NULL, NULL, NULL, NULL, NULL, 0, 0, NULL, 0, NULL, NULL, NULL, NULL, NULL, NULL, NULL, NULL, NULL, '2021-01-30 21:23:25', '2021-01-30 21:23:25', 'Yes', '0000-00-00 00:00:00', 'Yes', '0000-00-00 00:00:00', NULL, NULL),
(91, 10, 10, NULL, NULL, NULL, 'production_purchase', NULL, 'received', NULL, 0, 'due', NULL, NULL, NULL, NULL, '2021/0001', NULL, NULL, NULL, '2021-01-30 21:26:00', '0.0000', NULL, '0.0000', NULL, '0.0000', 0, '0.0000', NULL, NULL, NULL, NULL, '0.0000', NULL, NULL, NULL, NULL, NULL, NULL, NULL, 0, NULL, '0.0000', NULL, '0.0000', NULL, '0.0000', NULL, '0.0000', NULL, '0.0000', '94.5000', NULL, NULL, NULL, NULL, 0, 0, '1.000', NULL, NULL, NULL, NULL, 18, 0, NULL, NULL, NULL, NULL, NULL, NULL, NULL, NULL, NULL, '0.0000', '0.0000', 'fixed', 1, NULL, NULL, NULL, NULL, NULL, NULL, NULL, NULL, NULL, NULL, NULL, 0, 0, NULL, 0, NULL, NULL, NULL, NULL, NULL, NULL, NULL, NULL, NULL, '2021-01-30 21:27:10', '2021-01-30 21:27:10', 'Yes', '0000-00-00 00:00:00', 'Yes', '0000-00-00 00:00:00', NULL, NULL),
(92, 10, 10, NULL, NULL, NULL, 'production_sell', NULL, 'final', NULL, 0, 'due', NULL, NULL, NULL, NULL, NULL, NULL, NULL, NULL, '2021-01-30 21:26:00', '0.0000', NULL, '0.0000', NULL, '0.0000', 0, '0.0000', NULL, NULL, NULL, NULL, '0.0000', NULL, NULL, NULL, NULL, NULL, NULL, NULL, 0, NULL, '0.0000', NULL, '0.0000', NULL, '0.0000', NULL, '0.0000', NULL, '0.0000', '94.5000', NULL, NULL, NULL, NULL, 0, 0, '1.000', NULL, NULL, NULL, NULL, 18, 0, NULL, NULL, NULL, NULL, NULL, NULL, NULL, NULL, 91, NULL, '0.0000', 'percentage', 0, NULL, NULL, NULL, NULL, NULL, NULL, NULL, NULL, NULL, NULL, NULL, 0, 0, NULL, 0, NULL, NULL, NULL, NULL, NULL, NULL, NULL, NULL, NULL, '2021-01-30 21:27:10', '2021-01-30 21:27:10', 'Yes', '0000-00-00 00:00:00', 'Yes', '0000-00-00 00:00:00', NULL, NULL),
(93, 10, 10, NULL, NULL, NULL, 'sell', NULL, 'final', NULL, 0, 'paid', NULL, 17, NULL, '0001', '', NULL, NULL, NULL, '2021-01-30 21:31:32', '35000.0000', NULL, '0.0000', 'percentage', '0.0000', 0, '0.0000', NULL, NULL, NULL, NULL, '0.0000', NULL, NULL, NULL, NULL, NULL, NULL, NULL, 0, NULL, '0.0000', NULL, '0.0000', NULL, '0.0000', NULL, '0.0000', NULL, '0.0000', '35000.0000', NULL, NULL, NULL, NULL, 0, 0, '1.000', NULL, NULL, NULL, NULL, 18, 0, NULL, NULL, NULL, NULL, NULL, NULL, NULL, NULL, NULL, NULL, '0.0000', 'percentage', 0, NULL, NULL, NULL, '0.0000', NULL, NULL, NULL, NULL, NULL, NULL, NULL, 0, 0, NULL, 0, 1.0000, 'days', 0, NULL, NULL, NULL, NULL, NULL, 0, '2021-01-30 21:31:32', '2021-01-30 21:31:32', 'Yes', '0000-00-00 00:00:00', 'Yes', '0000-00-00 00:00:00', NULL, NULL),
(94, 10, 10, NULL, NULL, NULL, 'sell', NULL, 'draft', 'quotation', 1, 'due', NULL, 17, NULL, '2021/0001', '', NULL, NULL, NULL, '2021-01-30 21:38:58', '7000.0000', NULL, '0.0000', 'percentage', '0.0000', 0, '0.0000', NULL, NULL, NULL, NULL, '0.0000', NULL, NULL, NULL, NULL, NULL, NULL, NULL, 0, NULL, '0.0000', NULL, '0.0000', NULL, '0.0000', NULL, '0.0000', NULL, '0.0000', '7000.0000', NULL, NULL, NULL, NULL, 0, 0, '1.000', NULL, NULL, NULL, NULL, 18, 0, NULL, NULL, NULL, NULL, NULL, NULL, NULL, NULL, NULL, NULL, '0.0000', 'percentage', 0, NULL, NULL, NULL, '0.0000', NULL, NULL, NULL, NULL, NULL, NULL, NULL, 0, 0, NULL, 0, 1.0000, 'days', 0, NULL, NULL, NULL, NULL, NULL, NULL, '2021-01-30 21:38:58', '2022-01-07 07:13:38', 'Yes', '0000-00-00 00:00:00', 'Yes', '0000-00-00 00:00:00', NULL, NULL),
(95, 10, 10, 5, NULL, NULL, 'sell', NULL, 'final', NULL, 0, 'paid', NULL, 17, NULL, '0004', '', NULL, NULL, NULL, '2021-01-30 21:47:22', '7000.0000', NULL, '0.0000', 'percentage', '0.0000', 0, '0.0000', NULL, NULL, NULL, NULL, '0.0000', NULL, NULL, NULL, NULL, NULL, NULL, NULL, 0, NULL, '0.0000', NULL, '0.0000', NULL, '0.0000', NULL, '0.0000', NULL, '0.0000', '7000.0000', NULL, NULL, NULL, NULL, 0, 0, '1.000', NULL, NULL, NULL, NULL, 18, 0, NULL, NULL, NULL, NULL, NULL, NULL, NULL, NULL, NULL, NULL, '0.0000', 'percentage', 0, NULL, NULL, NULL, '0.0000', NULL, NULL, NULL, NULL, NULL, NULL, NULL, 0, 0, NULL, 0, 1.0000, 'days', 0, NULL, NULL, NULL, NULL, NULL, NULL, '2021-01-30 21:47:22', '2021-01-30 22:01:32', 'Yes', '0000-00-00 00:00:00', 'Yes', '0000-00-00 00:00:00', NULL, NULL),
(96, 10, 10, NULL, NULL, NULL, 'sell', NULL, 'final', NULL, 0, 'due', NULL, 17, NULL, '0003', '', NULL, NULL, NULL, '2021-01-30 21:59:34', '7000.0000', NULL, '0.0000', 'percentage', '0.0000', 0, '0.0000', NULL, NULL, NULL, NULL, '0.0000', NULL, NULL, NULL, NULL, NULL, NULL, NULL, 0, NULL, '0.0000', NULL, '0.0000', NULL, '0.0000', NULL, '0.0000', NULL, '0.0000', '7000.0000', NULL, NULL, NULL, NULL, 0, 1, '1.000', NULL, NULL, NULL, NULL, 18, 0, NULL, NULL, NULL, NULL, NULL, NULL, NULL, NULL, NULL, NULL, '0.0000', 'percentage', 0, NULL, NULL, NULL, '0.0000', NULL, NULL, NULL, NULL, NULL, NULL, NULL, 0, 0, NULL, 0, 1.0000, 'days', 0, NULL, NULL, NULL, NULL, NULL, 0, '2021-01-30 21:59:34', '2021-01-30 21:59:34', 'Yes', '0000-00-00 00:00:00', 'Yes', '0000-00-00 00:00:00', NULL, NULL),
(97, 10, 10, 4, NULL, NULL, 'sell', NULL, 'final', NULL, 0, 'paid', NULL, 17, NULL, '0005', '', NULL, NULL, NULL, '2021-02-02 11:33:00', '9000.0000', NULL, '0.0000', 'percentage', '0.0000', 0, '0.0000', NULL, NULL, NULL, NULL, '0.0000', NULL, NULL, NULL, NULL, NULL, NULL, NULL, 0, NULL, '0.0000', NULL, '0.0000', NULL, '0.0000', NULL, '0.0000', NULL, '0.0000', '9000.0000', NULL, NULL, NULL, NULL, 0, 0, '1.000', NULL, NULL, NULL, NULL, 18, 0, NULL, NULL, NULL, NULL, NULL, NULL, NULL, NULL, NULL, NULL, '0.0000', 'percentage', 0, NULL, NULL, NULL, '0.0000', NULL, NULL, NULL, NULL, NULL, NULL, NULL, 0, 0, NULL, 0, 1.0000, 'days', 0, NULL, NULL, NULL, NULL, NULL, 0, '2021-02-02 11:36:37', '2021-02-02 11:36:37', 'Yes', '0000-00-00 00:00:00', 'Yes', '0000-00-00 00:00:00', NULL, NULL),
(98, 10, 10, NULL, NULL, NULL, 'production_purchase', NULL, 'received', NULL, 0, 'due', NULL, NULL, NULL, NULL, '2021/0002', NULL, NULL, NULL, '2021-02-05 18:09:00', '0.0000', NULL, '0.0000', NULL, '0.0000', 0, '0.0000', NULL, NULL, NULL, NULL, '0.0000', NULL, NULL, NULL, NULL, NULL, NULL, NULL, 0, NULL, '0.0000', NULL, '0.0000', NULL, '0.0000', NULL, '0.0000', NULL, '0.0000', '94.5000', NULL, NULL, NULL, NULL, 0, 0, '1.000', NULL, NULL, NULL, NULL, 18, 0, NULL, NULL, NULL, NULL, NULL, NULL, NULL, NULL, NULL, '0.0000', '0.0000', 'fixed', 1, NULL, NULL, NULL, NULL, NULL, NULL, NULL, NULL, NULL, NULL, NULL, 0, 0, NULL, 0, NULL, NULL, NULL, NULL, NULL, NULL, NULL, NULL, NULL, '2021-02-05 18:18:31', '2021-02-05 18:18:31', 'Yes', '0000-00-00 00:00:00', 'Yes', '0000-00-00 00:00:00', NULL, NULL),
(99, 10, 10, NULL, NULL, NULL, 'production_sell', NULL, 'final', NULL, 0, 'due', NULL, NULL, NULL, NULL, NULL, NULL, NULL, NULL, '2021-02-05 18:09:00', '0.0000', NULL, '0.0000', NULL, '0.0000', 0, '0.0000', NULL, NULL, NULL, NULL, '0.0000', NULL, NULL, NULL, NULL, NULL, NULL, NULL, 0, NULL, '0.0000', NULL, '0.0000', NULL, '0.0000', NULL, '0.0000', NULL, '0.0000', '94.5000', NULL, NULL, NULL, NULL, 0, 0, '1.000', NULL, NULL, NULL, NULL, 18, 0, NULL, NULL, NULL, NULL, NULL, NULL, NULL, NULL, 98, NULL, '0.0000', 'percentage', 0, NULL, NULL, NULL, NULL, NULL, NULL, NULL, NULL, NULL, NULL, NULL, 0, 0, NULL, 0, NULL, NULL, NULL, NULL, NULL, NULL, NULL, NULL, NULL, '2021-02-05 18:18:31', '2021-02-05 18:18:31', 'Yes', '0000-00-00 00:00:00', 'Yes', '0000-00-00 00:00:00', NULL, NULL),
(100, 10, 10, 4, NULL, NULL, 'sell', NULL, 'final', NULL, 0, 'paid', NULL, 17, NULL, '0006', '', NULL, NULL, NULL, '2021-02-05 18:28:00', '42000.0000', NULL, '0.0000', 'percentage', '0.0000', 0, '0.0000', NULL, NULL, NULL, NULL, '0.0000', NULL, NULL, NULL, NULL, NULL, NULL, NULL, 0, NULL, '0.0000', NULL, '0.0000', NULL, '0.0000', NULL, '0.0000', NULL, '0.0000', '42000.0000', NULL, NULL, NULL, NULL, 0, 0, '1.000', NULL, NULL, NULL, NULL, 18, 0, NULL, NULL, NULL, NULL, NULL, NULL, NULL, NULL, NULL, NULL, '0.0000', 'percentage', 0, NULL, NULL, NULL, '0.0000', NULL, NULL, NULL, NULL, NULL, NULL, NULL, 0, 0, NULL, 0, 1.0000, 'days', 0, NULL, NULL, NULL, NULL, NULL, 0, '2021-02-05 18:34:34', '2021-02-05 18:34:34', 'Yes', '0000-00-00 00:00:00', 'Yes', '0000-00-00 00:00:00', NULL, NULL),
(101, 10, 10, NULL, NULL, NULL, 'sell', NULL, 'final', NULL, 0, 'paid', NULL, 17, NULL, '0007', '', NULL, NULL, NULL, '2021-02-05 18:24:00', '14000.0000', NULL, '0.0000', 'percentage', '0.0000', 0, '0.0000', NULL, NULL, NULL, NULL, '0.0000', NULL, NULL, NULL, NULL, NULL, NULL, NULL, 0, NULL, '0.0000', NULL, '0.0000', NULL, '0.0000', NULL, '0.0000', NULL, '0.0000', '14000.0000', NULL, NULL, NULL, NULL, 0, 0, '1.000', NULL, NULL, NULL, NULL, 18, 0, NULL, NULL, NULL, NULL, NULL, NULL, NULL, NULL, NULL, NULL, '0.0000', 'percentage', 0, NULL, NULL, NULL, '0.0000', NULL, NULL, NULL, NULL, NULL, NULL, NULL, 0, 0, NULL, 0, 1.0000, 'days', 0, NULL, NULL, NULL, NULL, NULL, 0, '2021-02-05 18:34:55', '2021-02-05 18:34:56', 'Yes', '0000-00-00 00:00:00', 'Yes', '0000-00-00 00:00:00', NULL, NULL),
(102, 10, 10, NULL, NULL, NULL, 'sell', NULL, 'final', NULL, 0, 'due', NULL, 17, NULL, '0008', '', NULL, NULL, NULL, '2021-02-05 18:28:00', '7000.0000', NULL, '0.0000', 'percentage', '0.0000', 0, '0.0000', NULL, NULL, NULL, NULL, '0.0000', NULL, NULL, NULL, NULL, NULL, NULL, NULL, 0, NULL, '0.0000', NULL, '0.0000', NULL, '0.0000', NULL, '0.0000', NULL, '0.0000', '7000.0000', NULL, NULL, NULL, NULL, 0, 1, '1.000', NULL, NULL, NULL, NULL, 18, 0, NULL, NULL, NULL, NULL, NULL, NULL, NULL, NULL, NULL, NULL, '0.0000', 'percentage', 0, NULL, NULL, NULL, '0.0000', NULL, NULL, NULL, NULL, NULL, NULL, NULL, 0, 0, NULL, 0, 1.0000, 'days', 0, NULL, NULL, NULL, NULL, NULL, 0, '2021-02-05 18:37:11', '2021-02-05 18:37:11', 'Yes', '0000-00-00 00:00:00', 'Yes', '0000-00-00 00:00:00', NULL, NULL),
(103, 10, 10, NULL, NULL, NULL, 'opening_stock', NULL, 'received', NULL, 0, 'paid', NULL, NULL, NULL, NULL, NULL, NULL, NULL, NULL, '2021-01-01 03:22:41', '12300.0000', NULL, '0.0000', NULL, '0.0000', 0, '0.0000', NULL, NULL, NULL, NULL, '0.0000', NULL, NULL, NULL, NULL, NULL, NULL, NULL, 0, NULL, '0.0000', NULL, '0.0000', NULL, '0.0000', NULL, '0.0000', NULL, '0.0000', '12300.0000', NULL, NULL, NULL, NULL, 0, 0, '1.000', NULL, NULL, NULL, 174, 18, 0, NULL, NULL, NULL, NULL, NULL, NULL, NULL, NULL, NULL, NULL, '0.0000', 'percentage', 0, NULL, NULL, NULL, NULL, NULL, NULL, NULL, NULL, NULL, NULL, NULL, 0, 0, NULL, 0, NULL, NULL, NULL, NULL, NULL, NULL, NULL, NULL, NULL, '2021-02-06 03:22:41', '2021-02-06 03:22:41', 'Yes', '0000-00-00 00:00:00', 'Yes', '0000-00-00 00:00:00', NULL, NULL),
(104, 10, 10, NULL, NULL, NULL, 'opening_stock', NULL, 'received', NULL, 0, 'paid', NULL, NULL, NULL, NULL, NULL, NULL, NULL, NULL, '2021-01-01 03:27:57', '420.0000', NULL, '0.0000', NULL, '0.0000', 0, '0.0000', NULL, NULL, NULL, NULL, '0.0000', NULL, NULL, NULL, NULL, NULL, NULL, NULL, 0, NULL, '0.0000', NULL, '0.0000', NULL, '0.0000', NULL, '0.0000', NULL, '0.0000', '420.0000', NULL, NULL, NULL, NULL, 0, 0, '1.000', NULL, NULL, NULL, 175, 18, 0, NULL, NULL, NULL, NULL, NULL, NULL, NULL, NULL, NULL, NULL, '0.0000', 'percentage', 0, NULL, NULL, NULL, NULL, NULL, NULL, NULL, NULL, NULL, NULL, NULL, 0, 0, NULL, 0, NULL, NULL, NULL, NULL, NULL, NULL, NULL, NULL, NULL, '2021-02-06 03:27:58', '2021-02-06 03:27:58', 'Yes', '0000-00-00 00:00:00', 'Yes', '0000-00-00 00:00:00', NULL, NULL),
(105, 10, 10, NULL, NULL, NULL, 'sell', NULL, 'draft', 'quotation', 1, NULL, NULL, 17, NULL, '2021/0003', '', NULL, NULL, NULL, '2021-02-06 13:56:00', '9000.0000', NULL, '0.0000', 'percentage', '0.0000', 0, '0.0000', NULL, NULL, NULL, NULL, '0.0000', NULL, NULL, NULL, NULL, NULL, NULL, NULL, 0, NULL, '0.0000', NULL, '0.0000', NULL, '0.0000', NULL, '0.0000', NULL, '0.0000', '9000.0000', NULL, NULL, NULL, NULL, 0, 0, '1.000', NULL, NULL, NULL, NULL, 18, 0, NULL, NULL, NULL, NULL, NULL, NULL, NULL, NULL, NULL, NULL, '0.0000', 'percentage', 0, NULL, NULL, NULL, '0.0000', NULL, NULL, NULL, NULL, NULL, NULL, NULL, 0, 0, NULL, 0, 1.0000, 'days', 0, NULL, NULL, NULL, NULL, NULL, 0, '2021-02-06 13:56:32', '2022-01-07 07:13:38', 'Yes', '0000-00-00 00:00:00', 'Yes', '0000-00-00 00:00:00', NULL, NULL),
(106, 10, 10, NULL, NULL, NULL, 'sell', NULL, 'final', NULL, 0, 'paid', NULL, 17, NULL, '0009', '', NULL, NULL, NULL, '2021-02-15 16:05:00', '14000.0000', NULL, '0.0000', 'percentage', '0.0000', 0, '0.0000', NULL, NULL, NULL, NULL, '0.0000', NULL, NULL, NULL, NULL, NULL, NULL, NULL, 0, NULL, '0.0000', NULL, '0.0000', NULL, '0.0000', NULL, '0.0000', NULL, '0.0000', '14000.0000', NULL, NULL, NULL, NULL, 0, 0, '1.000', NULL, NULL, NULL, NULL, 18, 0, NULL, NULL, NULL, NULL, NULL, NULL, NULL, NULL, NULL, NULL, '0.0000', 'percentage', 0, NULL, NULL, NULL, '0.0000', NULL, NULL, NULL, NULL, NULL, NULL, NULL, 0, 0, NULL, 0, 1.0000, 'days', 0, NULL, NULL, NULL, NULL, NULL, 0, '2021-02-15 16:07:04', '2021-02-15 16:07:04', 'Yes', '0000-00-00 00:00:00', 'Yes', '0000-00-00 00:00:00', NULL, NULL),
(107, 10, 10, NULL, NULL, NULL, 'sell', NULL, 'final', NULL, 0, 'paid', NULL, 17, NULL, '0010', '', NULL, NULL, NULL, '2021-02-15 16:05:00', '7000.0000', NULL, '0.0000', 'percentage', '0.0000', 0, '0.0000', NULL, NULL, NULL, NULL, '0.0000', NULL, NULL, NULL, NULL, NULL, NULL, NULL, 0, NULL, '0.0000', NULL, '0.0000', NULL, '0.0000', NULL, '0.0000', NULL, '0.0000', '7000.0000', NULL, NULL, NULL, NULL, 0, 0, '1.000', NULL, NULL, NULL, NULL, 18, 0, NULL, NULL, NULL, NULL, NULL, NULL, NULL, NULL, NULL, NULL, '0.0000', 'percentage', 0, NULL, NULL, NULL, '0.0000', NULL, NULL, NULL, NULL, NULL, NULL, NULL, 0, 0, NULL, 0, 1.0000, 'days', 0, NULL, NULL, NULL, NULL, NULL, 0, '2021-02-15 16:23:06', '2021-02-15 16:23:06', 'Yes', '0000-00-00 00:00:00', 'Yes', '0000-00-00 00:00:00', NULL, NULL),
(108, 10, 10, NULL, NULL, NULL, 'sell', NULL, 'final', NULL, 0, 'paid', NULL, 17, NULL, '0011', '', NULL, NULL, NULL, '2021-02-16 11:36:00', '6000.0000', NULL, '0.0000', 'percentage', '0.0000', 0, '0.0000', NULL, NULL, NULL, NULL, '0.0000', NULL, NULL, NULL, NULL, NULL, NULL, NULL, 0, NULL, '0.0000', NULL, '0.0000', NULL, '0.0000', NULL, '0.0000', NULL, '0.0000', '6000.0000', NULL, NULL, NULL, NULL, 0, 0, '1.000', NULL, NULL, NULL, NULL, 18, 0, NULL, NULL, NULL, NULL, NULL, NULL, NULL, NULL, NULL, NULL, '0.0000', 'percentage', 0, NULL, NULL, NULL, '0.0000', NULL, NULL, NULL, NULL, NULL, NULL, NULL, 0, 0, NULL, 0, 1.0000, 'days', 0, NULL, NULL, NULL, NULL, NULL, 0, '2021-02-16 11:37:10', '2021-02-16 11:37:10', 'Yes', '0000-00-00 00:00:00', 'Yes', '0000-00-00 00:00:00', NULL, NULL),
(109, 10, 10, NULL, NULL, NULL, 'expense', NULL, 'final', NULL, 0, 'paid', NULL, NULL, NULL, NULL, 'EP2021/0001', NULL, NULL, NULL, '2021-02-16 12:15:00', '100000.0000', NULL, '0.0000', NULL, '0.0000', 0, '0.0000', NULL, NULL, NULL, NULL, '0.0000', NULL, NULL, NULL, NULL, NULL, NULL, NULL, 0, NULL, '0.0000', NULL, '0.0000', NULL, '0.0000', NULL, '0.0000', NULL, '0.0000', '100000.0000', 1, NULL, NULL, NULL, 0, 0, '1.000', NULL, NULL, NULL, NULL, 18, 0, NULL, NULL, NULL, NULL, NULL, NULL, NULL, NULL, NULL, NULL, '0.0000', 'percentage', 0, NULL, NULL, NULL, NULL, NULL, NULL, NULL, NULL, NULL, NULL, NULL, 0, 0, NULL, 0, NULL, NULL, NULL, NULL, NULL, NULL, NULL, NULL, NULL, '2021-02-16 12:17:06', '2021-03-01 15:13:05', 'Yes', '0000-00-00 00:00:00', 'Yes', '0000-00-00 00:00:00', NULL, NULL),
(110, 10, 10, NULL, NULL, NULL, 'sell', NULL, 'final', NULL, 0, 'paid', NULL, 17, NULL, '0012', '', NULL, NULL, NULL, '2021-02-17 12:13:00', '6000.0000', NULL, '0.0000', 'percentage', '0.0000', 0, '0.0000', NULL, NULL, NULL, NULL, '0.0000', NULL, NULL, NULL, NULL, NULL, NULL, NULL, 0, NULL, '0.0000', NULL, '0.0000', NULL, '0.0000', NULL, '0.0000', NULL, '0.0000', '6000.0000', NULL, NULL, NULL, NULL, 0, 0, '1.000', NULL, NULL, NULL, NULL, 18, 0, NULL, NULL, NULL, NULL, NULL, NULL, NULL, NULL, NULL, NULL, '0.0000', 'percentage', 0, NULL, NULL, NULL, '0.0000', NULL, NULL, NULL, NULL, NULL, NULL, NULL, 0, 0, NULL, 0, 1.0000, 'days', 0, NULL, NULL, NULL, NULL, NULL, 0, '2021-02-17 12:14:11', '2021-02-17 12:14:11', 'Yes', '0000-00-00 00:00:00', 'Yes', '0000-00-00 00:00:00', NULL, NULL),
(111, 10, 10, NULL, NULL, NULL, 'sell', NULL, 'final', NULL, 0, 'paid', NULL, 17, NULL, '0013', '', NULL, NULL, NULL, '2021-02-18 07:42:00', '4000.0000', NULL, '0.0000', 'percentage', '0.0000', 0, '0.0000', NULL, NULL, NULL, NULL, '0.0000', NULL, NULL, NULL, NULL, NULL, NULL, NULL, 0, NULL, '0.0000', NULL, '0.0000', NULL, '0.0000', NULL, '0.0000', NULL, '0.0000', '4000.0000', NULL, NULL, NULL, NULL, 0, 0, '1.000', NULL, NULL, NULL, NULL, 18, 0, NULL, NULL, NULL, NULL, NULL, NULL, NULL, NULL, NULL, NULL, '0.0000', 'percentage', 0, NULL, NULL, NULL, '0.0000', NULL, NULL, NULL, NULL, NULL, NULL, NULL, 0, 0, NULL, 0, 1.0000, 'days', 0, NULL, NULL, NULL, NULL, NULL, 0, '2021-02-18 07:43:18', '2021-02-18 07:43:18', 'Yes', '0000-00-00 00:00:00', 'Yes', '0000-00-00 00:00:00', NULL, NULL),
(112, 10, 10, NULL, NULL, NULL, 'sell', NULL, 'draft', 'quotation', 1, NULL, NULL, 17, NULL, '2021/0004', '', NULL, NULL, NULL, '2021-02-18 09:58:00', '2000.0000', NULL, '0.0000', 'percentage', '0.0000', 0, '0.0000', NULL, NULL, NULL, NULL, '0.0000', NULL, NULL, NULL, NULL, NULL, NULL, NULL, 0, NULL, '0.0000', NULL, '0.0000', NULL, '0.0000', NULL, '0.0000', NULL, '0.0000', '2000.0000', NULL, NULL, NULL, NULL, 0, 0, '1.000', NULL, NULL, NULL, NULL, 18, 0, NULL, NULL, NULL, NULL, NULL, NULL, NULL, NULL, NULL, NULL, '0.0000', 'percentage', 0, NULL, NULL, NULL, '0.0000', NULL, NULL, NULL, NULL, NULL, NULL, NULL, 0, 0, NULL, 0, 1.0000, 'days', 0, NULL, NULL, NULL, NULL, NULL, 0, '2021-02-18 09:59:28', '2022-01-07 07:13:38', 'Yes', '0000-00-00 00:00:00', 'Yes', '0000-00-00 00:00:00', NULL, NULL),
(113, 10, 10, NULL, NULL, NULL, 'stock_adjustment', NULL, '', NULL, 0, NULL, 'normal', NULL, NULL, NULL, 'SA2021/0001', NULL, NULL, NULL, '2021-02-18 10:32:00', '0.0000', NULL, '0.0000', NULL, '0.0000', 0, '0.0000', NULL, NULL, NULL, NULL, '0.0000', NULL, NULL, NULL, NULL, NULL, 'WRONG STOCK COUNT', NULL, 0, NULL, '0.0000', NULL, '0.0000', NULL, '0.0000', NULL, '0.0000', NULL, '0.0000', '900.0000', NULL, NULL, NULL, NULL, 0, 0, '1.000', '450.0000', NULL, NULL, NULL, 18, 0, NULL, NULL, NULL, NULL, NULL, NULL, NULL, NULL, NULL, NULL, '0.0000', 'percentage', 0, NULL, NULL, NULL, NULL, NULL, NULL, NULL, NULL, NULL, NULL, NULL, 0, 0, NULL, 0, NULL, NULL, NULL, NULL, NULL, NULL, NULL, NULL, NULL, '2021-02-18 10:35:12', '2021-02-18 10:35:12', 'Yes', '0000-00-00 00:00:00', 'Yes', '0000-00-00 00:00:00', NULL, NULL),
(114, 10, 10, NULL, NULL, NULL, 'stock_adjustment', NULL, '', NULL, 0, NULL, 'normal', NULL, NULL, NULL, 'SA2021/0002', NULL, NULL, NULL, '2021-02-18 10:36:00', '0.0000', NULL, '0.0000', NULL, '0.0000', 0, '0.0000', NULL, NULL, NULL, NULL, '0.0000', NULL, NULL, NULL, NULL, NULL, NULL, NULL, 0, NULL, '0.0000', NULL, '0.0000', NULL, '0.0000', NULL, '0.0000', NULL, '0.0000', '450.0000', NULL, NULL, NULL, NULL, 0, 0, '1.000', '0.0000', NULL, NULL, NULL, 18, 0, NULL, NULL, NULL, NULL, NULL, NULL, NULL, NULL, NULL, NULL, '0.0000', 'percentage', 0, NULL, NULL, NULL, NULL, NULL, NULL, NULL, NULL, NULL, NULL, NULL, 0, 0, NULL, 0, NULL, NULL, NULL, NULL, NULL, NULL, NULL, NULL, NULL, '2021-02-18 10:36:52', '2021-02-18 10:36:52', 'Yes', '0000-00-00 00:00:00', 'Yes', '0000-00-00 00:00:00', NULL, NULL),
(115, 10, 10, NULL, NULL, NULL, 'sell', NULL, 'final', NULL, 0, 'paid', NULL, 17, NULL, '0014', '', NULL, NULL, NULL, '2021-02-18 09:58:00', '2000.0000', NULL, '0.0000', 'percentage', '0.0000', 0, '0.0000', NULL, NULL, NULL, NULL, '0.0000', NULL, NULL, NULL, NULL, NULL, NULL, NULL, 0, NULL, '0.0000', NULL, '0.0000', NULL, '0.0000', NULL, '0.0000', NULL, '0.0000', '2000.0000', NULL, NULL, NULL, NULL, 0, 0, '1.000', NULL, NULL, NULL, NULL, 18, 0, NULL, NULL, NULL, NULL, NULL, NULL, NULL, NULL, NULL, NULL, '0.0000', 'percentage', 0, NULL, NULL, NULL, '0.0000', NULL, NULL, NULL, NULL, NULL, NULL, NULL, 0, 0, NULL, 0, 1.0000, 'days', 0, NULL, NULL, NULL, NULL, NULL, 0, '2021-02-18 11:03:07', '2021-02-18 11:03:07', 'Yes', '0000-00-00 00:00:00', 'Yes', '0000-00-00 00:00:00', NULL, NULL),
(116, 10, 10, 4, NULL, NULL, 'sell', NULL, 'final', NULL, 0, 'paid', NULL, 17, NULL, '0015', '', NULL, NULL, NULL, '2021-02-18 11:04:00', '2000.0000', 1, '360.0000', 'percentage', '0.0000', 0, '0.0000', NULL, NULL, 'ordered', NULL, '0.0000', NULL, NULL, NULL, NULL, NULL, NULL, NULL, 0, NULL, '0.0000', NULL, '0.0000', NULL, '0.0000', NULL, '0.0000', NULL, '0.0000', '2360.0000', NULL, NULL, NULL, NULL, 1, 0, '1.000', NULL, NULL, NULL, NULL, 18, 0, NULL, NULL, NULL, NULL, NULL, NULL, NULL, NULL, NULL, NULL, '0.0000', 'percentage', 0, NULL, NULL, NULL, '0.0000', NULL, NULL, NULL, NULL, NULL, NULL, NULL, 0, 0, NULL, 0, 1.0000, 'days', 0, NULL, NULL, NULL, NULL, 'days', NULL, '2021-02-18 11:06:13', '2021-02-18 11:06:13', 'Yes', '0000-00-00 00:00:00', 'Yes', '0000-00-00 00:00:00', NULL, NULL),
(120, 1, 1, NULL, NULL, NULL, 'sell', NULL, 'final', NULL, 0, 'paid', NULL, 1, NULL, '0016', '', NULL, NULL, NULL, '2021-02-18 11:36:54', '1200.0000', NULL, '0.0000', 'percentage', '0.0000', 0, '0.0000', NULL, NULL, NULL, NULL, '0.0000', NULL, NULL, NULL, NULL, NULL, NULL, NULL, 0, NULL, '0.0000', NULL, '0.0000', NULL, '0.0000', NULL, '0.0000', NULL, '0.0000', '1200.0000', NULL, NULL, NULL, NULL, 0, 0, '1.000', NULL, NULL, NULL, NULL, 1, 0, NULL, NULL, NULL, NULL, NULL, NULL, NULL, NULL, NULL, NULL, '0.0000', 'percentage', 0, NULL, NULL, NULL, '0.0000', NULL, NULL, NULL, NULL, NULL, NULL, NULL, 0, 0, NULL, 0, 1.0000, 'days', 0, NULL, NULL, '999abf1ca224b7bcf5fe555390ad4cb8', NULL, NULL, 0, '2021-02-18 11:36:54', '2021-05-01 11:27:45', 'Yes', '0000-00-00 00:00:00', 'Yes', '0000-00-00 00:00:00', NULL, NULL),
(121, 1, 1, 1, 15, NULL, 'sell', NULL, 'final', NULL, 0, 'paid', NULL, 1, NULL, '0017', '', NULL, NULL, NULL, '2021-02-18 13:05:09', '1200.0000', NULL, '0.0000', 'percentage', '0.0000', 0, '0.0000', NULL, NULL, NULL, NULL, '0.0000', NULL, NULL, NULL, NULL, NULL, NULL, NULL, 0, NULL, '0.0000', NULL, '0.0000', NULL, '0.0000', NULL, '0.0000', NULL, '0.0000', '1200.0000', NULL, NULL, NULL, NULL, 0, 0, '1.000', NULL, NULL, NULL, NULL, 1, 0, NULL, NULL, NULL, NULL, NULL, NULL, NULL, NULL, NULL, NULL, '0.0000', 'percentage', 0, NULL, NULL, NULL, '0.0000', NULL, NULL, NULL, NULL, NULL, NULL, NULL, 0, 0, NULL, 0, 1.0000, 'days', 0, NULL, NULL, NULL, NULL, NULL, 0, '2021-02-18 13:05:09', '2021-02-18 13:05:09', 'Yes', '0000-00-00 00:00:00', 'Yes', '0000-00-00 00:00:00', NULL, NULL),
(122, 1, 1, NULL, NULL, NULL, 'sell', NULL, 'final', NULL, 0, 'paid', NULL, 1, NULL, '0018', '', NULL, NULL, NULL, '2021-02-18 13:28:04', '4200.0000', NULL, '0.0000', 'percentage', '0.0000', 0, '0.0000', NULL, NULL, NULL, NULL, '0.0000', NULL, NULL, NULL, NULL, NULL, NULL, NULL, 0, NULL, '0.0000', NULL, '0.0000', NULL, '0.0000', NULL, '0.0000', NULL, '0.0000', '4200.0000', NULL, NULL, NULL, NULL, 0, 0, '1.000', NULL, NULL, NULL, NULL, 1, 0, NULL, NULL, NULL, NULL, NULL, NULL, NULL, NULL, NULL, NULL, '0.0000', 'percentage', 0, NULL, NULL, NULL, '0.0000', NULL, NULL, NULL, NULL, NULL, NULL, NULL, 0, 0, NULL, 0, 1.0000, 'days', 0, NULL, NULL, NULL, NULL, NULL, 0, '2021-02-18 13:28:04', '2021-02-18 13:28:04', 'Yes', '0000-00-00 00:00:00', 'Yes', '0000-00-00 00:00:00', NULL, NULL),
(123, 10, 10, NULL, NULL, NULL, 'sell', NULL, 'final', NULL, 0, 'paid', NULL, 17, NULL, '0016', '', NULL, NULL, NULL, '2021-02-24 11:50:00', '2000.0000', NULL, '0.0000', 'percentage', '0.0000', 0, '0.0000', NULL, NULL, NULL, NULL, '0.0000', NULL, NULL, NULL, NULL, NULL, NULL, NULL, 0, NULL, '0.0000', NULL, '0.0000', NULL, '0.0000', NULL, '0.0000', NULL, '0.0000', '2000.0000', NULL, NULL, NULL, NULL, 0, 0, '1.000', NULL, NULL, NULL, NULL, 18, 0, NULL, NULL, NULL, NULL, NULL, NULL, NULL, NULL, NULL, NULL, '0.0000', 'percentage', 0, NULL, NULL, NULL, '0.0000', NULL, NULL, NULL, NULL, NULL, NULL, NULL, 0, 0, NULL, 0, 1.0000, 'days', 0, NULL, NULL, NULL, NULL, NULL, 0, '2021-02-24 11:50:31', '2021-02-24 11:50:31', 'Yes', '0000-00-00 00:00:00', 'Yes', '0000-00-00 00:00:00', NULL, NULL),
(124, 12, 12, NULL, NULL, NULL, 'opening_stock', NULL, 'received', NULL, 0, 'paid', NULL, NULL, NULL, NULL, NULL, NULL, NULL, NULL, '2021-01-01 10:57:04', '100000.0000', NULL, '0.0000', NULL, '0.0000', 0, '0.0000', NULL, NULL, NULL, NULL, '0.0000', NULL, NULL, NULL, NULL, NULL, NULL, NULL, 0, NULL, '0.0000', NULL, '0.0000', NULL, '0.0000', NULL, '0.0000', NULL, '0.0000', '100000.0000', NULL, NULL, NULL, NULL, 0, 0, '1.000', NULL, NULL, NULL, 189, 20, 0, NULL, NULL, NULL, NULL, NULL, NULL, NULL, NULL, NULL, NULL, '0.0000', 'percentage', 0, NULL, NULL, NULL, NULL, NULL, NULL, NULL, NULL, NULL, NULL, NULL, 0, 0, NULL, 0, NULL, NULL, NULL, NULL, NULL, NULL, NULL, NULL, NULL, '2021-02-25 10:57:04', '2021-02-25 10:57:04', 'Yes', '0000-00-00 00:00:00', 'Yes', '0000-00-00 00:00:00', NULL, NULL),
(125, 12, 12, NULL, NULL, NULL, 'sell', NULL, 'final', NULL, 0, 'paid', NULL, 19, NULL, '0001', '', NULL, NULL, NULL, '2021-02-25 11:02:07', '6000.0000', NULL, '0.0000', 'percentage', '0.0000', 0, '0.0000', NULL, NULL, NULL, NULL, '0.0000', NULL, NULL, NULL, NULL, NULL, NULL, NULL, 0, NULL, '0.0000', NULL, '0.0000', NULL, '0.0000', NULL, '0.0000', NULL, '0.0000', '6000.0000', NULL, NULL, NULL, NULL, 0, 0, '1.000', NULL, NULL, NULL, NULL, 20, 0, NULL, NULL, NULL, NULL, NULL, NULL, NULL, NULL, NULL, NULL, '0.0000', 'percentage', 0, NULL, NULL, NULL, '0.0000', NULL, NULL, NULL, NULL, NULL, NULL, NULL, 0, 0, NULL, 0, 1.0000, 'days', 0, NULL, NULL, NULL, NULL, NULL, 0, '2021-02-25 11:02:07', '2021-02-25 11:02:07', 'Yes', '0000-00-00 00:00:00', 'Yes', '0000-00-00 00:00:00', NULL, NULL),
(126, 12, 12, NULL, NULL, NULL, 'sell', NULL, 'final', NULL, 0, 'paid', NULL, 19, NULL, '0002', '', NULL, NULL, NULL, '2021-02-25 11:02:48', '1500.0000', NULL, '0.0000', 'percentage', '0.0000', 0, '0.0000', NULL, NULL, NULL, NULL, '0.0000', NULL, NULL, NULL, NULL, NULL, NULL, NULL, 0, NULL, '0.0000', NULL, '0.0000', NULL, '0.0000', NULL, '0.0000', NULL, '0.0000', '1500.0000', NULL, NULL, NULL, NULL, 0, 0, '1.000', NULL, NULL, NULL, NULL, 20, 0, NULL, NULL, NULL, NULL, NULL, NULL, NULL, NULL, NULL, NULL, '0.0000', 'percentage', 0, NULL, NULL, NULL, '0.0000', NULL, NULL, NULL, NULL, NULL, NULL, NULL, 0, 0, NULL, 0, 1.0000, 'days', 0, NULL, NULL, NULL, NULL, NULL, 0, '2021-02-25 11:02:48', '2021-02-25 11:02:48', 'Yes', '0000-00-00 00:00:00', 'Yes', '0000-00-00 00:00:00', NULL, NULL),
(127, 12, 12, NULL, NULL, NULL, 'purchase', NULL, 'received', NULL, 0, 'paid', NULL, 20, NULL, NULL, '12345676666', NULL, NULL, NULL, '2021-02-25 11:07:00', '5000.0000', NULL, '0.0000', NULL, '0.0000', 0, '0.0000', NULL, NULL, NULL, NULL, '0.0000', NULL, NULL, NULL, NULL, NULL, NULL, NULL, 0, NULL, '0.0000', NULL, '0.0000', NULL, '0.0000', NULL, '0.0000', NULL, '0.0000', '5000.0000', NULL, NULL, NULL, NULL, 0, 0, '1.000', NULL, NULL, NULL, NULL, 20, 0, NULL, NULL, NULL, NULL, NULL, NULL, NULL, NULL, NULL, NULL, '0.0000', 'percentage', 0, NULL, NULL, NULL, NULL, NULL, NULL, NULL, NULL, NULL, NULL, NULL, 0, 0, NULL, 0, NULL, NULL, NULL, NULL, NULL, NULL, NULL, NULL, NULL, '2021-02-25 11:09:13', '2021-02-25 11:09:42', 'Yes', '0000-00-00 00:00:00', 'Yes', '0000-00-00 00:00:00', NULL, NULL),
(128, 10, 10, 13, NULL, NULL, 'sell', NULL, 'final', NULL, 0, 'paid', NULL, 17, NULL, '0017', '', NULL, NULL, NULL, '2021-02-25 13:39:00', '15500.0000', NULL, '0.0000', 'percentage', '0.0000', 0, '0.0000', NULL, NULL, NULL, NULL, '0.0000', NULL, NULL, NULL, NULL, NULL, 'cc1', NULL, 0, NULL, '0.0000', NULL, '0.0000', NULL, '0.0000', NULL, '0.0000', NULL, '0.0000', '15500.0000', NULL, NULL, NULL, NULL, 0, 0, '1.000', NULL, NULL, NULL, NULL, 18, 0, NULL, NULL, NULL, NULL, NULL, NULL, NULL, NULL, NULL, NULL, '0.0000', 'percentage', 0, NULL, NULL, NULL, '0.0000', NULL, NULL, NULL, NULL, NULL, NULL, NULL, 0, 0, NULL, 0, 1.0000, 'days', 0, NULL, NULL, NULL, NULL, NULL, NULL, '2021-02-25 13:45:44', '2021-03-19 08:06:22', 'Yes', '0000-00-00 00:00:00', 'Yes', '0000-00-00 00:00:00', NULL, NULL),
(129, 10, 10, NULL, NULL, NULL, 'purchase', NULL, 'received', NULL, 0, 'paid', NULL, 22, NULL, NULL, '1234567890', NULL, NULL, NULL, '2021-02-25 14:31:00', '55000.0000', NULL, '0.0000', NULL, '0.0000', 0, '0.0000', NULL, NULL, NULL, NULL, '0.0000', NULL, NULL, NULL, NULL, NULL, NULL, NULL, 0, NULL, '0.0000', NULL, '0.0000', NULL, '0.0000', NULL, '0.0000', NULL, '0.0000', '55000.0000', NULL, NULL, NULL, NULL, 0, 0, '1.000', NULL, NULL, NULL, NULL, 18, 0, NULL, NULL, NULL, NULL, NULL, NULL, NULL, NULL, NULL, NULL, '0.0000', 'percentage', 0, NULL, NULL, NULL, NULL, NULL, NULL, NULL, NULL, NULL, NULL, NULL, 0, 0, NULL, 0, NULL, NULL, NULL, NULL, NULL, NULL, NULL, NULL, NULL, '2021-02-25 14:40:19', '2021-02-25 14:50:34', 'Yes', '0000-00-00 00:00:00', 'Yes', '0000-00-00 00:00:00', NULL, NULL),
(130, 10, 10, NULL, NULL, NULL, 'purchase', NULL, 'received', NULL, 0, 'paid', NULL, 22, NULL, NULL, 'PO2021/0002', NULL, NULL, NULL, '2021-02-25 14:46:00', '200000000.0000', NULL, '0.0000', NULL, '0.0000', 0, '0.0000', NULL, NULL, NULL, NULL, '0.0000', NULL, NULL, NULL, NULL, NULL, NULL, NULL, 0, NULL, '0.0000', NULL, '0.0000', NULL, '0.0000', NULL, '0.0000', NULL, '0.0000', '200000000.0000', NULL, NULL, NULL, NULL, 0, 0, '1.000', NULL, NULL, NULL, NULL, 18, 0, NULL, NULL, NULL, NULL, NULL, NULL, NULL, NULL, NULL, NULL, '0.0000', 'percentage', 0, NULL, NULL, NULL, NULL, NULL, NULL, NULL, NULL, NULL, NULL, NULL, 0, 0, NULL, 0, NULL, NULL, NULL, NULL, NULL, NULL, NULL, NULL, NULL, '2021-02-25 14:50:16', '2021-02-25 14:50:16', 'Yes', '0000-00-00 00:00:00', 'Yes', '0000-00-00 00:00:00', NULL, NULL),
(131, 10, 10, NULL, NULL, NULL, 'production_purchase', NULL, 'received', NULL, 0, 'due', NULL, NULL, NULL, NULL, '123456789', NULL, NULL, NULL, '2021-02-25 14:51:00', '0.0000', NULL, '0.0000', NULL, '0.0000', 0, '0.0000', NULL, NULL, NULL, NULL, '0.0000', NULL, NULL, NULL, NULL, NULL, NULL, NULL, 0, NULL, '0.0000', NULL, '0.0000', NULL, '0.0000', NULL, '0.0000', NULL, '0.0000', '20000.0000', NULL, NULL, NULL, NULL, 0, 0, '1.000', NULL, NULL, NULL, NULL, 18, 0, NULL, NULL, NULL, NULL, NULL, NULL, NULL, NULL, NULL, '0.0000', '0.0000', 'fixed', 1, NULL, NULL, NULL, NULL, NULL, NULL, NULL, NULL, NULL, NULL, NULL, 0, 0, NULL, 0, NULL, NULL, NULL, NULL, NULL, NULL, NULL, NULL, NULL, '2021-02-25 14:55:57', '2021-02-25 14:55:57', 'Yes', '0000-00-00 00:00:00', 'Yes', '0000-00-00 00:00:00', NULL, NULL);
INSERT INTO `transactions` (`id`, `business_id`, `location_id`, `res_table_id`, `res_waiter_id`, `res_order_status`, `type`, `sub_type`, `status`, `sub_status`, `is_quotation`, `payment_status`, `adjustment_type`, `contact_id`, `customer_group_id`, `invoice_no`, `ref_no`, `source`, `subscription_no`, `subscription_repeat_on`, `transaction_date`, `total_before_tax`, `tax_id`, `tax_amount`, `discount_type`, `discount_amount`, `rp_redeemed`, `rp_redeemed_amount`, `shipping_details`, `shipping_address`, `shipping_status`, `delivered_to`, `shipping_charges`, `shipping_custom_field_1`, `shipping_custom_field_2`, `shipping_custom_field_3`, `shipping_custom_field_4`, `shipping_custom_field_5`, `additional_notes`, `staff_note`, `is_export`, `export_custom_fields_info`, `round_off_amount`, `additional_expense_key_1`, `additional_expense_value_1`, `additional_expense_key_2`, `additional_expense_value_2`, `additional_expense_key_3`, `additional_expense_value_3`, `additional_expense_key_4`, `additional_expense_value_4`, `final_total`, `expense_category_id`, `expense_for`, `commission_agent`, `document`, `is_direct_sale`, `is_suspend`, `exchange_rate`, `total_amount_recovered`, `transfer_parent_id`, `return_parent_id`, `opening_stock_product_id`, `created_by`, `crm_is_order_request`, `prefer_payment_method`, `prefer_payment_account`, `sales_order_ids`, `purchase_order_ids`, `custom_field_1`, `custom_field_2`, `custom_field_3`, `custom_field_4`, `mfg_parent_production_purchase_id`, `mfg_wasted_units`, `mfg_production_cost`, `mfg_production_cost_type`, `mfg_is_final`, `import_batch`, `import_time`, `types_of_service_id`, `packing_charge`, `packing_charge_type`, `service_custom_field_1`, `service_custom_field_2`, `service_custom_field_3`, `service_custom_field_4`, `service_custom_field_5`, `service_custom_field_6`, `is_created_from_api`, `rp_earned`, `order_addresses`, `is_recurring`, `recur_interval`, `recur_interval_type`, `recur_repetitions`, `recur_stopped_on`, `recur_parent_id`, `invoice_token`, `pay_term_number`, `pay_term_type`, `selling_price_group_id`, `created_at`, `updated_at`, `release_order`, `release_date`, `carryin_confirmation`, `carryin_date`, `carryout_date`, `carryout_details`) VALUES
(132, 10, 10, NULL, NULL, NULL, 'production_sell', NULL, 'final', NULL, 0, 'due', NULL, NULL, NULL, NULL, NULL, NULL, NULL, NULL, '2021-02-25 14:51:00', '0.0000', NULL, '0.0000', NULL, '0.0000', 0, '0.0000', NULL, NULL, NULL, NULL, '0.0000', NULL, NULL, NULL, NULL, NULL, NULL, NULL, 0, NULL, '0.0000', NULL, '0.0000', NULL, '0.0000', NULL, '0.0000', NULL, '0.0000', '20000.0000', NULL, NULL, NULL, NULL, 0, 0, '1.000', NULL, NULL, NULL, NULL, 18, 0, NULL, NULL, NULL, NULL, NULL, NULL, NULL, NULL, 131, NULL, '0.0000', 'percentage', 0, NULL, NULL, NULL, NULL, NULL, NULL, NULL, NULL, NULL, NULL, NULL, 0, 0, NULL, 0, NULL, NULL, NULL, NULL, NULL, NULL, NULL, NULL, NULL, '2021-02-25 14:55:57', '2021-02-25 14:55:57', 'Yes', '0000-00-00 00:00:00', 'Yes', '0000-00-00 00:00:00', NULL, NULL),
(133, 10, 10, NULL, NULL, NULL, 'sell', NULL, 'final', NULL, 0, 'paid', NULL, 17, NULL, '0018', '', NULL, NULL, NULL, '2021-02-26 15:32:00', '7000.0000', NULL, '0.0000', 'percentage', '0.0000', 0, '0.0000', NULL, NULL, NULL, NULL, '0.0000', NULL, NULL, NULL, NULL, NULL, NULL, NULL, 0, NULL, '0.0000', NULL, '0.0000', NULL, '0.0000', NULL, '0.0000', NULL, '0.0000', '7000.0000', NULL, NULL, NULL, NULL, 0, 0, '1.000', NULL, NULL, NULL, NULL, 18, 0, NULL, NULL, NULL, NULL, NULL, NULL, NULL, NULL, NULL, NULL, '0.0000', 'percentage', 0, NULL, NULL, NULL, '0.0000', NULL, NULL, NULL, NULL, NULL, NULL, NULL, 0, 0, NULL, 0, 1.0000, 'days', 0, NULL, NULL, NULL, NULL, NULL, 0, '2021-02-26 15:33:17', '2021-02-26 15:33:17', 'Yes', '0000-00-00 00:00:00', 'Yes', '0000-00-00 00:00:00', NULL, NULL),
(134, 10, 10, NULL, NULL, NULL, 'sell', NULL, 'final', NULL, 0, 'paid', NULL, 17, NULL, '0019', '', NULL, NULL, NULL, '2021-02-26 15:32:00', '7000.0000', NULL, '0.0000', 'percentage', '0.0000', 0, '0.0000', NULL, NULL, NULL, NULL, '0.0000', NULL, NULL, NULL, NULL, NULL, NULL, NULL, 0, NULL, '0.0000', NULL, '0.0000', NULL, '0.0000', NULL, '0.0000', NULL, '0.0000', '7000.0000', NULL, NULL, NULL, NULL, 0, 0, '1.000', NULL, NULL, NULL, NULL, 18, 0, NULL, NULL, NULL, NULL, NULL, NULL, NULL, NULL, NULL, NULL, '0.0000', 'percentage', 0, NULL, NULL, NULL, '0.0000', NULL, NULL, NULL, NULL, NULL, NULL, NULL, 0, 0, NULL, 0, 1.0000, 'days', 0, NULL, NULL, NULL, NULL, NULL, 0, '2021-02-26 15:34:52', '2021-02-26 15:34:52', 'Yes', '0000-00-00 00:00:00', 'Yes', '0000-00-00 00:00:00', NULL, NULL),
(135, 10, 10, NULL, NULL, NULL, 'sell', NULL, 'final', NULL, 0, 'paid', NULL, 17, NULL, '0020', '', NULL, NULL, NULL, '2021-02-26 15:32:00', '7000.0000', NULL, '0.0000', 'percentage', '0.0000', 0, '0.0000', NULL, NULL, NULL, NULL, '0.0000', NULL, NULL, NULL, NULL, NULL, NULL, NULL, 0, NULL, '0.0000', NULL, '0.0000', NULL, '0.0000', NULL, '0.0000', NULL, '0.0000', '7000.0000', NULL, NULL, NULL, NULL, 0, 0, '1.000', NULL, NULL, NULL, NULL, 18, 0, NULL, NULL, NULL, NULL, NULL, NULL, NULL, NULL, NULL, NULL, '0.0000', 'percentage', 0, NULL, NULL, NULL, '0.0000', NULL, NULL, NULL, NULL, NULL, NULL, NULL, 0, 0, NULL, 0, 1.0000, 'days', 0, NULL, NULL, NULL, NULL, NULL, 0, '2021-02-26 15:35:27', '2021-02-26 15:35:27', 'Yes', '0000-00-00 00:00:00', 'Yes', '0000-00-00 00:00:00', NULL, NULL),
(136, 10, 10, NULL, NULL, NULL, 'purchase', NULL, 'received', NULL, 0, 'paid', NULL, 22, NULL, NULL, 'PO2021/0003', NULL, NULL, NULL, '2021-02-26 15:37:00', '300000.0000', NULL, '0.0000', NULL, '0.0000', 0, '0.0000', NULL, NULL, NULL, NULL, '0.0000', NULL, NULL, NULL, NULL, NULL, NULL, NULL, 0, NULL, '0.0000', NULL, '0.0000', NULL, '0.0000', NULL, '0.0000', NULL, '0.0000', '300000.0000', NULL, NULL, NULL, NULL, 0, 0, '1.000', NULL, NULL, NULL, NULL, 18, 0, NULL, NULL, NULL, NULL, NULL, NULL, NULL, NULL, NULL, NULL, '0.0000', 'percentage', 0, NULL, NULL, NULL, NULL, NULL, NULL, NULL, NULL, NULL, NULL, NULL, 0, 0, NULL, 0, NULL, NULL, NULL, NULL, NULL, NULL, NULL, NULL, NULL, '2021-02-26 15:39:43', '2021-02-26 15:40:13', 'Yes', '0000-00-00 00:00:00', 'Yes', '0000-00-00 00:00:00', NULL, NULL),
(137, 10, 10, NULL, NULL, NULL, 'purchase', NULL, 'received', NULL, 0, 'due', NULL, 22, NULL, NULL, 'PO2021/0004', NULL, NULL, NULL, '2021-02-26 15:40:00', '250000.0000', NULL, '0.0000', NULL, '0.0000', 0, '0.0000', NULL, NULL, NULL, NULL, '0.0000', NULL, NULL, NULL, NULL, NULL, NULL, NULL, 0, NULL, '0.0000', NULL, '0.0000', NULL, '0.0000', NULL, '0.0000', NULL, '0.0000', '250000.0000', NULL, NULL, NULL, NULL, 0, 0, '1.000', NULL, NULL, NULL, NULL, 18, 0, NULL, NULL, NULL, NULL, NULL, NULL, NULL, NULL, NULL, NULL, '0.0000', 'percentage', 0, NULL, NULL, NULL, NULL, NULL, NULL, NULL, NULL, NULL, NULL, NULL, 0, 0, NULL, 0, NULL, NULL, NULL, NULL, NULL, NULL, NULL, NULL, NULL, '2021-02-26 15:42:15', '2021-02-26 15:42:15', 'Yes', '0000-00-00 00:00:00', 'Yes', '0000-00-00 00:00:00', NULL, NULL),
(138, 10, 10, NULL, NULL, NULL, 'sell', NULL, 'final', NULL, 0, 'paid', NULL, 17, NULL, '0021', '', NULL, NULL, NULL, '2021-02-26 15:42:00', '2500.0000', NULL, '0.0000', 'percentage', '0.0000', 0, '0.0000', NULL, NULL, NULL, NULL, '0.0000', NULL, NULL, NULL, NULL, NULL, NULL, NULL, 0, NULL, '0.0000', NULL, '0.0000', NULL, '0.0000', NULL, '0.0000', NULL, '0.0000', '2500.0000', NULL, NULL, NULL, NULL, 0, 0, '1.000', NULL, NULL, NULL, NULL, 18, 0, NULL, NULL, NULL, NULL, NULL, NULL, NULL, NULL, NULL, NULL, '0.0000', 'percentage', 0, NULL, NULL, NULL, '0.0000', NULL, NULL, NULL, NULL, NULL, NULL, NULL, 0, 0, NULL, 0, 1.0000, 'days', 0, NULL, NULL, NULL, NULL, NULL, 0, '2021-02-26 15:42:51', '2021-02-26 15:42:51', 'Yes', '0000-00-00 00:00:00', 'Yes', '0000-00-00 00:00:00', NULL, NULL),
(139, 10, 10, NULL, NULL, NULL, 'sell', NULL, 'final', NULL, 0, 'paid', NULL, 17, NULL, '0022', '', NULL, NULL, NULL, '2021-02-27 00:55:00', '4000.0000', NULL, '0.0000', 'percentage', '0.0000', 0, '0.0000', NULL, NULL, NULL, NULL, '0.0000', NULL, NULL, NULL, NULL, NULL, NULL, NULL, 0, NULL, '0.0000', NULL, '0.0000', NULL, '0.0000', NULL, '0.0000', NULL, '0.0000', '4000.0000', NULL, NULL, NULL, NULL, 0, 0, '1.000', NULL, NULL, NULL, NULL, 18, 0, NULL, NULL, NULL, NULL, NULL, NULL, NULL, NULL, NULL, NULL, '0.0000', 'percentage', 0, NULL, NULL, NULL, '0.0000', NULL, NULL, NULL, NULL, NULL, NULL, NULL, 0, 0, NULL, 0, 1.0000, 'days', 0, NULL, NULL, NULL, NULL, NULL, NULL, '2021-02-27 00:57:00', '2021-03-03 15:50:57', 'Yes', '0000-00-00 00:00:00', 'Yes', '0000-00-00 00:00:00', NULL, NULL),
(140, 10, 10, NULL, NULL, NULL, 'sell', NULL, 'draft', NULL, 0, NULL, NULL, 17, NULL, '2021/0005', '', NULL, NULL, NULL, '2021-02-27 00:55:00', '15000.0000', NULL, '0.0000', 'percentage', '0.0000', 0, '0.0000', NULL, NULL, NULL, NULL, '0.0000', NULL, NULL, NULL, NULL, NULL, NULL, NULL, 0, NULL, '0.0000', NULL, '0.0000', NULL, '0.0000', NULL, '0.0000', NULL, '0.0000', '15000.0000', NULL, NULL, NULL, NULL, 0, 0, '1.000', NULL, NULL, NULL, NULL, 18, 0, NULL, NULL, NULL, NULL, NULL, NULL, NULL, NULL, NULL, NULL, '0.0000', 'percentage', 0, NULL, NULL, NULL, '0.0000', NULL, NULL, NULL, NULL, NULL, NULL, NULL, 0, 0, NULL, 0, 1.0000, 'days', 0, NULL, NULL, NULL, NULL, NULL, 0, '2021-02-27 00:59:33', '2021-02-27 00:59:33', 'Yes', '0000-00-00 00:00:00', 'Yes', '0000-00-00 00:00:00', NULL, NULL),
(141, 10, 10, NULL, NULL, NULL, 'sell', NULL, 'final', NULL, 0, 'due', NULL, 17, NULL, '0023', '', NULL, NULL, NULL, '2021-02-27 01:01:00', '5000.0000', NULL, '0.0000', 'percentage', '0.0000', 0, '0.0000', NULL, NULL, NULL, NULL, '0.0000', NULL, NULL, NULL, NULL, NULL, 'test', NULL, 0, NULL, '0.0000', NULL, '0.0000', NULL, '0.0000', NULL, '0.0000', NULL, '0.0000', '5000.0000', NULL, NULL, NULL, NULL, 0, 1, '1.000', NULL, NULL, NULL, NULL, 18, 0, NULL, NULL, NULL, NULL, NULL, NULL, NULL, NULL, NULL, NULL, '0.0000', 'percentage', 0, NULL, NULL, NULL, '0.0000', NULL, NULL, NULL, NULL, NULL, NULL, NULL, 0, 0, NULL, 0, 1.0000, 'days', 0, NULL, NULL, NULL, NULL, NULL, 0, '2021-02-27 01:02:52', '2021-02-27 01:02:52', 'Yes', '0000-00-00 00:00:00', 'Yes', '0000-00-00 00:00:00', NULL, NULL),
(142, 10, 10, NULL, NULL, NULL, 'sell', NULL, 'final', NULL, 0, 'paid', NULL, 17, NULL, '0024', '', NULL, NULL, NULL, '2021-03-02 20:38:00', '2000.0000', 1, '360.0000', 'percentage', '0.0000', 0, '0.0000', NULL, NULL, NULL, NULL, '0.0000', NULL, NULL, NULL, NULL, NULL, NULL, NULL, 0, NULL, '0.0000', NULL, '0.0000', NULL, '0.0000', NULL, '0.0000', NULL, '0.0000', '2360.0000', NULL, NULL, NULL, NULL, 0, 0, '1.000', NULL, NULL, NULL, NULL, 18, 0, NULL, NULL, NULL, NULL, NULL, NULL, NULL, NULL, NULL, NULL, '0.0000', 'percentage', 0, NULL, NULL, NULL, '0.0000', NULL, NULL, NULL, NULL, NULL, NULL, NULL, 0, 0, NULL, 0, 1.0000, 'days', 0, NULL, NULL, NULL, NULL, NULL, 0, '2021-03-02 20:53:45', '2021-03-02 20:53:45', 'Yes', '0000-00-00 00:00:00', 'Yes', '0000-00-00 00:00:00', NULL, NULL),
(143, 10, 10, NULL, NULL, NULL, 'sell', NULL, 'draft', NULL, 0, NULL, NULL, 17, NULL, '2021/0006', '', NULL, NULL, NULL, '2021-03-03 07:07:00', '15000.0000', 1, '2700.0000', 'percentage', '0.0000', 0, '0.0000', NULL, NULL, NULL, NULL, '0.0000', NULL, NULL, NULL, NULL, NULL, NULL, NULL, 0, NULL, '0.0000', NULL, '0.0000', NULL, '0.0000', NULL, '0.0000', NULL, '0.0000', '17700.0000', NULL, NULL, NULL, NULL, 0, 0, '1.000', NULL, NULL, NULL, NULL, 18, 0, NULL, NULL, NULL, NULL, NULL, NULL, NULL, NULL, NULL, NULL, '0.0000', 'percentage', 0, NULL, NULL, NULL, '0.0000', NULL, NULL, NULL, NULL, NULL, NULL, NULL, 0, 0, NULL, 0, 1.0000, 'days', 0, NULL, NULL, NULL, NULL, NULL, 0, '2021-03-03 07:13:52', '2021-03-03 07:13:52', 'Yes', '0000-00-00 00:00:00', 'Yes', '0000-00-00 00:00:00', NULL, NULL),
(144, 10, 10, 4, NULL, NULL, 'sell', NULL, 'draft', NULL, 0, NULL, NULL, 17, NULL, '2021/0007', '', NULL, NULL, NULL, '2021-03-03 07:18:00', '5000.0000', 1, '900.0000', 'percentage', '0.0000', 0, '0.0000', NULL, NULL, NULL, NULL, '0.0000', NULL, NULL, NULL, NULL, NULL, NULL, NULL, 0, NULL, '0.0000', NULL, '0.0000', NULL, '0.0000', NULL, '0.0000', NULL, '0.0000', '6900.0000', NULL, NULL, NULL, NULL, 0, 0, '1.000', NULL, NULL, NULL, NULL, 18, 0, NULL, NULL, NULL, NULL, NULL, NULL, NULL, NULL, NULL, NULL, '0.0000', 'percentage', 0, NULL, NULL, 3, '1000.0000', 'fixed', NULL, NULL, NULL, NULL, NULL, NULL, 0, 0, NULL, 0, 1.0000, 'days', 0, NULL, NULL, NULL, NULL, NULL, 0, '2021-03-03 07:19:53', '2021-03-03 07:19:53', 'Yes', '0000-00-00 00:00:00', 'Yes', '0000-00-00 00:00:00', NULL, NULL),
(146, 10, 10, NULL, NULL, NULL, 'sell', NULL, 'draft', 'quotation', 1, NULL, NULL, 17, NULL, '2021/0008', '', NULL, NULL, NULL, '2021-03-03 07:29:00', '5000.0000', 1, '900.0000', 'percentage', '0.0000', 0, '0.0000', NULL, NULL, NULL, NULL, '0.0000', NULL, NULL, NULL, NULL, NULL, NULL, NULL, 0, NULL, '0.0000', NULL, '0.0000', NULL, '0.0000', NULL, '0.0000', NULL, '0.0000', '5900.0000', NULL, NULL, NULL, NULL, 0, 0, '1.000', NULL, NULL, NULL, NULL, 18, 0, NULL, NULL, NULL, NULL, NULL, NULL, NULL, NULL, NULL, NULL, '0.0000', 'percentage', 0, NULL, NULL, NULL, '0.0000', NULL, NULL, NULL, NULL, NULL, NULL, NULL, 0, 0, NULL, 0, 1.0000, 'days', 0, NULL, NULL, NULL, NULL, NULL, 0, '2021-03-03 07:29:39', '2022-01-07 07:13:38', 'Yes', '0000-00-00 00:00:00', 'Yes', '0000-00-00 00:00:00', NULL, NULL),
(147, 10, 10, NULL, NULL, NULL, 'sell', NULL, 'draft', NULL, 0, NULL, NULL, 17, NULL, '2021/0009', '', NULL, NULL, NULL, '2021-03-03 07:35:00', '5000.0000', 1, '900.0000', 'percentage', '0.0000', 0, '0.0000', NULL, NULL, NULL, NULL, '0.0000', NULL, NULL, NULL, NULL, NULL, NULL, NULL, 0, NULL, '0.0000', NULL, '0.0000', NULL, '0.0000', NULL, '0.0000', NULL, '0.0000', '5900.0000', NULL, NULL, NULL, NULL, 0, 0, '1.000', NULL, NULL, NULL, NULL, 18, 0, NULL, NULL, NULL, NULL, NULL, NULL, NULL, NULL, NULL, NULL, '0.0000', 'percentage', 0, NULL, NULL, NULL, '0.0000', NULL, NULL, NULL, NULL, NULL, NULL, NULL, 0, 0, NULL, 0, 1.0000, 'days', 0, NULL, NULL, NULL, NULL, NULL, 0, '2021-03-03 07:36:19', '2021-03-03 07:36:19', 'Yes', '0000-00-00 00:00:00', 'Yes', '0000-00-00 00:00:00', NULL, NULL),
(148, 10, 10, 4, NULL, NULL, 'sell', NULL, 'final', NULL, 0, 'due', NULL, 17, NULL, '0026', '', NULL, NULL, NULL, '2021-03-03 07:35:00', '5000.0000', 1, '900.0000', 'percentage', '0.0000', 0, '0.0000', NULL, NULL, NULL, NULL, '0.0000', NULL, NULL, NULL, NULL, NULL, NULL, NULL, 0, NULL, '0.0000', NULL, '0.0000', NULL, '0.0000', NULL, '0.0000', NULL, '0.0000', '5900.0000', NULL, NULL, NULL, NULL, 0, 1, '1.000', NULL, NULL, NULL, NULL, 18, 0, NULL, NULL, NULL, NULL, NULL, NULL, NULL, NULL, NULL, NULL, '0.0000', 'percentage', 0, NULL, NULL, NULL, '0.0000', NULL, NULL, NULL, NULL, NULL, NULL, NULL, 0, 0, NULL, 0, 1.0000, 'days', 0, NULL, NULL, NULL, NULL, NULL, 0, '2021-03-03 07:37:21', '2021-03-03 07:37:21', 'Yes', '0000-00-00 00:00:00', 'Yes', '0000-00-00 00:00:00', NULL, NULL),
(149, 10, 10, 4, NULL, NULL, 'sell', NULL, 'final', NULL, 0, 'due', NULL, 17, NULL, '0027', '', NULL, NULL, NULL, '2021-03-03 07:35:00', '5000.0000', 1, '900.0000', 'percentage', '0.0000', 0, '0.0000', NULL, NULL, NULL, NULL, '0.0000', NULL, NULL, NULL, NULL, NULL, NULL, NULL, 0, NULL, '0.0000', NULL, '0.0000', NULL, '0.0000', NULL, '0.0000', NULL, '0.0000', '5900.0000', NULL, NULL, NULL, NULL, 0, 1, '1.000', NULL, NULL, NULL, NULL, 18, 0, NULL, NULL, NULL, NULL, NULL, NULL, NULL, NULL, NULL, NULL, '0.0000', 'percentage', 0, NULL, NULL, NULL, '0.0000', NULL, NULL, NULL, NULL, NULL, NULL, NULL, 0, 0, NULL, 0, 1.0000, 'days', 0, NULL, NULL, NULL, NULL, NULL, 0, '2021-03-03 07:37:48', '2021-03-03 07:37:48', 'Yes', '0000-00-00 00:00:00', 'Yes', '0000-00-00 00:00:00', NULL, NULL),
(150, 10, 10, NULL, NULL, NULL, 'purchase', NULL, 'received', NULL, 0, 'due', NULL, 22, NULL, NULL, '23456909', NULL, NULL, NULL, '2021-03-03 08:14:00', '1560000.0000', NULL, '0.0000', NULL, '0.0000', 0, '0.0000', NULL, NULL, NULL, NULL, '0.0000', NULL, NULL, NULL, NULL, NULL, NULL, NULL, 0, NULL, '0.0000', NULL, '0.0000', NULL, '0.0000', NULL, '0.0000', NULL, '0.0000', '1560000.0000', NULL, NULL, NULL, NULL, 0, 0, '1.000', NULL, NULL, NULL, NULL, 18, 0, NULL, NULL, NULL, NULL, NULL, NULL, NULL, NULL, NULL, NULL, '0.0000', 'percentage', 0, NULL, NULL, NULL, NULL, NULL, NULL, NULL, NULL, NULL, NULL, NULL, 0, 0, NULL, 0, NULL, NULL, NULL, NULL, NULL, NULL, NULL, NULL, NULL, '2021-03-03 08:16:12', '2021-03-03 08:16:12', 'Yes', '0000-00-00 00:00:00', 'Yes', '0000-00-00 00:00:00', NULL, NULL),
(151, 10, 10, NULL, NULL, NULL, 'production_purchase', NULL, 'received', NULL, 0, 'due', NULL, NULL, NULL, NULL, '2021/0004', NULL, NULL, NULL, '2021-03-03 08:16:00', '0.0000', NULL, '0.0000', NULL, '0.0000', 0, '0.0000', NULL, NULL, NULL, NULL, '0.0000', NULL, NULL, NULL, NULL, NULL, NULL, NULL, 0, NULL, '0.0000', NULL, '0.0000', NULL, '0.0000', NULL, '0.0000', NULL, '0.0000', '6330.0000', NULL, NULL, NULL, NULL, 0, 0, '1.000', NULL, NULL, NULL, NULL, 18, 0, NULL, NULL, NULL, NULL, NULL, NULL, NULL, NULL, NULL, '0.0000', '0.0000', 'fixed', 1, NULL, NULL, NULL, NULL, NULL, NULL, NULL, NULL, NULL, NULL, NULL, 0, 0, NULL, 0, NULL, NULL, NULL, NULL, NULL, NULL, NULL, NULL, NULL, '2021-03-03 08:19:09', '2021-03-03 08:19:09', 'Yes', '0000-00-00 00:00:00', 'Yes', '0000-00-00 00:00:00', NULL, NULL),
(152, 10, 10, NULL, NULL, NULL, 'production_sell', NULL, 'final', NULL, 0, 'due', NULL, NULL, NULL, NULL, NULL, NULL, NULL, NULL, '2021-03-03 08:16:00', '0.0000', NULL, '0.0000', NULL, '0.0000', 0, '0.0000', NULL, NULL, NULL, NULL, '0.0000', NULL, NULL, NULL, NULL, NULL, NULL, NULL, 0, NULL, '0.0000', NULL, '0.0000', NULL, '0.0000', NULL, '0.0000', NULL, '0.0000', '6330.0000', NULL, NULL, NULL, NULL, 0, 0, '1.000', NULL, NULL, NULL, NULL, 18, 0, NULL, NULL, NULL, NULL, NULL, NULL, NULL, NULL, 151, NULL, '0.0000', 'percentage', 0, NULL, NULL, NULL, NULL, NULL, NULL, NULL, NULL, NULL, NULL, NULL, 0, 0, NULL, 0, NULL, NULL, NULL, NULL, NULL, NULL, NULL, NULL, NULL, '2021-03-03 08:19:09', '2021-03-03 08:19:09', 'Yes', '0000-00-00 00:00:00', 'Yes', '0000-00-00 00:00:00', NULL, NULL),
(153, 10, 10, 4, NULL, NULL, 'sell', NULL, 'final', NULL, 0, 'due', NULL, 17, NULL, '0028', '', NULL, NULL, NULL, '2021-03-03 10:42:00', '5000.0000', 1, '900.0000', 'percentage', '0.0000', 0, '0.0000', NULL, NULL, NULL, NULL, '0.0000', NULL, NULL, NULL, NULL, NULL, NULL, NULL, 0, NULL, '0.0000', NULL, '0.0000', NULL, '0.0000', NULL, '0.0000', NULL, '0.0000', '5900.0000', NULL, NULL, NULL, NULL, 0, 1, '1.000', NULL, NULL, NULL, NULL, 18, 0, NULL, NULL, NULL, NULL, NULL, NULL, NULL, NULL, NULL, NULL, '0.0000', 'percentage', 0, NULL, NULL, NULL, '0.0000', NULL, NULL, NULL, NULL, NULL, NULL, NULL, 0, 0, NULL, 0, 1.0000, 'days', 0, NULL, NULL, NULL, NULL, NULL, 0, '2021-03-03 10:44:38', '2021-03-03 10:44:38', 'Yes', '0000-00-00 00:00:00', 'Yes', '0000-00-00 00:00:00', NULL, NULL),
(154, 10, 10, NULL, NULL, NULL, 'sell', NULL, 'draft', 'quotation', 1, NULL, NULL, 17, NULL, '2021/0010', '', NULL, NULL, NULL, '2021-03-03 14:12:00', '5500.0000', 1, '990.0000', 'percentage', '0.0000', 0, '0.0000', NULL, NULL, NULL, NULL, '0.0000', NULL, NULL, NULL, NULL, NULL, NULL, NULL, 0, NULL, '0.0000', NULL, '0.0000', NULL, '0.0000', NULL, '0.0000', NULL, '0.0000', '6490.0000', NULL, NULL, NULL, NULL, 0, 0, '1.000', NULL, NULL, NULL, NULL, 18, 0, NULL, NULL, NULL, NULL, NULL, NULL, NULL, NULL, NULL, NULL, '0.0000', 'percentage', 0, NULL, NULL, NULL, '0.0000', NULL, NULL, NULL, NULL, NULL, NULL, NULL, 0, 0, NULL, 0, 1.0000, 'days', 0, NULL, NULL, NULL, NULL, NULL, 0, '2021-03-03 14:13:23', '2022-01-07 07:13:38', 'Yes', '0000-00-00 00:00:00', 'Yes', '0000-00-00 00:00:00', NULL, NULL),
(155, 10, 10, NULL, NULL, NULL, 'sell', NULL, 'final', NULL, 0, 'due', NULL, 17, NULL, '0029', '', NULL, NULL, NULL, '2021-03-03 14:15:00', '5500.0000', 1, '990.0000', 'percentage', '0.0000', 0, '0.0000', NULL, NULL, NULL, NULL, '0.0000', NULL, NULL, NULL, NULL, NULL, 'BADAEE', NULL, 0, NULL, '0.0000', NULL, '0.0000', NULL, '0.0000', NULL, '0.0000', NULL, '0.0000', '6490.0000', NULL, NULL, NULL, NULL, 0, 1, '1.000', NULL, NULL, NULL, NULL, 18, 0, NULL, NULL, NULL, NULL, NULL, NULL, NULL, NULL, NULL, NULL, '0.0000', 'percentage', 0, NULL, NULL, NULL, '0.0000', NULL, NULL, NULL, NULL, NULL, NULL, NULL, 0, 0, NULL, 0, 1.0000, 'days', 0, NULL, NULL, NULL, NULL, NULL, 0, '2021-03-03 14:19:31', '2021-03-03 14:19:31', 'Yes', '0000-00-00 00:00:00', 'Yes', '0000-00-00 00:00:00', NULL, NULL),
(156, 10, 10, NULL, NULL, NULL, 'purchase', NULL, 'received', NULL, 0, 'paid', NULL, 22, NULL, NULL, 'PO2021/0006', NULL, NULL, NULL, '2021-03-03 14:24:00', '45000.0000', NULL, '0.0000', NULL, '0.0000', 0, '0.0000', NULL, NULL, NULL, NULL, '0.0000', NULL, NULL, NULL, NULL, NULL, NULL, NULL, 0, NULL, '0.0000', NULL, '0.0000', NULL, '0.0000', NULL, '0.0000', NULL, '0.0000', '45000.0000', NULL, NULL, NULL, NULL, 0, 0, '1.000', NULL, NULL, NULL, NULL, 18, 0, NULL, NULL, NULL, NULL, NULL, NULL, NULL, NULL, NULL, NULL, '0.0000', 'percentage', 0, NULL, NULL, NULL, NULL, NULL, NULL, NULL, NULL, NULL, NULL, NULL, 0, 0, NULL, 0, NULL, NULL, NULL, NULL, NULL, NULL, NULL, NULL, NULL, '2021-03-03 14:25:35', '2021-03-03 20:30:48', 'Yes', '0000-00-00 00:00:00', 'Yes', '0000-00-00 00:00:00', NULL, NULL),
(157, 10, 10, NULL, NULL, NULL, 'sell', NULL, 'final', NULL, 0, 'paid', NULL, 17, NULL, '0030', '', NULL, NULL, NULL, '2021-03-03 14:25:00', '6000.0000', 1, '1080.0000', 'percentage', '0.0000', 0, '0.0000', NULL, NULL, NULL, NULL, '0.0000', NULL, NULL, NULL, NULL, NULL, NULL, NULL, 0, NULL, '0.0000', NULL, '0.0000', NULL, '0.0000', NULL, '0.0000', NULL, '0.0000', '7080.0000', NULL, NULL, NULL, NULL, 0, 0, '1.000', NULL, NULL, NULL, NULL, 18, 0, NULL, NULL, NULL, NULL, NULL, NULL, NULL, NULL, NULL, NULL, '0.0000', 'percentage', 0, NULL, NULL, NULL, '0.0000', NULL, NULL, NULL, NULL, NULL, NULL, NULL, 0, 0, NULL, 0, 1.0000, 'days', 0, NULL, NULL, NULL, NULL, NULL, 0, '2021-03-03 14:26:22', '2021-03-03 14:26:22', 'Yes', '0000-00-00 00:00:00', 'Yes', '0000-00-00 00:00:00', NULL, NULL),
(158, 10, 10, NULL, NULL, NULL, 'stock_adjustment', NULL, '', NULL, 0, NULL, 'normal', NULL, NULL, NULL, 'SA2021/0003', NULL, NULL, NULL, '2021-03-03 14:37:00', '0.0000', NULL, '0.0000', NULL, '0.0000', 0, '0.0000', NULL, NULL, NULL, NULL, '0.0000', NULL, NULL, NULL, NULL, NULL, 'XDF', NULL, 0, NULL, '0.0000', NULL, '0.0000', NULL, '0.0000', NULL, '0.0000', NULL, '0.0000', '15000.0000', NULL, NULL, NULL, NULL, 0, 0, '1.000', '0.0000', NULL, NULL, NULL, 18, 0, NULL, NULL, NULL, NULL, NULL, NULL, NULL, NULL, NULL, NULL, '0.0000', 'percentage', 0, NULL, NULL, NULL, NULL, NULL, NULL, NULL, NULL, NULL, NULL, NULL, 0, 0, NULL, 0, NULL, NULL, NULL, NULL, NULL, NULL, NULL, NULL, NULL, '2021-03-03 14:40:03', '2021-03-03 14:40:03', 'Yes', '0000-00-00 00:00:00', 'Yes', '0000-00-00 00:00:00', NULL, NULL),
(159, 10, 10, NULL, NULL, NULL, 'production_purchase', NULL, 'received', NULL, 0, 'due', NULL, NULL, NULL, NULL, 'FTYDG', NULL, NULL, NULL, '2021-03-03 14:49:00', '0.0000', NULL, '0.0000', NULL, '0.0000', 0, '0.0000', NULL, NULL, NULL, NULL, '0.0000', NULL, NULL, NULL, NULL, NULL, NULL, NULL, 0, NULL, '0.0000', NULL, '0.0000', NULL, '0.0000', NULL, '0.0000', NULL, '0.0000', '9.4500', NULL, NULL, NULL, NULL, 0, 0, '1.000', NULL, NULL, NULL, NULL, 18, 0, NULL, NULL, NULL, NULL, NULL, NULL, NULL, NULL, NULL, '0.0000', '0.0000', 'fixed', 1, NULL, NULL, NULL, NULL, NULL, NULL, NULL, NULL, NULL, NULL, NULL, 0, 0, NULL, 0, NULL, NULL, NULL, NULL, NULL, NULL, NULL, NULL, NULL, '2021-03-03 14:51:55', '2021-03-03 14:55:30', 'Yes', '0000-00-00 00:00:00', 'Yes', '0000-00-00 00:00:00', NULL, NULL),
(160, 10, 10, NULL, NULL, NULL, 'production_sell', NULL, 'final', NULL, 0, 'due', NULL, NULL, NULL, NULL, NULL, NULL, NULL, NULL, '2021-03-03 14:49:00', '0.0000', NULL, '0.0000', NULL, '0.0000', 0, '0.0000', NULL, NULL, NULL, NULL, '0.0000', NULL, NULL, NULL, NULL, NULL, NULL, NULL, 0, NULL, '0.0000', NULL, '0.0000', NULL, '0.0000', NULL, '0.0000', NULL, '0.0000', '9.4500', NULL, NULL, NULL, NULL, 0, 0, '1.000', NULL, NULL, NULL, NULL, 18, 0, NULL, NULL, NULL, NULL, NULL, NULL, NULL, NULL, 159, NULL, '0.0000', 'percentage', 0, NULL, NULL, NULL, NULL, NULL, NULL, NULL, NULL, NULL, NULL, NULL, 0, 0, NULL, 0, NULL, NULL, NULL, NULL, NULL, NULL, NULL, NULL, NULL, '2021-03-03 14:51:55', '2021-03-03 14:55:30', 'Yes', '0000-00-00 00:00:00', 'Yes', '0000-00-00 00:00:00', NULL, NULL),
(161, 10, 10, NULL, NULL, NULL, 'sell_return', NULL, 'final', NULL, 0, 'due', NULL, 17, NULL, 'CN2021/0001', NULL, NULL, NULL, NULL, '2021-03-03 15:54:00', '6000.0000', 1, '1080.0000', 'percentage', '0.0000', 0, '0.0000', NULL, NULL, NULL, NULL, '0.0000', NULL, NULL, NULL, NULL, NULL, NULL, NULL, 0, NULL, '0.0000', NULL, '0.0000', NULL, '0.0000', NULL, '0.0000', NULL, '0.0000', '7080.0000', NULL, NULL, NULL, NULL, 0, 0, '1.000', NULL, NULL, 157, NULL, 18, 0, NULL, NULL, NULL, NULL, NULL, NULL, NULL, NULL, NULL, NULL, '0.0000', 'percentage', 0, NULL, NULL, NULL, NULL, NULL, NULL, NULL, NULL, NULL, NULL, NULL, 0, 0, NULL, 0, NULL, NULL, NULL, NULL, NULL, NULL, NULL, NULL, NULL, '2021-03-03 15:54:33', '2021-03-03 15:54:33', 'Yes', '0000-00-00 00:00:00', 'Yes', '0000-00-00 00:00:00', NULL, NULL),
(162, 10, 10, NULL, NULL, NULL, 'purchase_return', NULL, 'final', NULL, 0, 'due', NULL, 22, NULL, NULL, '2021/0001', NULL, NULL, NULL, '2021-03-03 15:55:11', '9000.0000', NULL, '0.0000', NULL, '0.0000', 0, '0.0000', NULL, NULL, NULL, NULL, '0.0000', NULL, NULL, NULL, NULL, NULL, NULL, NULL, 0, NULL, '0.0000', NULL, '0.0000', NULL, '0.0000', NULL, '0.0000', NULL, '0.0000', '9000.0000', NULL, NULL, NULL, NULL, 0, 0, '1.000', NULL, NULL, 156, NULL, 18, 0, NULL, NULL, NULL, NULL, NULL, NULL, NULL, NULL, NULL, NULL, '0.0000', 'percentage', 0, NULL, NULL, NULL, NULL, NULL, NULL, NULL, NULL, NULL, NULL, NULL, 0, 0, NULL, 0, NULL, NULL, NULL, NULL, NULL, NULL, NULL, NULL, NULL, '2021-03-03 15:55:11', '2021-03-03 20:27:55', 'Yes', '0000-00-00 00:00:00', 'Yes', '0000-00-00 00:00:00', NULL, NULL),
(163, 10, 10, 5, NULL, NULL, 'sell', NULL, 'draft', NULL, 0, NULL, NULL, 17, NULL, '2021/0011', '', NULL, NULL, NULL, '2021-03-03 15:56:00', '5000.0000', 1, '900.0000', 'percentage', '0.0000', 0, '0.0000', NULL, NULL, NULL, NULL, '0.0000', NULL, NULL, NULL, NULL, NULL, NULL, NULL, 0, NULL, '0.0000', NULL, '0.0000', NULL, '0.0000', NULL, '0.0000', NULL, '0.0000', '5900.0000', NULL, NULL, NULL, NULL, 0, 0, '1.000', NULL, NULL, NULL, NULL, 18, 0, NULL, NULL, NULL, NULL, NULL, NULL, NULL, NULL, NULL, NULL, '0.0000', 'percentage', 0, NULL, NULL, NULL, '0.0000', NULL, NULL, NULL, NULL, NULL, NULL, NULL, 0, 0, NULL, 0, 1.0000, 'days', 0, NULL, NULL, NULL, NULL, NULL, 0, '2021-03-03 16:00:19', '2021-03-03 16:00:19', 'Yes', '0000-00-00 00:00:00', 'Yes', '0000-00-00 00:00:00', NULL, NULL),
(164, 10, 10, NULL, NULL, NULL, 'sell', NULL, 'final', NULL, 0, 'paid', NULL, 17, NULL, '0031', '', NULL, NULL, NULL, '2021-03-03 18:19:00', '2000.0000', 1, '360.0000', 'percentage', '0.0000', 0, '0.0000', NULL, NULL, NULL, NULL, '0.0000', NULL, NULL, NULL, NULL, NULL, NULL, NULL, 0, NULL, '0.0000', NULL, '0.0000', NULL, '0.0000', NULL, '0.0000', NULL, '0.0000', '2360.0000', NULL, NULL, NULL, NULL, 0, 0, '1.000', NULL, NULL, NULL, NULL, 18, 0, NULL, NULL, NULL, NULL, NULL, NULL, NULL, NULL, NULL, NULL, '0.0000', 'percentage', 0, NULL, NULL, NULL, '0.0000', NULL, NULL, NULL, NULL, NULL, NULL, NULL, 0, 0, NULL, 0, 1.0000, 'days', 0, NULL, NULL, NULL, NULL, NULL, 0, '2021-03-03 18:32:38', '2021-03-03 18:32:38', 'Yes', '0000-00-00 00:00:00', 'Yes', '0000-00-00 00:00:00', NULL, NULL),
(165, 10, 10, NULL, NULL, NULL, 'sell', NULL, 'final', NULL, 0, 'paid', NULL, 17, NULL, '0032', '', NULL, NULL, NULL, '2021-03-03 18:19:00', '5500.0000', 1, '990.0000', 'percentage', '0.0000', 0, '0.0000', NULL, NULL, NULL, NULL, '0.0000', NULL, NULL, NULL, NULL, NULL, NULL, NULL, 0, NULL, '0.0000', NULL, '0.0000', NULL, '0.0000', NULL, '0.0000', NULL, '0.0000', '6490.0000', NULL, NULL, NULL, NULL, 0, 0, '1.000', NULL, NULL, NULL, NULL, 18, 0, NULL, NULL, NULL, NULL, NULL, NULL, NULL, NULL, NULL, NULL, '0.0000', 'percentage', 0, NULL, NULL, NULL, '0.0000', NULL, NULL, NULL, NULL, NULL, NULL, NULL, 0, 0, NULL, 0, 1.0000, 'days', 0, NULL, NULL, NULL, NULL, NULL, 0, '2021-03-03 18:37:22', '2021-03-03 18:37:22', 'Yes', '0000-00-00 00:00:00', 'Yes', '0000-00-00 00:00:00', NULL, NULL),
(166, 10, 10, NULL, NULL, NULL, 'sell', NULL, 'final', NULL, 0, 'paid', NULL, 17, NULL, '0033', '', NULL, NULL, NULL, '2021-03-03 18:41:00', '6000.0000', 1, '1080.0000', 'percentage', '0.0000', 0, '0.0000', NULL, NULL, NULL, NULL, '0.0000', NULL, NULL, NULL, NULL, NULL, NULL, NULL, 0, NULL, '0.0000', NULL, '0.0000', NULL, '0.0000', NULL, '0.0000', NULL, '0.0000', '7080.0000', NULL, NULL, NULL, NULL, 0, 0, '1.000', NULL, NULL, NULL, NULL, 18, 0, NULL, NULL, NULL, NULL, NULL, NULL, NULL, NULL, NULL, NULL, '0.0000', 'percentage', 0, NULL, NULL, NULL, '0.0000', NULL, NULL, NULL, NULL, NULL, NULL, NULL, 0, 0, NULL, 0, 1.0000, 'days', 0, NULL, NULL, NULL, NULL, NULL, 0, '2021-03-03 19:00:14', '2021-03-03 19:00:14', 'Yes', '0000-00-00 00:00:00', 'Yes', '0000-00-00 00:00:00', NULL, NULL),
(167, 10, 10, NULL, NULL, NULL, 'sell', NULL, 'draft', 'quotation', 1, NULL, NULL, 17, NULL, '2021/0012', '', NULL, NULL, NULL, '2021-03-03 18:41:00', '2000.0000', 1, '360.0000', 'percentage', '0.0000', 0, '0.0000', NULL, NULL, NULL, NULL, '0.0000', NULL, NULL, NULL, NULL, NULL, NULL, NULL, 0, NULL, '0.0000', NULL, '0.0000', NULL, '0.0000', NULL, '0.0000', NULL, '0.0000', '2360.0000', NULL, NULL, NULL, NULL, 0, 0, '1.000', NULL, NULL, NULL, NULL, 18, 0, NULL, NULL, NULL, NULL, NULL, NULL, NULL, NULL, NULL, NULL, '0.0000', 'percentage', 0, NULL, NULL, NULL, '0.0000', NULL, NULL, NULL, NULL, NULL, NULL, NULL, 0, 0, NULL, 0, 1.0000, 'days', 0, NULL, NULL, NULL, NULL, NULL, 0, '2021-03-03 19:01:38', '2022-01-07 07:13:38', 'Yes', '0000-00-00 00:00:00', 'Yes', '0000-00-00 00:00:00', NULL, NULL),
(168, 10, 10, NULL, NULL, NULL, 'sell', NULL, 'final', NULL, 0, 'due', NULL, 17, NULL, '0034', '', NULL, NULL, NULL, '2021-03-03 18:41:00', '2000.0000', 1, '360.0000', 'percentage', '0.0000', 0, '0.0000', NULL, NULL, NULL, NULL, '0.0000', NULL, NULL, NULL, NULL, NULL, NULL, NULL, 0, NULL, '0.0000', NULL, '0.0000', NULL, '0.0000', NULL, '0.0000', NULL, '0.0000', '2360.0000', NULL, NULL, NULL, NULL, 0, 1, '1.000', NULL, NULL, NULL, NULL, 18, 0, NULL, NULL, NULL, NULL, NULL, NULL, NULL, NULL, NULL, NULL, '0.0000', 'percentage', 0, NULL, NULL, NULL, '0.0000', NULL, NULL, NULL, NULL, NULL, NULL, NULL, 0, 0, NULL, 0, 1.0000, 'days', 0, NULL, NULL, NULL, NULL, NULL, NULL, '2021-03-03 19:04:47', '2021-03-03 19:09:58', 'Yes', '0000-00-00 00:00:00', 'Yes', '0000-00-00 00:00:00', NULL, NULL),
(169, 10, 10, NULL, NULL, NULL, 'sell_return', NULL, 'final', NULL, 0, 'due', NULL, 17, NULL, 'CN2021/0002', NULL, NULL, NULL, NULL, '2021-03-03 20:31:00', '2000.0000', 1, '360.0000', 'fixed', '0.0000', 0, '0.0000', NULL, NULL, NULL, NULL, '0.0000', NULL, NULL, NULL, NULL, NULL, NULL, NULL, 0, NULL, '0.0000', NULL, '0.0000', NULL, '0.0000', NULL, '0.0000', NULL, '0.0000', '2360.0000', NULL, NULL, NULL, NULL, 0, 0, '1.000', NULL, NULL, 166, NULL, 18, 0, NULL, NULL, NULL, NULL, NULL, NULL, NULL, NULL, NULL, NULL, '0.0000', 'percentage', 0, NULL, NULL, NULL, NULL, NULL, NULL, NULL, NULL, NULL, NULL, NULL, 0, 0, NULL, 0, NULL, NULL, NULL, NULL, NULL, NULL, NULL, NULL, NULL, '2021-03-03 20:31:38', '2021-03-03 20:31:38', 'Yes', '0000-00-00 00:00:00', 'Yes', '0000-00-00 00:00:00', NULL, NULL),
(170, 10, 10, NULL, NULL, NULL, 'expense', NULL, 'final', NULL, 0, 'paid', NULL, 22, NULL, NULL, 'D00001', NULL, NULL, NULL, '2021-03-13 00:19:00', '5000.0000', NULL, '0.0000', NULL, '0.0000', 0, '0.0000', NULL, NULL, NULL, NULL, '0.0000', NULL, NULL, NULL, NULL, NULL, NULL, NULL, 0, NULL, '0.0000', NULL, '0.0000', NULL, '0.0000', NULL, '0.0000', NULL, '0.0000', '5000.0000', 2, 18, NULL, NULL, 0, 0, '1.000', NULL, NULL, NULL, NULL, 18, 0, NULL, NULL, NULL, NULL, NULL, NULL, NULL, NULL, NULL, NULL, '0.0000', 'percentage', 0, NULL, NULL, NULL, NULL, NULL, NULL, NULL, NULL, NULL, NULL, NULL, 0, 0, NULL, 0, NULL, NULL, NULL, NULL, NULL, NULL, NULL, NULL, NULL, '2021-03-13 00:22:10', '2021-03-13 00:22:10', 'Yes', '0000-00-00 00:00:00', 'Yes', '0000-00-00 00:00:00', NULL, NULL),
(171, 10, 10, 13, NULL, NULL, 'sell', NULL, 'draft', 'quotation', 1, NULL, NULL, 17, NULL, '2021/0013', '', NULL, NULL, NULL, '2021-03-13 08:48:00', '5000.0000', 1, '900.0000', 'percentage', '0.0000', 0, '0.0000', NULL, NULL, NULL, NULL, '0.0000', NULL, NULL, NULL, NULL, NULL, NULL, NULL, 0, NULL, '0.0000', NULL, '0.0000', NULL, '0.0000', NULL, '0.0000', NULL, '0.0000', '5900.0000', NULL, NULL, NULL, NULL, 0, 0, '1.000', NULL, NULL, NULL, NULL, 18, 0, NULL, NULL, NULL, NULL, NULL, NULL, NULL, NULL, NULL, NULL, '0.0000', 'percentage', 0, NULL, NULL, NULL, '0.0000', NULL, NULL, NULL, NULL, NULL, NULL, NULL, 0, 0, NULL, 0, 1.0000, 'days', 0, NULL, NULL, NULL, NULL, NULL, 0, '2021-03-13 09:56:51', '2022-01-07 07:13:38', 'Yes', '0000-00-00 00:00:00', 'Yes', '0000-00-00 00:00:00', NULL, NULL),
(172, 10, 10, NULL, NULL, NULL, 'sell', NULL, 'final', NULL, 0, 'paid', NULL, 17, NULL, '0035', '', NULL, NULL, NULL, '2021-03-15 11:30:00', '5000.0000', 1, '900.0000', 'percentage', '0.0000', 0, '0.0000', NULL, NULL, NULL, NULL, '0.0000', NULL, NULL, NULL, NULL, NULL, NULL, NULL, 0, NULL, '0.0000', NULL, '0.0000', NULL, '0.0000', NULL, '0.0000', NULL, '0.0000', '5900.0000', NULL, NULL, NULL, NULL, 0, 0, '1.000', NULL, NULL, NULL, NULL, 18, 0, NULL, NULL, NULL, NULL, NULL, NULL, NULL, NULL, NULL, NULL, '0.0000', 'percentage', 0, NULL, NULL, NULL, '0.0000', NULL, NULL, NULL, NULL, NULL, NULL, NULL, 0, 0, NULL, 0, 1.0000, 'days', 0, NULL, NULL, NULL, NULL, NULL, 0, '2021-03-15 11:34:23', '2021-03-15 11:34:23', 'Yes', '0000-00-00 00:00:00', 'Yes', '0000-00-00 00:00:00', NULL, NULL),
(173, 10, 10, NULL, NULL, NULL, 'sell', NULL, 'final', NULL, 0, 'due', NULL, 17, NULL, '0036', '', NULL, NULL, NULL, '2021-03-15 11:30:00', '7000.0000', 1, '1260.0000', 'percentage', '0.0000', 0, '0.0000', NULL, NULL, NULL, NULL, '0.0000', NULL, NULL, NULL, NULL, NULL, NULL, NULL, 0, NULL, '0.0000', NULL, '0.0000', NULL, '0.0000', NULL, '0.0000', NULL, '0.0000', '8260.0000', NULL, NULL, NULL, NULL, 0, 1, '1.000', NULL, NULL, NULL, NULL, 18, 0, NULL, NULL, NULL, NULL, NULL, NULL, NULL, NULL, NULL, NULL, '0.0000', 'percentage', 0, NULL, NULL, NULL, '0.0000', NULL, NULL, NULL, NULL, NULL, NULL, NULL, 0, 0, NULL, 0, 1.0000, 'days', 0, NULL, NULL, NULL, NULL, NULL, 0, '2021-03-15 11:34:48', '2021-03-15 11:34:48', 'Yes', '0000-00-00 00:00:00', 'Yes', '0000-00-00 00:00:00', NULL, NULL),
(174, 10, 10, 10, NULL, NULL, 'sell', NULL, 'final', NULL, 0, 'due', NULL, 17, NULL, '0037', '', NULL, NULL, NULL, '2021-03-15 11:30:00', '10000.0000', 1, '1800.0000', 'percentage', '0.0000', 0, '0.0000', NULL, NULL, NULL, NULL, '0.0000', NULL, NULL, NULL, NULL, NULL, NULL, NULL, 0, NULL, '0.0000', NULL, '0.0000', NULL, '0.0000', NULL, '0.0000', NULL, '0.0000', '11800.0000', NULL, NULL, NULL, NULL, 0, 1, '1.000', NULL, NULL, NULL, NULL, 18, 0, NULL, NULL, NULL, NULL, NULL, NULL, NULL, NULL, NULL, NULL, '0.0000', 'percentage', 0, NULL, NULL, NULL, '0.0000', NULL, NULL, NULL, NULL, NULL, NULL, NULL, 0, 0, NULL, 0, 1.0000, 'days', 0, NULL, NULL, NULL, NULL, NULL, NULL, '2021-03-15 11:35:17', '2021-03-15 11:43:14', 'Yes', '0000-00-00 00:00:00', 'Yes', '0000-00-00 00:00:00', NULL, NULL),
(175, 10, 10, 6, NULL, NULL, 'sell', NULL, 'final', NULL, 0, 'paid', NULL, 17, NULL, '0038', '', NULL, NULL, NULL, '2021-03-17 01:15:00', '25000.0000', 1, '4500.0000', 'percentage', '0.0000', 0, '0.0000', NULL, NULL, NULL, NULL, '0.0000', NULL, NULL, NULL, NULL, NULL, NULL, NULL, 0, NULL, '0.0000', NULL, '0.0000', NULL, '0.0000', NULL, '0.0000', NULL, '0.0000', '29500.0000', NULL, NULL, NULL, NULL, 0, 0, '1.000', NULL, NULL, NULL, NULL, 18, 0, NULL, NULL, NULL, NULL, NULL, NULL, NULL, NULL, NULL, NULL, '0.0000', 'percentage', 0, NULL, NULL, NULL, '0.0000', NULL, NULL, NULL, NULL, NULL, NULL, NULL, 0, 0, NULL, 0, 1.0000, 'days', 0, NULL, NULL, NULL, NULL, NULL, 0, '2021-03-17 01:21:51', '2021-03-17 01:21:51', 'Yes', '0000-00-00 00:00:00', 'Yes', '0000-00-00 00:00:00', NULL, NULL),
(176, 10, 10, NULL, NULL, NULL, 'sell', NULL, 'final', NULL, 0, 'paid', NULL, 17, NULL, '0039', '', NULL, NULL, NULL, '2021-03-17 16:27:00', '11000.0000', 1, '1980.0000', 'percentage', '0.0000', 0, '0.0000', NULL, NULL, NULL, NULL, '0.0000', NULL, NULL, NULL, NULL, NULL, NULL, NULL, 0, NULL, '0.0000', NULL, '0.0000', NULL, '0.0000', NULL, '0.0000', NULL, '0.0000', '12980.0000', NULL, NULL, NULL, NULL, 0, 0, '1.000', NULL, NULL, NULL, NULL, 18, 0, NULL, NULL, NULL, NULL, NULL, NULL, NULL, NULL, NULL, NULL, '0.0000', 'percentage', 0, NULL, NULL, NULL, '0.0000', NULL, NULL, NULL, NULL, NULL, NULL, NULL, 0, 0, NULL, 0, 1.0000, 'days', 0, NULL, NULL, NULL, NULL, NULL, 0, '2021-03-17 16:29:55', '2021-03-17 16:29:55', 'Yes', '0000-00-00 00:00:00', 'Yes', '0000-00-00 00:00:00', NULL, NULL),
(177, 10, 10, NULL, NULL, NULL, 'sell', NULL, 'final', NULL, 0, 'due', NULL, 17, NULL, '0040', '', NULL, NULL, NULL, '2021-03-17 16:27:00', '2000.0000', 1, '360.0000', 'percentage', '0.0000', 0, '0.0000', NULL, NULL, NULL, NULL, '0.0000', NULL, NULL, NULL, NULL, NULL, NULL, NULL, 0, NULL, '0.0000', NULL, '0.0000', NULL, '0.0000', NULL, '0.0000', NULL, '0.0000', '2360.0000', NULL, NULL, NULL, NULL, 0, 1, '1.000', NULL, NULL, NULL, NULL, 18, 0, NULL, NULL, NULL, NULL, NULL, NULL, NULL, NULL, NULL, NULL, '0.0000', 'percentage', 0, NULL, NULL, NULL, '0.0000', NULL, NULL, NULL, NULL, NULL, NULL, NULL, 0, 0, NULL, 0, 1.0000, 'days', 0, NULL, NULL, NULL, NULL, NULL, 0, '2021-03-17 16:31:56', '2021-03-17 16:31:56', 'Yes', '0000-00-00 00:00:00', 'Yes', '0000-00-00 00:00:00', NULL, NULL),
(178, 10, 10, NULL, NULL, NULL, 'sell', NULL, 'final', NULL, 0, 'paid', NULL, 17, NULL, '0041', '', NULL, NULL, NULL, '2021-03-18 13:52:00', '2000.0000', 1, '360.0000', 'percentage', '0.0000', 0, '0.0000', NULL, NULL, NULL, NULL, '0.0000', NULL, NULL, NULL, NULL, NULL, NULL, NULL, 0, NULL, '0.0000', NULL, '0.0000', NULL, '0.0000', NULL, '0.0000', NULL, '0.0000', '2360.0000', NULL, NULL, NULL, NULL, 0, 0, '1.000', NULL, NULL, NULL, NULL, 18, 0, NULL, NULL, NULL, NULL, NULL, NULL, NULL, NULL, NULL, NULL, '0.0000', 'percentage', 0, NULL, NULL, NULL, '0.0000', NULL, NULL, NULL, NULL, NULL, NULL, NULL, 0, 0, NULL, 0, 1.0000, 'days', 0, NULL, NULL, NULL, NULL, NULL, 0, '2021-03-18 13:54:08', '2021-03-18 13:54:08', 'Yes', '0000-00-00 00:00:00', 'Yes', '0000-00-00 00:00:00', NULL, NULL),
(179, 10, 10, NULL, NULL, NULL, 'sell', NULL, 'final', NULL, 0, 'paid', NULL, 17, NULL, '0042', '', NULL, NULL, NULL, '2021-03-22 15:44:00', '5500.0000', 1, '990.0000', 'percentage', '0.0000', 0, '0.0000', NULL, NULL, NULL, NULL, '0.0000', NULL, NULL, NULL, NULL, NULL, NULL, NULL, 0, NULL, '0.0000', NULL, '0.0000', NULL, '0.0000', NULL, '0.0000', NULL, '0.0000', '6490.0000', NULL, NULL, NULL, NULL, 0, 0, '1.000', NULL, NULL, NULL, NULL, 18, 0, NULL, NULL, NULL, NULL, NULL, NULL, NULL, NULL, NULL, NULL, '0.0000', 'percentage', 0, NULL, NULL, NULL, '0.0000', NULL, NULL, NULL, NULL, NULL, NULL, NULL, 0, 0, NULL, 0, 1.0000, 'days', 0, NULL, NULL, NULL, NULL, NULL, 0, '2021-03-22 15:46:14', '2021-03-22 15:46:14', 'Yes', '0000-00-00 00:00:00', 'Yes', '0000-00-00 00:00:00', NULL, NULL),
(180, 10, 10, NULL, NULL, NULL, 'sell', NULL, 'final', NULL, 0, 'paid', NULL, 17, NULL, '0043', '', NULL, NULL, NULL, '2021-03-22 16:02:00', '5000.0000', 1, '900.0000', 'percentage', '0.0000', 0, '0.0000', NULL, NULL, NULL, NULL, '0.0000', NULL, NULL, NULL, NULL, NULL, NULL, NULL, 0, NULL, '0.0000', NULL, '0.0000', NULL, '0.0000', NULL, '0.0000', NULL, '0.0000', '5900.0000', NULL, NULL, NULL, NULL, 0, 0, '1.000', NULL, NULL, NULL, NULL, 18, 0, NULL, NULL, NULL, NULL, NULL, NULL, NULL, NULL, NULL, NULL, '0.0000', 'percentage', 0, NULL, NULL, NULL, '0.0000', NULL, NULL, NULL, NULL, NULL, NULL, NULL, 0, 0, NULL, 0, 1.0000, 'days', 0, NULL, NULL, NULL, NULL, NULL, 0, '2021-03-22 16:03:40', '2021-03-22 16:03:40', 'Yes', '0000-00-00 00:00:00', 'Yes', '0000-00-00 00:00:00', NULL, NULL),
(181, 10, 10, NULL, NULL, NULL, 'sell', NULL, 'final', NULL, 0, 'paid', NULL, 17, NULL, '0044', '', NULL, NULL, NULL, '2021-03-23 11:20:00', '5500.0000', 1, '990.0000', 'percentage', '0.0000', 0, '0.0000', NULL, NULL, NULL, NULL, '0.0000', NULL, NULL, NULL, NULL, NULL, NULL, NULL, 0, NULL, '0.0000', NULL, '0.0000', NULL, '0.0000', NULL, '0.0000', NULL, '0.0000', '6490.0000', NULL, NULL, NULL, NULL, 0, 0, '1.000', NULL, NULL, NULL, NULL, 18, 0, NULL, NULL, NULL, NULL, NULL, NULL, NULL, NULL, NULL, NULL, '0.0000', 'percentage', 0, NULL, NULL, NULL, '0.0000', NULL, NULL, NULL, NULL, NULL, NULL, NULL, 0, 0, NULL, 0, 1.0000, 'days', 0, NULL, NULL, NULL, NULL, NULL, 0, '2021-03-23 11:24:08', '2021-03-23 11:24:08', 'Yes', '0000-00-00 00:00:00', 'Yes', '0000-00-00 00:00:00', NULL, NULL),
(182, 10, 10, NULL, NULL, NULL, 'sell', NULL, 'final', NULL, 0, 'paid', NULL, 17, NULL, '0045', '', NULL, NULL, NULL, '2021-03-23 15:03:00', '10000.0000', 1, '1800.0000', 'percentage', '0.0000', 0, '0.0000', NULL, NULL, NULL, NULL, '0.0000', NULL, NULL, NULL, NULL, NULL, NULL, NULL, 0, NULL, '0.0000', NULL, '0.0000', NULL, '0.0000', NULL, '0.0000', NULL, '0.0000', '11800.0000', NULL, NULL, NULL, NULL, 0, 0, '1.000', NULL, NULL, NULL, NULL, 18, 0, NULL, NULL, NULL, NULL, NULL, NULL, NULL, NULL, NULL, NULL, '0.0000', 'percentage', 0, NULL, NULL, NULL, '0.0000', NULL, NULL, NULL, NULL, NULL, NULL, NULL, 0, 0, NULL, 0, 1.0000, 'days', 0, NULL, NULL, NULL, NULL, NULL, 0, '2021-03-23 15:06:08', '2021-03-23 15:06:08', 'Yes', '0000-00-00 00:00:00', 'Yes', '0000-00-00 00:00:00', NULL, NULL),
(183, 10, 10, NULL, NULL, NULL, 'sell', NULL, 'final', NULL, 0, 'paid', NULL, 17, NULL, '0046', '', NULL, NULL, NULL, '2021-03-23 17:02:00', '5000.0000', 1, '900.0000', 'percentage', '0.0000', 0, '0.0000', NULL, NULL, NULL, NULL, '0.0000', NULL, NULL, NULL, NULL, NULL, NULL, NULL, 0, NULL, '0.0000', NULL, '0.0000', NULL, '0.0000', NULL, '0.0000', NULL, '0.0000', '5900.0000', NULL, NULL, NULL, NULL, 0, 0, '1.000', NULL, NULL, NULL, NULL, 18, 0, NULL, NULL, NULL, NULL, NULL, NULL, NULL, NULL, NULL, NULL, '0.0000', 'percentage', 0, NULL, NULL, NULL, '0.0000', NULL, NULL, NULL, NULL, NULL, NULL, NULL, 0, 0, NULL, 0, 1.0000, 'days', 0, NULL, NULL, NULL, NULL, NULL, 0, '2021-03-23 17:05:22', '2021-03-23 17:05:22', 'Yes', '0000-00-00 00:00:00', 'Yes', '0000-00-00 00:00:00', NULL, NULL),
(184, 10, 10, NULL, NULL, NULL, 'sell', NULL, 'final', NULL, 0, 'paid', NULL, 17, NULL, '0047', '', NULL, NULL, NULL, '2021-03-23 19:04:00', '5000.0000', 1, '900.0000', 'percentage', '0.0000', 0, '0.0000', NULL, NULL, NULL, NULL, '0.0000', NULL, NULL, NULL, NULL, NULL, NULL, NULL, 0, NULL, '0.0000', NULL, '0.0000', NULL, '0.0000', NULL, '0.0000', NULL, '0.0000', '5900.0000', NULL, NULL, NULL, NULL, 0, 0, '1.000', NULL, NULL, NULL, NULL, 18, 0, NULL, NULL, NULL, NULL, NULL, NULL, NULL, NULL, NULL, NULL, '0.0000', 'percentage', 0, NULL, NULL, NULL, '0.0000', NULL, NULL, NULL, NULL, NULL, NULL, NULL, 0, 0, NULL, 0, 1.0000, 'days', 0, NULL, NULL, NULL, NULL, NULL, 0, '2021-03-23 19:04:22', '2021-03-23 19:04:22', 'Yes', '0000-00-00 00:00:00', 'Yes', '0000-00-00 00:00:00', NULL, NULL),
(185, 10, 10, NULL, NULL, NULL, 'sell', NULL, 'final', NULL, 0, 'paid', NULL, 17, NULL, '0048', '', NULL, NULL, NULL, '2021-03-23 19:04:00', '5000.0000', 1, '900.0000', 'percentage', '0.0000', 0, '0.0000', NULL, NULL, NULL, NULL, '0.0000', NULL, NULL, NULL, NULL, NULL, NULL, NULL, 0, NULL, '0.0000', NULL, '0.0000', NULL, '0.0000', NULL, '0.0000', NULL, '0.0000', '5900.0000', NULL, NULL, NULL, NULL, 0, 0, '1.000', NULL, NULL, NULL, NULL, 18, 0, NULL, NULL, NULL, NULL, NULL, NULL, NULL, NULL, NULL, NULL, '0.0000', 'percentage', 0, NULL, NULL, NULL, '0.0000', NULL, NULL, NULL, NULL, NULL, NULL, NULL, 0, 0, NULL, 0, 1.0000, 'days', 0, NULL, NULL, NULL, NULL, NULL, 0, '2021-03-23 19:07:12', '2021-03-23 19:07:12', 'Yes', '0000-00-00 00:00:00', 'Yes', '0000-00-00 00:00:00', NULL, NULL),
(186, 10, 10, NULL, NULL, NULL, 'sell', NULL, 'final', NULL, 0, 'paid', NULL, 17, NULL, '0049', '', NULL, NULL, NULL, '2021-03-23 19:28:00', '5500.0000', 1, '990.0000', 'percentage', '0.0000', 0, '0.0000', NULL, NULL, NULL, NULL, '0.0000', NULL, NULL, NULL, NULL, NULL, NULL, NULL, 0, NULL, '0.0000', NULL, '0.0000', NULL, '0.0000', NULL, '0.0000', NULL, '0.0000', '6490.0000', NULL, NULL, NULL, NULL, 0, 0, '1.000', NULL, NULL, NULL, NULL, 18, 0, NULL, NULL, NULL, NULL, NULL, NULL, NULL, NULL, NULL, NULL, '0.0000', 'percentage', 0, NULL, NULL, NULL, '0.0000', NULL, NULL, NULL, NULL, NULL, NULL, NULL, 0, 0, NULL, 0, 1.0000, 'days', 0, NULL, NULL, NULL, NULL, NULL, 0, '2021-03-23 19:28:42', '2021-03-23 19:28:42', 'Yes', '0000-00-00 00:00:00', 'Yes', '0000-00-00 00:00:00', NULL, NULL),
(187, 10, 10, NULL, NULL, NULL, 'sell', NULL, 'final', NULL, 0, 'paid', NULL, 17, NULL, '0050', '', NULL, NULL, NULL, '2021-03-23 19:30:00', '5000.0000', 1, '900.0000', 'percentage', '0.0000', 0, '0.0000', NULL, NULL, NULL, NULL, '0.0000', NULL, NULL, NULL, NULL, NULL, NULL, NULL, 0, NULL, '0.0000', NULL, '0.0000', NULL, '0.0000', NULL, '0.0000', NULL, '0.0000', '5900.0000', NULL, NULL, NULL, NULL, 0, 0, '1.000', NULL, NULL, NULL, NULL, 18, 0, NULL, NULL, NULL, NULL, NULL, NULL, NULL, NULL, NULL, NULL, '0.0000', 'percentage', 0, NULL, NULL, NULL, '0.0000', NULL, NULL, NULL, NULL, NULL, NULL, NULL, 0, 0, NULL, 0, 1.0000, 'days', 0, NULL, NULL, NULL, NULL, NULL, 0, '2021-03-23 19:30:30', '2021-03-23 19:30:30', 'Yes', '0000-00-00 00:00:00', 'Yes', '0000-00-00 00:00:00', NULL, NULL),
(188, 10, 10, NULL, NULL, NULL, 'sell', NULL, 'final', NULL, 0, 'paid', NULL, 17, NULL, '0051', '', NULL, NULL, NULL, '2021-03-23 19:31:00', '5000.0000', 1, '900.0000', 'percentage', '0.0000', 0, '0.0000', NULL, NULL, NULL, NULL, '0.0000', NULL, NULL, NULL, NULL, NULL, NULL, NULL, 0, NULL, '0.0000', NULL, '0.0000', NULL, '0.0000', NULL, '0.0000', NULL, '0.0000', '5900.0000', NULL, NULL, NULL, NULL, 0, 0, '1.000', NULL, NULL, NULL, NULL, 18, 0, NULL, NULL, NULL, NULL, NULL, NULL, NULL, NULL, NULL, NULL, '0.0000', 'percentage', 0, NULL, NULL, NULL, '0.0000', NULL, NULL, NULL, NULL, NULL, NULL, NULL, 0, 0, NULL, 0, 1.0000, 'days', 0, NULL, NULL, NULL, NULL, NULL, 0, '2021-03-23 19:32:12', '2021-03-23 19:32:12', 'Yes', '0000-00-00 00:00:00', 'Yes', '0000-00-00 00:00:00', NULL, NULL),
(189, 10, 10, 5, NULL, NULL, 'sell', NULL, 'final', NULL, 0, 'paid', NULL, 17, NULL, '0052', '', NULL, NULL, NULL, '2021-03-23 19:46:00', '5000.0000', 1, '900.0000', 'percentage', '0.0000', 0, '0.0000', NULL, NULL, NULL, NULL, '0.0000', NULL, NULL, NULL, NULL, NULL, NULL, NULL, 0, NULL, '0.0000', NULL, '0.0000', NULL, '0.0000', NULL, '0.0000', NULL, '0.0000', '5900.0000', NULL, NULL, NULL, NULL, 0, 0, '1.000', NULL, NULL, NULL, NULL, 18, 0, NULL, NULL, NULL, NULL, NULL, NULL, NULL, NULL, NULL, NULL, '0.0000', 'percentage', 0, NULL, NULL, NULL, '0.0000', NULL, NULL, NULL, NULL, NULL, NULL, NULL, 0, 0, NULL, 0, 1.0000, 'days', 0, NULL, NULL, NULL, NULL, NULL, 0, '2021-03-23 19:46:52', '2021-03-23 19:46:52', 'Yes', '0000-00-00 00:00:00', 'Yes', '0000-00-00 00:00:00', NULL, NULL),
(190, 10, 10, NULL, NULL, NULL, 'sell', NULL, 'final', NULL, 0, 'paid', NULL, 17, NULL, '0053', '', NULL, NULL, NULL, '2021-03-23 19:48:00', '5000.0000', 1, '900.0000', 'percentage', '0.0000', 0, '0.0000', NULL, NULL, NULL, NULL, '0.0000', NULL, NULL, NULL, NULL, NULL, NULL, NULL, 0, NULL, '0.0000', NULL, '0.0000', NULL, '0.0000', NULL, '0.0000', NULL, '0.0000', '5900.0000', NULL, NULL, NULL, NULL, 0, 0, '1.000', NULL, NULL, NULL, NULL, 18, 0, NULL, NULL, NULL, NULL, NULL, NULL, NULL, NULL, NULL, NULL, '0.0000', 'percentage', 0, NULL, NULL, NULL, '0.0000', NULL, NULL, NULL, NULL, NULL, NULL, NULL, 0, 0, NULL, 0, 1.0000, 'days', 0, NULL, NULL, NULL, NULL, NULL, 0, '2021-03-23 19:48:26', '2021-03-23 19:48:26', 'Yes', '0000-00-00 00:00:00', 'Yes', '0000-00-00 00:00:00', NULL, NULL),
(191, 10, 10, NULL, NULL, NULL, 'sell', NULL, 'final', NULL, 0, 'due', NULL, 17, NULL, '0054', '', NULL, NULL, NULL, '2021-03-23 19:48:00', '2000.0000', 1, '360.0000', 'percentage', '0.0000', 0, '0.0000', NULL, NULL, NULL, NULL, '0.0000', NULL, NULL, NULL, NULL, NULL, NULL, NULL, 0, NULL, '0.0000', NULL, '0.0000', NULL, '0.0000', NULL, '0.0000', NULL, '0.0000', '2360.0000', NULL, NULL, NULL, NULL, 0, 0, '1.000', NULL, NULL, NULL, NULL, 18, 0, NULL, NULL, NULL, NULL, NULL, NULL, NULL, NULL, NULL, NULL, '0.0000', 'percentage', 0, NULL, NULL, NULL, '0.0000', NULL, NULL, NULL, NULL, NULL, NULL, NULL, 0, 0, NULL, 0, 1.0000, 'days', 0, NULL, NULL, NULL, NULL, NULL, 0, '2021-03-23 19:53:07', '2021-03-23 19:53:07', 'Yes', '0000-00-00 00:00:00', 'Yes', '0000-00-00 00:00:00', NULL, NULL),
(192, 10, 10, 5, NULL, NULL, 'sell', NULL, 'draft', 'quotation', 1, 'due', NULL, 17, NULL, '2021/0014', '', NULL, NULL, NULL, '2021-03-23 19:48:00', '2000.0000', 1, '360.0000', 'percentage', '0.0000', 0, '0.0000', NULL, NULL, NULL, NULL, '0.0000', NULL, NULL, NULL, NULL, NULL, 'tusa', NULL, 0, NULL, '0.0000', NULL, '0.0000', NULL, '0.0000', NULL, '0.0000', NULL, '0.0000', '2360.0000', NULL, NULL, NULL, NULL, 0, 0, '1.000', NULL, NULL, NULL, NULL, 18, 0, NULL, NULL, NULL, NULL, NULL, NULL, NULL, NULL, NULL, NULL, '0.0000', 'percentage', 0, NULL, NULL, NULL, '0.0000', NULL, NULL, NULL, NULL, NULL, NULL, NULL, 0, 0, NULL, 0, 1.0000, 'days', 0, NULL, NULL, NULL, NULL, NULL, NULL, '2021-03-23 19:56:06', '2022-01-07 07:13:38', 'Yes', '0000-00-00 00:00:00', 'Yes', '0000-00-00 00:00:00', NULL, NULL);
INSERT INTO `transactions` (`id`, `business_id`, `location_id`, `res_table_id`, `res_waiter_id`, `res_order_status`, `type`, `sub_type`, `status`, `sub_status`, `is_quotation`, `payment_status`, `adjustment_type`, `contact_id`, `customer_group_id`, `invoice_no`, `ref_no`, `source`, `subscription_no`, `subscription_repeat_on`, `transaction_date`, `total_before_tax`, `tax_id`, `tax_amount`, `discount_type`, `discount_amount`, `rp_redeemed`, `rp_redeemed_amount`, `shipping_details`, `shipping_address`, `shipping_status`, `delivered_to`, `shipping_charges`, `shipping_custom_field_1`, `shipping_custom_field_2`, `shipping_custom_field_3`, `shipping_custom_field_4`, `shipping_custom_field_5`, `additional_notes`, `staff_note`, `is_export`, `export_custom_fields_info`, `round_off_amount`, `additional_expense_key_1`, `additional_expense_value_1`, `additional_expense_key_2`, `additional_expense_value_2`, `additional_expense_key_3`, `additional_expense_value_3`, `additional_expense_key_4`, `additional_expense_value_4`, `final_total`, `expense_category_id`, `expense_for`, `commission_agent`, `document`, `is_direct_sale`, `is_suspend`, `exchange_rate`, `total_amount_recovered`, `transfer_parent_id`, `return_parent_id`, `opening_stock_product_id`, `created_by`, `crm_is_order_request`, `prefer_payment_method`, `prefer_payment_account`, `sales_order_ids`, `purchase_order_ids`, `custom_field_1`, `custom_field_2`, `custom_field_3`, `custom_field_4`, `mfg_parent_production_purchase_id`, `mfg_wasted_units`, `mfg_production_cost`, `mfg_production_cost_type`, `mfg_is_final`, `import_batch`, `import_time`, `types_of_service_id`, `packing_charge`, `packing_charge_type`, `service_custom_field_1`, `service_custom_field_2`, `service_custom_field_3`, `service_custom_field_4`, `service_custom_field_5`, `service_custom_field_6`, `is_created_from_api`, `rp_earned`, `order_addresses`, `is_recurring`, `recur_interval`, `recur_interval_type`, `recur_repetitions`, `recur_stopped_on`, `recur_parent_id`, `invoice_token`, `pay_term_number`, `pay_term_type`, `selling_price_group_id`, `created_at`, `updated_at`, `release_order`, `release_date`, `carryin_confirmation`, `carryin_date`, `carryout_date`, `carryout_details`) VALUES
(193, 10, 10, NULL, NULL, NULL, 'sell', NULL, 'final', NULL, 0, 'paid', NULL, 17, NULL, '0056', '', NULL, NULL, NULL, '2021-03-23 20:13:00', '9000.0000', 1, '1620.0000', 'percentage', '0.0000', 0, '0.0000', NULL, NULL, NULL, NULL, '0.0000', NULL, NULL, NULL, NULL, NULL, NULL, NULL, 0, NULL, '0.0000', NULL, '0.0000', NULL, '0.0000', NULL, '0.0000', NULL, '0.0000', '10620.0000', NULL, NULL, NULL, NULL, 0, 0, '1.000', NULL, NULL, NULL, NULL, 18, 0, NULL, NULL, NULL, NULL, NULL, NULL, NULL, NULL, NULL, NULL, '0.0000', 'percentage', 0, NULL, NULL, NULL, '0.0000', NULL, NULL, NULL, NULL, NULL, NULL, NULL, 0, 0, NULL, 0, 1.0000, 'days', 0, NULL, NULL, NULL, NULL, NULL, 0, '2021-03-23 20:16:29', '2021-03-23 20:16:29', 'Yes', '0000-00-00 00:00:00', 'Yes', '0000-00-00 00:00:00', NULL, NULL),
(194, 10, 10, NULL, NULL, NULL, 'sell', NULL, 'final', NULL, 0, 'paid', NULL, 17, NULL, '0057', '', NULL, NULL, NULL, '2021-03-24 18:01:00', '5000.0000', 1, '900.0000', 'percentage', '0.0000', 0, '0.0000', NULL, NULL, NULL, NULL, '0.0000', NULL, NULL, NULL, NULL, NULL, NULL, NULL, 0, NULL, '0.0000', NULL, '0.0000', NULL, '0.0000', NULL, '0.0000', NULL, '0.0000', '5900.0000', NULL, NULL, NULL, NULL, 0, 0, '1.000', NULL, NULL, NULL, NULL, 18, 0, NULL, NULL, NULL, NULL, NULL, NULL, NULL, NULL, NULL, NULL, '0.0000', 'percentage', 0, NULL, NULL, NULL, '0.0000', NULL, NULL, NULL, NULL, NULL, NULL, NULL, 0, 0, NULL, 0, 1.0000, 'days', 0, NULL, NULL, NULL, NULL, NULL, 0, '2021-03-24 18:01:50', '2021-03-24 18:01:50', 'Yes', '0000-00-00 00:00:00', 'Yes', '0000-00-00 00:00:00', NULL, NULL),
(195, 10, 10, NULL, NULL, NULL, 'sell', NULL, 'final', NULL, 0, 'paid', NULL, 17, NULL, '0058', '', NULL, NULL, NULL, '2021-03-24 18:01:00', '2000.0000', 1, '360.0000', 'percentage', '0.0000', 0, '0.0000', NULL, NULL, NULL, NULL, '0.0000', NULL, NULL, NULL, NULL, NULL, NULL, NULL, 0, NULL, '0.0000', NULL, '0.0000', NULL, '0.0000', NULL, '0.0000', NULL, '0.0000', '2360.0000', NULL, NULL, NULL, NULL, 0, 0, '1.000', NULL, NULL, NULL, NULL, 18, 0, NULL, NULL, NULL, NULL, NULL, NULL, NULL, NULL, NULL, NULL, '0.0000', 'percentage', 0, NULL, NULL, NULL, '0.0000', NULL, NULL, NULL, NULL, NULL, NULL, NULL, 0, 0, NULL, 0, 1.0000, 'days', 0, NULL, NULL, NULL, NULL, NULL, 0, '2021-03-24 18:05:56', '2021-03-24 18:05:56', 'Yes', '0000-00-00 00:00:00', 'Yes', '0000-00-00 00:00:00', NULL, NULL),
(196, 10, 10, 5, NULL, NULL, 'sell', NULL, 'final', NULL, 0, 'paid', NULL, 17, NULL, '0059', '', NULL, NULL, NULL, '2021-03-24 18:50:00', '2000.0000', 1, '360.0000', 'percentage', '0.0000', 0, '0.0000', NULL, NULL, NULL, NULL, '0.0000', NULL, NULL, NULL, NULL, NULL, NULL, NULL, 0, NULL, '0.0000', NULL, '0.0000', NULL, '0.0000', NULL, '0.0000', NULL, '0.0000', '2360.0000', NULL, NULL, NULL, NULL, 0, 0, '1.000', NULL, NULL, NULL, NULL, 18, 0, NULL, NULL, NULL, NULL, NULL, NULL, NULL, NULL, NULL, NULL, '0.0000', 'percentage', 0, NULL, NULL, NULL, '0.0000', NULL, NULL, NULL, NULL, NULL, NULL, NULL, 0, 0, NULL, 0, 1.0000, 'days', 0, NULL, NULL, NULL, NULL, NULL, 0, '2021-03-24 18:52:05', '2021-03-24 18:52:05', 'Yes', '0000-00-00 00:00:00', 'Yes', '0000-00-00 00:00:00', NULL, NULL),
(197, 10, 10, 13, NULL, NULL, 'sell', NULL, 'final', NULL, 0, 'paid', NULL, 17, NULL, '0060', '', NULL, NULL, NULL, '2021-03-24 18:50:00', '7000.0000', 1, '1260.0000', 'percentage', '0.0000', 0, '0.0000', NULL, NULL, NULL, NULL, '0.0000', NULL, NULL, NULL, NULL, NULL, NULL, NULL, 0, NULL, '0.0000', NULL, '0.0000', NULL, '0.0000', NULL, '0.0000', NULL, '0.0000', '8260.0000', NULL, NULL, NULL, NULL, 0, 0, '1.000', NULL, NULL, NULL, NULL, 18, 0, NULL, NULL, NULL, NULL, NULL, NULL, NULL, NULL, NULL, NULL, '0.0000', 'percentage', 0, NULL, NULL, NULL, '0.0000', NULL, NULL, NULL, NULL, NULL, NULL, NULL, 0, 0, NULL, 0, 1.0000, 'days', 0, NULL, NULL, NULL, NULL, NULL, 0, '2021-03-24 18:54:42', '2021-03-24 18:54:42', 'Yes', '0000-00-00 00:00:00', 'Yes', '0000-00-00 00:00:00', NULL, NULL),
(198, 10, 10, NULL, NULL, NULL, 'sell', NULL, 'draft', 'quotation', 1, NULL, NULL, 17, NULL, '2021/0015', '', NULL, NULL, NULL, '2021-03-24 19:00:00', '5000.0000', 1, '900.0000', 'percentage', '0.0000', 0, '0.0000', NULL, NULL, NULL, NULL, '0.0000', NULL, NULL, NULL, NULL, NULL, NULL, NULL, 0, NULL, '0.0000', NULL, '0.0000', NULL, '0.0000', NULL, '0.0000', NULL, '0.0000', '5900.0000', NULL, NULL, NULL, NULL, 0, 0, '1.000', NULL, NULL, NULL, NULL, 18, 0, NULL, NULL, NULL, NULL, NULL, NULL, NULL, NULL, NULL, NULL, '0.0000', 'percentage', 0, NULL, NULL, NULL, '0.0000', NULL, NULL, NULL, NULL, NULL, NULL, NULL, 0, 0, NULL, 0, 1.0000, 'days', 0, NULL, NULL, NULL, NULL, NULL, 0, '2021-03-24 19:02:56', '2022-01-07 07:13:38', 'Yes', '0000-00-00 00:00:00', 'Yes', '0000-00-00 00:00:00', NULL, NULL),
(199, 17, 17, NULL, NULL, NULL, 'opening_stock', NULL, 'received', NULL, 0, 'paid', NULL, NULL, NULL, NULL, NULL, NULL, NULL, NULL, '2021-01-01 15:13:18', '0.0000', NULL, '0.0000', NULL, '0.0000', 0, '0.0000', NULL, NULL, NULL, NULL, '0.0000', NULL, NULL, NULL, NULL, NULL, NULL, NULL, 0, NULL, '0.0000', NULL, '0.0000', NULL, '0.0000', NULL, '0.0000', NULL, '0.0000', '0.0000', NULL, NULL, NULL, NULL, 0, 0, '1.000', NULL, NULL, NULL, 311, 26, 0, NULL, NULL, NULL, NULL, NULL, NULL, NULL, NULL, NULL, NULL, '0.0000', 'percentage', 0, NULL, NULL, NULL, NULL, NULL, NULL, NULL, NULL, NULL, NULL, NULL, 0, 0, NULL, 0, NULL, NULL, NULL, NULL, NULL, NULL, NULL, NULL, NULL, '2021-04-14 15:13:18', '2021-04-14 15:13:18', 'Yes', '0000-00-00 00:00:00', 'Yes', '0000-00-00 00:00:00', NULL, NULL),
(200, 17, 17, NULL, NULL, NULL, 'opening_stock', NULL, 'received', NULL, 0, 'paid', NULL, NULL, NULL, NULL, NULL, NULL, NULL, NULL, '2021-01-01 15:16:57', '300000.0000', NULL, '0.0000', NULL, '0.0000', 0, '0.0000', NULL, NULL, NULL, NULL, '0.0000', NULL, NULL, NULL, NULL, NULL, NULL, NULL, 0, NULL, '0.0000', NULL, '0.0000', NULL, '0.0000', NULL, '0.0000', NULL, '0.0000', '300000.0000', NULL, NULL, NULL, NULL, 0, 0, '1.000', NULL, NULL, NULL, 319, 26, 0, NULL, NULL, NULL, NULL, NULL, NULL, NULL, NULL, NULL, NULL, '0.0000', 'percentage', 0, NULL, NULL, NULL, NULL, NULL, NULL, NULL, NULL, NULL, NULL, NULL, 0, 0, NULL, 0, NULL, NULL, NULL, NULL, NULL, NULL, NULL, NULL, NULL, '2021-04-14 15:16:57', '2021-04-14 15:16:57', 'Yes', '0000-00-00 00:00:00', 'Yes', '0000-00-00 00:00:00', NULL, NULL),
(201, 17, 17, NULL, NULL, NULL, 'sell', NULL, 'final', NULL, 0, 'paid', NULL, 27, NULL, '0001', '', NULL, NULL, NULL, '2021-04-14 15:20:26', '300000.0000', NULL, '0.0000', 'percentage', '0.0000', 0, '0.0000', NULL, NULL, NULL, NULL, '0.0000', NULL, NULL, NULL, NULL, NULL, NULL, NULL, 0, NULL, '0.0000', NULL, '0.0000', NULL, '0.0000', NULL, '0.0000', NULL, '0.0000', '300000.0000', NULL, NULL, NULL, NULL, 0, 0, '1.000', NULL, NULL, NULL, NULL, 26, 0, NULL, NULL, NULL, NULL, NULL, NULL, NULL, NULL, NULL, NULL, '0.0000', 'percentage', 0, NULL, NULL, NULL, '0.0000', NULL, NULL, NULL, NULL, NULL, NULL, NULL, 0, 0, NULL, 0, 1.0000, 'days', 0, NULL, NULL, NULL, NULL, NULL, 0, '2021-04-14 15:20:26', '2021-04-14 15:20:26', 'Yes', '0000-00-00 00:00:00', 'Yes', '0000-00-00 00:00:00', NULL, NULL),
(202, 17, 17, NULL, NULL, NULL, 'sell_return', NULL, 'final', NULL, 0, 'due', NULL, 27, NULL, 'CN2021/0001', NULL, NULL, NULL, NULL, '2021-04-14 03:23:00', '300000.0000', NULL, '0.0000', 'percentage', '0.0000', 0, '0.0000', NULL, NULL, NULL, NULL, '0.0000', NULL, NULL, NULL, NULL, NULL, NULL, NULL, 0, NULL, '0.0000', NULL, '0.0000', NULL, '0.0000', NULL, '0.0000', NULL, '0.0000', '300000.0000', NULL, NULL, NULL, NULL, 0, 0, '1.000', NULL, NULL, 201, NULL, 26, 0, NULL, NULL, NULL, NULL, NULL, NULL, NULL, NULL, NULL, NULL, '0.0000', 'percentage', 0, NULL, NULL, NULL, NULL, NULL, NULL, NULL, NULL, NULL, NULL, NULL, 0, 0, NULL, 0, NULL, NULL, NULL, NULL, NULL, NULL, NULL, NULL, NULL, '2021-04-14 15:24:28', '2021-04-14 15:24:28', 'Yes', '0000-00-00 00:00:00', 'Yes', '0000-00-00 00:00:00', NULL, NULL),
(203, 17, 17, NULL, NULL, NULL, 'opening_stock', NULL, 'received', NULL, 0, 'paid', NULL, NULL, NULL, NULL, NULL, NULL, NULL, NULL, '2021-01-01 10:47:51', '0.0000', NULL, '0.0000', NULL, '0.0000', 0, '0.0000', NULL, NULL, NULL, NULL, '0.0000', NULL, NULL, NULL, NULL, NULL, NULL, NULL, 0, NULL, '0.0000', NULL, '0.0000', NULL, '0.0000', NULL, '0.0000', NULL, '0.0000', '0.0000', NULL, NULL, NULL, NULL, 0, 0, '1.000', NULL, NULL, NULL, 312, 26, 0, NULL, NULL, NULL, NULL, NULL, NULL, NULL, NULL, NULL, NULL, '0.0000', 'percentage', 0, NULL, NULL, NULL, NULL, NULL, NULL, NULL, NULL, NULL, NULL, NULL, 0, 0, NULL, 0, NULL, NULL, NULL, NULL, NULL, NULL, NULL, NULL, NULL, '2021-04-15 10:47:51', '2021-04-22 10:02:53', 'Yes', '0000-00-00 00:00:00', 'Yes', '0000-00-00 00:00:00', NULL, NULL),
(204, 17, 17, NULL, NULL, NULL, 'purchase', NULL, 'received', NULL, 0, 'paid', NULL, 28, NULL, NULL, 'PO2021/0001', NULL, NULL, NULL, '2021-04-17 11:01:00', '7500000.0000', NULL, '0.0000', NULL, '0.0000', 0, '0.0000', NULL, NULL, NULL, NULL, '0.0000', NULL, NULL, NULL, NULL, NULL, NULL, NULL, 0, NULL, '0.0000', NULL, '0.0000', NULL, '0.0000', NULL, '0.0000', NULL, '0.0000', '7500000.0000', NULL, NULL, NULL, NULL, 0, 0, '1.000', NULL, NULL, NULL, NULL, 26, 0, NULL, NULL, NULL, NULL, NULL, NULL, NULL, NULL, NULL, NULL, '0.0000', 'percentage', 0, NULL, NULL, NULL, NULL, NULL, NULL, NULL, NULL, NULL, NULL, NULL, 0, 0, NULL, 0, NULL, NULL, NULL, NULL, NULL, NULL, NULL, NULL, NULL, '2021-04-17 11:04:32', '2021-04-17 11:04:32', 'Yes', '0000-00-00 00:00:00', 'Yes', '0000-00-00 00:00:00', NULL, NULL),
(205, 17, 17, NULL, NULL, NULL, 'sell', NULL, 'final', NULL, 0, 'paid', NULL, 27, NULL, '0002', '', NULL, NULL, NULL, '2021-04-17 11:06:04', '330000.0000', NULL, '0.0000', 'percentage', '0.0000', 0, '0.0000', NULL, NULL, NULL, NULL, '0.0000', NULL, NULL, NULL, NULL, NULL, NULL, NULL, 0, NULL, '0.0000', NULL, '0.0000', NULL, '0.0000', NULL, '0.0000', NULL, '0.0000', '330000.0000', NULL, NULL, NULL, NULL, 0, 0, '1.000', NULL, NULL, NULL, NULL, 26, 0, NULL, NULL, NULL, NULL, NULL, NULL, NULL, NULL, NULL, NULL, '0.0000', 'percentage', 0, NULL, NULL, NULL, '0.0000', NULL, NULL, NULL, NULL, NULL, NULL, NULL, 0, 0, NULL, 0, 1.0000, 'days', 0, NULL, NULL, NULL, NULL, NULL, 0, '2021-04-17 11:06:04', '2021-04-17 11:06:04', 'Yes', '0000-00-00 00:00:00', 'Yes', '0000-00-00 00:00:00', NULL, NULL),
(206, 17, 17, NULL, NULL, NULL, 'sell', NULL, 'final', NULL, 0, 'paid', NULL, 27, NULL, '0003', '', NULL, NULL, NULL, '2021-04-17 11:19:59', '330000.0000', NULL, '0.0000', 'fixed', '20000.0000', 0, '0.0000', NULL, NULL, NULL, NULL, '0.0000', NULL, NULL, NULL, NULL, NULL, NULL, NULL, 0, NULL, '0.0000', NULL, '0.0000', NULL, '0.0000', NULL, '0.0000', NULL, '0.0000', '310000.0000', NULL, NULL, NULL, NULL, 0, 0, '1.000', NULL, NULL, NULL, NULL, 26, 0, NULL, NULL, NULL, NULL, NULL, NULL, NULL, NULL, NULL, NULL, '0.0000', 'percentage', 0, NULL, NULL, NULL, '0.0000', NULL, NULL, NULL, NULL, NULL, NULL, NULL, 0, 0, NULL, 0, 1.0000, 'days', 0, NULL, NULL, NULL, NULL, NULL, 0, '2021-04-17 11:19:59', '2021-04-17 11:19:59', 'Yes', '0000-00-00 00:00:00', 'Yes', '0000-00-00 00:00:00', NULL, NULL),
(207, 17, 17, NULL, NULL, NULL, 'opening_stock', NULL, 'received', NULL, 0, 'paid', NULL, NULL, NULL, NULL, NULL, NULL, NULL, NULL, '2021-01-01 14:00:15', '0.0000', NULL, '0.0000', NULL, '0.0000', 0, '0.0000', NULL, NULL, NULL, NULL, '0.0000', NULL, NULL, NULL, NULL, NULL, NULL, NULL, 0, NULL, '0.0000', NULL, '0.0000', NULL, '0.0000', NULL, '0.0000', NULL, '0.0000', '0.0000', NULL, NULL, NULL, NULL, 0, 0, '1.000', NULL, NULL, NULL, 323, 26, 0, NULL, NULL, NULL, NULL, NULL, NULL, NULL, NULL, NULL, NULL, '0.0000', 'percentage', 0, NULL, NULL, NULL, NULL, NULL, NULL, NULL, NULL, NULL, NULL, NULL, 0, 0, NULL, 0, NULL, NULL, NULL, NULL, NULL, NULL, NULL, NULL, NULL, '2021-04-20 14:00:15', '2021-04-20 14:00:15', 'Yes', '0000-00-00 00:00:00', 'Yes', '0000-00-00 00:00:00', NULL, NULL),
(208, 17, 17, NULL, NULL, NULL, 'opening_stock', NULL, 'received', NULL, 0, 'paid', NULL, NULL, NULL, NULL, NULL, NULL, NULL, NULL, '2021-01-01 14:00:58', '0.0000', NULL, '0.0000', NULL, '0.0000', 0, '0.0000', NULL, NULL, NULL, NULL, '0.0000', NULL, NULL, NULL, NULL, NULL, NULL, NULL, 0, NULL, '0.0000', NULL, '0.0000', NULL, '0.0000', NULL, '0.0000', NULL, '0.0000', '0.0000', NULL, NULL, NULL, NULL, 0, 0, '1.000', NULL, NULL, NULL, 321, 26, 0, NULL, NULL, NULL, NULL, NULL, NULL, NULL, NULL, NULL, NULL, '0.0000', 'percentage', 0, NULL, NULL, NULL, NULL, NULL, NULL, NULL, NULL, NULL, NULL, NULL, 0, 0, NULL, 0, NULL, NULL, NULL, NULL, NULL, NULL, NULL, NULL, NULL, '2021-04-20 14:00:58', '2021-04-20 14:00:58', 'Yes', '0000-00-00 00:00:00', 'Yes', '0000-00-00 00:00:00', NULL, NULL),
(209, 17, 17, NULL, NULL, NULL, 'opening_stock', NULL, 'received', NULL, 0, 'paid', NULL, NULL, NULL, NULL, NULL, NULL, NULL, NULL, '2021-01-01 14:01:18', '0.0000', NULL, '0.0000', NULL, '0.0000', 0, '0.0000', NULL, NULL, NULL, NULL, '0.0000', NULL, NULL, NULL, NULL, NULL, NULL, NULL, 0, NULL, '0.0000', NULL, '0.0000', NULL, '0.0000', NULL, '0.0000', NULL, '0.0000', '0.0000', NULL, NULL, NULL, NULL, 0, 0, '1.000', NULL, NULL, NULL, 320, 26, 0, NULL, NULL, NULL, NULL, NULL, NULL, NULL, NULL, NULL, NULL, '0.0000', 'percentage', 0, NULL, NULL, NULL, NULL, NULL, NULL, NULL, NULL, NULL, NULL, NULL, 0, 0, NULL, 0, NULL, NULL, NULL, NULL, NULL, NULL, NULL, NULL, NULL, '2021-04-20 14:01:18', '2021-04-20 14:01:18', 'Yes', '0000-00-00 00:00:00', 'Yes', '0000-00-00 00:00:00', NULL, NULL),
(210, 17, 17, NULL, NULL, NULL, 'opening_stock', NULL, 'received', NULL, 0, 'paid', NULL, NULL, NULL, NULL, NULL, NULL, NULL, NULL, '2021-01-01 14:01:46', '0.0000', NULL, '0.0000', NULL, '0.0000', 0, '0.0000', NULL, NULL, NULL, NULL, '0.0000', NULL, NULL, NULL, NULL, NULL, NULL, NULL, 0, NULL, '0.0000', NULL, '0.0000', NULL, '0.0000', NULL, '0.0000', NULL, '0.0000', '0.0000', NULL, NULL, NULL, NULL, 0, 0, '1.000', NULL, NULL, NULL, 322, 26, 0, NULL, NULL, NULL, NULL, NULL, NULL, NULL, NULL, NULL, NULL, '0.0000', 'percentage', 0, NULL, NULL, NULL, NULL, NULL, NULL, NULL, NULL, NULL, NULL, NULL, 0, 0, NULL, 0, NULL, NULL, NULL, NULL, NULL, NULL, NULL, NULL, NULL, '2021-04-20 14:01:46', '2021-04-20 14:01:46', 'Yes', '0000-00-00 00:00:00', 'Yes', '0000-00-00 00:00:00', NULL, NULL),
(211, 17, 17, NULL, NULL, NULL, 'opening_stock', NULL, 'received', NULL, 0, 'paid', NULL, NULL, NULL, NULL, NULL, NULL, NULL, NULL, '2021-01-01 14:02:22', '0.0000', NULL, '0.0000', NULL, '0.0000', 0, '0.0000', NULL, NULL, NULL, NULL, '0.0000', NULL, NULL, NULL, NULL, NULL, NULL, NULL, 0, NULL, '0.0000', NULL, '0.0000', NULL, '0.0000', NULL, '0.0000', NULL, '0.0000', '0.0000', NULL, NULL, NULL, NULL, 0, 0, '1.000', NULL, NULL, NULL, 315, 26, 0, NULL, NULL, NULL, NULL, NULL, NULL, NULL, NULL, NULL, NULL, '0.0000', 'percentage', 0, NULL, NULL, NULL, NULL, NULL, NULL, NULL, NULL, NULL, NULL, NULL, 0, 0, NULL, 0, NULL, NULL, NULL, NULL, NULL, NULL, NULL, NULL, NULL, '2021-04-20 14:02:22', '2021-04-20 14:02:22', 'Yes', '0000-00-00 00:00:00', 'Yes', '0000-00-00 00:00:00', NULL, NULL),
(212, 17, 17, NULL, NULL, NULL, 'opening_stock', NULL, 'received', NULL, 0, 'paid', NULL, NULL, NULL, NULL, NULL, NULL, NULL, NULL, '2021-01-01 14:03:17', '0.0000', NULL, '0.0000', NULL, '0.0000', 0, '0.0000', NULL, NULL, NULL, NULL, '0.0000', NULL, NULL, NULL, NULL, NULL, NULL, NULL, 0, NULL, '0.0000', NULL, '0.0000', NULL, '0.0000', NULL, '0.0000', NULL, '0.0000', '0.0000', NULL, NULL, NULL, NULL, 0, 0, '1.000', NULL, NULL, NULL, 309, 26, 0, NULL, NULL, NULL, NULL, NULL, NULL, NULL, NULL, NULL, NULL, '0.0000', 'percentage', 0, NULL, NULL, NULL, NULL, NULL, NULL, NULL, NULL, NULL, NULL, NULL, 0, 0, NULL, 0, NULL, NULL, NULL, NULL, NULL, NULL, NULL, NULL, NULL, '2021-04-20 14:03:17', '2021-04-20 14:03:17', 'Yes', '0000-00-00 00:00:00', 'Yes', '0000-00-00 00:00:00', NULL, NULL),
(213, 17, 17, NULL, NULL, NULL, 'opening_stock', NULL, 'received', NULL, 0, 'paid', NULL, NULL, NULL, NULL, NULL, NULL, NULL, NULL, '2021-01-01 14:03:27', '0.0000', NULL, '0.0000', NULL, '0.0000', 0, '0.0000', NULL, NULL, NULL, NULL, '0.0000', NULL, NULL, NULL, NULL, NULL, NULL, NULL, 0, NULL, '0.0000', NULL, '0.0000', NULL, '0.0000', NULL, '0.0000', NULL, '0.0000', '0.0000', NULL, NULL, NULL, NULL, 0, 0, '1.000', NULL, NULL, NULL, 310, 26, 0, NULL, NULL, NULL, NULL, NULL, NULL, NULL, NULL, NULL, NULL, '0.0000', 'percentage', 0, NULL, NULL, NULL, NULL, NULL, NULL, NULL, NULL, NULL, NULL, NULL, 0, 0, NULL, 0, NULL, NULL, NULL, NULL, NULL, NULL, NULL, NULL, NULL, '2021-04-20 14:03:27', '2021-04-20 14:03:27', 'Yes', '0000-00-00 00:00:00', 'Yes', '0000-00-00 00:00:00', NULL, NULL),
(214, 17, 17, NULL, NULL, NULL, 'opening_stock', NULL, 'received', NULL, 0, 'paid', NULL, NULL, NULL, NULL, NULL, NULL, NULL, NULL, '2021-01-01 14:04:02', '0.0000', NULL, '0.0000', NULL, '0.0000', 0, '0.0000', NULL, NULL, NULL, NULL, '0.0000', NULL, NULL, NULL, NULL, NULL, NULL, NULL, 0, NULL, '0.0000', NULL, '0.0000', NULL, '0.0000', NULL, '0.0000', NULL, '0.0000', '0.0000', NULL, NULL, NULL, NULL, 0, 0, '1.000', NULL, NULL, NULL, 324, 26, 0, NULL, NULL, NULL, NULL, NULL, NULL, NULL, NULL, NULL, NULL, '0.0000', 'percentage', 0, NULL, NULL, NULL, NULL, NULL, NULL, NULL, NULL, NULL, NULL, NULL, 0, 0, NULL, 0, NULL, NULL, NULL, NULL, NULL, NULL, NULL, NULL, NULL, '2021-04-20 14:04:02', '2021-04-20 14:04:02', 'Yes', '0000-00-00 00:00:00', 'Yes', '0000-00-00 00:00:00', NULL, NULL),
(215, 17, 17, NULL, NULL, NULL, 'opening_stock', NULL, 'received', NULL, 0, 'paid', NULL, NULL, NULL, NULL, NULL, NULL, NULL, NULL, '2021-01-01 14:04:51', '0.0000', NULL, '0.0000', NULL, '0.0000', 0, '0.0000', NULL, NULL, NULL, NULL, '0.0000', NULL, NULL, NULL, NULL, NULL, NULL, NULL, 0, NULL, '0.0000', NULL, '0.0000', NULL, '0.0000', NULL, '0.0000', NULL, '0.0000', '0.0000', NULL, NULL, NULL, NULL, 0, 0, '1.000', NULL, NULL, NULL, 358, 26, 0, NULL, NULL, NULL, NULL, NULL, NULL, NULL, NULL, NULL, NULL, '0.0000', 'percentage', 0, NULL, NULL, NULL, NULL, NULL, NULL, NULL, NULL, NULL, NULL, NULL, 0, 0, NULL, 0, NULL, NULL, NULL, NULL, NULL, NULL, NULL, NULL, NULL, '2021-04-20 14:04:51', '2021-04-20 14:04:51', 'Yes', '0000-00-00 00:00:00', 'Yes', '0000-00-00 00:00:00', NULL, NULL),
(216, 17, 17, NULL, NULL, NULL, 'opening_stock', NULL, 'received', NULL, 0, 'paid', NULL, NULL, NULL, NULL, NULL, NULL, NULL, NULL, '2021-01-01 14:07:05', '5550000.0000', NULL, '0.0000', NULL, '0.0000', 0, '0.0000', NULL, NULL, NULL, NULL, '0.0000', NULL, NULL, NULL, NULL, NULL, NULL, NULL, 0, NULL, '0.0000', NULL, '0.0000', NULL, '0.0000', NULL, '0.0000', NULL, '0.0000', '5550000.0000', NULL, NULL, NULL, NULL, 0, 0, '1.000', NULL, NULL, NULL, 327, 26, 0, NULL, NULL, NULL, NULL, NULL, NULL, NULL, NULL, NULL, NULL, '0.0000', 'percentage', 0, NULL, NULL, NULL, NULL, NULL, NULL, NULL, NULL, NULL, NULL, NULL, 0, 0, NULL, 0, NULL, NULL, NULL, NULL, NULL, NULL, NULL, NULL, NULL, '2021-04-20 14:07:05', '2021-04-24 14:08:11', 'Yes', '0000-00-00 00:00:00', 'Yes', '0000-00-00 00:00:00', NULL, NULL),
(217, 17, 17, NULL, NULL, NULL, 'opening_stock', NULL, 'received', NULL, 0, 'paid', NULL, NULL, NULL, NULL, NULL, NULL, NULL, NULL, '2021-01-01 14:07:49', '0.0000', NULL, '0.0000', NULL, '0.0000', 0, '0.0000', NULL, NULL, NULL, NULL, '0.0000', NULL, NULL, NULL, NULL, NULL, NULL, NULL, 0, NULL, '0.0000', NULL, '0.0000', NULL, '0.0000', NULL, '0.0000', NULL, '0.0000', '0.0000', NULL, NULL, NULL, NULL, 0, 0, '1.000', NULL, NULL, NULL, 314, 26, 0, NULL, NULL, NULL, NULL, NULL, NULL, NULL, NULL, NULL, NULL, '0.0000', 'percentage', 0, NULL, NULL, NULL, NULL, NULL, NULL, NULL, NULL, NULL, NULL, NULL, 0, 0, NULL, 0, NULL, NULL, NULL, NULL, NULL, NULL, NULL, NULL, NULL, '2021-04-20 14:07:49', '2021-04-20 14:07:49', 'Yes', '0000-00-00 00:00:00', 'Yes', '0000-00-00 00:00:00', NULL, NULL),
(218, 17, 17, NULL, NULL, NULL, 'opening_stock', NULL, 'received', NULL, 0, 'paid', NULL, NULL, NULL, NULL, NULL, NULL, NULL, NULL, '2021-01-01 14:08:42', '2080000.0000', NULL, '0.0000', NULL, '0.0000', 0, '0.0000', NULL, NULL, NULL, NULL, '0.0000', NULL, NULL, NULL, NULL, NULL, NULL, NULL, 0, NULL, '0.0000', NULL, '0.0000', NULL, '0.0000', NULL, '0.0000', NULL, '0.0000', '2080000.0000', NULL, NULL, NULL, NULL, 0, 0, '1.000', NULL, NULL, NULL, 306, 26, 0, NULL, NULL, NULL, NULL, NULL, NULL, NULL, NULL, NULL, NULL, '0.0000', 'percentage', 0, NULL, NULL, NULL, NULL, NULL, NULL, NULL, NULL, NULL, NULL, NULL, 0, 0, NULL, 0, NULL, NULL, NULL, NULL, NULL, NULL, NULL, NULL, NULL, '2021-04-20 14:08:42', '2021-04-20 14:08:42', 'Yes', '0000-00-00 00:00:00', 'Yes', '0000-00-00 00:00:00', NULL, NULL),
(219, 17, 17, NULL, NULL, NULL, 'opening_stock', NULL, 'received', NULL, 0, 'paid', NULL, NULL, NULL, NULL, NULL, NULL, NULL, NULL, '2021-01-01 14:09:05', '2496000.0000', NULL, '0.0000', NULL, '0.0000', 0, '0.0000', NULL, NULL, NULL, NULL, '0.0000', NULL, NULL, NULL, NULL, NULL, NULL, NULL, 0, NULL, '0.0000', NULL, '0.0000', NULL, '0.0000', NULL, '0.0000', NULL, '0.0000', '2496000.0000', NULL, NULL, NULL, NULL, 0, 0, '1.000', NULL, NULL, NULL, 307, 26, 0, NULL, NULL, NULL, NULL, NULL, NULL, NULL, NULL, NULL, NULL, '0.0000', 'percentage', 0, NULL, NULL, NULL, NULL, NULL, NULL, NULL, NULL, NULL, NULL, NULL, 0, 0, NULL, 0, NULL, NULL, NULL, NULL, NULL, NULL, NULL, NULL, NULL, '2021-04-20 14:09:05', '2021-04-20 14:09:05', 'Yes', '0000-00-00 00:00:00', 'Yes', '0000-00-00 00:00:00', NULL, NULL),
(220, 17, 17, NULL, NULL, NULL, 'opening_stock', NULL, 'received', NULL, 0, 'paid', NULL, NULL, NULL, NULL, NULL, NULL, NULL, NULL, '2021-01-01 14:09:20', '2236000.0000', NULL, '0.0000', NULL, '0.0000', 0, '0.0000', NULL, NULL, NULL, NULL, '0.0000', NULL, NULL, NULL, NULL, NULL, NULL, NULL, 0, NULL, '0.0000', NULL, '0.0000', NULL, '0.0000', NULL, '0.0000', NULL, '0.0000', '2236000.0000', NULL, NULL, NULL, NULL, 0, 0, '1.000', NULL, NULL, NULL, 308, 26, 0, NULL, NULL, NULL, NULL, NULL, NULL, NULL, NULL, NULL, NULL, '0.0000', 'percentage', 0, NULL, NULL, NULL, NULL, NULL, NULL, NULL, NULL, NULL, NULL, NULL, 0, 0, NULL, 0, NULL, NULL, NULL, NULL, NULL, NULL, NULL, NULL, NULL, '2021-04-20 14:09:20', '2021-04-20 14:09:20', 'Yes', '0000-00-00 00:00:00', 'Yes', '0000-00-00 00:00:00', NULL, NULL),
(221, 17, 17, NULL, NULL, NULL, 'opening_stock', NULL, 'received', NULL, 0, 'paid', NULL, NULL, NULL, NULL, NULL, NULL, NULL, NULL, '2021-01-01 14:09:54', '0.0000', NULL, '0.0000', NULL, '0.0000', 0, '0.0000', NULL, NULL, NULL, NULL, '0.0000', NULL, NULL, NULL, NULL, NULL, NULL, NULL, 0, NULL, '0.0000', NULL, '0.0000', NULL, '0.0000', NULL, '0.0000', NULL, '0.0000', '0.0000', NULL, NULL, NULL, NULL, 0, 0, '1.000', NULL, NULL, NULL, 413, 26, 0, NULL, NULL, NULL, NULL, NULL, NULL, NULL, NULL, NULL, NULL, '0.0000', 'percentage', 0, NULL, NULL, NULL, NULL, NULL, NULL, NULL, NULL, NULL, NULL, NULL, 0, 0, NULL, 0, NULL, NULL, NULL, NULL, NULL, NULL, NULL, NULL, NULL, '2021-04-20 14:09:54', '2021-04-20 14:09:54', 'Yes', '0000-00-00 00:00:00', 'Yes', '0000-00-00 00:00:00', NULL, NULL),
(222, 17, 17, NULL, NULL, NULL, 'opening_stock', NULL, 'received', NULL, 0, 'paid', NULL, NULL, NULL, NULL, NULL, NULL, NULL, NULL, '2021-01-01 14:10:25', '0.0000', NULL, '0.0000', NULL, '0.0000', 0, '0.0000', NULL, NULL, NULL, NULL, '0.0000', NULL, NULL, NULL, NULL, NULL, NULL, NULL, 0, NULL, '0.0000', NULL, '0.0000', NULL, '0.0000', NULL, '0.0000', NULL, '0.0000', '0.0000', NULL, NULL, NULL, NULL, 0, 0, '1.000', NULL, NULL, NULL, 344, 26, 0, NULL, NULL, NULL, NULL, NULL, NULL, NULL, NULL, NULL, NULL, '0.0000', 'percentage', 0, NULL, NULL, NULL, NULL, NULL, NULL, NULL, NULL, NULL, NULL, NULL, 0, 0, NULL, 0, NULL, NULL, NULL, NULL, NULL, NULL, NULL, NULL, NULL, '2021-04-20 14:10:25', '2021-04-20 14:10:25', 'Yes', '0000-00-00 00:00:00', 'Yes', '0000-00-00 00:00:00', NULL, NULL),
(223, 17, 17, NULL, NULL, NULL, 'opening_stock', NULL, 'received', NULL, 0, 'paid', NULL, NULL, NULL, NULL, NULL, NULL, NULL, NULL, '2021-01-01 14:53:36', '0.0000', NULL, '0.0000', NULL, '0.0000', 0, '0.0000', NULL, NULL, NULL, NULL, '0.0000', NULL, NULL, NULL, NULL, NULL, NULL, NULL, 0, NULL, '0.0000', NULL, '0.0000', NULL, '0.0000', NULL, '0.0000', NULL, '0.0000', '0.0000', NULL, NULL, NULL, NULL, 0, 0, '1.000', NULL, NULL, NULL, 347, 26, 0, NULL, NULL, NULL, NULL, NULL, NULL, NULL, NULL, NULL, NULL, '0.0000', 'percentage', 0, NULL, NULL, NULL, NULL, NULL, NULL, NULL, NULL, NULL, NULL, NULL, 0, 0, NULL, 0, NULL, NULL, NULL, NULL, NULL, NULL, NULL, NULL, NULL, '2021-04-20 14:53:36', '2021-04-20 14:53:36', 'Yes', '0000-00-00 00:00:00', 'Yes', '0000-00-00 00:00:00', NULL, NULL),
(224, 17, 17, NULL, NULL, NULL, 'opening_stock', NULL, 'received', NULL, 0, 'paid', NULL, NULL, NULL, NULL, NULL, NULL, NULL, NULL, '2021-01-01 15:05:59', '0.0000', NULL, '0.0000', NULL, '0.0000', 0, '0.0000', NULL, NULL, NULL, NULL, '0.0000', NULL, NULL, NULL, NULL, NULL, NULL, NULL, 0, NULL, '0.0000', NULL, '0.0000', NULL, '0.0000', NULL, '0.0000', NULL, '0.0000', '0.0000', NULL, NULL, NULL, NULL, 0, 0, '1.000', NULL, NULL, NULL, 365, 26, 0, NULL, NULL, NULL, NULL, NULL, NULL, NULL, NULL, NULL, NULL, '0.0000', 'percentage', 0, NULL, NULL, NULL, NULL, NULL, NULL, NULL, NULL, NULL, NULL, NULL, 0, 0, NULL, 0, NULL, NULL, NULL, NULL, NULL, NULL, NULL, NULL, NULL, '2021-04-21 15:05:59', '2021-04-21 15:05:59', 'Yes', '0000-00-00 00:00:00', 'Yes', '0000-00-00 00:00:00', NULL, NULL),
(225, 17, 17, NULL, NULL, NULL, 'sell_return', NULL, 'final', NULL, 0, 'due', NULL, 27, NULL, 'CN2021/0002', NULL, NULL, NULL, NULL, '2021-04-22 10:05:00', '330000.0000', NULL, '0.0000', 'percentage', '0.0000', 0, '0.0000', NULL, NULL, NULL, NULL, '0.0000', NULL, NULL, NULL, NULL, NULL, NULL, NULL, 0, NULL, '0.0000', NULL, '0.0000', NULL, '0.0000', NULL, '0.0000', NULL, '0.0000', '330000.0000', NULL, NULL, NULL, NULL, 0, 0, '1.000', NULL, NULL, 205, NULL, 26, 0, NULL, NULL, NULL, NULL, NULL, NULL, NULL, NULL, NULL, NULL, '0.0000', 'percentage', 0, NULL, NULL, NULL, NULL, NULL, NULL, NULL, NULL, NULL, NULL, NULL, 0, 0, NULL, 0, NULL, NULL, NULL, NULL, NULL, NULL, NULL, NULL, NULL, '2021-04-22 10:05:27', '2021-04-22 10:05:27', 'Yes', '0000-00-00 00:00:00', 'Yes', '0000-00-00 00:00:00', NULL, NULL),
(226, 17, 17, NULL, NULL, NULL, 'sell_return', NULL, 'final', NULL, 0, 'due', NULL, 27, NULL, 'CN2021/0003', NULL, NULL, NULL, NULL, '2021-04-22 10:05:00', '330000.0000', NULL, '0.0000', 'fixed', '20000.0000', 0, '0.0000', NULL, NULL, NULL, NULL, '0.0000', NULL, NULL, NULL, NULL, NULL, NULL, NULL, 0, NULL, '0.0000', NULL, '0.0000', NULL, '0.0000', NULL, '0.0000', NULL, '0.0000', '310000.0000', NULL, NULL, NULL, NULL, 0, 0, '1.000', NULL, NULL, 206, NULL, 26, 0, NULL, NULL, NULL, NULL, NULL, NULL, NULL, NULL, NULL, NULL, '0.0000', 'percentage', 0, NULL, NULL, NULL, NULL, NULL, NULL, NULL, NULL, NULL, NULL, NULL, 0, 0, NULL, 0, NULL, NULL, NULL, NULL, NULL, NULL, NULL, NULL, NULL, '2021-04-22 10:06:03', '2021-04-22 10:06:03', 'Yes', '0000-00-00 00:00:00', 'Yes', '0000-00-00 00:00:00', NULL, NULL),
(227, 17, 17, NULL, NULL, NULL, 'opening_stock', NULL, 'received', NULL, 0, 'paid', NULL, NULL, NULL, NULL, NULL, NULL, NULL, NULL, '2021-01-01 11:15:34', '0.0000', NULL, '0.0000', NULL, '0.0000', 0, '0.0000', NULL, NULL, NULL, NULL, '0.0000', NULL, NULL, NULL, NULL, NULL, NULL, NULL, 0, NULL, '0.0000', NULL, '0.0000', NULL, '0.0000', NULL, '0.0000', NULL, '0.0000', '0.0000', NULL, NULL, NULL, NULL, 0, 0, '1.000', NULL, NULL, NULL, 330, 26, 0, NULL, NULL, NULL, NULL, NULL, NULL, NULL, NULL, NULL, NULL, '0.0000', 'percentage', 0, NULL, NULL, NULL, NULL, NULL, NULL, NULL, NULL, NULL, NULL, NULL, 0, 0, NULL, 0, NULL, NULL, NULL, NULL, NULL, NULL, NULL, NULL, NULL, '2021-04-24 11:15:34', '2021-04-24 11:15:34', 'Yes', '0000-00-00 00:00:00', 'Yes', '0000-00-00 00:00:00', NULL, NULL),
(228, 17, 17, NULL, NULL, NULL, 'opening_stock', NULL, 'received', NULL, 0, 'paid', NULL, NULL, NULL, NULL, NULL, NULL, NULL, NULL, '2021-01-01 11:15:57', '0.0000', NULL, '0.0000', NULL, '0.0000', 0, '0.0000', NULL, NULL, NULL, NULL, '0.0000', NULL, NULL, NULL, NULL, NULL, NULL, NULL, 0, NULL, '0.0000', NULL, '0.0000', NULL, '0.0000', NULL, '0.0000', NULL, '0.0000', '0.0000', NULL, NULL, NULL, NULL, 0, 0, '1.000', NULL, NULL, NULL, 334, 26, 0, NULL, NULL, NULL, NULL, NULL, NULL, NULL, NULL, NULL, NULL, '0.0000', 'percentage', 0, NULL, NULL, NULL, NULL, NULL, NULL, NULL, NULL, NULL, NULL, NULL, 0, 0, NULL, 0, NULL, NULL, NULL, NULL, NULL, NULL, NULL, NULL, NULL, '2021-04-24 11:15:57', '2021-04-24 11:15:57', 'Yes', '0000-00-00 00:00:00', 'Yes', '0000-00-00 00:00:00', NULL, NULL),
(229, 17, 17, NULL, NULL, NULL, 'opening_stock', NULL, 'received', NULL, 0, 'paid', NULL, NULL, NULL, NULL, NULL, NULL, NULL, NULL, '2021-01-01 11:16:44', '0.0000', NULL, '0.0000', NULL, '0.0000', 0, '0.0000', NULL, NULL, NULL, NULL, '0.0000', NULL, NULL, NULL, NULL, NULL, NULL, NULL, 0, NULL, '0.0000', NULL, '0.0000', NULL, '0.0000', NULL, '0.0000', NULL, '0.0000', '0.0000', NULL, NULL, NULL, NULL, 0, 0, '1.000', NULL, NULL, NULL, 377, 26, 0, NULL, NULL, NULL, NULL, NULL, NULL, NULL, NULL, NULL, NULL, '0.0000', 'percentage', 0, NULL, NULL, NULL, NULL, NULL, NULL, NULL, NULL, NULL, NULL, NULL, 0, 0, NULL, 0, NULL, NULL, NULL, NULL, NULL, NULL, NULL, NULL, NULL, '2021-04-24 11:16:44', '2021-04-24 11:16:44', 'Yes', '0000-00-00 00:00:00', 'Yes', '0000-00-00 00:00:00', NULL, NULL),
(230, 17, 17, NULL, NULL, NULL, 'opening_stock', NULL, 'received', NULL, 0, 'paid', NULL, NULL, NULL, NULL, NULL, NULL, NULL, NULL, '2021-01-01 11:17:14', '0.0000', NULL, '0.0000', NULL, '0.0000', 0, '0.0000', NULL, NULL, NULL, NULL, '0.0000', NULL, NULL, NULL, NULL, NULL, NULL, NULL, 0, NULL, '0.0000', NULL, '0.0000', NULL, '0.0000', NULL, '0.0000', NULL, '0.0000', '0.0000', NULL, NULL, NULL, NULL, 0, 0, '1.000', NULL, NULL, NULL, 339, 26, 0, NULL, NULL, NULL, NULL, NULL, NULL, NULL, NULL, NULL, NULL, '0.0000', 'percentage', 0, NULL, NULL, NULL, NULL, NULL, NULL, NULL, NULL, NULL, NULL, NULL, 0, 0, NULL, 0, NULL, NULL, NULL, NULL, NULL, NULL, NULL, NULL, NULL, '2021-04-24 11:17:14', '2021-04-24 13:55:43', 'Yes', '0000-00-00 00:00:00', 'Yes', '0000-00-00 00:00:00', NULL, NULL),
(231, 17, 17, NULL, NULL, NULL, 'opening_stock', NULL, 'received', NULL, 0, 'paid', NULL, NULL, NULL, NULL, NULL, NULL, NULL, NULL, '2021-01-01 11:19:38', '0.0000', NULL, '0.0000', NULL, '0.0000', 0, '0.0000', NULL, NULL, NULL, NULL, '0.0000', NULL, NULL, NULL, NULL, NULL, NULL, NULL, 0, NULL, '0.0000', NULL, '0.0000', NULL, '0.0000', NULL, '0.0000', NULL, '0.0000', '0.0000', NULL, NULL, NULL, NULL, 0, 0, '1.000', NULL, NULL, NULL, 415, 26, 0, NULL, NULL, NULL, NULL, NULL, NULL, NULL, NULL, NULL, NULL, '0.0000', 'percentage', 0, NULL, NULL, NULL, NULL, NULL, NULL, NULL, NULL, NULL, NULL, NULL, 0, 0, NULL, 0, NULL, NULL, NULL, NULL, NULL, NULL, NULL, NULL, NULL, '2021-04-24 11:19:38', '2021-04-24 11:19:38', 'Yes', '0000-00-00 00:00:00', 'Yes', '0000-00-00 00:00:00', NULL, NULL),
(232, 17, 17, NULL, NULL, NULL, 'opening_stock', NULL, 'received', NULL, 0, 'paid', NULL, NULL, NULL, NULL, NULL, NULL, NULL, NULL, '2021-01-01 11:20:10', '0.0000', NULL, '0.0000', NULL, '0.0000', 0, '0.0000', NULL, NULL, NULL, NULL, '0.0000', NULL, NULL, NULL, NULL, NULL, NULL, NULL, 0, NULL, '0.0000', NULL, '0.0000', NULL, '0.0000', NULL, '0.0000', NULL, '0.0000', '0.0000', NULL, NULL, NULL, NULL, 0, 0, '1.000', NULL, NULL, NULL, 414, 26, 0, NULL, NULL, NULL, NULL, NULL, NULL, NULL, NULL, NULL, NULL, '0.0000', 'percentage', 0, NULL, NULL, NULL, NULL, NULL, NULL, NULL, NULL, NULL, NULL, NULL, 0, 0, NULL, 0, NULL, NULL, NULL, NULL, NULL, NULL, NULL, NULL, NULL, '2021-04-24 11:20:10', '2021-04-24 11:20:10', 'Yes', '0000-00-00 00:00:00', 'Yes', '0000-00-00 00:00:00', NULL, NULL),
(233, 17, 17, NULL, NULL, NULL, 'opening_stock', NULL, 'received', NULL, 0, 'paid', NULL, NULL, NULL, NULL, NULL, NULL, NULL, NULL, '2021-01-01 11:20:31', '0.0000', NULL, '0.0000', NULL, '0.0000', 0, '0.0000', NULL, NULL, NULL, NULL, '0.0000', NULL, NULL, NULL, NULL, NULL, NULL, NULL, 0, NULL, '0.0000', NULL, '0.0000', NULL, '0.0000', NULL, '0.0000', NULL, '0.0000', '0.0000', NULL, NULL, NULL, NULL, 0, 0, '1.000', NULL, NULL, NULL, 372, 26, 0, NULL, NULL, NULL, NULL, NULL, NULL, NULL, NULL, NULL, NULL, '0.0000', 'percentage', 0, NULL, NULL, NULL, NULL, NULL, NULL, NULL, NULL, NULL, NULL, NULL, 0, 0, NULL, 0, NULL, NULL, NULL, NULL, NULL, NULL, NULL, NULL, NULL, '2021-04-24 11:20:31', '2021-04-24 11:20:31', 'Yes', '0000-00-00 00:00:00', 'Yes', '0000-00-00 00:00:00', NULL, NULL),
(234, 17, 17, NULL, NULL, NULL, 'opening_stock', NULL, 'received', NULL, 0, 'paid', NULL, NULL, NULL, NULL, NULL, NULL, NULL, NULL, '2021-01-01 11:20:44', '0.0000', NULL, '0.0000', NULL, '0.0000', 0, '0.0000', NULL, NULL, NULL, NULL, '0.0000', NULL, NULL, NULL, NULL, NULL, NULL, NULL, 0, NULL, '0.0000', NULL, '0.0000', NULL, '0.0000', NULL, '0.0000', NULL, '0.0000', '0.0000', NULL, NULL, NULL, NULL, 0, 0, '1.000', NULL, NULL, NULL, 373, 26, 0, NULL, NULL, NULL, NULL, NULL, NULL, NULL, NULL, NULL, NULL, '0.0000', 'percentage', 0, NULL, NULL, NULL, NULL, NULL, NULL, NULL, NULL, NULL, NULL, NULL, 0, 0, NULL, 0, NULL, NULL, NULL, NULL, NULL, NULL, NULL, NULL, NULL, '2021-04-24 11:20:44', '2021-04-24 11:20:44', 'Yes', '0000-00-00 00:00:00', 'Yes', '0000-00-00 00:00:00', NULL, NULL),
(235, 17, 17, NULL, NULL, NULL, 'opening_stock', NULL, 'received', NULL, 0, 'paid', NULL, NULL, NULL, NULL, NULL, NULL, NULL, NULL, '2021-01-01 13:38:38', '0.0000', NULL, '0.0000', NULL, '0.0000', 0, '0.0000', NULL, NULL, NULL, NULL, '0.0000', NULL, NULL, NULL, NULL, NULL, NULL, NULL, 0, NULL, '0.0000', NULL, '0.0000', NULL, '0.0000', NULL, '0.0000', NULL, '0.0000', '0.0000', NULL, NULL, NULL, NULL, 0, 0, '1.000', NULL, NULL, NULL, 329, 26, 0, NULL, NULL, NULL, NULL, NULL, NULL, NULL, NULL, NULL, NULL, '0.0000', 'percentage', 0, NULL, NULL, NULL, NULL, NULL, NULL, NULL, NULL, NULL, NULL, NULL, 0, 0, NULL, 0, NULL, NULL, NULL, NULL, NULL, NULL, NULL, NULL, NULL, '2021-04-24 13:38:38', '2021-04-24 13:38:38', 'Yes', '0000-00-00 00:00:00', 'Yes', '0000-00-00 00:00:00', NULL, NULL),
(236, 17, 17, NULL, NULL, NULL, 'opening_stock', NULL, 'received', NULL, 0, 'paid', NULL, NULL, NULL, NULL, NULL, NULL, NULL, NULL, '2021-01-01 13:39:14', '0.0000', NULL, '0.0000', NULL, '0.0000', 0, '0.0000', NULL, NULL, NULL, NULL, '0.0000', NULL, NULL, NULL, NULL, NULL, NULL, NULL, 0, NULL, '0.0000', NULL, '0.0000', NULL, '0.0000', NULL, '0.0000', NULL, '0.0000', '0.0000', NULL, NULL, NULL, NULL, 0, 0, '1.000', NULL, NULL, NULL, 378, 26, 0, NULL, NULL, NULL, NULL, NULL, NULL, NULL, NULL, NULL, NULL, '0.0000', 'percentage', 0, NULL, NULL, NULL, NULL, NULL, NULL, NULL, NULL, NULL, NULL, NULL, 0, 0, NULL, 0, NULL, NULL, NULL, NULL, NULL, NULL, NULL, NULL, NULL, '2021-04-24 13:39:14', '2021-04-24 13:39:14', 'Yes', '0000-00-00 00:00:00', 'Yes', '0000-00-00 00:00:00', NULL, NULL),
(237, 17, 17, NULL, NULL, NULL, 'opening_stock', NULL, 'received', NULL, 0, 'paid', NULL, NULL, NULL, NULL, NULL, NULL, NULL, NULL, '2021-01-01 13:39:38', '0.0000', NULL, '0.0000', NULL, '0.0000', 0, '0.0000', NULL, NULL, NULL, NULL, '0.0000', NULL, NULL, NULL, NULL, NULL, NULL, NULL, 0, NULL, '0.0000', NULL, '0.0000', NULL, '0.0000', NULL, '0.0000', NULL, '0.0000', '0.0000', NULL, NULL, NULL, NULL, 0, 0, '1.000', NULL, NULL, NULL, 328, 26, 0, NULL, NULL, NULL, NULL, NULL, NULL, NULL, NULL, NULL, NULL, '0.0000', 'percentage', 0, NULL, NULL, NULL, NULL, NULL, NULL, NULL, NULL, NULL, NULL, NULL, 0, 0, NULL, 0, NULL, NULL, NULL, NULL, NULL, NULL, NULL, NULL, NULL, '2021-04-24 13:39:38', '2021-04-24 13:39:38', 'Yes', '0000-00-00 00:00:00', 'Yes', '0000-00-00 00:00:00', NULL, NULL),
(238, 17, 17, NULL, NULL, NULL, 'opening_stock', NULL, 'received', NULL, 0, 'paid', NULL, NULL, NULL, NULL, NULL, NULL, NULL, NULL, '2021-01-01 13:40:06', '0.0000', NULL, '0.0000', NULL, '0.0000', 0, '0.0000', NULL, NULL, NULL, NULL, '0.0000', NULL, NULL, NULL, NULL, NULL, NULL, NULL, 0, NULL, '0.0000', NULL, '0.0000', NULL, '0.0000', NULL, '0.0000', NULL, '0.0000', '0.0000', NULL, NULL, NULL, NULL, 0, 0, '1.000', NULL, NULL, NULL, 352, 26, 0, NULL, NULL, NULL, NULL, NULL, NULL, NULL, NULL, NULL, NULL, '0.0000', 'percentage', 0, NULL, NULL, NULL, NULL, NULL, NULL, NULL, NULL, NULL, NULL, NULL, 0, 0, NULL, 0, NULL, NULL, NULL, NULL, NULL, NULL, NULL, NULL, NULL, '2021-04-24 13:40:06', '2021-04-24 13:40:06', 'Yes', '0000-00-00 00:00:00', 'Yes', '0000-00-00 00:00:00', NULL, NULL),
(239, 17, 17, NULL, NULL, NULL, 'opening_stock', NULL, 'received', NULL, 0, 'paid', NULL, NULL, NULL, NULL, NULL, NULL, NULL, NULL, '2021-01-01 13:40:28', '0.0000', NULL, '0.0000', NULL, '0.0000', 0, '0.0000', NULL, NULL, NULL, NULL, '0.0000', NULL, NULL, NULL, NULL, NULL, NULL, NULL, 0, NULL, '0.0000', NULL, '0.0000', NULL, '0.0000', NULL, '0.0000', NULL, '0.0000', '0.0000', NULL, NULL, NULL, NULL, 0, 0, '1.000', NULL, NULL, NULL, 362, 26, 0, NULL, NULL, NULL, NULL, NULL, NULL, NULL, NULL, NULL, NULL, '0.0000', 'percentage', 0, NULL, NULL, NULL, NULL, NULL, NULL, NULL, NULL, NULL, NULL, NULL, 0, 0, NULL, 0, NULL, NULL, NULL, NULL, NULL, NULL, NULL, NULL, NULL, '2021-04-24 13:40:28', '2021-04-24 13:40:28', 'Yes', '0000-00-00 00:00:00', 'Yes', '0000-00-00 00:00:00', NULL, NULL),
(240, 17, 17, NULL, NULL, NULL, 'opening_stock', NULL, 'received', NULL, 0, 'paid', NULL, NULL, NULL, NULL, NULL, NULL, NULL, NULL, '2021-01-01 13:40:54', '0.0000', NULL, '0.0000', NULL, '0.0000', 0, '0.0000', NULL, NULL, NULL, NULL, '0.0000', NULL, NULL, NULL, NULL, NULL, NULL, NULL, 0, NULL, '0.0000', NULL, '0.0000', NULL, '0.0000', NULL, '0.0000', NULL, '0.0000', '0.0000', NULL, NULL, NULL, NULL, 0, 0, '1.000', NULL, NULL, NULL, 350, 26, 0, NULL, NULL, NULL, NULL, NULL, NULL, NULL, NULL, NULL, NULL, '0.0000', 'percentage', 0, NULL, NULL, NULL, NULL, NULL, NULL, NULL, NULL, NULL, NULL, NULL, 0, 0, NULL, 0, NULL, NULL, NULL, NULL, NULL, NULL, NULL, NULL, NULL, '2021-04-24 13:40:54', '2021-04-24 13:40:54', 'Yes', '0000-00-00 00:00:00', 'Yes', '0000-00-00 00:00:00', NULL, NULL),
(241, 17, 17, NULL, NULL, NULL, 'opening_stock', NULL, 'received', NULL, 0, 'paid', NULL, NULL, NULL, NULL, NULL, NULL, NULL, NULL, '2021-01-01 13:41:15', '0.0000', NULL, '0.0000', NULL, '0.0000', 0, '0.0000', NULL, NULL, NULL, NULL, '0.0000', NULL, NULL, NULL, NULL, NULL, NULL, NULL, 0, NULL, '0.0000', NULL, '0.0000', NULL, '0.0000', NULL, '0.0000', NULL, '0.0000', '0.0000', NULL, NULL, NULL, NULL, 0, 0, '1.000', NULL, NULL, NULL, 380, 26, 0, NULL, NULL, NULL, NULL, NULL, NULL, NULL, NULL, NULL, NULL, '0.0000', 'percentage', 0, NULL, NULL, NULL, NULL, NULL, NULL, NULL, NULL, NULL, NULL, NULL, 0, 0, NULL, 0, NULL, NULL, NULL, NULL, NULL, NULL, NULL, NULL, NULL, '2021-04-24 13:41:15', '2021-04-24 13:41:15', 'Yes', '0000-00-00 00:00:00', 'Yes', '0000-00-00 00:00:00', NULL, NULL),
(242, 17, 17, NULL, NULL, NULL, 'opening_stock', NULL, 'received', NULL, 0, 'paid', NULL, NULL, NULL, NULL, NULL, NULL, NULL, NULL, '2021-01-01 13:41:31', '0.0000', NULL, '0.0000', NULL, '0.0000', 0, '0.0000', NULL, NULL, NULL, NULL, '0.0000', NULL, NULL, NULL, NULL, NULL, NULL, NULL, 0, NULL, '0.0000', NULL, '0.0000', NULL, '0.0000', NULL, '0.0000', NULL, '0.0000', '0.0000', NULL, NULL, NULL, NULL, 0, 0, '1.000', NULL, NULL, NULL, 379, 26, 0, NULL, NULL, NULL, NULL, NULL, NULL, NULL, NULL, NULL, NULL, '0.0000', 'percentage', 0, NULL, NULL, NULL, NULL, NULL, NULL, NULL, NULL, NULL, NULL, NULL, 0, 0, NULL, 0, NULL, NULL, NULL, NULL, NULL, NULL, NULL, NULL, NULL, '2021-04-24 13:41:31', '2021-04-24 13:41:31', 'Yes', '0000-00-00 00:00:00', 'Yes', '0000-00-00 00:00:00', NULL, NULL),
(243, 17, 17, NULL, NULL, NULL, 'opening_stock', NULL, 'received', NULL, 0, 'paid', NULL, NULL, NULL, NULL, NULL, NULL, NULL, NULL, '2021-01-01 13:42:04', '0.0000', NULL, '0.0000', NULL, '0.0000', 0, '0.0000', NULL, NULL, NULL, NULL, '0.0000', NULL, NULL, NULL, NULL, NULL, NULL, NULL, 0, NULL, '0.0000', NULL, '0.0000', NULL, '0.0000', NULL, '0.0000', NULL, '0.0000', '0.0000', NULL, NULL, NULL, NULL, 0, 0, '1.000', NULL, NULL, NULL, 341, 26, 0, NULL, NULL, NULL, NULL, NULL, NULL, NULL, NULL, NULL, NULL, '0.0000', 'percentage', 0, NULL, NULL, NULL, NULL, NULL, NULL, NULL, NULL, NULL, NULL, NULL, 0, 0, NULL, 0, NULL, NULL, NULL, NULL, NULL, NULL, NULL, NULL, NULL, '2021-04-24 13:42:04', '2021-04-24 13:42:04', 'Yes', '0000-00-00 00:00:00', 'Yes', '0000-00-00 00:00:00', NULL, NULL),
(244, 17, 17, NULL, NULL, NULL, 'opening_stock', NULL, 'received', NULL, 0, 'paid', NULL, NULL, NULL, NULL, NULL, NULL, NULL, NULL, '2021-01-01 13:42:27', '0.0000', NULL, '0.0000', NULL, '0.0000', 0, '0.0000', NULL, NULL, NULL, NULL, '0.0000', NULL, NULL, NULL, NULL, NULL, NULL, NULL, 0, NULL, '0.0000', NULL, '0.0000', NULL, '0.0000', NULL, '0.0000', NULL, '0.0000', '0.0000', NULL, NULL, NULL, NULL, 0, 0, '1.000', NULL, NULL, NULL, 369, 26, 0, NULL, NULL, NULL, NULL, NULL, NULL, NULL, NULL, NULL, NULL, '0.0000', 'percentage', 0, NULL, NULL, NULL, NULL, NULL, NULL, NULL, NULL, NULL, NULL, NULL, 0, 0, NULL, 0, NULL, NULL, NULL, NULL, NULL, NULL, NULL, NULL, NULL, '2021-04-24 13:42:27', '2021-04-24 13:42:27', 'Yes', '0000-00-00 00:00:00', 'Yes', '0000-00-00 00:00:00', NULL, NULL),
(245, 17, 17, NULL, NULL, NULL, 'opening_stock', NULL, 'received', NULL, 0, 'paid', NULL, NULL, NULL, NULL, NULL, NULL, NULL, NULL, '2021-01-01 13:42:50', '0.0000', NULL, '0.0000', NULL, '0.0000', 0, '0.0000', NULL, NULL, NULL, NULL, '0.0000', NULL, NULL, NULL, NULL, NULL, NULL, NULL, 0, NULL, '0.0000', NULL, '0.0000', NULL, '0.0000', NULL, '0.0000', NULL, '0.0000', '0.0000', NULL, NULL, NULL, NULL, 0, 0, '1.000', NULL, NULL, NULL, 395, 26, 0, NULL, NULL, NULL, NULL, NULL, NULL, NULL, NULL, NULL, NULL, '0.0000', 'percentage', 0, NULL, NULL, NULL, NULL, NULL, NULL, NULL, NULL, NULL, NULL, NULL, 0, 0, NULL, 0, NULL, NULL, NULL, NULL, NULL, NULL, NULL, NULL, NULL, '2021-04-24 13:42:50', '2021-04-24 13:42:50', 'Yes', '0000-00-00 00:00:00', 'Yes', '0000-00-00 00:00:00', NULL, NULL),
(246, 17, 17, NULL, NULL, NULL, 'opening_stock', NULL, 'received', NULL, 0, 'paid', NULL, NULL, NULL, NULL, NULL, NULL, NULL, NULL, '2021-01-01 13:43:10', '0.0000', NULL, '0.0000', NULL, '0.0000', 0, '0.0000', NULL, NULL, NULL, NULL, '0.0000', NULL, NULL, NULL, NULL, NULL, NULL, NULL, 0, NULL, '0.0000', NULL, '0.0000', NULL, '0.0000', NULL, '0.0000', NULL, '0.0000', '0.0000', NULL, NULL, NULL, NULL, 0, 0, '1.000', NULL, NULL, NULL, 367, 26, 0, NULL, NULL, NULL, NULL, NULL, NULL, NULL, NULL, NULL, NULL, '0.0000', 'percentage', 0, NULL, NULL, NULL, NULL, NULL, NULL, NULL, NULL, NULL, NULL, NULL, 0, 0, NULL, 0, NULL, NULL, NULL, NULL, NULL, NULL, NULL, NULL, NULL, '2021-04-24 13:43:10', '2021-04-24 13:43:10', 'Yes', '0000-00-00 00:00:00', 'Yes', '0000-00-00 00:00:00', NULL, NULL),
(247, 17, 17, NULL, NULL, NULL, 'opening_stock', NULL, 'received', NULL, 0, 'paid', NULL, NULL, NULL, NULL, NULL, NULL, NULL, NULL, '2021-01-01 13:44:06', '0.0000', NULL, '0.0000', NULL, '0.0000', 0, '0.0000', NULL, NULL, NULL, NULL, '0.0000', NULL, NULL, NULL, NULL, NULL, NULL, NULL, 0, NULL, '0.0000', NULL, '0.0000', NULL, '0.0000', NULL, '0.0000', NULL, '0.0000', '0.0000', NULL, NULL, NULL, NULL, 0, 0, '1.000', NULL, NULL, NULL, 325, 26, 0, NULL, NULL, NULL, NULL, NULL, NULL, NULL, NULL, NULL, NULL, '0.0000', 'percentage', 0, NULL, NULL, NULL, NULL, NULL, NULL, NULL, NULL, NULL, NULL, NULL, 0, 0, NULL, 0, NULL, NULL, NULL, NULL, NULL, NULL, NULL, NULL, NULL, '2021-04-24 13:44:06', '2021-04-24 13:44:06', 'Yes', '0000-00-00 00:00:00', 'Yes', '0000-00-00 00:00:00', NULL, NULL),
(248, 17, 17, NULL, NULL, NULL, 'opening_stock', NULL, 'received', NULL, 0, 'paid', NULL, NULL, NULL, NULL, NULL, NULL, NULL, NULL, '2021-01-01 13:44:30', '0.0000', NULL, '0.0000', NULL, '0.0000', 0, '0.0000', NULL, NULL, NULL, NULL, '0.0000', NULL, NULL, NULL, NULL, NULL, NULL, NULL, 0, NULL, '0.0000', NULL, '0.0000', NULL, '0.0000', NULL, '0.0000', NULL, '0.0000', '0.0000', NULL, NULL, NULL, NULL, 0, 0, '1.000', NULL, NULL, NULL, 313, 26, 0, NULL, NULL, NULL, NULL, NULL, NULL, NULL, NULL, NULL, NULL, '0.0000', 'percentage', 0, NULL, NULL, NULL, NULL, NULL, NULL, NULL, NULL, NULL, NULL, NULL, 0, 0, NULL, 0, NULL, NULL, NULL, NULL, NULL, NULL, NULL, NULL, NULL, '2021-04-24 13:44:30', '2021-04-24 13:44:30', 'Yes', '0000-00-00 00:00:00', 'Yes', '0000-00-00 00:00:00', NULL, NULL),
(249, 17, 17, NULL, NULL, NULL, 'opening_stock', NULL, 'received', NULL, 0, 'paid', NULL, NULL, NULL, NULL, NULL, NULL, NULL, NULL, '2021-01-01 13:44:48', '0.0000', NULL, '0.0000', NULL, '0.0000', 0, '0.0000', NULL, NULL, NULL, NULL, '0.0000', NULL, NULL, NULL, NULL, NULL, NULL, NULL, 0, NULL, '0.0000', NULL, '0.0000', NULL, '0.0000', NULL, '0.0000', NULL, '0.0000', '0.0000', NULL, NULL, NULL, NULL, 0, 0, '1.000', NULL, NULL, NULL, 376, 26, 0, NULL, NULL, NULL, NULL, NULL, NULL, NULL, NULL, NULL, NULL, '0.0000', 'percentage', 0, NULL, NULL, NULL, NULL, NULL, NULL, NULL, NULL, NULL, NULL, NULL, 0, 0, NULL, 0, NULL, NULL, NULL, NULL, NULL, NULL, NULL, NULL, NULL, '2021-04-24 13:44:48', '2021-04-24 13:44:48', 'Yes', '0000-00-00 00:00:00', 'Yes', '0000-00-00 00:00:00', NULL, NULL),
(250, 17, 17, NULL, NULL, NULL, 'opening_stock', NULL, 'received', NULL, 0, 'paid', NULL, NULL, NULL, NULL, NULL, NULL, NULL, NULL, '2021-01-01 13:45:04', '0.0000', NULL, '0.0000', NULL, '0.0000', 0, '0.0000', NULL, NULL, NULL, NULL, '0.0000', NULL, NULL, NULL, NULL, NULL, NULL, NULL, 0, NULL, '0.0000', NULL, '0.0000', NULL, '0.0000', NULL, '0.0000', NULL, '0.0000', '0.0000', NULL, NULL, NULL, NULL, 0, 0, '1.000', NULL, NULL, NULL, 375, 26, 0, NULL, NULL, NULL, NULL, NULL, NULL, NULL, NULL, NULL, NULL, '0.0000', 'percentage', 0, NULL, NULL, NULL, NULL, NULL, NULL, NULL, NULL, NULL, NULL, NULL, 0, 0, NULL, 0, NULL, NULL, NULL, NULL, NULL, NULL, NULL, NULL, NULL, '2021-04-24 13:45:04', '2021-04-24 13:45:04', 'Yes', '0000-00-00 00:00:00', 'Yes', '0000-00-00 00:00:00', NULL, NULL),
(251, 17, 17, NULL, NULL, NULL, 'opening_stock', NULL, 'received', NULL, 0, 'paid', NULL, NULL, NULL, NULL, NULL, NULL, NULL, NULL, '2021-01-01 13:45:36', '0.0000', NULL, '0.0000', NULL, '0.0000', 0, '0.0000', NULL, NULL, NULL, NULL, '0.0000', NULL, NULL, NULL, NULL, NULL, NULL, NULL, 0, NULL, '0.0000', NULL, '0.0000', NULL, '0.0000', NULL, '0.0000', NULL, '0.0000', '0.0000', NULL, NULL, NULL, NULL, 0, 0, '1.000', NULL, NULL, NULL, 397, 26, 0, NULL, NULL, NULL, NULL, NULL, NULL, NULL, NULL, NULL, NULL, '0.0000', 'percentage', 0, NULL, NULL, NULL, NULL, NULL, NULL, NULL, NULL, NULL, NULL, NULL, 0, 0, NULL, 0, NULL, NULL, NULL, NULL, NULL, NULL, NULL, NULL, NULL, '2021-04-24 13:45:36', '2021-04-24 13:45:36', 'Yes', '0000-00-00 00:00:00', 'Yes', '0000-00-00 00:00:00', NULL, NULL),
(252, 17, 17, NULL, NULL, NULL, 'opening_stock', NULL, 'received', NULL, 0, 'paid', NULL, NULL, NULL, NULL, NULL, NULL, NULL, NULL, '2021-01-01 13:46:11', '0.0000', NULL, '0.0000', NULL, '0.0000', 0, '0.0000', NULL, NULL, NULL, NULL, '0.0000', NULL, NULL, NULL, NULL, NULL, NULL, NULL, 0, NULL, '0.0000', NULL, '0.0000', NULL, '0.0000', NULL, '0.0000', NULL, '0.0000', '0.0000', NULL, NULL, NULL, NULL, 0, 0, '1.000', NULL, NULL, NULL, 368, 26, 0, NULL, NULL, NULL, NULL, NULL, NULL, NULL, NULL, NULL, NULL, '0.0000', 'percentage', 0, NULL, NULL, NULL, NULL, NULL, NULL, NULL, NULL, NULL, NULL, NULL, 0, 0, NULL, 0, NULL, NULL, NULL, NULL, NULL, NULL, NULL, NULL, NULL, '2021-04-24 13:46:11', '2021-04-24 13:46:11', 'Yes', '0000-00-00 00:00:00', 'Yes', '0000-00-00 00:00:00', NULL, NULL);
INSERT INTO `transactions` (`id`, `business_id`, `location_id`, `res_table_id`, `res_waiter_id`, `res_order_status`, `type`, `sub_type`, `status`, `sub_status`, `is_quotation`, `payment_status`, `adjustment_type`, `contact_id`, `customer_group_id`, `invoice_no`, `ref_no`, `source`, `subscription_no`, `subscription_repeat_on`, `transaction_date`, `total_before_tax`, `tax_id`, `tax_amount`, `discount_type`, `discount_amount`, `rp_redeemed`, `rp_redeemed_amount`, `shipping_details`, `shipping_address`, `shipping_status`, `delivered_to`, `shipping_charges`, `shipping_custom_field_1`, `shipping_custom_field_2`, `shipping_custom_field_3`, `shipping_custom_field_4`, `shipping_custom_field_5`, `additional_notes`, `staff_note`, `is_export`, `export_custom_fields_info`, `round_off_amount`, `additional_expense_key_1`, `additional_expense_value_1`, `additional_expense_key_2`, `additional_expense_value_2`, `additional_expense_key_3`, `additional_expense_value_3`, `additional_expense_key_4`, `additional_expense_value_4`, `final_total`, `expense_category_id`, `expense_for`, `commission_agent`, `document`, `is_direct_sale`, `is_suspend`, `exchange_rate`, `total_amount_recovered`, `transfer_parent_id`, `return_parent_id`, `opening_stock_product_id`, `created_by`, `crm_is_order_request`, `prefer_payment_method`, `prefer_payment_account`, `sales_order_ids`, `purchase_order_ids`, `custom_field_1`, `custom_field_2`, `custom_field_3`, `custom_field_4`, `mfg_parent_production_purchase_id`, `mfg_wasted_units`, `mfg_production_cost`, `mfg_production_cost_type`, `mfg_is_final`, `import_batch`, `import_time`, `types_of_service_id`, `packing_charge`, `packing_charge_type`, `service_custom_field_1`, `service_custom_field_2`, `service_custom_field_3`, `service_custom_field_4`, `service_custom_field_5`, `service_custom_field_6`, `is_created_from_api`, `rp_earned`, `order_addresses`, `is_recurring`, `recur_interval`, `recur_interval_type`, `recur_repetitions`, `recur_stopped_on`, `recur_parent_id`, `invoice_token`, `pay_term_number`, `pay_term_type`, `selling_price_group_id`, `created_at`, `updated_at`, `release_order`, `release_date`, `carryin_confirmation`, `carryin_date`, `carryout_date`, `carryout_details`) VALUES
(253, 17, 17, NULL, NULL, NULL, 'opening_stock', NULL, 'received', NULL, 0, 'paid', NULL, NULL, NULL, NULL, NULL, NULL, NULL, NULL, '2021-01-01 13:50:06', '0.0000', NULL, '0.0000', NULL, '0.0000', 0, '0.0000', NULL, NULL, NULL, NULL, '0.0000', NULL, NULL, NULL, NULL, NULL, NULL, NULL, 0, NULL, '0.0000', NULL, '0.0000', NULL, '0.0000', NULL, '0.0000', NULL, '0.0000', '0.0000', NULL, NULL, NULL, NULL, 0, 0, '1.000', NULL, NULL, NULL, 416, 26, 0, NULL, NULL, NULL, NULL, NULL, NULL, NULL, NULL, NULL, NULL, '0.0000', 'percentage', 0, NULL, NULL, NULL, NULL, NULL, NULL, NULL, NULL, NULL, NULL, NULL, 0, 0, NULL, 0, NULL, NULL, NULL, NULL, NULL, NULL, NULL, NULL, NULL, '2021-04-24 13:50:06', '2021-04-24 13:50:06', 'Yes', '0000-00-00 00:00:00', 'Yes', '0000-00-00 00:00:00', NULL, NULL),
(254, 17, 17, NULL, NULL, NULL, 'opening_stock', NULL, 'received', NULL, 0, 'paid', NULL, NULL, NULL, NULL, NULL, NULL, NULL, NULL, '2021-01-01 13:52:00', '0.0000', NULL, '0.0000', NULL, '0.0000', 0, '0.0000', NULL, NULL, NULL, NULL, '0.0000', NULL, NULL, NULL, NULL, NULL, NULL, NULL, 0, NULL, '0.0000', NULL, '0.0000', NULL, '0.0000', NULL, '0.0000', NULL, '0.0000', '0.0000', NULL, NULL, NULL, NULL, 0, 0, '1.000', NULL, NULL, NULL, 417, 26, 0, NULL, NULL, NULL, NULL, NULL, NULL, NULL, NULL, NULL, NULL, '0.0000', 'percentage', 0, NULL, NULL, NULL, NULL, NULL, NULL, NULL, NULL, NULL, NULL, NULL, 0, 0, NULL, 0, NULL, NULL, NULL, NULL, NULL, NULL, NULL, NULL, NULL, '2021-04-24 13:52:00', '2021-04-24 13:52:00', 'Yes', '0000-00-00 00:00:00', 'Yes', '0000-00-00 00:00:00', NULL, NULL),
(255, 17, 17, NULL, NULL, NULL, 'opening_stock', NULL, 'received', NULL, 0, 'paid', NULL, NULL, NULL, NULL, NULL, NULL, NULL, NULL, '2021-01-01 13:52:50', '0.0000', NULL, '0.0000', NULL, '0.0000', 0, '0.0000', NULL, NULL, NULL, NULL, '0.0000', NULL, NULL, NULL, NULL, NULL, NULL, NULL, 0, NULL, '0.0000', NULL, '0.0000', NULL, '0.0000', NULL, '0.0000', NULL, '0.0000', '0.0000', NULL, NULL, NULL, NULL, 0, 0, '1.000', NULL, NULL, NULL, 418, 26, 0, NULL, NULL, NULL, NULL, NULL, NULL, NULL, NULL, NULL, NULL, '0.0000', 'percentage', 0, NULL, NULL, NULL, NULL, NULL, NULL, NULL, NULL, NULL, NULL, NULL, 0, 0, NULL, 0, NULL, NULL, NULL, NULL, NULL, NULL, NULL, NULL, NULL, '2021-04-24 13:52:50', '2021-04-24 13:52:50', 'Yes', '0000-00-00 00:00:00', 'Yes', '0000-00-00 00:00:00', NULL, NULL),
(256, 17, 17, NULL, NULL, NULL, 'opening_stock', NULL, 'received', NULL, 0, 'paid', NULL, NULL, NULL, NULL, NULL, NULL, NULL, NULL, '2021-01-01 13:53:46', '0.0000', NULL, '0.0000', NULL, '0.0000', 0, '0.0000', NULL, NULL, NULL, NULL, '0.0000', NULL, NULL, NULL, NULL, NULL, NULL, NULL, 0, NULL, '0.0000', NULL, '0.0000', NULL, '0.0000', NULL, '0.0000', NULL, '0.0000', '0.0000', NULL, NULL, NULL, NULL, 0, 0, '1.000', NULL, NULL, NULL, 333, 26, 0, NULL, NULL, NULL, NULL, NULL, NULL, NULL, NULL, NULL, NULL, '0.0000', 'percentage', 0, NULL, NULL, NULL, NULL, NULL, NULL, NULL, NULL, NULL, NULL, NULL, 0, 0, NULL, 0, NULL, NULL, NULL, NULL, NULL, NULL, NULL, NULL, NULL, '2021-04-24 13:53:46', '2021-04-24 13:53:46', 'Yes', '0000-00-00 00:00:00', 'Yes', '0000-00-00 00:00:00', NULL, NULL),
(257, 17, 17, NULL, NULL, NULL, 'opening_stock', NULL, 'received', NULL, 0, 'paid', NULL, NULL, NULL, NULL, NULL, NULL, NULL, NULL, '2021-01-01 13:56:01', '0.0000', NULL, '0.0000', NULL, '0.0000', 0, '0.0000', NULL, NULL, NULL, NULL, '0.0000', NULL, NULL, NULL, NULL, NULL, NULL, NULL, 0, NULL, '0.0000', NULL, '0.0000', NULL, '0.0000', NULL, '0.0000', NULL, '0.0000', '0.0000', NULL, NULL, NULL, NULL, 0, 0, '1.000', NULL, NULL, NULL, 338, 26, 0, NULL, NULL, NULL, NULL, NULL, NULL, NULL, NULL, NULL, NULL, '0.0000', 'percentage', 0, NULL, NULL, NULL, NULL, NULL, NULL, NULL, NULL, NULL, NULL, NULL, 0, 0, NULL, 0, NULL, NULL, NULL, NULL, NULL, NULL, NULL, NULL, NULL, '2021-04-24 13:56:01', '2021-04-24 13:56:01', 'Yes', '0000-00-00 00:00:00', 'Yes', '0000-00-00 00:00:00', NULL, NULL),
(258, 17, 17, NULL, NULL, NULL, 'opening_stock', NULL, 'received', NULL, 0, 'paid', NULL, NULL, NULL, NULL, NULL, NULL, NULL, NULL, '2021-01-01 13:56:13', '0.0000', NULL, '0.0000', NULL, '0.0000', 0, '0.0000', NULL, NULL, NULL, NULL, '0.0000', NULL, NULL, NULL, NULL, NULL, NULL, NULL, 0, NULL, '0.0000', NULL, '0.0000', NULL, '0.0000', NULL, '0.0000', NULL, '0.0000', '0.0000', NULL, NULL, NULL, NULL, 0, 0, '1.000', NULL, NULL, NULL, 340, 26, 0, NULL, NULL, NULL, NULL, NULL, NULL, NULL, NULL, NULL, NULL, '0.0000', 'percentage', 0, NULL, NULL, NULL, NULL, NULL, NULL, NULL, NULL, NULL, NULL, NULL, 0, 0, NULL, 0, NULL, NULL, NULL, NULL, NULL, NULL, NULL, NULL, NULL, '2021-04-24 13:56:13', '2021-04-24 13:56:13', 'Yes', '0000-00-00 00:00:00', 'Yes', '0000-00-00 00:00:00', NULL, NULL),
(259, 7, 7, NULL, NULL, NULL, 'sell', NULL, 'draft', NULL, 0, 'due', NULL, 31, NULL, '2021/0002', '', NULL, NULL, NULL, '2021-05-01 12:57:00', '27000000.0000', NULL, '0.0000', 'percentage', '0.0000', 0, '0.0000', NULL, NULL, NULL, NULL, '0.0000', NULL, NULL, NULL, NULL, NULL, NULL, NULL, 0, NULL, '0.0000', NULL, '0.0000', NULL, '0.0000', NULL, '0.0000', NULL, '0.0000', '27000000.0000', NULL, NULL, NULL, NULL, 1, 0, '1.000', NULL, NULL, NULL, NULL, 10, 0, NULL, NULL, NULL, NULL, NULL, NULL, NULL, NULL, NULL, NULL, '0.0000', 'percentage', 0, NULL, NULL, NULL, '0.0000', NULL, NULL, NULL, NULL, NULL, NULL, NULL, 0, 0, NULL, 0, 1.0000, NULL, 0, NULL, NULL, '854d95257113ad137e8f863b9e0b6f21', 3, 'months', NULL, '2021-05-01 12:59:46', '2021-05-01 14:04:19', 'Yes', '0000-00-00 00:00:00', 'Yes', '0000-00-00 00:00:00', NULL, NULL),
(261, 7, 7, NULL, NULL, NULL, 'sell', NULL, 'final', NULL, 0, 'due', NULL, 32, NULL, '0003', '', NULL, NULL, NULL, '2021-05-08 13:44:29', '3000000.0000', NULL, '0.0000', 'percentage', '0.0000', 0, '0.0000', NULL, NULL, NULL, NULL, '0.0000', NULL, NULL, NULL, NULL, NULL, NULL, NULL, 0, NULL, '0.0000', NULL, '0.0000', NULL, '0.0000', NULL, '0.0000', NULL, '0.0000', '3000000.0000', NULL, NULL, NULL, NULL, 0, 0, '1.000', NULL, NULL, NULL, NULL, 10, 0, NULL, NULL, NULL, NULL, NULL, NULL, NULL, NULL, NULL, NULL, '0.0000', 'percentage', 0, NULL, NULL, NULL, '0.0000', NULL, NULL, NULL, NULL, NULL, NULL, NULL, 0, 0, NULL, 0, 1.0000, 'days', 0, NULL, NULL, NULL, NULL, NULL, NULL, '2021-05-08 13:44:29', '2021-05-08 13:58:05', 'Yes', '0000-00-00 00:00:00', 'Yes', '0000-00-00 00:00:00', NULL, NULL),
(262, 10, 10, NULL, NULL, NULL, 'opening_stock', NULL, 'received', NULL, 0, 'paid', NULL, NULL, NULL, NULL, NULL, NULL, NULL, NULL, '2021-01-01 17:34:23', '1007000.0000', NULL, '0.0000', NULL, '0.0000', 0, '0.0000', NULL, NULL, NULL, NULL, '0.0000', NULL, NULL, NULL, NULL, NULL, NULL, NULL, 0, NULL, '0.0000', NULL, '0.0000', NULL, '0.0000', NULL, '0.0000', NULL, '0.0000', '1007000.0000', NULL, NULL, NULL, NULL, 0, 0, '1.000', NULL, NULL, NULL, 421, 18, 0, NULL, NULL, NULL, NULL, NULL, NULL, NULL, NULL, NULL, NULL, '0.0000', 'percentage', 0, NULL, NULL, NULL, NULL, NULL, NULL, NULL, NULL, NULL, NULL, NULL, 0, 0, NULL, 0, NULL, NULL, NULL, NULL, NULL, NULL, NULL, NULL, NULL, '2021-06-21 14:34:23', '2021-06-21 14:37:28', 'Yes', '0000-00-00 00:00:00', 'Yes', '0000-00-00 00:00:00', NULL, NULL),
(263, 10, 10, NULL, NULL, NULL, 'sell', NULL, 'final', NULL, 0, 'paid', NULL, 17, NULL, '0061', '', NULL, NULL, NULL, '2021-06-21 17:34:00', '7000.0000', 1, '1260.0000', 'percentage', '0.0000', 0, '0.0000', NULL, NULL, NULL, NULL, '0.0000', NULL, NULL, NULL, NULL, NULL, NULL, NULL, 0, NULL, '0.0000', NULL, '0.0000', NULL, '0.0000', NULL, '0.0000', NULL, '0.0000', '8260.0000', NULL, NULL, NULL, NULL, 0, 0, '1.000', NULL, NULL, NULL, NULL, 18, 0, NULL, NULL, NULL, NULL, NULL, NULL, NULL, NULL, NULL, NULL, '0.0000', 'percentage', 0, NULL, NULL, NULL, '0.0000', NULL, NULL, NULL, NULL, NULL, NULL, NULL, 0, 0, NULL, 0, 1.0000, 'days', 0, NULL, NULL, NULL, NULL, NULL, 0, '2021-06-21 14:34:45', '2021-06-21 14:34:45', 'Yes', '0000-00-00 00:00:00', 'Yes', '0000-00-00 00:00:00', NULL, NULL),
(264, 10, 10, NULL, NULL, NULL, 'sell', NULL, 'final', NULL, 0, 'paid', NULL, 17, NULL, '0062', '', NULL, NULL, NULL, '2021-07-14 23:48:00', '1000.0000', 1, '180.0000', 'percentage', '0.0000', 0, '0.0000', NULL, NULL, NULL, NULL, '0.0000', NULL, NULL, NULL, NULL, NULL, NULL, NULL, 0, NULL, '0.0000', NULL, '0.0000', NULL, '0.0000', NULL, '0.0000', NULL, '0.0000', '1180.0000', NULL, NULL, NULL, NULL, 0, 0, '1.000', NULL, NULL, NULL, NULL, 18, 0, NULL, NULL, NULL, NULL, NULL, NULL, NULL, NULL, NULL, NULL, '0.0000', 'percentage', 0, NULL, NULL, NULL, '0.0000', NULL, NULL, NULL, NULL, NULL, NULL, NULL, 0, 0, NULL, 0, 1.0000, 'days', 0, NULL, NULL, NULL, NULL, NULL, 0, '2021-07-14 20:51:50', '2021-07-14 20:51:50', 'Yes', '0000-00-00 00:00:00', 'Yes', '0000-00-00 00:00:00', NULL, NULL),
(265, 10, 10, NULL, NULL, NULL, 'sell', NULL, 'final', NULL, 0, 'paid', NULL, 34, NULL, '0063', '', NULL, NULL, NULL, '2021-07-14 23:52:00', '1000.0000', 1, '180.0000', 'percentage', '0.0000', 0, '0.0000', NULL, NULL, NULL, NULL, '0.0000', NULL, NULL, NULL, NULL, NULL, NULL, NULL, 0, NULL, '0.0000', NULL, '0.0000', NULL, '0.0000', NULL, '0.0000', NULL, '0.0000', '1180.0000', NULL, NULL, NULL, NULL, 0, 0, '1.000', NULL, NULL, NULL, NULL, 18, 0, NULL, NULL, NULL, NULL, NULL, NULL, NULL, NULL, NULL, NULL, '0.0000', 'percentage', 0, NULL, NULL, NULL, '0.0000', NULL, NULL, NULL, NULL, NULL, NULL, NULL, 0, 0, NULL, 0, 1.0000, 'days', 0, NULL, NULL, NULL, NULL, NULL, 0, '2021-07-14 20:53:24', '2021-07-14 20:54:29', 'Yes', '0000-00-00 00:00:00', 'Yes', '0000-00-00 00:00:00', NULL, NULL),
(266, 10, 20, NULL, NULL, NULL, 'opening_stock', NULL, 'received', NULL, 0, 'paid', NULL, NULL, NULL, NULL, NULL, NULL, NULL, NULL, '2021-01-01 00:11:18', '6500000.0000', NULL, '0.0000', NULL, '0.0000', 0, '0.0000', NULL, NULL, NULL, NULL, '0.0000', NULL, NULL, NULL, NULL, NULL, NULL, NULL, 0, NULL, '0.0000', NULL, '0.0000', NULL, '0.0000', NULL, '0.0000', NULL, '0.0000', '6500000.0000', NULL, NULL, NULL, NULL, 0, 0, '1.000', NULL, NULL, NULL, 422, 18, 0, NULL, NULL, NULL, NULL, NULL, NULL, NULL, NULL, NULL, NULL, '0.0000', 'percentage', 0, NULL, NULL, NULL, NULL, NULL, NULL, NULL, NULL, NULL, NULL, NULL, 0, 0, NULL, 0, NULL, NULL, NULL, NULL, NULL, NULL, NULL, NULL, NULL, '2021-07-14 21:11:18', '2021-07-14 21:11:18', 'Yes', '0000-00-00 00:00:00', 'Yes', '0000-00-00 00:00:00', NULL, NULL),
(267, 10, 20, NULL, NULL, NULL, 'sell', NULL, 'final', NULL, 0, 'paid', NULL, 17, NULL, '0064', '', NULL, NULL, NULL, '2021-07-15 00:13:00', '16000.0000', 1, '2880.0000', 'percentage', '0.0000', 0, '0.0000', NULL, NULL, NULL, NULL, '0.0000', NULL, NULL, NULL, NULL, NULL, NULL, NULL, 0, NULL, '0.0000', NULL, '0.0000', NULL, '0.0000', NULL, '0.0000', NULL, '0.0000', '18880.0000', NULL, NULL, NULL, NULL, 0, 0, '1.000', NULL, NULL, NULL, NULL, 18, 0, NULL, NULL, NULL, NULL, NULL, NULL, NULL, NULL, NULL, NULL, '0.0000', 'percentage', 0, NULL, NULL, NULL, '0.0000', NULL, NULL, NULL, NULL, NULL, NULL, NULL, 0, 0, NULL, 0, 1.0000, 'days', 0, NULL, NULL, NULL, NULL, NULL, 0, '2021-07-14 21:14:30', '2021-07-14 21:14:30', 'Yes', '0000-00-00 00:00:00', 'Yes', '0000-00-00 00:00:00', NULL, NULL),
(268, 10, 20, NULL, NULL, NULL, 'sell', NULL, 'draft', 'quotation', 1, NULL, NULL, 17, NULL, '2021/0016', '', NULL, NULL, NULL, '2021-07-15 00:13:00', '16000.0000', 1, '2880.0000', 'percentage', '0.0000', 0, '0.0000', NULL, NULL, NULL, NULL, '0.0000', NULL, NULL, NULL, NULL, NULL, NULL, NULL, 0, NULL, '0.0000', NULL, '0.0000', NULL, '0.0000', NULL, '0.0000', NULL, '0.0000', '18880.0000', NULL, NULL, NULL, NULL, 0, 0, '1.000', NULL, NULL, NULL, NULL, 18, 0, NULL, NULL, NULL, NULL, NULL, NULL, NULL, NULL, NULL, NULL, '0.0000', 'percentage', 0, NULL, NULL, NULL, '0.0000', NULL, NULL, NULL, NULL, NULL, NULL, NULL, 0, 0, NULL, 0, 1.0000, 'days', 0, NULL, NULL, NULL, NULL, NULL, 0, '2021-07-14 21:15:07', '2022-01-07 07:13:38', 'Yes', '0000-00-00 00:00:00', 'Yes', '0000-00-00 00:00:00', NULL, NULL),
(269, 10, 20, NULL, NULL, NULL, 'expense', NULL, 'final', NULL, 0, 'partial', NULL, NULL, NULL, NULL, 'EP2021/0003', NULL, NULL, NULL, '2021-07-15 00:15:00', '100000.0000', NULL, '0.0000', NULL, '0.0000', 0, '0.0000', NULL, NULL, NULL, NULL, '0.0000', NULL, NULL, NULL, NULL, NULL, NULL, NULL, 0, NULL, '0.0000', NULL, '0.0000', NULL, '0.0000', NULL, '0.0000', NULL, '0.0000', '100000.0000', 1, 18, NULL, NULL, 0, 0, '1.000', NULL, NULL, NULL, NULL, 18, 0, NULL, NULL, NULL, NULL, NULL, NULL, NULL, NULL, NULL, NULL, '0.0000', 'percentage', 0, NULL, NULL, NULL, NULL, NULL, NULL, NULL, NULL, NULL, NULL, NULL, 0, 0, NULL, 1, 31.0000, 'days', NULL, NULL, NULL, NULL, NULL, NULL, NULL, '2021-07-14 21:17:31', '2021-07-14 21:17:31', 'Yes', '0000-00-00 00:00:00', 'Yes', '0000-00-00 00:00:00', NULL, NULL),
(270, 10, 20, NULL, NULL, NULL, 'stock_adjustment', NULL, '', NULL, 0, NULL, 'abnormal', NULL, NULL, NULL, 'SA2021/0004', NULL, NULL, NULL, '2021-07-15 00:18:00', '0.0000', NULL, '0.0000', NULL, '0.0000', 0, '0.0000', NULL, NULL, NULL, NULL, '0.0000', NULL, NULL, NULL, NULL, NULL, NULL, NULL, 0, NULL, '0.0000', NULL, '0.0000', NULL, '0.0000', NULL, '0.0000', NULL, '0.0000', '1100000.0000', NULL, NULL, NULL, NULL, 0, 0, '1.000', '0.0000', NULL, NULL, NULL, 18, 0, NULL, NULL, NULL, NULL, NULL, NULL, NULL, NULL, NULL, NULL, '0.0000', 'percentage', 0, NULL, NULL, NULL, NULL, NULL, NULL, NULL, NULL, NULL, NULL, NULL, 0, 0, NULL, 0, NULL, NULL, NULL, NULL, NULL, NULL, NULL, NULL, NULL, '2021-07-14 21:20:45', '2021-07-14 21:20:45', 'Yes', '0000-00-00 00:00:00', 'Yes', '0000-00-00 00:00:00', NULL, NULL),
(271, 10, 10, NULL, NULL, NULL, 'sell', NULL, 'final', NULL, 0, 'paid', NULL, 17, NULL, '0065', '', NULL, NULL, NULL, '2021-11-16 19:00:00', '6000.0000', 1, '1080.0000', 'percentage', '0.0000', 0, '0.0000', NULL, NULL, NULL, NULL, '0.0000', NULL, NULL, NULL, NULL, NULL, NULL, NULL, 0, NULL, '0.0000', NULL, '0.0000', NULL, '0.0000', NULL, '0.0000', NULL, '0.0000', '7080.0000', NULL, NULL, NULL, NULL, 0, 0, '1.000', NULL, NULL, NULL, NULL, 18, 0, NULL, NULL, NULL, NULL, NULL, NULL, NULL, NULL, NULL, NULL, '0.0000', 'percentage', 0, NULL, NULL, NULL, '0.0000', NULL, NULL, NULL, NULL, NULL, NULL, NULL, 0, 0, NULL, 0, 1.0000, 'days', 0, NULL, NULL, NULL, NULL, NULL, 0, '2021-11-16 16:01:04', '2021-11-16 16:01:04', 'Yes', '0000-00-00 00:00:00', 'Yes', '0000-00-00 00:00:00', NULL, NULL),
(272, 10, 10, NULL, NULL, NULL, 'sell', NULL, 'final', NULL, 0, 'due', NULL, 17, NULL, '0066', '', NULL, NULL, NULL, '2021-11-16 19:00:00', '6000.0000', 1, '1080.0000', 'percentage', '0.0000', 0, '0.0000', NULL, NULL, NULL, NULL, '0.0000', NULL, NULL, NULL, NULL, NULL, 'not', NULL, 0, NULL, '0.0000', NULL, '0.0000', NULL, '0.0000', NULL, '0.0000', NULL, '0.0000', '7080.0000', NULL, NULL, NULL, NULL, 0, 1, '1.000', NULL, NULL, NULL, NULL, 18, 0, NULL, NULL, NULL, NULL, NULL, NULL, NULL, NULL, NULL, NULL, '0.0000', 'percentage', 0, NULL, NULL, NULL, '0.0000', NULL, NULL, NULL, NULL, NULL, NULL, NULL, 0, 0, NULL, 0, 1.0000, 'days', 0, NULL, NULL, NULL, NULL, NULL, 0, '2021-11-16 16:01:46', '2021-11-16 16:01:46', 'Yes', '0000-00-00 00:00:00', 'Yes', '0000-00-00 00:00:00', NULL, NULL),
(273, 10, 10, NULL, NULL, NULL, 'sell', NULL, 'final', NULL, 0, 'paid', NULL, 17, NULL, '0067', '', NULL, NULL, NULL, '2021-11-16 19:00:00', '6000.0000', 1, '1080.0000', 'percentage', '0.0000', 0, '0.0000', NULL, NULL, NULL, NULL, '0.0000', NULL, NULL, NULL, NULL, NULL, NULL, NULL, 0, NULL, '0.0000', NULL, '0.0000', NULL, '0.0000', NULL, '0.0000', NULL, '0.0000', '7080.0000', NULL, NULL, NULL, NULL, 0, 0, '1.000', NULL, NULL, NULL, NULL, 18, 0, NULL, NULL, NULL, NULL, NULL, NULL, NULL, NULL, NULL, NULL, '0.0000', 'percentage', 0, NULL, NULL, NULL, '0.0000', NULL, NULL, NULL, NULL, NULL, NULL, NULL, 0, 0, NULL, 0, 1.0000, 'days', 0, NULL, NULL, NULL, NULL, NULL, 0, '2021-11-16 16:08:14', '2021-11-16 16:08:14', 'Yes', '0000-00-00 00:00:00', 'Yes', '0000-00-00 00:00:00', NULL, NULL),
(274, 1, 1, NULL, NULL, NULL, 'sell', NULL, 'draft', 'quotation', 1, NULL, NULL, 1, NULL, '2022/0001', '', NULL, NULL, NULL, '2022-01-08 15:40:03', '2200.0000', NULL, '0.0000', 'percentage', '0.0000', 0, '0.0000', NULL, NULL, NULL, NULL, '0.0000', NULL, NULL, NULL, NULL, NULL, NULL, NULL, 0, NULL, '0.0000', NULL, '0.0000', NULL, '0.0000', NULL, '0.0000', NULL, '0.0000', '2200.0000', NULL, NULL, NULL, NULL, 0, 0, '1.000', NULL, NULL, NULL, NULL, 1, 0, NULL, NULL, NULL, NULL, NULL, NULL, NULL, NULL, NULL, NULL, '0.0000', 'percentage', 0, NULL, NULL, NULL, '0.0000', NULL, NULL, NULL, NULL, NULL, NULL, NULL, 0, 0, NULL, 0, 1.0000, 'days', 0, NULL, NULL, NULL, NULL, NULL, 0, '2022-01-08 12:40:03', '2022-01-08 12:40:03', 'Yes', '0000-00-00 00:00:00', 'Yes', '0000-00-00 00:00:00', NULL, NULL),
(275, 1, 1, NULL, NULL, NULL, 'sell', NULL, 'final', NULL, 0, 'paid', NULL, 1, NULL, '0019', '', NULL, NULL, NULL, '2022-01-13 18:54:46', '1000.0000', NULL, '0.0000', 'percentage', '0.0000', 0, '0.0000', NULL, NULL, NULL, NULL, '0.0000', NULL, NULL, NULL, NULL, NULL, NULL, NULL, 0, NULL, '0.0000', NULL, '0.0000', NULL, '0.0000', NULL, '0.0000', NULL, '0.0000', '1000.0000', NULL, NULL, NULL, NULL, 0, 0, '1.000', NULL, NULL, NULL, NULL, 1, 0, NULL, NULL, NULL, NULL, NULL, NULL, NULL, NULL, NULL, NULL, '0.0000', 'percentage', 0, NULL, NULL, NULL, '0.0000', NULL, NULL, NULL, NULL, NULL, NULL, NULL, 0, 0, NULL, 0, 1.0000, 'days', 0, NULL, NULL, NULL, NULL, NULL, 0, '2022-01-13 15:54:46', '2022-02-10 16:05:32', 'Yes', '0000-00-00 00:00:00', 'Yes', '0000-00-00 00:00:00', NULL, NULL),
(276, 1, 1, NULL, NULL, NULL, 'sell', NULL, 'final', NULL, 0, 'partial', NULL, 7, NULL, '0020', '', NULL, NULL, NULL, '2022-01-13 18:55:12', '7000.0000', NULL, '0.0000', 'percentage', '0.0000', 0, '0.0000', 'Ship in two days', 'Eyas road', 'shipped', 'Stanley Lucas', '0.0000', NULL, NULL, NULL, NULL, NULL, NULL, NULL, 0, NULL, '0.0000', NULL, '0.0000', NULL, '0.0000', NULL, '0.0000', NULL, '0.0000', '7000.0000', NULL, NULL, NULL, NULL, 0, 0, '1.000', NULL, NULL, NULL, NULL, 1, 0, NULL, NULL, NULL, NULL, NULL, NULL, NULL, NULL, NULL, NULL, '0.0000', 'percentage', 0, NULL, NULL, NULL, '0.0000', NULL, NULL, NULL, NULL, NULL, NULL, NULL, 0, 0, NULL, 0, 1.0000, 'days', 0, NULL, NULL, '3695a35617e27eeb9fedd9fafc207ac1', NULL, NULL, NULL, '2022-01-13 15:55:12', '2022-01-13 16:04:15', 'Yes', '0000-00-00 00:00:00', 'Yes', '0000-00-00 00:00:00', NULL, NULL),
(277, 1, 1, NULL, NULL, NULL, 'sell', NULL, 'draft', 'quotation', 1, NULL, NULL, 1, NULL, '2022/0002', '', NULL, NULL, NULL, '2022-01-30 21:55:01', '1000.0000', NULL, '0.0000', 'percentage', '0.0000', 0, '0.0000', NULL, NULL, NULL, NULL, '0.0000', NULL, NULL, NULL, NULL, NULL, NULL, NULL, 0, NULL, '0.0000', NULL, '0.0000', NULL, '0.0000', NULL, '0.0000', NULL, '0.0000', '1000.0000', NULL, NULL, NULL, NULL, 0, 0, '1.000', NULL, NULL, NULL, NULL, 1, 0, NULL, NULL, NULL, NULL, NULL, NULL, NULL, NULL, NULL, NULL, '0.0000', 'percentage', 0, NULL, NULL, NULL, '0.0000', NULL, NULL, NULL, NULL, NULL, NULL, NULL, 0, 0, NULL, 0, 1.0000, 'days', 0, NULL, NULL, NULL, NULL, NULL, 0, '2022-01-30 18:55:01', '2022-01-30 18:55:01', 'Yes', '0000-00-00 00:00:00', 'Yes', '0000-00-00 00:00:00', NULL, NULL),
(278, 1, 1, NULL, NULL, NULL, 'sell', NULL, 'draft', 'quotation', 1, NULL, NULL, 1, NULL, '2022/0003', '', NULL, NULL, NULL, '2022-01-30 22:08:26', '1000.0000', NULL, '0.0000', 'percentage', '0.0000', 0, '0.0000', NULL, NULL, NULL, NULL, '0.0000', NULL, NULL, NULL, NULL, NULL, NULL, NULL, 0, NULL, '0.0000', NULL, '0.0000', NULL, '0.0000', NULL, '0.0000', NULL, '0.0000', '1000.0000', NULL, NULL, NULL, NULL, 0, 0, '1.000', NULL, NULL, NULL, NULL, 1, 0, NULL, NULL, NULL, NULL, NULL, NULL, NULL, NULL, NULL, NULL, '0.0000', 'percentage', 0, NULL, NULL, NULL, '0.0000', NULL, NULL, NULL, NULL, NULL, NULL, NULL, 0, 0, NULL, 0, 1.0000, 'days', 0, NULL, NULL, NULL, NULL, NULL, 0, '2022-01-30 19:08:26', '2022-01-30 19:08:26', 'Yes', '0000-00-00 00:00:00', 'Yes', '0000-00-00 00:00:00', NULL, NULL),
(279, 1, 1, NULL, NULL, NULL, 'opening_stock', NULL, 'received', NULL, 0, 'paid', NULL, NULL, NULL, NULL, NULL, NULL, NULL, NULL, '2022-01-01 22:16:32', '247958.1600', NULL, '0.0000', NULL, '0.0000', 0, '0.0000', NULL, NULL, NULL, NULL, '0.0000', NULL, NULL, NULL, NULL, NULL, NULL, NULL, 0, NULL, '0.0000', NULL, '0.0000', NULL, '0.0000', NULL, '0.0000', NULL, '0.0000', '247958.1600', NULL, NULL, NULL, NULL, 0, 0, '1.000', NULL, NULL, NULL, 41, 1, 0, NULL, NULL, NULL, NULL, NULL, NULL, NULL, NULL, NULL, NULL, '0.0000', 'percentage', 0, NULL, NULL, NULL, NULL, NULL, NULL, NULL, NULL, NULL, NULL, NULL, 0, 0, NULL, 0, NULL, NULL, NULL, NULL, NULL, NULL, NULL, NULL, NULL, '2022-01-30 19:16:32', '2022-01-30 19:16:32', 'Yes', '0000-00-00 00:00:00', 'Yes', '0000-00-00 00:00:00', NULL, NULL),
(280, 1, 1, NULL, NULL, NULL, 'sell', NULL, 'final', NULL, 0, 'paid', NULL, 1, NULL, '0021', '', NULL, NULL, NULL, '2022-01-30 22:17:26', '2000.0000', NULL, '0.0000', 'percentage', '0.0000', 0, '0.0000', NULL, NULL, NULL, NULL, '0.0000', NULL, NULL, NULL, NULL, NULL, NULL, NULL, 0, NULL, '0.0000', NULL, '0.0000', NULL, '0.0000', NULL, '0.0000', NULL, '0.0000', '2000.0000', NULL, NULL, NULL, NULL, 0, 0, '1.000', NULL, NULL, NULL, NULL, 1, 0, NULL, NULL, NULL, NULL, NULL, NULL, NULL, NULL, NULL, NULL, '0.0000', 'percentage', 0, NULL, NULL, NULL, '0.0000', NULL, NULL, NULL, NULL, NULL, NULL, NULL, 0, 0, NULL, 0, 1.0000, 'days', 0, NULL, NULL, NULL, NULL, NULL, 0, '2022-01-30 19:17:26', '2022-01-30 19:17:26', 'Yes', '0000-00-00 00:00:00', 'Yes', '0000-00-00 00:00:00', NULL, NULL),
(281, 1, 1, NULL, NULL, NULL, 'sell', NULL, 'final', NULL, 0, 'paid', NULL, 1, NULL, '4481', '', NULL, NULL, NULL, '2022-01-30 22:20:45', '1000.0000', NULL, '0.0000', 'percentage', '0.0000', 0, '0.0000', NULL, NULL, NULL, NULL, '0.0000', NULL, NULL, NULL, NULL, NULL, NULL, NULL, 0, NULL, '0.0000', NULL, '0.0000', NULL, '0.0000', NULL, '0.0000', NULL, '0.0000', '1000.0000', NULL, NULL, NULL, NULL, 0, 0, '1.000', NULL, NULL, NULL, NULL, 1, 0, NULL, NULL, NULL, NULL, NULL, NULL, NULL, NULL, NULL, NULL, '0.0000', 'percentage', 0, NULL, NULL, NULL, '0.0000', NULL, NULL, NULL, NULL, NULL, NULL, NULL, 0, 0, NULL, 0, 1.0000, 'days', 0, NULL, NULL, NULL, NULL, NULL, 0, '2022-01-30 19:20:45', '2022-01-30 19:20:45', 'Yes', '0000-00-00 00:00:00', 'Yes', '0000-00-00 00:00:00', NULL, NULL),
(282, 1, 1, NULL, NULL, NULL, 'sell', NULL, 'final', NULL, 0, 'paid', NULL, 7, NULL, '4482', '', NULL, NULL, NULL, '2022-01-30 22:22:21', '1000.0000', NULL, '0.0000', 'percentage', '0.0000', 0, '0.0000', 'Harrier Toyota 2020', 'Dar es salaama Port', 'delivered', 'Proin', '0.0000', NULL, NULL, NULL, NULL, NULL, NULL, NULL, 0, NULL, '0.0000', NULL, '0.0000', NULL, '0.0000', NULL, '0.0000', NULL, '0.0000', '1000.0000', NULL, NULL, NULL, NULL, 0, 0, '1.000', NULL, NULL, NULL, NULL, 1, 0, NULL, NULL, NULL, NULL, NULL, NULL, NULL, NULL, NULL, NULL, '0.0000', 'percentage', 0, NULL, NULL, NULL, '0.0000', NULL, NULL, NULL, NULL, NULL, NULL, NULL, 0, 0, NULL, 0, 1.0000, 'days', 0, NULL, NULL, NULL, NULL, NULL, NULL, '2022-01-30 19:22:21', '2022-02-10 16:13:07', 'Yes', '0000-00-00 00:00:00', 'Yes', '0000-00-00 00:00:00', NULL, NULL),
(284, 1, 1, NULL, NULL, NULL, 'sell', NULL, 'final', NULL, 0, 'paid', NULL, 1, NULL, '4483', '', NULL, NULL, NULL, '2022-01-30 22:24:10', '2200.0000', NULL, '0.0000', 'percentage', '0.0000', 0, '0.0000', NULL, NULL, NULL, NULL, '0.0000', NULL, NULL, NULL, NULL, NULL, NULL, NULL, 0, NULL, '0.0000', NULL, '0.0000', NULL, '0.0000', NULL, '0.0000', NULL, '0.0000', '2200.0000', NULL, NULL, NULL, NULL, 0, 0, '1.000', NULL, NULL, NULL, NULL, 1, 0, NULL, NULL, NULL, NULL, NULL, NULL, NULL, NULL, NULL, NULL, '0.0000', 'percentage', 0, NULL, NULL, NULL, '0.0000', NULL, NULL, NULL, NULL, NULL, NULL, NULL, 0, 0, NULL, 0, 1.0000, 'days', 0, NULL, NULL, '524767ddaf8cb5473f41f275346b8aad', NULL, NULL, 0, '2022-01-30 19:24:10', '2022-02-10 16:10:36', 'Yes', '0000-00-00 00:00:00', 'Yes', '0000-00-00 00:00:00', NULL, NULL),
(285, 1, 1, NULL, NULL, NULL, 'sell', NULL, 'draft', 'quotation', 1, NULL, NULL, 1, NULL, '2022/0004', '', NULL, NULL, NULL, '2022-01-30 22:47:15', '1000.0000', NULL, '0.0000', 'percentage', '0.0000', 0, '0.0000', NULL, NULL, NULL, NULL, '0.0000', NULL, NULL, NULL, NULL, NULL, NULL, NULL, 0, NULL, '0.0000', NULL, '0.0000', NULL, '0.0000', NULL, '0.0000', NULL, '0.0000', '1000.0000', NULL, NULL, NULL, NULL, 0, 0, '1.000', NULL, NULL, NULL, NULL, 1, 0, NULL, NULL, NULL, NULL, NULL, NULL, NULL, NULL, NULL, NULL, '0.0000', 'percentage', 0, NULL, NULL, NULL, '0.0000', NULL, NULL, NULL, NULL, NULL, NULL, NULL, 0, 0, NULL, 0, 1.0000, 'days', 0, NULL, NULL, NULL, NULL, NULL, 0, '2022-01-30 19:47:15', '2022-01-30 19:47:15', 'Yes', '0000-00-00 00:00:00', 'Yes', '0000-00-00 00:00:00', NULL, NULL),
(286, 1, 1, NULL, NULL, NULL, 'sales_order', NULL, 'ordered', NULL, 0, NULL, NULL, 35, NULL, '2022/0001', '', NULL, NULL, NULL, '2022-02-10 17:48:00', '2000.0000', NULL, '0.0000', NULL, '0.0000', 0, '0.0000', NULL, 'NC C SC SNCLJN', NULL, NULL, '0.0000', NULL, NULL, NULL, NULL, NULL, NULL, NULL, 0, NULL, '0.0000', 'cif', '100.0000', 'fob', '300000000.0000', NULL, '0.0000', NULL, '0.0000', '300002100.0000', NULL, NULL, NULL, NULL, 1, 0, '1.000', NULL, NULL, NULL, NULL, 32, 1, NULL, NULL, NULL, NULL, NULL, NULL, NULL, NULL, NULL, NULL, '0.0000', 'percentage', 0, NULL, NULL, NULL, '0.0000', NULL, NULL, NULL, NULL, NULL, NULL, NULL, 0, 0, NULL, 0, 1.0000, 'days', 0, NULL, NULL, NULL, NULL, NULL, NULL, '2022-02-10 14:48:13', '2022-02-10 14:51:11', 'Yes', '0000-00-00 00:00:00', 'Yes', '0000-00-00 00:00:00', NULL, NULL),
(287, 1, 1, NULL, NULL, NULL, 'sell', NULL, 'final', NULL, 0, 'due', NULL, 1, NULL, '4484', '', NULL, NULL, NULL, '2022-02-10 20:26:26', '1000.0000', NULL, '0.0000', 'percentage', '0.0000', 0, '0.0000', NULL, NULL, NULL, NULL, '0.0000', NULL, NULL, NULL, NULL, NULL, NULL, NULL, 0, NULL, '0.0000', NULL, '0.0000', NULL, '0.0000', NULL, '0.0000', NULL, '0.0000', '1000.0000', NULL, NULL, NULL, NULL, 0, 0, '1.000', NULL, NULL, NULL, NULL, 1, 0, NULL, NULL, NULL, NULL, NULL, NULL, NULL, NULL, NULL, NULL, '0.0000', 'percentage', 0, NULL, NULL, NULL, '0.0000', NULL, NULL, NULL, NULL, NULL, NULL, NULL, 0, 0, NULL, 0, 1.0000, 'days', 0, NULL, NULL, NULL, NULL, NULL, NULL, '2022-02-10 17:26:26', '2022-02-10 17:31:49', 'Yes', '0000-00-00 00:00:00', 'Yes', '0000-00-00 00:00:00', NULL, NULL),
(288, 1, 1, NULL, NULL, NULL, 'sell', NULL, 'final', NULL, 0, 'partial', NULL, 35, NULL, '4485', '', NULL, '2022/0001', '1', '2022-02-10 20:30:00', '1000.0000', NULL, '0.0000', 'percentage', '0.0000', 0, '0.0000', NULL, NULL, NULL, NULL, '0.0000', NULL, NULL, NULL, NULL, NULL, NULL, NULL, 0, NULL, '0.0000', NULL, '0.0000', NULL, '0.0000', NULL, '0.0000', NULL, '0.0000', '1000.0000', NULL, NULL, NULL, NULL, 0, 0, '1.000', NULL, NULL, NULL, NULL, 1, 0, NULL, NULL, NULL, NULL, NULL, NULL, NULL, NULL, NULL, NULL, '0.0000', 'percentage', 0, NULL, NULL, NULL, '0.0000', NULL, NULL, NULL, NULL, NULL, NULL, NULL, 0, 0, NULL, 1, 12.0000, 'months', 12, NULL, NULL, NULL, NULL, NULL, NULL, '2022-02-10 17:30:00', '2022-02-10 17:36:41', 'Yes', '0000-00-00 00:00:00', 'Yes', '0000-00-00 00:00:00', NULL, NULL),
(289, 1, 1, NULL, NULL, NULL, 'sell_return', NULL, 'final', NULL, 0, 'paid', NULL, 1, NULL, 'CN2022/0001', NULL, NULL, NULL, NULL, '2022-02-10 21:48:00', '1000.0000', NULL, '0.0000', 'percentage', '0.0000', 0, '0.0000', NULL, NULL, NULL, NULL, '0.0000', NULL, NULL, NULL, NULL, NULL, NULL, NULL, 0, NULL, '0.0000', NULL, '0.0000', NULL, '0.0000', NULL, '0.0000', NULL, '0.0000', '1000.0000', NULL, NULL, NULL, NULL, 0, 0, '1.000', NULL, NULL, 284, NULL, 1, 0, NULL, NULL, NULL, NULL, NULL, NULL, NULL, NULL, NULL, NULL, '0.0000', 'percentage', 0, NULL, NULL, NULL, NULL, NULL, NULL, NULL, NULL, NULL, NULL, NULL, 0, 0, NULL, 0, NULL, NULL, NULL, NULL, NULL, NULL, NULL, NULL, NULL, '2022-02-10 18:48:22', '2022-02-10 18:49:10', 'Yes', '0000-00-00 00:00:00', 'Yes', '0000-00-00 00:00:00', NULL, NULL),
(291, 1, 1, NULL, NULL, NULL, 'sell', NULL, 'final', NULL, 0, 'paid', NULL, 35, NULL, '4486', '', NULL, NULL, NULL, '2022-02-10 21:53:06', '1000.0000', NULL, '0.0000', 'percentage', '0.0000', 0, '0.0000', NULL, NULL, NULL, NULL, '0.0000', NULL, NULL, NULL, NULL, NULL, NULL, NULL, 0, NULL, '0.0000', NULL, '0.0000', NULL, '0.0000', NULL, '0.0000', NULL, '0.0000', '1000.0000', NULL, NULL, NULL, NULL, 0, 0, '1.000', NULL, NULL, NULL, NULL, 1, 0, NULL, NULL, NULL, NULL, NULL, NULL, NULL, NULL, NULL, NULL, '0.0000', 'percentage', 0, NULL, NULL, NULL, '0.0000', NULL, NULL, NULL, NULL, NULL, NULL, NULL, 0, 0, NULL, 0, 1.0000, 'days', 0, NULL, NULL, NULL, NULL, NULL, NULL, '2022-02-10 18:53:06', '2022-02-10 18:53:06', 'Yes', '0000-00-00 00:00:00', 'Yes', '0000-00-00 00:00:00', NULL, NULL),
(292, 1, 1, NULL, NULL, NULL, 'sell_return', NULL, 'final', NULL, 0, 'paid', NULL, 35, NULL, 'CN2022/0002', NULL, NULL, NULL, NULL, '2022-02-10 21:53:00', '1000.0000', NULL, '0.0000', 'percentage', '0.0000', 0, '0.0000', NULL, NULL, NULL, NULL, '0.0000', NULL, NULL, NULL, NULL, NULL, NULL, NULL, 0, NULL, '0.0000', NULL, '0.0000', NULL, '0.0000', NULL, '0.0000', NULL, '0.0000', '1000.0000', NULL, NULL, NULL, NULL, 0, 0, '1.000', NULL, NULL, 291, NULL, 1, 0, NULL, NULL, NULL, NULL, NULL, NULL, NULL, NULL, NULL, NULL, '0.0000', 'percentage', 0, NULL, NULL, NULL, NULL, NULL, NULL, NULL, NULL, NULL, NULL, NULL, 0, 0, NULL, 0, NULL, NULL, NULL, NULL, NULL, NULL, NULL, NULL, NULL, '2022-02-10 18:53:46', '2022-02-10 18:59:16', 'Yes', '0000-00-00 00:00:00', 'Yes', '0000-00-00 00:00:00', NULL, NULL),
(293, 1, 1, NULL, NULL, NULL, 'purchase', NULL, 'received', NULL, 0, 'due', NULL, 37, NULL, NULL, 'PO2022/0007', NULL, NULL, NULL, '2022-02-18 10:06:00', '166.5300', 2, '25.4800', 'percentage', '15.0000', 0, '0.0000', 'Proin', NULL, NULL, NULL, '0.0000', NULL, NULL, NULL, NULL, NULL, NULL, NULL, 0, NULL, '0.0000', 'cif', '200.0000', 'fob', '300.0000', NULL, '0.0000', NULL, '0.0000', '667.0300', NULL, NULL, NULL, NULL, 0, 0, '1.000', NULL, NULL, NULL, NULL, 1, 0, NULL, NULL, NULL, NULL, NULL, NULL, NULL, NULL, NULL, NULL, '0.0000', 'percentage', 0, NULL, NULL, NULL, NULL, NULL, NULL, NULL, NULL, NULL, NULL, NULL, 0, 0, NULL, 0, NULL, NULL, NULL, NULL, NULL, NULL, NULL, NULL, NULL, '2022-02-18 07:09:29', '2022-02-18 07:10:57', 'Yes', '0000-00-00 00:00:00', 'Yes', '0000-00-00 00:00:00', NULL, NULL),
(295, 20, 21, NULL, NULL, NULL, 'purchase_order', NULL, 'ordered', NULL, 0, NULL, NULL, 39, NULL, NULL, '2022/0001', NULL, NULL, NULL, '2022-02-18 13:17:00', '700.0000', NULL, '0.0000', NULL, '0.0000', 0, '0.0000', 'Tanzania', 'Tanzania', 'delivered', 'Proin', '0.0000', NULL, NULL, NULL, NULL, NULL, NULL, NULL, 0, NULL, '0.0000', 'CIF', '200.0000', 'FOB', '400.0000', 'CLEARING', '100.0000', NULL, '0.0000', '1400.0000', NULL, NULL, NULL, NULL, 0, 0, '1.000', NULL, NULL, NULL, NULL, 33, 0, NULL, NULL, NULL, NULL, NULL, NULL, NULL, NULL, NULL, NULL, '0.0000', 'percentage', 0, NULL, NULL, NULL, NULL, NULL, NULL, NULL, NULL, NULL, NULL, NULL, 0, 0, NULL, 0, NULL, NULL, NULL, NULL, NULL, NULL, NULL, NULL, NULL, '2022-02-18 10:20:22', '2022-02-18 16:49:42', 'Yes', '0000-00-00 00:00:00', 'Yes', '0000-00-00 00:00:00', NULL, NULL),
(296, 20, 21, NULL, NULL, NULL, 'purchase', NULL, 'received', NULL, 0, 'paid', NULL, 39, NULL, NULL, 'PO2022/0001', NULL, NULL, NULL, '2022-02-18 13:26:00', '700.0000', NULL, '0.0000', NULL, '0.0000', 0, '0.0000', NULL, NULL, NULL, NULL, '0.0000', NULL, NULL, NULL, NULL, NULL, NULL, NULL, 0, NULL, '0.0000', 'CIF', '400.0000', 'FOB', '300.0000', 'CLEARING', '100.0000', NULL, '0.0000', '1500.0000', NULL, NULL, NULL, NULL, 0, 0, '1.000', NULL, NULL, NULL, NULL, 33, 0, NULL, NULL, NULL, NULL, NULL, NULL, NULL, NULL, NULL, NULL, '0.0000', 'percentage', 0, NULL, NULL, NULL, NULL, NULL, NULL, NULL, NULL, NULL, NULL, NULL, 0, 0, NULL, 0, NULL, NULL, NULL, NULL, NULL, NULL, NULL, NULL, NULL, '2022-02-18 10:27:33', '2022-02-19 12:51:22', 'Yes', '0000-00-00 00:00:00', 'Yes', '0000-00-00 00:00:00', NULL, NULL),
(298, 20, 21, NULL, NULL, NULL, 'purchase', NULL, 'received', NULL, 0, 'paid', NULL, 40, NULL, NULL, 'PO2022/0002', NULL, NULL, NULL, '2022-02-19 17:30:00', '1500.0000', NULL, '0.0000', NULL, '0.0000', 0, '0.0000', NULL, NULL, NULL, NULL, '0.0000', NULL, NULL, NULL, NULL, NULL, NULL, NULL, 0, NULL, '0.0000', 'CIF', '7000.0000', 'FOB', '500.0000', 'CLEARING', '300.0000', NULL, '0.0000', '9300.0000', NULL, NULL, NULL, NULL, 0, 0, '1.000', NULL, NULL, NULL, NULL, 33, 0, NULL, NULL, NULL, NULL, NULL, NULL, NULL, NULL, NULL, NULL, '0.0000', 'percentage', 0, NULL, NULL, NULL, NULL, NULL, NULL, NULL, NULL, NULL, NULL, NULL, 0, 0, NULL, 0, NULL, NULL, NULL, NULL, NULL, NULL, 1, 'days', NULL, '2022-02-19 14:31:43', '2022-02-19 14:33:25', 'Yes', '0000-00-00 00:00:00', 'Yes', '0000-00-00 00:00:00', NULL, NULL),
(300, 20, 21, NULL, NULL, NULL, 'purchase', NULL, 'pending', NULL, 0, 'due', NULL, 40, NULL, NULL, 'PO2022/0003', NULL, NULL, NULL, '2022-03-04 21:14:00', '1770.0000', NULL, '0.0000', NULL, '0.0000', 0, '0.0000', NULL, NULL, NULL, NULL, '0.0000', NULL, NULL, NULL, NULL, NULL, NULL, NULL, 0, NULL, '0.0000', NULL, '0.0000', NULL, '0.0000', NULL, '0.0000', NULL, '0.0000', '1770.0000', NULL, NULL, NULL, NULL, 0, 0, '1.000', NULL, NULL, NULL, NULL, 33, 0, NULL, NULL, NULL, NULL, NULL, NULL, NULL, NULL, NULL, NULL, '0.0000', 'percentage', 0, NULL, NULL, NULL, NULL, NULL, NULL, NULL, NULL, NULL, NULL, NULL, 0, 0, NULL, 0, NULL, NULL, NULL, NULL, NULL, NULL, NULL, NULL, NULL, '2022-03-04 18:49:59', '2022-03-04 19:21:18', 'Yes', '2022-03-31 21:18:00', 'Yes', '2022-03-11 23:19:00', NULL, NULL),
(313, 20, 21, NULL, NULL, NULL, 'sell', NULL, 'draft', 'quotation', 1, NULL, NULL, 38, NULL, '2022/0012', '', NULL, NULL, NULL, '0000-00-00 00:00:00', '2528.6200', NULL, '0.0000', 'percentage', '0.0000', 0, '0.0000', NULL, NULL, NULL, NULL, '0.0000', NULL, NULL, NULL, NULL, NULL, NULL, NULL, 0, NULL, '0.3800', NULL, '0.0000', NULL, '0.0000', NULL, '0.0000', NULL, '0.0000', '2529.0000', NULL, NULL, NULL, NULL, 1, 0, '1.000', NULL, NULL, NULL, NULL, 33, 0, NULL, NULL, NULL, NULL, NULL, NULL, NULL, NULL, NULL, NULL, '0.0000', 'percentage', 0, NULL, NULL, NULL, '0.0000', NULL, NULL, NULL, NULL, NULL, NULL, NULL, 0, 0, NULL, 0, 1.0000, 'days', 0, NULL, NULL, NULL, NULL, NULL, NULL, '2022-03-05 19:22:18', '2022-03-05 19:22:18', 'Yes', '0000-00-00 00:00:00', 'Yes', '0000-00-00 00:00:00', '2022-03-05 22:19:00', NULL),
(314, 20, 21, NULL, NULL, NULL, 'sell', NULL, 'final', NULL, 0, 'partial', NULL, 43, NULL, '2022/0013', '', NULL, NULL, NULL, '2022-03-05 22:24:00', '2528.6200', NULL, '0.0000', 'percentage', '0.0000', 0, '0.0000', NULL, NULL, NULL, NULL, '0.0000', NULL, NULL, NULL, NULL, NULL, NULL, NULL, 0, NULL, '0.3800', 'BILL', '682.0000', NULL, '0.0000', NULL, '0.0000', NULL, '0.0000', '3211.0000', NULL, NULL, NULL, NULL, 1, 0, '1.000', NULL, NULL, NULL, NULL, 33, 0, NULL, NULL, NULL, NULL, NULL, NULL, NULL, NULL, NULL, NULL, '0.0000', 'percentage', 0, NULL, NULL, NULL, '0.0000', NULL, NULL, NULL, NULL, NULL, NULL, NULL, 0, 0, NULL, 0, 1.0000, NULL, 0, NULL, NULL, 'c0329e62e62bc08140ce7d6540eccd6e', NULL, NULL, NULL, '2022-03-05 19:24:56', '2022-03-19 11:23:32', 'Yes', '0000-00-00 00:00:00', 'Yes', '0000-00-00 00:00:00', '0001-11-29 21:00:00', 'This car will be released soon'),
(315, 20, 21, NULL, NULL, NULL, 'purchase', NULL, 'ordered', NULL, 0, 'partial', NULL, 41, NULL, NULL, 'PO2022/0004', NULL, NULL, NULL, '2022-03-08 10:34:00', '1500.0000', 3, '264.6000', 'percentage', '2.0000', 0, '0.0000', NULL, NULL, NULL, NULL, '0.0000', NULL, NULL, NULL, NULL, NULL, NULL, NULL, 0, NULL, '0.0000', 'CIF', '300.0000', 'Storage', '500.0000', 'other charges', '50.0000', 'Inspection', '50.0000', '2634.6000', NULL, NULL, NULL, NULL, 0, 0, '1.000', NULL, NULL, NULL, NULL, 33, 0, NULL, NULL, NULL, NULL, NULL, NULL, NULL, NULL, NULL, NULL, '0.0000', 'percentage', 0, NULL, NULL, NULL, NULL, NULL, NULL, NULL, NULL, NULL, NULL, NULL, 0, 0, NULL, 0, NULL, NULL, NULL, NULL, NULL, NULL, 5, 'days', NULL, '2022-03-08 10:43:23', '2022-03-08 10:55:30', 'No', '2022-03-10 10:34:00', 'No', '2022-03-30 10:34:00', NULL, NULL),
(316, 20, 21, NULL, NULL, NULL, 'purchase_return', NULL, 'final', NULL, 0, 'due', NULL, 41, NULL, NULL, '2022/0001', NULL, NULL, NULL, '2022-03-08 10:56:29', '1500.0000', 3, '270.0000', NULL, '0.0000', 0, '0.0000', NULL, NULL, NULL, NULL, '0.0000', NULL, NULL, NULL, NULL, NULL, NULL, NULL, 0, NULL, '0.0000', NULL, '0.0000', NULL, '0.0000', NULL, '0.0000', NULL, '0.0000', '1770.0000', NULL, NULL, NULL, NULL, 0, 0, '1.000', NULL, NULL, 315, NULL, 33, 0, NULL, NULL, NULL, NULL, NULL, NULL, NULL, NULL, NULL, NULL, '0.0000', 'percentage', 0, NULL, NULL, NULL, NULL, NULL, NULL, NULL, NULL, NULL, NULL, NULL, 0, 0, NULL, 0, NULL, NULL, NULL, NULL, NULL, NULL, NULL, NULL, NULL, '2022-03-08 10:56:29', '2022-03-08 10:57:04', 'Yes', '0000-00-00 00:00:00', 'Yes', '0000-00-00 00:00:00', NULL, NULL),
(317, 20, 21, NULL, NULL, NULL, 'sell', NULL, 'draft', 'proforma', 1, NULL, NULL, 38, NULL, '2022/0014', '', NULL, NULL, NULL, '2022-03-08 10:59:00', '14160.0000', NULL, '0.0000', 'fixed', '100.0000', 0, '0.0000', 'Mwanza', NULL, 'ordered', 'Kevin Zilimu', '200.0000', NULL, NULL, NULL, NULL, NULL, NULL, NULL, 0, NULL, '0.0000', 'storage', '40.0000', 'TBS', '0.0000', NULL, '0.0000', NULL, '0.0000', '14300.0000', NULL, NULL, NULL, NULL, 1, 0, '1.000', NULL, NULL, NULL, NULL, 33, 0, NULL, NULL, NULL, NULL, NULL, NULL, NULL, NULL, NULL, NULL, '0.0000', 'percentage', 0, NULL, NULL, NULL, '0.0000', NULL, NULL, NULL, NULL, NULL, NULL, NULL, 0, 0, NULL, 0, 1.0000, 'days', 0, NULL, NULL, '41b8072412a3ac8fa21144c4f7d8544a', 2, 'days', NULL, '2022-03-08 11:05:31', '2022-03-08 11:07:24', 'Yes', '0000-00-00 00:00:00', 'Yes', '0000-00-00 00:00:00', '2022-03-09 10:59:00', NULL),
(318, 20, 21, NULL, NULL, NULL, 'sell', NULL, 'final', NULL, 0, 'paid', NULL, 38, NULL, 'PR2022-0003', '', NULL, NULL, NULL, '2022-03-19 11:10:00', '13717.5000', NULL, '0.0000', 'percentage', '0.0000', 0, '0.0000', NULL, NULL, NULL, NULL, '0.0000', NULL, NULL, NULL, NULL, NULL, NULL, NULL, 0, NULL, '0.5000', NULL, '0.0000', NULL, '0.0000', NULL, '0.0000', NULL, '0.0000', '13718.0000', NULL, NULL, NULL, NULL, 1, 0, '1.000', NULL, NULL, NULL, NULL, 33, 0, NULL, NULL, NULL, NULL, NULL, NULL, NULL, NULL, NULL, NULL, '0.0000', 'percentage', 0, NULL, NULL, NULL, '0.0000', NULL, NULL, NULL, NULL, NULL, NULL, NULL, 0, 0, NULL, 0, 1.0000, 'days', 0, NULL, NULL, '48df5ea3c9fdb2e7e394a19071d9a200', NULL, NULL, NULL, '2022-03-19 11:10:40', '2022-03-19 11:23:08', 'Yes', '0000-00-00 00:00:00', 'Yes', '0000-00-00 00:00:00', '2022-03-19 11:10:00', NULL);

-- --------------------------------------------------------

--
-- Table structure for table `transaction_payments`
--

CREATE TABLE `transaction_payments` (
  `id` int(10) UNSIGNED NOT NULL,
  `transaction_id` int(10) UNSIGNED DEFAULT NULL,
  `business_id` int(11) DEFAULT NULL,
  `is_return` tinyint(1) NOT NULL DEFAULT '0' COMMENT 'Used during sales to return the change',
  `amount` decimal(22,4) NOT NULL DEFAULT '0.0000',
  `method` varchar(191) COLLATE utf8mb4_unicode_ci DEFAULT NULL,
  `transaction_no` varchar(191) COLLATE utf8mb4_unicode_ci DEFAULT NULL,
  `card_transaction_number` varchar(191) COLLATE utf8mb4_unicode_ci DEFAULT NULL,
  `card_number` varchar(191) COLLATE utf8mb4_unicode_ci DEFAULT NULL,
  `card_type` varchar(191) COLLATE utf8mb4_unicode_ci DEFAULT NULL,
  `card_holder_name` varchar(191) COLLATE utf8mb4_unicode_ci DEFAULT NULL,
  `card_month` varchar(191) COLLATE utf8mb4_unicode_ci DEFAULT NULL,
  `card_year` varchar(191) COLLATE utf8mb4_unicode_ci DEFAULT NULL,
  `card_security` varchar(5) COLLATE utf8mb4_unicode_ci DEFAULT NULL,
  `cheque_number` varchar(191) COLLATE utf8mb4_unicode_ci DEFAULT NULL,
  `bank_account_number` varchar(191) COLLATE utf8mb4_unicode_ci DEFAULT NULL,
  `paid_on` datetime DEFAULT NULL,
  `created_by` int(11) DEFAULT NULL,
  `paid_through_link` tinyint(1) NOT NULL DEFAULT '0',
  `gateway` varchar(191) COLLATE utf8mb4_unicode_ci DEFAULT NULL,
  `is_advance` tinyint(1) NOT NULL DEFAULT '0',
  `payment_for` int(11) DEFAULT NULL,
  `parent_id` int(11) DEFAULT NULL,
  `note` varchar(191) COLLATE utf8mb4_unicode_ci DEFAULT NULL,
  `document` varchar(191) COLLATE utf8mb4_unicode_ci DEFAULT NULL,
  `payment_ref_no` varchar(191) COLLATE utf8mb4_unicode_ci DEFAULT NULL,
  `account_id` int(11) DEFAULT NULL,
  `created_at` timestamp NULL DEFAULT NULL,
  `updated_at` timestamp NULL DEFAULT NULL
) ENGINE=InnoDB DEFAULT CHARSET=utf8mb4 COLLATE=utf8mb4_unicode_ci;

--
-- Dumping data for table `transaction_payments`
--

INSERT INTO `transaction_payments` (`id`, `transaction_id`, `business_id`, `is_return`, `amount`, `method`, `transaction_no`, `card_transaction_number`, `card_number`, `card_type`, `card_holder_name`, `card_month`, `card_year`, `card_security`, `cheque_number`, `bank_account_number`, `paid_on`, `created_by`, `paid_through_link`, `gateway`, `is_advance`, `payment_for`, `parent_id`, `note`, `document`, `payment_ref_no`, `account_id`, `created_at`, `updated_at`) VALUES
(1, 2, 2, 0, '1416000.0000', 'cash', NULL, NULL, NULL, 'credit', NULL, NULL, NULL, NULL, NULL, NULL, '2020-03-27 23:43:04', 2, 0, NULL, 0, 2, NULL, NULL, NULL, 'SP2020/0001', NULL, '2020-03-27 23:43:04', '2020-03-27 23:43:04'),
(2, 3, 2, 0, '30000.0000', 'cash', NULL, NULL, NULL, 'credit', NULL, NULL, NULL, NULL, NULL, NULL, '2020-03-27 23:50:14', 2, 0, NULL, 0, 5, NULL, NULL, NULL, 'PP2020/0001', NULL, '2020-03-27 23:50:14', '2020-03-27 23:50:14'),
(3, 19, 5, 0, '2513.4000', 'cash', NULL, NULL, NULL, 'credit', NULL, NULL, NULL, NULL, NULL, NULL, '2020-04-01 00:33:07', 6, 0, NULL, 0, 6, NULL, NULL, NULL, 'SP2020/0001', NULL, '2020-04-01 00:33:07', '2020-04-01 00:33:07'),
(4, 20, 5, 0, '1637.8400', 'cash', NULL, NULL, NULL, 'credit', NULL, NULL, NULL, NULL, NULL, NULL, '2020-04-01 00:34:11', 6, 0, NULL, 0, 6, NULL, NULL, NULL, 'SP2020/0002', NULL, '2020-04-01 00:34:11', '2020-04-01 00:34:11'),
(5, 25, 5, 0, '230.1000', 'cash', NULL, NULL, NULL, 'credit', NULL, NULL, NULL, NULL, NULL, NULL, '2020-04-01 11:48:18', 6, 0, NULL, 0, 6, NULL, NULL, NULL, 'SP2020/0003', NULL, '2020-04-01 11:48:18', '2020-04-01 11:48:18'),
(6, 23, 5, 0, '1216.5800', 'cash', NULL, NULL, NULL, 'credit', NULL, NULL, NULL, NULL, NULL, NULL, '2020-04-01 13:41:29', 5, 0, NULL, 0, 6, NULL, NULL, NULL, 'SP2020/0004', NULL, '2020-04-01 13:41:29', '2020-04-01 13:41:29'),
(7, 26, 5, 0, '737.0000', 'cash', NULL, NULL, NULL, 'credit', NULL, NULL, NULL, NULL, NULL, NULL, '2020-04-02 06:58:49', 6, 0, NULL, 0, 6, NULL, NULL, NULL, 'SP2020/0005', NULL, '2020-04-02 06:58:49', '2020-04-02 06:58:49'),
(8, 27, 5, 0, '2285.6600', 'cash', NULL, NULL, NULL, 'credit', NULL, NULL, NULL, NULL, NULL, NULL, '2020-04-17 00:58:08', 5, 0, NULL, 0, 6, NULL, NULL, NULL, 'SP2020/0006', NULL, '2020-04-17 00:58:08', '2020-04-17 00:58:08'),
(9, 28, 5, 0, '2185.3600', 'cash', NULL, NULL, NULL, 'credit', NULL, NULL, NULL, NULL, NULL, NULL, '2020-04-17 00:59:02', 5, 0, NULL, 0, 6, NULL, NULL, NULL, 'SP2020/0007', NULL, '2020-04-17 00:59:02', '2020-04-17 00:59:02'),
(10, 29, 5, 0, '11988000.0000', 'cash', NULL, NULL, NULL, 'credit', NULL, NULL, NULL, NULL, NULL, NULL, '2020-04-17 01:08:29', 5, 0, NULL, 0, 8, NULL, NULL, NULL, 'PP2020/0001', NULL, '2020-04-17 01:08:29', '2020-04-17 01:08:29'),
(11, 30, 5, 0, '10000000.0000', 'cash', NULL, NULL, NULL, 'credit', NULL, NULL, NULL, NULL, NULL, NULL, '2020-04-17 01:34:46', 5, 0, NULL, 0, 8, NULL, NULL, NULL, 'PP2020/0002', NULL, '2020-04-17 01:34:46', '2020-04-17 01:34:46'),
(12, 31, 5, 0, '13200.0000', 'cash', NULL, NULL, NULL, 'credit', NULL, NULL, NULL, NULL, NULL, NULL, '2020-04-17 01:36:11', 5, 0, NULL, 0, 6, NULL, NULL, NULL, 'SP2020/0008', NULL, '2020-04-17 01:36:11', '2020-04-17 01:36:11'),
(13, 32, 5, 0, '795.0000', 'cash', NULL, NULL, NULL, 'credit', NULL, NULL, NULL, NULL, NULL, NULL, '2020-04-17 01:40:17', 5, 0, NULL, 0, 6, NULL, NULL, NULL, 'SP2020/0009', NULL, '2020-04-17 01:40:17', '2020-04-17 01:40:17'),
(14, 33, 7, 0, '300000.0000', 'cash', NULL, NULL, NULL, 'credit', NULL, NULL, NULL, NULL, NULL, NULL, '2020-11-28 15:51:12', 10, 0, NULL, 0, 11, NULL, NULL, NULL, 'SP2020/0001', NULL, '2020-11-28 15:51:12', '2020-11-28 15:51:12'),
(17, 43, 1, 0, '300000.0000', 'cash', NULL, NULL, NULL, 'credit', NULL, NULL, NULL, NULL, NULL, NULL, '2021-01-20 12:35:00', 1, 0, NULL, 0, 14, NULL, NULL, NULL, 'PP2021/0002', NULL, '2021-01-20 12:36:51', '2021-01-20 12:36:51'),
(18, 44, 1, 0, '16500.0000', 'cash', NULL, NULL, NULL, 'credit', NULL, NULL, NULL, NULL, NULL, NULL, '2021-01-20 12:39:00', 1, 0, NULL, 0, 14, NULL, NULL, NULL, 'PP2021/0003', NULL, '2021-01-20 12:41:55', '2021-01-20 12:41:55'),
(19, 51, 1, 0, '36000.0000', 'cash', NULL, NULL, NULL, 'credit', NULL, NULL, NULL, NULL, NULL, NULL, '2021-01-20 13:49:00', 1, 0, NULL, 0, 1, NULL, NULL, NULL, 'SP2021/0002', NULL, '2021-01-20 13:51:18', '2021-01-20 13:51:18'),
(20, 57, 1, 0, '50000.0000', 'cash', NULL, NULL, NULL, 'credit', NULL, NULL, NULL, NULL, NULL, NULL, '2021-01-20 14:12:43', 1, 0, NULL, 0, 1, NULL, NULL, NULL, 'SP2021/0003', NULL, '2021-01-20 14:12:43', '2021-01-20 14:12:43'),
(21, 58, 1, 0, '6200.0000', 'cash', NULL, NULL, NULL, 'credit', NULL, NULL, NULL, NULL, NULL, NULL, '2021-01-20 14:42:35', 15, 0, NULL, 0, 1, NULL, NULL, NULL, 'SP2021/0004', NULL, '2021-01-20 14:42:35', '2021-01-20 14:42:35'),
(22, 59, 1, 0, '2200.0000', 'cash', NULL, NULL, NULL, 'credit', NULL, NULL, NULL, NULL, NULL, NULL, '2021-01-20 14:43:08', 15, 0, NULL, 0, 1, NULL, NULL, NULL, 'SP2021/0005', NULL, '2021-01-20 14:43:08', '2021-01-20 14:43:08'),
(23, 62, 1, 0, '12000.0000', 'cash', NULL, NULL, NULL, 'credit', NULL, NULL, NULL, NULL, NULL, NULL, '2021-01-20 17:30:46', 1, 0, NULL, 0, 1, NULL, NULL, NULL, 'SP2021/0006', NULL, '2021-01-20 17:30:46', '2021-01-20 17:30:46'),
(24, 63, 1, 0, '120000.0000', 'cash', NULL, NULL, NULL, 'credit', NULL, NULL, NULL, NULL, NULL, NULL, '2021-01-20 20:31:00', 1, 0, NULL, 0, 14, NULL, NULL, NULL, 'PP2021/0004', NULL, '2021-01-20 20:31:54', '2021-01-20 20:31:54'),
(25, 64, 1, 0, '120000.0000', 'cash', NULL, NULL, NULL, 'credit', NULL, NULL, NULL, NULL, NULL, NULL, '2021-01-20 20:32:00', 1, 0, NULL, 0, 14, NULL, NULL, NULL, 'PP2021/0005', NULL, '2021-01-20 20:33:44', '2021-01-20 20:33:44'),
(26, 67, 1, 0, '78000.0000', 'cash', NULL, NULL, NULL, 'credit', NULL, NULL, NULL, NULL, NULL, NULL, '2021-01-21 12:51:00', 1, 0, NULL, 0, 13, NULL, NULL, NULL, 'PP2021/0006', NULL, '2021-01-21 12:57:33', '2021-01-21 12:57:33'),
(28, 71, 1, 0, '100000.0000', 'cash', NULL, NULL, NULL, 'credit', NULL, NULL, NULL, NULL, NULL, NULL, '2021-01-21 13:30:24', 1, 0, NULL, 0, 1, NULL, NULL, NULL, 'SP2021/0007', NULL, '2021-01-21 13:30:24', '2021-01-21 13:30:24'),
(29, 72, 1, 0, '3200.0000', 'cash', NULL, NULL, NULL, 'credit', NULL, NULL, NULL, NULL, NULL, NULL, '2021-01-21 14:12:43', 1, 0, NULL, 0, 1, NULL, NULL, NULL, 'SP2021/0008', NULL, '2021-01-21 14:12:43', '2021-01-21 14:12:43'),
(30, 74, 1, 0, '1000.0000', 'card', NULL, NULL, NULL, 'visa', NULL, NULL, NULL, NULL, NULL, NULL, '2021-01-21 14:13:20', 1, 0, NULL, 0, 1, NULL, NULL, NULL, 'SP2021/0009', NULL, '2021-01-21 14:13:20', '2021-01-21 14:13:20'),
(31, 81, 1, 0, '1000.0000', 'cash', NULL, NULL, NULL, 'credit', NULL, NULL, NULL, NULL, NULL, NULL, '2021-01-22 13:51:35', 1, 0, NULL, 0, 1, NULL, NULL, NULL, 'SP2021/0010', NULL, '2021-01-22 13:51:35', '2021-01-22 13:51:35'),
(32, 83, 2, 0, '1426000.0000', 'cash', NULL, NULL, NULL, 'credit', NULL, NULL, NULL, NULL, NULL, NULL, '2021-01-29 21:48:27', 2, 0, NULL, 0, 2, NULL, NULL, NULL, 'SP2021/0002', NULL, '2021-01-29 21:48:27', '2021-01-29 21:48:27'),
(33, 85, 2, 0, '2795360.0000', 'cash', NULL, NULL, NULL, 'credit', NULL, NULL, NULL, NULL, NULL, NULL, '2021-01-29 22:30:00', 2, 0, NULL, 0, 2, NULL, NULL, NULL, 'SP2021/0003', NULL, '2021-01-29 22:30:52', '2021-01-29 22:30:52'),
(34, 93, 10, 0, '35000.0000', 'cash', NULL, NULL, NULL, 'credit', NULL, NULL, NULL, NULL, NULL, NULL, '2021-01-30 21:31:32', 18, 0, NULL, 0, 17, NULL, NULL, NULL, 'SP2021/0001', 1, '2021-01-30 21:31:32', '2021-03-12 23:32:52'),
(35, 95, 10, 0, '7000.0000', 'cash', NULL, NULL, NULL, 'credit', NULL, NULL, NULL, NULL, NULL, NULL, '2021-01-30 22:01:32', 18, 0, NULL, 0, 17, NULL, NULL, NULL, 'SP2021/0002', NULL, '2021-01-30 22:01:32', '2021-01-30 22:01:32'),
(36, 97, 10, 0, '9000.0000', 'cash', NULL, NULL, NULL, 'credit', NULL, NULL, NULL, NULL, NULL, NULL, '2021-02-02 11:36:37', 18, 0, NULL, 0, 17, NULL, NULL, NULL, 'SP2021/0003', NULL, '2021-02-02 11:36:37', '2021-02-02 11:36:37'),
(37, 100, 10, 0, '42000.0000', 'cash', NULL, NULL, NULL, 'credit', NULL, NULL, NULL, NULL, NULL, NULL, '2021-02-05 18:34:34', 18, 0, NULL, 0, 17, NULL, NULL, NULL, 'SP2021/0004', NULL, '2021-02-05 18:34:34', '2021-02-05 18:34:34'),
(38, 101, 10, 0, '14000.0000', 'cash', NULL, NULL, NULL, 'credit', NULL, NULL, NULL, NULL, NULL, NULL, '2021-02-05 18:34:56', 18, 0, NULL, 0, 17, NULL, NULL, NULL, 'SP2021/0005', NULL, '2021-02-05 18:34:56', '2021-02-05 18:34:56'),
(39, 106, 10, 0, '14000.0000', 'cash', NULL, NULL, NULL, 'credit', NULL, NULL, NULL, NULL, NULL, NULL, '2021-02-15 16:07:04', 18, 0, NULL, 0, 17, NULL, NULL, NULL, 'SP2021/0006', NULL, '2021-02-15 16:07:04', '2021-02-15 16:07:04'),
(40, 107, 10, 0, '7000.0000', 'cash', NULL, NULL, NULL, 'credit', NULL, NULL, NULL, NULL, NULL, NULL, '2021-02-15 16:23:06', 18, 0, NULL, 0, 17, NULL, NULL, NULL, 'SP2021/0007', NULL, '2021-02-15 16:23:06', '2021-02-15 16:23:06'),
(41, 108, 10, 0, '6000.0000', 'cash', NULL, NULL, NULL, 'credit', NULL, NULL, NULL, NULL, NULL, NULL, '2021-02-16 11:37:10', 18, 0, NULL, 0, 17, NULL, NULL, NULL, 'SP2021/0008', NULL, '2021-02-16 11:37:10', '2021-02-16 11:37:10'),
(42, 110, 10, 0, '6000.0000', 'cash', NULL, NULL, NULL, 'credit', NULL, NULL, NULL, NULL, NULL, NULL, '2021-02-17 12:14:11', 18, 0, NULL, 0, 17, NULL, NULL, NULL, 'SP2021/0009', NULL, '2021-02-17 12:14:11', '2021-02-17 12:14:11'),
(43, 111, 10, 0, '4000.0000', 'cash', NULL, NULL, NULL, 'credit', NULL, NULL, NULL, NULL, NULL, NULL, '2021-02-18 07:43:18', 18, 0, NULL, 0, 17, NULL, NULL, NULL, 'SP2021/0010', NULL, '2021-02-18 07:43:18', '2021-02-18 07:43:18'),
(44, 115, 10, 0, '2000.0000', 'cash', NULL, NULL, NULL, 'credit', NULL, NULL, NULL, NULL, NULL, NULL, '2021-02-18 11:03:07', 18, 0, NULL, 0, 17, NULL, NULL, NULL, 'SP2021/0011', NULL, '2021-02-18 11:03:07', '2021-02-18 11:03:07'),
(45, 116, 10, 0, '2360.0000', 'cash', NULL, NULL, NULL, 'credit', NULL, NULL, NULL, NULL, NULL, NULL, '2021-02-18 11:04:00', 18, 0, NULL, 0, 17, NULL, NULL, NULL, 'SP2021/0012', NULL, '2021-02-18 11:06:13', '2021-02-18 11:06:13'),
(49, 120, 1, 0, '1200.0000', 'cash', NULL, NULL, NULL, 'credit', NULL, NULL, NULL, NULL, NULL, NULL, '2021-02-18 11:36:54', 1, 0, NULL, 0, 1, NULL, NULL, NULL, 'SP2021/0011', NULL, '2021-02-18 11:36:54', '2021-02-18 11:36:54'),
(50, 121, 1, 0, '1200.0000', 'cash', NULL, NULL, NULL, 'credit', NULL, NULL, NULL, NULL, NULL, NULL, '2021-02-18 13:05:09', 1, 0, NULL, 0, 1, NULL, NULL, NULL, 'SP2021/0012', NULL, '2021-02-18 13:05:09', '2021-02-18 13:05:09'),
(51, 122, 1, 0, '4200.0000', 'card', NULL, NULL, NULL, 'visa', NULL, NULL, NULL, NULL, NULL, NULL, '2021-02-18 13:28:04', 1, 0, NULL, 0, 1, NULL, NULL, NULL, 'SP2021/0013', NULL, '2021-02-18 13:28:04', '2021-02-18 13:28:04'),
(52, 123, 10, 0, '2000.0000', 'cash', NULL, NULL, NULL, 'credit', NULL, NULL, NULL, NULL, NULL, NULL, '2021-02-24 11:50:31', 18, 0, NULL, 0, 17, NULL, NULL, NULL, 'SP2021/0013', NULL, '2021-02-24 11:50:31', '2021-02-24 11:50:31'),
(53, 125, 12, 0, '6000.0000', 'cash', NULL, NULL, NULL, 'credit', NULL, NULL, NULL, NULL, NULL, NULL, '2021-02-25 11:02:07', 20, 0, NULL, 0, 19, NULL, NULL, NULL, 'SP2021/0001', NULL, '2021-02-25 11:02:07', '2021-02-25 11:02:07'),
(54, 126, 12, 0, '1500.0000', 'cash', NULL, NULL, NULL, 'credit', NULL, NULL, NULL, NULL, NULL, NULL, '2021-02-25 11:02:48', 20, 0, NULL, 0, 19, NULL, NULL, NULL, 'SP2021/0002', NULL, '2021-02-25 11:02:48', '2021-02-25 11:02:48'),
(55, 127, 12, 0, '5000.0000', 'cash', NULL, NULL, NULL, 'credit', NULL, NULL, NULL, NULL, NULL, NULL, '2021-02-25 11:09:00', 20, 0, NULL, 0, 20, NULL, NULL, NULL, 'PP2021/0001', NULL, '2021-02-25 11:09:42', '2021-02-25 11:09:42'),
(56, 130, 10, 0, '200000000.0000', 'cash', NULL, NULL, NULL, 'credit', NULL, NULL, NULL, NULL, NULL, NULL, '2021-02-25 14:46:00', 18, 0, NULL, 0, 22, NULL, NULL, NULL, 'PP2021/0001', NULL, '2021-02-25 14:50:16', '2021-02-25 14:50:16'),
(57, 129, 10, 0, '55000.0000', 'cash', NULL, NULL, NULL, 'credit', NULL, NULL, NULL, NULL, NULL, NULL, '2021-02-25 14:50:00', 18, 0, NULL, 0, 22, NULL, NULL, NULL, 'PP2021/0002', NULL, '2021-02-25 14:50:34', '2021-02-25 14:50:34'),
(58, 133, 10, 0, '7000.0000', 'cash', NULL, NULL, NULL, 'credit', NULL, NULL, NULL, NULL, NULL, NULL, '2021-02-26 15:33:17', 18, 0, NULL, 0, 17, NULL, NULL, NULL, 'SP2021/0014', NULL, '2021-02-26 15:33:17', '2021-02-26 15:33:17'),
(59, 134, 10, 0, '7000.0000', 'cash', NULL, NULL, NULL, 'credit', NULL, NULL, NULL, NULL, NULL, NULL, '2021-02-26 15:34:52', 18, 0, NULL, 0, 17, NULL, NULL, NULL, 'SP2021/0015', NULL, '2021-02-26 15:34:52', '2021-02-26 15:34:52'),
(60, 135, 10, 0, '7000.0000', 'cash', NULL, NULL, NULL, 'credit', NULL, NULL, NULL, NULL, NULL, NULL, '2021-02-26 15:35:27', 18, 0, NULL, 0, 17, NULL, NULL, NULL, 'SP2021/0016', NULL, '2021-02-26 15:35:27', '2021-02-26 15:35:27'),
(61, 136, 10, 0, '300000.0000', 'cash', NULL, NULL, NULL, 'credit', NULL, NULL, NULL, NULL, NULL, NULL, '2021-02-26 15:40:00', 18, 0, NULL, 0, 22, NULL, NULL, NULL, 'PP2021/0003', NULL, '2021-02-26 15:40:13', '2021-02-26 15:40:13'),
(62, 138, 10, 0, '2500.0000', 'cash', NULL, NULL, NULL, 'credit', NULL, NULL, NULL, NULL, NULL, NULL, '2021-02-26 15:42:51', 18, 0, NULL, 0, 17, NULL, NULL, NULL, 'SP2021/0017', NULL, '2021-02-26 15:42:51', '2021-02-26 15:42:51'),
(63, 139, 10, 0, '24000.0000', 'cash', NULL, NULL, NULL, 'credit', NULL, NULL, NULL, NULL, NULL, NULL, '2021-02-27 00:57:00', 18, 0, NULL, 0, 17, NULL, NULL, NULL, 'SP2021/0018', NULL, '2021-02-27 00:57:00', '2021-03-03 15:50:57'),
(64, 109, 10, 0, '100000.0000', 'cash', NULL, NULL, NULL, 'credit', NULL, NULL, NULL, NULL, NULL, NULL, '2021-03-01 15:13:00', 18, 0, NULL, 0, NULL, NULL, NULL, NULL, '2021/0001', NULL, '2021-03-01 15:13:05', '2021-03-01 15:13:05'),
(65, 142, 10, 0, '2360.0000', 'cash', NULL, NULL, NULL, 'credit', NULL, NULL, NULL, NULL, NULL, NULL, '2021-03-02 20:53:45', 18, 0, NULL, 0, 17, NULL, NULL, NULL, 'SP2021/0019', NULL, '2021-03-02 20:53:45', '2021-03-02 20:53:45'),
(66, 157, 10, 0, '7080.0000', 'cash', NULL, NULL, NULL, 'credit', NULL, NULL, NULL, NULL, NULL, NULL, '2021-03-03 14:26:22', 18, 0, NULL, 0, 17, NULL, NULL, NULL, 'SP2021/0020', NULL, '2021-03-03 14:26:22', '2021-03-03 14:26:22'),
(67, 139, 10, 1, '20000.0000', 'cash', NULL, '', '', '', '', '', NULL, '', '', '', '2021-03-03 15:50:57', 18, 0, NULL, 0, 17, NULL, '', NULL, 'SP2021/0021', NULL, '2021-03-03 15:50:57', '2021-03-03 15:50:57'),
(68, 164, 10, 0, '2360.0000', 'cash', NULL, NULL, NULL, 'credit', NULL, NULL, NULL, NULL, NULL, NULL, '2021-03-03 18:32:38', 18, 0, NULL, 0, 17, NULL, NULL, NULL, 'SP2021/0022', NULL, '2021-03-03 18:32:38', '2021-03-03 18:32:38'),
(69, 165, 10, 0, '6490.0000', 'cash', NULL, NULL, NULL, 'credit', NULL, NULL, NULL, NULL, NULL, NULL, '2021-03-03 18:37:22', 18, 0, NULL, 0, 17, NULL, NULL, NULL, 'SP2021/0023', NULL, '2021-03-03 18:37:22', '2021-03-03 18:37:22'),
(70, 166, 10, 0, '7080.0000', 'card', NULL, NULL, NULL, 'visa', NULL, NULL, NULL, NULL, NULL, NULL, '2021-03-03 19:00:14', 18, 0, NULL, 0, 17, NULL, NULL, NULL, 'SP2021/0024', NULL, '2021-03-03 19:00:14', '2021-03-03 19:00:14'),
(71, 156, 10, 0, '45000.0000', 'cash', NULL, NULL, NULL, 'credit', NULL, NULL, NULL, NULL, NULL, NULL, '2021-03-03 20:30:00', 18, 0, NULL, 0, 22, NULL, NULL, NULL, 'PP2021/0004', NULL, '2021-03-03 20:30:48', '2021-03-03 20:30:48'),
(72, 170, 10, 0, '5000.0000', 'bank_transfer', NULL, NULL, NULL, 'credit', NULL, NULL, NULL, NULL, NULL, NULL, '2021-03-13 00:19:00', 18, 0, NULL, 0, 22, NULL, NULL, NULL, 'SP2021/0025', 1, '2021-03-13 00:22:10', '2021-03-13 00:22:10'),
(73, 172, 10, 0, '5900.0000', 'cash', NULL, NULL, NULL, 'credit', NULL, NULL, NULL, NULL, NULL, NULL, '2021-03-15 11:34:23', 18, 0, NULL, 0, 17, NULL, NULL, NULL, 'SP2021/0026', NULL, '2021-03-15 11:34:23', '2021-03-15 11:34:23'),
(74, 175, 10, 0, '29500.0000', 'cash', NULL, NULL, NULL, 'credit', NULL, NULL, NULL, NULL, NULL, NULL, '2021-03-17 01:21:51', 18, 0, NULL, 0, 17, NULL, NULL, NULL, 'SP2021/0027', NULL, '2021-03-17 01:21:51', '2021-03-17 01:21:51'),
(75, 176, 10, 0, '12980.0000', 'cash', NULL, NULL, NULL, 'credit', NULL, NULL, NULL, NULL, NULL, NULL, '2021-03-17 16:29:55', 18, 0, NULL, 0, 17, NULL, NULL, NULL, 'SP2021/0028', NULL, '2021-03-17 16:29:55', '2021-03-17 16:29:55'),
(76, 178, 10, 0, '2360.0000', 'cash', NULL, NULL, NULL, 'credit', NULL, NULL, NULL, NULL, NULL, NULL, '2021-03-18 13:54:08', 18, 0, NULL, 0, 17, NULL, NULL, NULL, 'SP2021/0029', NULL, '2021-03-18 13:54:08', '2021-03-18 13:54:08'),
(77, 128, 10, 0, '15500.0000', 'cash', NULL, NULL, NULL, 'credit', NULL, NULL, NULL, NULL, NULL, NULL, '2021-03-19 08:06:22', 18, 0, NULL, 0, 17, NULL, NULL, NULL, 'SP2021/0030', NULL, '2021-03-19 08:06:22', '2021-03-19 08:06:22'),
(78, 179, 10, 0, '6490.0000', 'cash', NULL, NULL, NULL, 'credit', NULL, NULL, NULL, NULL, NULL, NULL, '2021-03-22 15:46:14', 18, 0, NULL, 0, 17, NULL, NULL, NULL, 'SP2021/0031', NULL, '2021-03-22 15:46:14', '2021-03-22 15:46:14'),
(79, 180, 10, 0, '6000.0000', 'cash', NULL, NULL, NULL, 'credit', NULL, NULL, NULL, NULL, NULL, NULL, '2021-03-22 16:03:40', 18, 0, NULL, 0, 17, NULL, NULL, NULL, 'SP2021/0032', NULL, '2021-03-22 16:03:40', '2021-03-22 16:03:40'),
(80, 180, 10, 1, '100.0000', 'cash', NULL, '', '', '', '', '', NULL, '', '', '', '2021-03-22 16:03:40', 18, 0, NULL, 0, 17, NULL, '', NULL, 'SP2021/0033', NULL, '2021-03-22 16:03:40', '2021-03-22 16:03:40'),
(81, 181, 10, 0, '6490.0000', 'cash', NULL, NULL, NULL, 'credit', NULL, NULL, NULL, NULL, NULL, NULL, '2021-03-23 11:24:08', 18, 0, NULL, 0, 17, NULL, '10000', NULL, 'SP2021/0034', NULL, '2021-03-23 11:24:08', '2021-03-23 11:24:08'),
(82, 182, 10, 0, '30000.0000', 'cash', NULL, NULL, NULL, 'credit', NULL, NULL, NULL, NULL, NULL, NULL, '2021-03-23 15:06:08', 18, 0, NULL, 0, 17, NULL, NULL, NULL, 'SP2021/0035', NULL, '2021-03-23 15:06:08', '2021-03-23 15:06:08'),
(83, 183, 10, 0, '10000.0000', 'cash', NULL, NULL, NULL, 'credit', NULL, NULL, NULL, NULL, NULL, NULL, '2021-03-23 17:05:22', 18, 0, NULL, 0, 17, NULL, NULL, NULL, 'SP2021/0036', NULL, '2021-03-23 17:05:22', '2021-03-23 17:05:22'),
(84, 183, 10, 1, '4100.0000', 'cash', NULL, '', '', '', '', '', NULL, '', '', '', '2021-03-23 17:05:22', 18, 0, NULL, 0, 17, NULL, '', NULL, 'SP2021/0037', NULL, '2021-03-23 17:05:22', '2021-03-23 17:05:22'),
(85, 184, 10, 0, '5900.0000', 'cash', NULL, NULL, NULL, 'credit', NULL, NULL, NULL, NULL, NULL, NULL, '2021-03-23 19:04:22', 18, 0, NULL, 0, 17, NULL, NULL, NULL, 'SP2021/0038', NULL, '2021-03-23 19:04:22', '2021-03-23 19:04:22'),
(86, 185, 10, 0, '5900.0000', 'cash', NULL, NULL, NULL, 'credit', NULL, NULL, NULL, NULL, NULL, NULL, '2021-03-23 19:07:12', 18, 0, NULL, 0, 17, NULL, NULL, NULL, 'SP2021/0039', NULL, '2021-03-23 19:07:12', '2021-03-23 19:07:12'),
(87, 186, 10, 0, '6490.0000', 'cash', NULL, NULL, NULL, 'credit', NULL, NULL, NULL, NULL, NULL, NULL, '2021-03-23 19:28:42', 18, 0, NULL, 0, 17, NULL, NULL, NULL, 'SP2021/0040', NULL, '2021-03-23 19:28:42', '2021-03-23 19:28:42'),
(88, 187, 10, 0, '5900.0000', 'cash', NULL, NULL, NULL, 'credit', NULL, NULL, NULL, NULL, NULL, NULL, '2021-03-23 19:30:30', 18, 0, NULL, 0, 17, NULL, NULL, NULL, 'SP2021/0041', NULL, '2021-03-23 19:30:30', '2021-03-23 19:30:30'),
(89, 188, 10, 0, '5900.0000', 'cash', NULL, NULL, NULL, 'credit', NULL, NULL, NULL, NULL, NULL, NULL, '2021-03-23 19:32:12', 18, 0, NULL, 0, 17, NULL, NULL, NULL, 'SP2021/0042', NULL, '2021-03-23 19:32:12', '2021-03-23 19:32:12'),
(90, 189, 10, 0, '5900.0000', 'cash', NULL, NULL, NULL, 'credit', NULL, NULL, NULL, NULL, NULL, NULL, '2021-03-23 19:46:52', 18, 0, NULL, 0, 17, NULL, NULL, NULL, 'SP2021/0043', NULL, '2021-03-23 19:46:52', '2021-03-23 19:46:52'),
(91, 190, 10, 0, '5900.0000', 'cash', NULL, NULL, NULL, 'credit', NULL, NULL, NULL, NULL, NULL, NULL, '2021-03-23 19:48:26', 18, 0, NULL, 0, 17, NULL, NULL, NULL, 'SP2021/0044', NULL, '2021-03-23 19:48:26', '2021-03-23 19:48:26'),
(92, 191, 10, 0, '7000.0000', 'cash', NULL, NULL, NULL, 'credit', NULL, NULL, NULL, NULL, NULL, NULL, '2021-03-23 19:53:07', 18, 0, NULL, 0, 17, NULL, NULL, NULL, 'SP2021/0045', NULL, '2021-03-23 19:53:07', '2021-03-23 19:53:07'),
(93, 191, 10, 1, '37640.0000', 'cash', NULL, '', '', '', '', '', NULL, '', '', '', '2021-03-23 19:53:07', 18, 0, NULL, 0, 17, NULL, '', NULL, 'SP2021/0046', NULL, '2021-03-23 19:53:07', '2021-03-23 19:53:07'),
(94, 193, 10, 0, '30000.0000', 'cash', NULL, NULL, NULL, 'credit', NULL, NULL, NULL, NULL, NULL, NULL, '2021-03-23 20:16:29', 18, 0, NULL, 0, 17, NULL, NULL, NULL, 'SP2021/0047', NULL, '2021-03-23 20:16:29', '2021-03-23 20:16:29'),
(95, 193, 10, 1, '19380.0000', 'cash', NULL, '', '', '', '', '', NULL, '', '', '', '2021-03-23 20:16:29', 18, 0, NULL, 0, 17, NULL, '', NULL, 'SP2021/0048', NULL, '2021-03-23 20:16:29', '2021-03-23 20:16:29'),
(96, 194, 10, 0, '5900.0000', 'cash', NULL, NULL, NULL, 'credit', NULL, NULL, NULL, NULL, NULL, NULL, '2021-03-24 18:01:50', 18, 0, NULL, 0, 17, NULL, NULL, NULL, 'SP2021/0049', NULL, '2021-03-24 18:01:50', '2021-03-24 18:01:50'),
(97, 195, 10, 0, '2360.0000', 'cash', NULL, NULL, NULL, 'credit', NULL, NULL, NULL, NULL, NULL, NULL, '2021-03-24 18:05:56', 18, 0, NULL, 0, 17, NULL, NULL, NULL, 'SP2021/0050', NULL, '2021-03-24 18:05:56', '2021-03-24 18:05:56'),
(98, 196, 10, 0, '3000.0000', 'cash', NULL, NULL, NULL, 'credit', NULL, NULL, NULL, NULL, NULL, NULL, '2021-03-24 18:52:05', 18, 0, NULL, 0, 17, NULL, NULL, NULL, 'SP2021/0051', NULL, '2021-03-24 18:52:05', '2021-03-24 18:52:05'),
(99, 196, 10, 1, '640.0000', 'cash', NULL, '', '', '', '', '', NULL, '', '', '', '2021-03-24 18:52:05', 18, 0, NULL, 0, 17, NULL, '', NULL, 'SP2021/0052', NULL, '2021-03-24 18:52:05', '2021-03-24 18:52:05'),
(100, 197, 10, 0, '8260.0000', 'cash', NULL, NULL, NULL, 'credit', NULL, NULL, NULL, NULL, NULL, NULL, '2021-03-24 18:54:42', 18, 0, NULL, 0, 17, NULL, NULL, NULL, 'SP2021/0053', NULL, '2021-03-24 18:54:42', '2021-03-24 18:54:42'),
(101, 201, 17, 0, '300000.0000', 'cash', NULL, NULL, NULL, 'credit', NULL, NULL, NULL, NULL, NULL, NULL, '2021-04-14 15:20:26', 26, 0, NULL, 0, 27, NULL, NULL, NULL, 'SP2021/0001', NULL, '2021-04-14 15:20:26', '2021-04-14 15:20:26'),
(102, 204, 17, 0, '7500000.0000', 'cash', NULL, NULL, NULL, 'credit', NULL, NULL, NULL, NULL, NULL, NULL, '2021-04-17 11:01:00', 26, 0, NULL, 0, 28, NULL, 'paid today', NULL, 'PP2021/0001', NULL, '2021-04-17 11:04:32', '2021-04-17 11:04:32'),
(103, 205, 17, 0, '330000.0000', 'cash', NULL, NULL, NULL, 'credit', NULL, NULL, NULL, NULL, NULL, NULL, '2021-04-17 11:06:04', 26, 0, NULL, 0, 27, NULL, NULL, NULL, 'SP2021/0002', NULL, '2021-04-17 11:06:04', '2021-04-17 11:06:04'),
(104, 206, 17, 0, '310000.0000', 'cash', NULL, NULL, NULL, 'credit', NULL, NULL, NULL, NULL, NULL, NULL, '2021-04-17 11:19:59', 26, 0, NULL, 0, 27, NULL, NULL, NULL, 'SP2021/0003', NULL, '2021-04-17 11:19:59', '2021-04-17 11:19:59'),
(106, 263, 10, 0, '8260.0000', 'cash', NULL, NULL, NULL, 'credit', NULL, NULL, NULL, NULL, NULL, NULL, '2021-06-21 17:34:45', 18, 0, NULL, 0, 17, NULL, NULL, NULL, 'SP2021/0054', NULL, '2021-06-21 14:34:45', '2021-06-21 14:34:45'),
(107, 264, 10, 0, '1180.0000', 'cash', NULL, NULL, NULL, 'credit', NULL, NULL, NULL, NULL, NULL, NULL, '2021-07-14 23:51:50', 18, 0, NULL, 0, 17, NULL, NULL, NULL, 'SP2021/0055', NULL, '2021-07-14 20:51:50', '2021-07-14 20:51:50'),
(108, 265, 10, 0, '1180.0000', 'cash', NULL, NULL, NULL, 'credit', NULL, NULL, NULL, NULL, NULL, NULL, '2021-07-14 23:54:00', 18, 0, NULL, 0, 34, NULL, NULL, NULL, 'SP2021/0056', NULL, '2021-07-14 20:54:29', '2021-07-14 20:54:29'),
(109, 267, 10, 0, '18880.0000', 'cash', NULL, NULL, NULL, 'credit', NULL, NULL, NULL, NULL, NULL, NULL, '2021-07-15 00:14:30', 18, 0, NULL, 0, 17, NULL, NULL, NULL, 'SP2021/0057', NULL, '2021-07-14 21:14:30', '2021-07-14 21:14:30'),
(110, 269, 10, 0, '10000.0000', 'cash', NULL, NULL, NULL, 'credit', NULL, NULL, NULL, NULL, NULL, NULL, '2021-07-15 00:15:00', 18, 0, NULL, 0, NULL, NULL, NULL, NULL, 'SP2021/0058', NULL, '2021-07-14 21:17:31', '2021-07-14 21:17:31'),
(111, 271, 10, 0, '7080.0000', 'cash', NULL, NULL, NULL, 'credit', NULL, NULL, NULL, NULL, NULL, NULL, '2021-11-16 19:01:04', 18, 0, NULL, 0, 17, NULL, NULL, NULL, 'SP2021/0059', NULL, '2021-11-16 16:01:04', '2021-11-16 16:01:04'),
(112, 273, 10, 0, '7080.0000', 'cash', NULL, NULL, NULL, 'credit', NULL, NULL, NULL, NULL, NULL, NULL, '2021-11-16 19:08:14', 18, 0, NULL, 0, 17, NULL, NULL, NULL, 'SP2021/0060', NULL, '2021-11-16 16:08:14', '2021-11-16 16:08:14'),
(113, 276, 1, 0, '1000.0000', 'cash', NULL, NULL, NULL, 'credit', NULL, NULL, NULL, NULL, NULL, NULL, '2022-01-13 18:56:00', 1, 0, NULL, 0, 7, NULL, '1000', NULL, 'SP2022/0014', NULL, '2022-01-13 15:56:57', '2022-01-13 15:56:57'),
(114, 276, 1, 0, '3000.0000', 'cash', NULL, NULL, NULL, 'credit', NULL, NULL, NULL, NULL, NULL, NULL, '2022-01-13 18:57:00', 1, 0, NULL, 0, 7, NULL, NULL, NULL, 'SP2022/0015', NULL, '2022-01-13 15:57:48', '2022-01-13 15:57:48'),
(115, 280, 1, 0, '2000.0000', 'cash', NULL, NULL, NULL, 'credit', NULL, NULL, NULL, NULL, NULL, NULL, '2022-01-30 22:17:26', 1, 0, NULL, 0, 1, NULL, NULL, NULL, 'SP2022/0016', NULL, '2022-01-30 19:17:26', '2022-01-30 19:17:26'),
(116, 281, 1, 0, '1000.0000', 'cash', NULL, NULL, NULL, 'credit', NULL, NULL, NULL, NULL, NULL, NULL, '2022-01-30 22:20:45', 1, 0, NULL, 0, 1, NULL, NULL, NULL, 'SP2022/0017', NULL, '2022-01-30 19:20:45', '2022-01-30 19:20:45'),
(117, 282, 1, 0, '1000.0000', 'cash', NULL, NULL, NULL, 'credit', NULL, NULL, NULL, NULL, NULL, NULL, '2022-01-30 22:22:21', 1, 0, NULL, 0, 7, NULL, NULL, NULL, 'SP2022/0018', NULL, '2022-01-30 19:22:21', '2022-01-30 19:22:21'),
(119, 284, 1, 0, '2200.0000', 'cash', NULL, NULL, NULL, 'credit', NULL, NULL, NULL, NULL, NULL, NULL, '2022-01-30 22:24:00', 1, 0, NULL, 0, 1, NULL, NULL, NULL, 'SP2022/0019', NULL, '2022-01-30 19:24:10', '2022-02-10 16:05:07'),
(120, 275, 1, 0, '1000.0000', 'cash', NULL, NULL, NULL, 'credit', NULL, NULL, NULL, NULL, NULL, NULL, '2022-02-10 19:05:00', 1, 0, NULL, 0, 1, NULL, NULL, NULL, 'SP2022/0020', NULL, '2022-02-10 16:05:32', '2022-02-10 16:05:32'),
(121, 288, 1, 0, '100.0000', 'cash', NULL, NULL, NULL, 'credit', NULL, NULL, NULL, NULL, NULL, NULL, '2022-02-10 20:30:00', 1, 0, NULL, 0, 35, NULL, NULL, NULL, 'SP2022/0021', NULL, '2022-02-10 17:30:00', '2022-02-10 17:30:00'),
(122, 288, 1, 0, '200.0000', 'bank_transfer', NULL, NULL, NULL, 'credit', NULL, NULL, NULL, NULL, NULL, NULL, '2022-02-10 20:34:00', 1, 0, NULL, 0, 35, NULL, 'second', NULL, 'SP2022/0022', NULL, '2022-02-10 17:36:41', '2022-02-10 17:36:41'),
(123, 289, 1, 0, '1000.0000', 'bank_transfer', NULL, NULL, NULL, 'credit', NULL, NULL, NULL, NULL, NULL, NULL, '2022-02-10 21:48:00', 1, 0, NULL, 0, 1, NULL, NULL, NULL, 'SP2022/0023', NULL, '2022-02-10 18:49:10', '2022-02-10 18:49:10'),
(125, 291, 1, 0, '1000.0000', 'cash', NULL, NULL, NULL, 'credit', NULL, NULL, NULL, NULL, NULL, NULL, '2022-02-10 21:53:06', 1, 0, NULL, 0, 35, NULL, NULL, NULL, 'SP2022/0024', NULL, '2022-02-10 18:53:06', '2022-02-10 18:53:06'),
(126, 292, 1, 0, '1000.0000', 'cash', NULL, NULL, NULL, 'credit', NULL, NULL, NULL, NULL, NULL, NULL, '2022-02-10 21:58:00', 1, 0, NULL, 0, 35, NULL, 'returned', '1644519556_4061545261.pdf', 'SP2022/0025', NULL, '2022-02-10 18:59:16', '2022-02-10 18:59:16'),
(127, 296, 20, 0, '1500.0000', 'bank_transfer', NULL, NULL, NULL, 'credit', NULL, NULL, NULL, NULL, NULL, '0122882319761', '2022-02-18 13:32:00', 33, 0, NULL, 0, 39, NULL, NULL, NULL, 'PP2022/0001', 2, '2022-02-18 10:33:04', '2022-03-08 11:19:49'),
(128, 296, 20, 0, '100.0000', 'cash', NULL, NULL, NULL, 'credit', NULL, NULL, NULL, NULL, NULL, NULL, '2022-02-18 13:58:00', 33, 0, NULL, 0, 39, NULL, NULL, NULL, 'PP2022/0002', NULL, '2022-02-18 10:58:16', '2022-02-18 10:58:16'),
(129, 298, 20, 0, '9300.0000', 'cash', NULL, NULL, NULL, 'credit', NULL, NULL, NULL, NULL, NULL, NULL, '2022-02-19 17:33:00', 33, 0, NULL, 0, 40, NULL, NULL, NULL, 'PP2022/0003', NULL, '2022-02-19 14:33:25', '2022-02-19 14:33:25'),
(131, 314, 20, 0, '1000.0000', 'cash', NULL, NULL, NULL, 'credit', NULL, NULL, NULL, NULL, NULL, NULL, '2022-03-06 00:37:00', 33, 0, NULL, 0, 43, NULL, NULL, NULL, 'SP2022/0002', NULL, '2022-03-05 21:37:21', '2022-03-05 21:37:21'),
(132, 315, 20, 0, '2000.0000', 'cash', NULL, NULL, NULL, 'credit', NULL, NULL, NULL, NULL, NULL, NULL, '2022-03-08 10:45:00', 33, 0, NULL, 0, 41, NULL, NULL, NULL, 'PP2022/0004', NULL, '2022-03-08 10:48:28', '2022-03-08 10:48:28'),
(133, 315, 20, 0, '346.8300', 'cash', NULL, NULL, NULL, 'credit', NULL, NULL, NULL, NULL, NULL, NULL, '2022-03-08 10:51:00', 33, 0, NULL, 0, 41, NULL, NULL, NULL, 'PP2022/0005', NULL, '2022-03-08 10:51:20', '2022-03-08 10:51:20'),
(134, 318, 20, 0, '13718.0000', 'cash', NULL, NULL, NULL, 'credit', NULL, NULL, NULL, NULL, NULL, NULL, '2022-03-19 11:10:00', 33, 0, NULL, 0, 38, NULL, NULL, NULL, 'SP2022/0003', NULL, '2022-03-19 11:10:40', '2022-03-19 11:10:40');

-- --------------------------------------------------------

--
-- Table structure for table `transaction_sell_lines`
--

CREATE TABLE `transaction_sell_lines` (
  `id` int(10) UNSIGNED NOT NULL,
  `transaction_id` int(10) UNSIGNED NOT NULL,
  `product_id` int(10) UNSIGNED NOT NULL,
  `variation_id` int(10) UNSIGNED NOT NULL,
  `quantity` decimal(22,4) NOT NULL DEFAULT '0.0000',
  `mfg_waste_percent` decimal(22,4) NOT NULL DEFAULT '0.0000',
  `quantity_returned` decimal(20,4) NOT NULL DEFAULT '0.0000',
  `unit_price_before_discount` decimal(22,4) NOT NULL DEFAULT '0.0000',
  `unit_price` decimal(22,4) DEFAULT NULL COMMENT 'Sell price excluding tax',
  `line_discount_type` enum('fixed','percentage') COLLATE utf8mb4_unicode_ci DEFAULT NULL,
  `line_discount_amount` decimal(22,4) NOT NULL DEFAULT '0.0000',
  `unit_price_inc_tax` decimal(22,4) DEFAULT NULL COMMENT 'Sell price including tax',
  `item_tax` decimal(22,4) NOT NULL COMMENT 'Tax for one quantity',
  `tax_id` int(10) UNSIGNED DEFAULT NULL,
  `discount_id` int(11) DEFAULT NULL,
  `lot_no_line_id` int(11) DEFAULT NULL,
  `sell_line_note` text COLLATE utf8mb4_unicode_ci,
  `so_line_id` int(11) DEFAULT NULL,
  `so_quantity_invoiced` decimal(22,4) NOT NULL DEFAULT '0.0000',
  `res_service_staff_id` int(11) DEFAULT NULL,
  `res_line_order_status` varchar(191) COLLATE utf8mb4_unicode_ci DEFAULT NULL,
  `parent_sell_line_id` int(11) DEFAULT NULL,
  `children_type` varchar(191) COLLATE utf8mb4_unicode_ci NOT NULL DEFAULT '' COMMENT 'Type of children for the parent, like modifier or combo',
  `sub_unit_id` int(11) DEFAULT NULL,
  `created_at` timestamp NULL DEFAULT NULL,
  `updated_at` timestamp NULL DEFAULT NULL,
  `carryout_date` datetime DEFAULT NULL,
  `carryout_outdetails` text COLLATE utf8mb4_unicode_ci
) ENGINE=InnoDB DEFAULT CHARSET=utf8mb4 COLLATE=utf8mb4_unicode_ci;

--
-- Dumping data for table `transaction_sell_lines`
--

INSERT INTO `transaction_sell_lines` (`id`, `transaction_id`, `product_id`, `variation_id`, `quantity`, `mfg_waste_percent`, `quantity_returned`, `unit_price_before_discount`, `unit_price`, `line_discount_type`, `line_discount_amount`, `unit_price_inc_tax`, `item_tax`, `tax_id`, `discount_id`, `lot_no_line_id`, `sell_line_note`, `so_line_id`, `so_quantity_invoiced`, `res_service_staff_id`, `res_line_order_status`, `parent_sell_line_id`, `children_type`, `sub_unit_id`, `created_at`, `updated_at`, `carryout_date`, `carryout_outdetails`) VALUES
(1, 2, 1, 1, '1.0000', '0.0000', '0.0000', '1416000.0000', '1416000.0000', 'fixed', '0.0000', '1416000.0000', '0.0000', NULL, NULL, NULL, '', NULL, '0.0000', NULL, NULL, NULL, '', NULL, '2020-03-27 23:43:04', '2020-03-27 23:43:04', NULL, NULL),
(2, 19, 4, 4, '20.0000', '0.0000', '0.0000', '14.1600', '14.1600', 'fixed', '0.0000', '14.1600', '0.0000', NULL, NULL, NULL, '', NULL, '0.0000', NULL, NULL, NULL, '', NULL, '2020-04-01 00:33:07', '2020-04-01 00:33:07', NULL, NULL),
(3, 19, 5, 5, '10.0000', '0.0000', '0.0000', '16.5200', '16.5200', 'fixed', '0.0000', '16.5200', '0.0000', NULL, NULL, NULL, '', NULL, '0.0000', NULL, NULL, NULL, '', NULL, '2020-04-01 00:33:07', '2020-04-01 00:33:07', NULL, NULL),
(4, 19, 14, 14, '50.0000', '0.0000', '0.0000', '41.3000', '41.3000', 'fixed', '0.0000', '41.3000', '0.0000', NULL, NULL, NULL, '', NULL, '0.0000', NULL, NULL, NULL, '', NULL, '2020-04-01 00:33:07', '2020-04-01 00:33:07', NULL, NULL),
(5, 20, 16, 16, '2.0000', '0.0000', '0.0000', '29.5000', '29.5000', 'fixed', '0.0000', '29.5000', '0.0000', NULL, NULL, NULL, '', NULL, '0.0000', NULL, NULL, NULL, '', NULL, '2020-04-01 00:34:11', '2020-04-01 00:34:11', NULL, NULL),
(6, 20, 11, 11, '2.0000', '0.0000', '0.0000', '17.7000', '17.7000', 'fixed', '0.0000', '17.7000', '0.0000', NULL, NULL, NULL, '', NULL, '0.0000', NULL, NULL, NULL, '', NULL, '2020-04-01 00:34:11', '2020-04-01 00:34:11', NULL, NULL),
(7, 20, 5, 5, '15.0000', '0.0000', '0.0000', '16.5200', '16.5200', 'fixed', '0.0000', '16.5200', '0.0000', NULL, NULL, NULL, '', NULL, '0.0000', NULL, NULL, NULL, '', NULL, '2020-04-01 00:34:11', '2020-04-01 00:34:11', NULL, NULL),
(8, 20, 9, 9, '45.0000', '0.0000', '0.0000', '11.8000', '11.8000', 'fixed', '0.0000', '11.8000', '0.0000', NULL, NULL, NULL, '', NULL, '0.0000', NULL, NULL, NULL, '', NULL, '2020-04-01 00:34:11', '2020-04-01 00:34:11', NULL, NULL),
(9, 20, 12, 12, '48.0000', '0.0000', '0.0000', '5.9000', '5.9000', 'fixed', '0.0000', '5.9000', '0.0000', NULL, NULL, NULL, '', NULL, '0.0000', NULL, NULL, NULL, '', NULL, '2020-04-01 00:34:11', '2020-04-01 00:34:11', NULL, NULL),
(10, 20, 17, 17, '34.0000', '0.0000', '0.0000', '14.1600', '14.1600', 'fixed', '0.0000', '14.1600', '0.0000', NULL, NULL, NULL, '', NULL, '0.0000', NULL, NULL, NULL, '', NULL, '2020-04-01 00:34:11', '2020-04-01 00:34:11', NULL, NULL),
(12, 23, 4, 4, '44.0000', '0.0000', '0.0000', '14.1600', '14.1600', 'fixed', '0.0000', '14.1600', '0.0000', NULL, NULL, NULL, '', NULL, '0.0000', NULL, NULL, NULL, '', NULL, '2020-04-01 11:47:15', '2020-04-01 13:41:29', NULL, NULL),
(13, 23, 5, 5, '7.0000', '0.0000', '0.0000', '16.5200', '16.5200', 'fixed', '0.0000', '16.5200', '0.0000', NULL, NULL, NULL, '', NULL, '0.0000', NULL, NULL, NULL, '', NULL, '2020-04-01 11:47:15', '2020-04-01 13:41:29', NULL, NULL),
(14, 23, 10, 10, '27.0000', '0.0000', '0.0000', '17.7000', '17.7000', 'fixed', '0.0000', '17.7000', '0.0000', NULL, NULL, NULL, '', NULL, '0.0000', NULL, NULL, NULL, '', NULL, '2020-04-01 11:47:15', '2020-04-01 13:41:29', NULL, NULL),
(15, 24, 4, 4, '1.0000', '0.0000', '0.0000', '14.1600', '14.1600', 'fixed', '0.0000', '14.1600', '0.0000', NULL, NULL, NULL, '', NULL, '0.0000', NULL, NULL, NULL, '', NULL, '2020-04-01 11:48:03', '2020-04-01 11:48:03', NULL, NULL),
(16, 25, 9, 9, '9.0000', '0.0000', '0.0000', '11.8000', '11.8000', 'fixed', '0.0000', '11.8000', '0.0000', NULL, NULL, NULL, '', NULL, '0.0000', NULL, NULL, NULL, '', NULL, '2020-04-01 11:48:18', '2020-04-01 11:48:18', NULL, NULL),
(17, 25, 10, 10, '7.0000', '0.0000', '0.0000', '17.7000', '17.7000', 'fixed', '0.0000', '17.7000', '0.0000', NULL, NULL, NULL, '', NULL, '0.0000', NULL, NULL, NULL, '', NULL, '2020-04-01 11:48:18', '2020-04-01 11:48:18', NULL, NULL),
(18, 26, 4, 4, '7.0000', '0.0000', '0.0000', '14.1600', '14.1600', 'fixed', '0.0000', '14.1600', '0.0000', NULL, NULL, NULL, '', NULL, '0.0000', NULL, NULL, NULL, '', NULL, '2020-04-02 06:58:49', '2020-04-02 06:58:49', NULL, NULL),
(19, 26, 5, 5, '4.0000', '0.0000', '0.0000', '16.5200', '16.5200', 'fixed', '0.0000', '16.5200', '0.0000', NULL, NULL, NULL, '', NULL, '0.0000', NULL, NULL, NULL, '', NULL, '2020-04-02 06:58:49', '2020-04-02 06:58:49', NULL, NULL),
(20, 26, 6, 6, '2.0000', '0.0000', '0.0000', '9.4400', '9.4400', 'fixed', '0.0000', '9.4400', '0.0000', NULL, NULL, NULL, '', NULL, '0.0000', NULL, NULL, NULL, '', NULL, '2020-04-02 06:58:49', '2020-04-02 06:58:49', NULL, NULL),
(21, 26, 16, 16, '2.0000', '0.0000', '0.0000', '29.5000', '29.5000', 'fixed', '0.0000', '29.5000', '0.0000', NULL, NULL, NULL, '', NULL, '0.0000', NULL, NULL, NULL, '', NULL, '2020-04-02 06:58:49', '2020-04-02 06:58:49', NULL, NULL),
(22, 26, 15, 15, '2.0000', '0.0000', '0.0000', '70.8000', '70.8000', 'fixed', '0.0000', '70.8000', '0.0000', NULL, NULL, NULL, '', NULL, '0.0000', NULL, NULL, NULL, '', NULL, '2020-04-02 06:58:49', '2020-04-02 06:58:49', NULL, NULL),
(23, 26, 14, 14, '4.0000', '0.0000', '0.0000', '41.3000', '41.3000', 'fixed', '0.0000', '41.3000', '0.0000', NULL, NULL, NULL, '', NULL, '0.0000', NULL, NULL, NULL, '', NULL, '2020-04-02 06:58:49', '2020-04-02 06:58:49', NULL, NULL),
(24, 26, 13, 13, '2.0000', '0.0000', '0.0000', '62.5000', '62.5000', 'fixed', '0.0000', '62.5000', '0.0000', NULL, NULL, NULL, '', NULL, '0.0000', NULL, NULL, NULL, '', NULL, '2020-04-02 06:58:49', '2020-04-02 06:58:49', NULL, NULL),
(25, 26, 3, 3, '2.0000', '0.0000', '0.0000', '11.0000', '11.0000', 'fixed', '0.0000', '11.0000', '0.0000', NULL, NULL, NULL, '', NULL, '0.0000', NULL, NULL, NULL, '', NULL, '2020-04-02 06:58:49', '2020-04-02 06:58:49', NULL, NULL),
(26, 26, 17, 17, '2.0000', '0.0000', '0.0000', '14.1600', '14.1600', 'fixed', '0.0000', '14.1600', '0.0000', NULL, NULL, NULL, '', NULL, '0.0000', NULL, NULL, NULL, '', NULL, '2020-04-02 06:58:49', '2020-04-02 06:58:49', NULL, NULL),
(27, 26, 12, 12, '2.0000', '0.0000', '0.0000', '5.9000', '5.9000', 'fixed', '0.0000', '5.9000', '0.0000', NULL, NULL, NULL, '', NULL, '0.0000', NULL, NULL, NULL, '', NULL, '2020-04-02 06:58:49', '2020-04-02 06:58:49', NULL, NULL),
(28, 27, 4, 4, '1.0000', '0.0000', '0.0000', '14.1600', '14.1600', 'fixed', '0.0000', '14.1600', '0.0000', NULL, NULL, NULL, '', NULL, '0.0000', NULL, NULL, NULL, '', NULL, '2020-04-17 00:58:08', '2020-04-17 00:58:08', NULL, NULL),
(29, 27, 9, 9, '1.0000', '0.0000', '0.0000', '11.8000', '11.8000', 'fixed', '0.0000', '11.8000', '0.0000', NULL, NULL, NULL, '', NULL, '0.0000', NULL, NULL, NULL, '', NULL, '2020-04-17 00:58:08', '2020-04-17 00:58:08', NULL, NULL),
(30, 27, 10, 10, '1.0000', '0.0000', '0.0000', '17.7000', '17.7000', 'fixed', '0.0000', '17.7000', '0.0000', NULL, NULL, NULL, '', NULL, '0.0000', NULL, NULL, NULL, '', NULL, '2020-04-17 00:58:08', '2020-04-17 00:58:08', NULL, NULL),
(31, 27, 11, 11, '1.0000', '0.0000', '0.0000', '17.7000', '17.7000', 'fixed', '0.0000', '17.7000', '0.0000', NULL, NULL, NULL, '', NULL, '0.0000', NULL, NULL, NULL, '', NULL, '2020-04-17 00:58:08', '2020-04-17 00:58:08', NULL, NULL),
(32, 27, 16, 16, '1.0000', '0.0000', '0.0000', '29.5000', '29.5000', 'fixed', '0.0000', '29.5000', '0.0000', NULL, NULL, NULL, '', NULL, '0.0000', NULL, NULL, NULL, '', NULL, '2020-04-17 00:58:08', '2020-04-17 00:58:08', NULL, NULL),
(33, 27, 15, 15, '31.0000', '0.0000', '0.0000', '70.8000', '70.8000', 'fixed', '0.0000', '70.8000', '0.0000', NULL, NULL, NULL, '', NULL, '0.0000', NULL, NULL, NULL, '', NULL, '2020-04-17 00:58:08', '2020-04-17 00:58:08', NULL, NULL),
(34, 28, 17, 17, '16.0000', '0.0000', '0.0000', '14.1600', '14.1600', 'fixed', '0.0000', '14.1600', '0.0000', NULL, NULL, NULL, '', NULL, '0.0000', NULL, NULL, NULL, '', NULL, '2020-04-17 00:59:02', '2020-04-17 00:59:02', NULL, NULL),
(35, 28, 14, 14, '23.0000', '0.0000', '0.0000', '41.3000', '41.3000', 'fixed', '0.0000', '41.3000', '0.0000', NULL, NULL, NULL, '', NULL, '0.0000', NULL, NULL, NULL, '', NULL, '2020-04-17 00:59:02', '2020-04-17 00:59:02', NULL, NULL),
(36, 28, 10, 10, '33.0000', '0.0000', '0.0000', '17.7000', '17.7000', 'fixed', '0.0000', '17.7000', '0.0000', NULL, NULL, NULL, '', NULL, '0.0000', NULL, NULL, NULL, '', NULL, '2020-04-17 00:59:02', '2020-04-17 00:59:02', NULL, NULL),
(37, 28, 11, 11, '24.0000', '0.0000', '0.0000', '17.7000', '17.7000', 'fixed', '0.0000', '17.7000', '0.0000', NULL, NULL, NULL, '', NULL, '0.0000', NULL, NULL, NULL, '', NULL, '2020-04-17 00:59:02', '2020-04-17 00:59:02', NULL, NULL),
(38, 31, 20, 20, '1.0000', '0.0000', '0.0000', '13200.0000', '13200.0000', 'fixed', '0.0000', '13200.0000', '0.0000', NULL, NULL, NULL, '', NULL, '0.0000', NULL, NULL, NULL, '', NULL, '2020-04-17 01:36:11', '2020-04-17 01:36:11', NULL, NULL),
(39, 32, 21, 21, '1.0000', '0.0000', '0.0000', '15.0000', '15.0000', 'fixed', '0.0000', '15.0000', '0.0000', NULL, NULL, NULL, '', NULL, '0.0000', NULL, NULL, NULL, '', NULL, '2020-04-17 01:40:17', '2020-04-17 01:40:17', NULL, NULL),
(40, 32, 21, 21, '1.0000', '0.0000', '0.0000', '15.0000', '15.0000', 'fixed', '0.0000', '15.0000', '0.0000', NULL, NULL, NULL, '', NULL, '0.0000', NULL, NULL, NULL, '', NULL, '2020-04-17 01:40:17', '2020-04-17 01:40:17', NULL, NULL),
(41, 32, 21, 21, '1.0000', '0.0000', '0.0000', '15.0000', '15.0000', 'fixed', '0.0000', '15.0000', '0.0000', NULL, NULL, NULL, '', NULL, '0.0000', NULL, NULL, NULL, '', NULL, '2020-04-17 01:40:17', '2020-04-17 01:40:17', NULL, NULL),
(42, 32, 21, 21, '1.0000', '0.0000', '0.0000', '15.0000', '15.0000', 'fixed', '0.0000', '15.0000', '0.0000', NULL, NULL, NULL, '', NULL, '0.0000', NULL, NULL, NULL, '', NULL, '2020-04-17 01:40:17', '2020-04-17 01:40:17', NULL, NULL),
(43, 32, 21, 21, '1.0000', '0.0000', '0.0000', '15.0000', '15.0000', 'fixed', '0.0000', '15.0000', '0.0000', NULL, NULL, NULL, '', NULL, '0.0000', NULL, NULL, NULL, '', NULL, '2020-04-17 01:40:17', '2020-04-17 01:40:17', NULL, NULL),
(44, 32, 21, 21, '1.0000', '0.0000', '0.0000', '15.0000', '15.0000', 'fixed', '0.0000', '15.0000', '0.0000', NULL, NULL, NULL, '', NULL, '0.0000', NULL, NULL, NULL, '', NULL, '2020-04-17 01:40:17', '2020-04-17 01:40:17', NULL, NULL),
(45, 32, 21, 21, '1.0000', '0.0000', '0.0000', '15.0000', '15.0000', 'fixed', '0.0000', '15.0000', '0.0000', NULL, NULL, NULL, '', NULL, '0.0000', NULL, NULL, NULL, '', NULL, '2020-04-17 01:40:17', '2020-04-17 01:40:17', NULL, NULL),
(46, 32, 21, 21, '1.0000', '0.0000', '0.0000', '15.0000', '15.0000', 'fixed', '0.0000', '15.0000', '0.0000', NULL, NULL, NULL, '', NULL, '0.0000', NULL, NULL, NULL, '', NULL, '2020-04-17 01:40:17', '2020-04-17 01:40:17', NULL, NULL),
(47, 32, 21, 21, '1.0000', '0.0000', '0.0000', '15.0000', '15.0000', 'fixed', '0.0000', '15.0000', '0.0000', NULL, NULL, NULL, '', NULL, '0.0000', NULL, NULL, NULL, '', NULL, '2020-04-17 01:40:17', '2020-04-17 01:40:17', NULL, NULL),
(48, 32, 21, 21, '1.0000', '0.0000', '0.0000', '15.0000', '15.0000', 'fixed', '0.0000', '15.0000', '0.0000', NULL, NULL, NULL, '', NULL, '0.0000', NULL, NULL, NULL, '', NULL, '2020-04-17 01:40:17', '2020-04-17 01:40:17', NULL, NULL),
(49, 32, 21, 21, '1.0000', '0.0000', '0.0000', '15.0000', '15.0000', 'fixed', '0.0000', '15.0000', '0.0000', NULL, NULL, NULL, '', NULL, '0.0000', NULL, NULL, NULL, '', NULL, '2020-04-17 01:40:17', '2020-04-17 01:40:17', NULL, NULL),
(50, 32, 21, 21, '1.0000', '0.0000', '0.0000', '15.0000', '15.0000', 'fixed', '0.0000', '15.0000', '0.0000', NULL, NULL, NULL, '', NULL, '0.0000', NULL, NULL, NULL, '', NULL, '2020-04-17 01:40:17', '2020-04-17 01:40:17', NULL, NULL),
(51, 32, 21, 21, '1.0000', '0.0000', '0.0000', '15.0000', '15.0000', 'fixed', '0.0000', '15.0000', '0.0000', NULL, NULL, NULL, '', NULL, '0.0000', NULL, NULL, NULL, '', NULL, '2020-04-17 01:40:17', '2020-04-17 01:40:17', NULL, NULL),
(52, 32, 21, 21, '1.0000', '0.0000', '0.0000', '15.0000', '15.0000', 'fixed', '0.0000', '15.0000', '0.0000', NULL, NULL, NULL, '', NULL, '0.0000', NULL, NULL, NULL, '', NULL, '2020-04-17 01:40:17', '2020-04-17 01:40:17', NULL, NULL),
(53, 32, 21, 21, '1.0000', '0.0000', '0.0000', '15.0000', '15.0000', 'fixed', '0.0000', '15.0000', '0.0000', NULL, NULL, NULL, '', NULL, '0.0000', NULL, NULL, NULL, '', NULL, '2020-04-17 01:40:17', '2020-04-17 01:40:17', NULL, NULL),
(54, 32, 21, 21, '1.0000', '0.0000', '0.0000', '15.0000', '15.0000', 'fixed', '0.0000', '15.0000', '0.0000', NULL, NULL, NULL, '', NULL, '0.0000', NULL, NULL, NULL, '', NULL, '2020-04-17 01:40:17', '2020-04-17 01:40:17', NULL, NULL),
(55, 32, 21, 21, '1.0000', '0.0000', '0.0000', '15.0000', '15.0000', 'fixed', '0.0000', '15.0000', '0.0000', NULL, NULL, NULL, '', NULL, '0.0000', NULL, NULL, NULL, '', NULL, '2020-04-17 01:40:17', '2020-04-17 01:40:17', NULL, NULL),
(56, 32, 21, 21, '1.0000', '0.0000', '0.0000', '15.0000', '15.0000', 'fixed', '0.0000', '15.0000', '0.0000', NULL, NULL, NULL, '', NULL, '0.0000', NULL, NULL, NULL, '', NULL, '2020-04-17 01:40:17', '2020-04-17 01:40:17', NULL, NULL),
(57, 32, 21, 21, '1.0000', '0.0000', '0.0000', '15.0000', '15.0000', 'fixed', '0.0000', '15.0000', '0.0000', NULL, NULL, NULL, '', NULL, '0.0000', NULL, NULL, NULL, '', NULL, '2020-04-17 01:40:17', '2020-04-17 01:40:17', NULL, NULL),
(58, 32, 21, 21, '1.0000', '0.0000', '0.0000', '15.0000', '15.0000', 'fixed', '0.0000', '15.0000', '0.0000', NULL, NULL, NULL, '', NULL, '0.0000', NULL, NULL, NULL, '', NULL, '2020-04-17 01:40:17', '2020-04-17 01:40:17', NULL, NULL),
(59, 32, 21, 21, '1.0000', '0.0000', '0.0000', '15.0000', '15.0000', 'fixed', '0.0000', '15.0000', '0.0000', NULL, NULL, NULL, '', NULL, '0.0000', NULL, NULL, NULL, '', NULL, '2020-04-17 01:40:17', '2020-04-17 01:40:17', NULL, NULL),
(60, 32, 21, 21, '1.0000', '0.0000', '0.0000', '15.0000', '15.0000', 'fixed', '0.0000', '15.0000', '0.0000', NULL, NULL, NULL, '', NULL, '0.0000', NULL, NULL, NULL, '', NULL, '2020-04-17 01:40:17', '2020-04-17 01:40:17', NULL, NULL),
(61, 32, 21, 21, '1.0000', '0.0000', '0.0000', '15.0000', '15.0000', 'fixed', '0.0000', '15.0000', '0.0000', NULL, NULL, NULL, '', NULL, '0.0000', NULL, NULL, NULL, '', NULL, '2020-04-17 01:40:17', '2020-04-17 01:40:17', NULL, NULL),
(62, 32, 21, 21, '1.0000', '0.0000', '0.0000', '15.0000', '15.0000', 'fixed', '0.0000', '15.0000', '0.0000', NULL, NULL, NULL, '', NULL, '0.0000', NULL, NULL, NULL, '', NULL, '2020-04-17 01:40:17', '2020-04-17 01:40:17', NULL, NULL),
(63, 32, 21, 21, '1.0000', '0.0000', '0.0000', '15.0000', '15.0000', 'fixed', '0.0000', '15.0000', '0.0000', NULL, NULL, NULL, '', NULL, '0.0000', NULL, NULL, NULL, '', NULL, '2020-04-17 01:40:17', '2020-04-17 01:40:17', NULL, NULL),
(64, 32, 21, 21, '1.0000', '0.0000', '0.0000', '15.0000', '15.0000', 'fixed', '0.0000', '15.0000', '0.0000', NULL, NULL, NULL, '', NULL, '0.0000', NULL, NULL, NULL, '', NULL, '2020-04-17 01:40:17', '2020-04-17 01:40:17', NULL, NULL),
(65, 32, 21, 21, '1.0000', '0.0000', '0.0000', '15.0000', '15.0000', 'fixed', '0.0000', '15.0000', '0.0000', NULL, NULL, NULL, '', NULL, '0.0000', NULL, NULL, NULL, '', NULL, '2020-04-17 01:40:17', '2020-04-17 01:40:17', NULL, NULL),
(66, 32, 21, 21, '1.0000', '0.0000', '0.0000', '15.0000', '15.0000', 'fixed', '0.0000', '15.0000', '0.0000', NULL, NULL, NULL, '', NULL, '0.0000', NULL, NULL, NULL, '', NULL, '2020-04-17 01:40:17', '2020-04-17 01:40:17', NULL, NULL),
(67, 32, 21, 21, '1.0000', '0.0000', '0.0000', '15.0000', '15.0000', 'fixed', '0.0000', '15.0000', '0.0000', NULL, NULL, NULL, '', NULL, '0.0000', NULL, NULL, NULL, '', NULL, '2020-04-17 01:40:17', '2020-04-17 01:40:17', NULL, NULL),
(68, 32, 21, 21, '1.0000', '0.0000', '0.0000', '15.0000', '15.0000', 'fixed', '0.0000', '15.0000', '0.0000', NULL, NULL, NULL, '', NULL, '0.0000', NULL, NULL, NULL, '', NULL, '2020-04-17 01:40:17', '2020-04-17 01:40:17', NULL, NULL),
(69, 32, 21, 21, '1.0000', '0.0000', '0.0000', '15.0000', '15.0000', 'fixed', '0.0000', '15.0000', '0.0000', NULL, NULL, NULL, '', NULL, '0.0000', NULL, NULL, NULL, '', NULL, '2020-04-17 01:40:17', '2020-04-17 01:40:17', NULL, NULL),
(70, 32, 21, 21, '1.0000', '0.0000', '0.0000', '15.0000', '15.0000', 'fixed', '0.0000', '15.0000', '0.0000', NULL, NULL, NULL, '', NULL, '0.0000', NULL, NULL, NULL, '', NULL, '2020-04-17 01:40:17', '2020-04-17 01:40:17', NULL, NULL),
(71, 32, 21, 21, '1.0000', '0.0000', '0.0000', '15.0000', '15.0000', 'fixed', '0.0000', '15.0000', '0.0000', NULL, NULL, NULL, '', NULL, '0.0000', NULL, NULL, NULL, '', NULL, '2020-04-17 01:40:17', '2020-04-17 01:40:17', NULL, NULL),
(72, 32, 21, 21, '1.0000', '0.0000', '0.0000', '15.0000', '15.0000', 'fixed', '0.0000', '15.0000', '0.0000', NULL, NULL, NULL, '', NULL, '0.0000', NULL, NULL, NULL, '', NULL, '2020-04-17 01:40:17', '2020-04-17 01:40:17', NULL, NULL),
(73, 32, 21, 21, '1.0000', '0.0000', '0.0000', '15.0000', '15.0000', 'fixed', '0.0000', '15.0000', '0.0000', NULL, NULL, NULL, '', NULL, '0.0000', NULL, NULL, NULL, '', NULL, '2020-04-17 01:40:17', '2020-04-17 01:40:17', NULL, NULL),
(74, 32, 21, 21, '1.0000', '0.0000', '0.0000', '15.0000', '15.0000', 'fixed', '0.0000', '15.0000', '0.0000', NULL, NULL, NULL, '', NULL, '0.0000', NULL, NULL, NULL, '', NULL, '2020-04-17 01:40:17', '2020-04-17 01:40:17', NULL, NULL),
(75, 32, 21, 21, '1.0000', '0.0000', '0.0000', '15.0000', '15.0000', 'fixed', '0.0000', '15.0000', '0.0000', NULL, NULL, NULL, '', NULL, '0.0000', NULL, NULL, NULL, '', NULL, '2020-04-17 01:40:17', '2020-04-17 01:40:17', NULL, NULL),
(76, 32, 21, 21, '1.0000', '0.0000', '0.0000', '15.0000', '15.0000', 'fixed', '0.0000', '15.0000', '0.0000', NULL, NULL, NULL, '', NULL, '0.0000', NULL, NULL, NULL, '', NULL, '2020-04-17 01:40:17', '2020-04-17 01:40:17', NULL, NULL),
(77, 32, 21, 21, '1.0000', '0.0000', '0.0000', '15.0000', '15.0000', 'fixed', '0.0000', '15.0000', '0.0000', NULL, NULL, NULL, '', NULL, '0.0000', NULL, NULL, NULL, '', NULL, '2020-04-17 01:40:17', '2020-04-17 01:40:17', NULL, NULL),
(78, 32, 21, 21, '1.0000', '0.0000', '0.0000', '15.0000', '15.0000', 'fixed', '0.0000', '15.0000', '0.0000', NULL, NULL, NULL, '', NULL, '0.0000', NULL, NULL, NULL, '', NULL, '2020-04-17 01:40:17', '2020-04-17 01:40:17', NULL, NULL),
(79, 32, 21, 21, '1.0000', '0.0000', '0.0000', '15.0000', '15.0000', 'fixed', '0.0000', '15.0000', '0.0000', NULL, NULL, NULL, '', NULL, '0.0000', NULL, NULL, NULL, '', NULL, '2020-04-17 01:40:17', '2020-04-17 01:40:17', NULL, NULL),
(80, 32, 21, 21, '1.0000', '0.0000', '0.0000', '15.0000', '15.0000', 'fixed', '0.0000', '15.0000', '0.0000', NULL, NULL, NULL, '', NULL, '0.0000', NULL, NULL, NULL, '', NULL, '2020-04-17 01:40:17', '2020-04-17 01:40:17', NULL, NULL),
(81, 32, 21, 21, '1.0000', '0.0000', '0.0000', '15.0000', '15.0000', 'fixed', '0.0000', '15.0000', '0.0000', NULL, NULL, NULL, '', NULL, '0.0000', NULL, NULL, NULL, '', NULL, '2020-04-17 01:40:17', '2020-04-17 01:40:17', NULL, NULL),
(82, 32, 21, 21, '1.0000', '0.0000', '0.0000', '15.0000', '15.0000', 'fixed', '0.0000', '15.0000', '0.0000', NULL, NULL, NULL, '', NULL, '0.0000', NULL, NULL, NULL, '', NULL, '2020-04-17 01:40:17', '2020-04-17 01:40:17', NULL, NULL),
(83, 32, 21, 21, '1.0000', '0.0000', '0.0000', '15.0000', '15.0000', 'fixed', '0.0000', '15.0000', '0.0000', NULL, NULL, NULL, '', NULL, '0.0000', NULL, NULL, NULL, '', NULL, '2020-04-17 01:40:17', '2020-04-17 01:40:17', NULL, NULL),
(84, 32, 21, 21, '1.0000', '0.0000', '0.0000', '15.0000', '15.0000', 'fixed', '0.0000', '15.0000', '0.0000', NULL, NULL, NULL, '', NULL, '0.0000', NULL, NULL, NULL, '', NULL, '2020-04-17 01:40:17', '2020-04-17 01:40:17', NULL, NULL),
(85, 32, 21, 21, '1.0000', '0.0000', '0.0000', '15.0000', '15.0000', 'fixed', '0.0000', '15.0000', '0.0000', NULL, NULL, NULL, '', NULL, '0.0000', NULL, NULL, NULL, '', NULL, '2020-04-17 01:40:17', '2020-04-17 01:40:17', NULL, NULL),
(86, 32, 21, 21, '1.0000', '0.0000', '0.0000', '15.0000', '15.0000', 'fixed', '0.0000', '15.0000', '0.0000', NULL, NULL, NULL, '', NULL, '0.0000', NULL, NULL, NULL, '', NULL, '2020-04-17 01:40:17', '2020-04-17 01:40:17', NULL, NULL),
(87, 32, 21, 21, '1.0000', '0.0000', '0.0000', '15.0000', '15.0000', 'fixed', '0.0000', '15.0000', '0.0000', NULL, NULL, NULL, '', NULL, '0.0000', NULL, NULL, NULL, '', NULL, '2020-04-17 01:40:17', '2020-04-17 01:40:17', NULL, NULL),
(88, 32, 21, 21, '1.0000', '0.0000', '0.0000', '15.0000', '15.0000', 'fixed', '0.0000', '15.0000', '0.0000', NULL, NULL, NULL, '', NULL, '0.0000', NULL, NULL, NULL, '', NULL, '2020-04-17 01:40:17', '2020-04-17 01:40:17', NULL, NULL),
(89, 32, 21, 21, '1.0000', '0.0000', '0.0000', '15.0000', '15.0000', 'fixed', '0.0000', '15.0000', '0.0000', NULL, NULL, NULL, '', NULL, '0.0000', NULL, NULL, NULL, '', NULL, '2020-04-17 01:40:17', '2020-04-17 01:40:17', NULL, NULL),
(90, 32, 21, 21, '1.0000', '0.0000', '0.0000', '15.0000', '15.0000', 'fixed', '0.0000', '15.0000', '0.0000', NULL, NULL, NULL, '', NULL, '0.0000', NULL, NULL, NULL, '', NULL, '2020-04-17 01:40:17', '2020-04-17 01:40:17', NULL, NULL),
(91, 32, 21, 21, '1.0000', '0.0000', '0.0000', '15.0000', '15.0000', 'fixed', '0.0000', '15.0000', '0.0000', NULL, NULL, NULL, '', NULL, '0.0000', NULL, NULL, NULL, '', NULL, '2020-04-17 01:40:17', '2020-04-17 01:40:17', NULL, NULL),
(92, 33, 22, 22, '1.0000', '0.0000', '0.0000', '300000.0000', '300000.0000', 'fixed', '0.0000', '300000.0000', '0.0000', NULL, NULL, NULL, '', NULL, '0.0000', NULL, NULL, NULL, '', NULL, '2020-11-28 15:51:12', '2020-11-28 15:51:12', NULL, NULL),
(101, 50, 31, 31, '2500.0000', '0.0000', '0.0000', '8.0000', '8.0000', NULL, '0.0000', '8.0000', '0.0000', NULL, NULL, NULL, '', NULL, '0.0000', NULL, NULL, NULL, '', NULL, '2021-01-20 13:48:04', '2021-01-20 13:48:04', NULL, NULL),
(102, 50, 32, 32, '50.0000', '0.0000', '0.0000', '0.5500', '0.5500', NULL, '0.0000', '0.5500', '0.0000', NULL, NULL, NULL, '', NULL, '0.0000', NULL, NULL, NULL, '', NULL, '2021-01-20 13:48:04', '2021-01-20 13:48:04', NULL, NULL),
(103, 50, 33, 33, '62.5000', '0.0000', '0.0000', '8.8100', '8.8100', NULL, '0.0000', '8.8100', '0.0000', NULL, NULL, NULL, '', NULL, '0.0000', NULL, NULL, NULL, '', NULL, '2021-01-20 13:48:04', '2021-01-20 13:48:04', NULL, NULL),
(104, 50, 35, 35, '750.0000', '0.0000', '0.0000', '0.1900', '0.1900', NULL, '0.0000', '0.1900', '0.0000', NULL, NULL, NULL, '', NULL, '0.0000', NULL, NULL, NULL, '', NULL, '2021-01-20 13:48:04', '2021-01-20 13:48:04', NULL, NULL),
(105, 50, 34, 34, '750.0000', '0.0000', '0.0000', '0.1900', '0.1900', NULL, '0.0000', '0.1900', '0.0000', NULL, NULL, NULL, '', NULL, '0.0000', NULL, NULL, NULL, '', NULL, '2021-01-20 13:48:04', '2021-01-20 13:48:04', NULL, NULL),
(106, 50, 36, 36, '25.0000', '0.0000', '0.0000', '243.3300', '243.3300', NULL, '0.0000', '243.3300', '0.0000', NULL, NULL, NULL, '', NULL, '0.0000', NULL, NULL, NULL, '', NULL, '2021-01-20 13:48:04', '2021-01-20 13:48:04', NULL, NULL),
(107, 51, 37, 37, '30.0000', '0.0000', '0.0000', '1200.0000', '1200.0000', 'fixed', '0.0000', '1200.0000', '0.0000', NULL, NULL, NULL, '', NULL, '0.0000', NULL, 'cooked', NULL, '', NULL, '2021-01-20 13:51:18', '2021-01-21 13:52:21', NULL, NULL),
(108, 56, 38, 38, '16660.0000', '0.0000', '0.0000', '1.5600', '1.5600', NULL, '0.0000', '1.5600', '0.0000', NULL, NULL, NULL, '', NULL, '0.0000', NULL, NULL, NULL, '', NULL, '2021-01-20 14:11:29', '2021-01-20 14:11:29', NULL, NULL),
(109, 56, 39, 39, '1660.0000', '0.0000', '0.0000', '4.6000', '4.6000', NULL, '0.0000', '4.6000', '0.0000', NULL, NULL, NULL, '', NULL, '0.0000', NULL, NULL, NULL, '', NULL, '2021-01-20 14:11:29', '2021-01-20 14:11:29', NULL, NULL),
(110, 56, 40, 40, '8340.0000', '0.0000', '0.0000', '2.0000', '2.0000', NULL, '0.0000', '2.0000', '0.0000', NULL, NULL, NULL, '', NULL, '0.0000', NULL, NULL, NULL, '', NULL, '2021-01-20 14:11:29', '2021-01-20 14:11:29', NULL, NULL),
(111, 56, 32, 32, '168.0000', '0.0000', '0.0000', '0.5500', '0.5500', NULL, '0.0000', '0.5500', '0.0000', NULL, NULL, NULL, '', NULL, '0.0000', NULL, NULL, NULL, '', NULL, '2021-01-20 14:11:29', '2021-01-20 14:11:29', NULL, NULL),
(112, 57, 41, 41, '50.0000', '0.0000', '0.0000', '1000.0000', '1000.0000', 'fixed', '0.0000', '1000.0000', '0.0000', NULL, NULL, NULL, '', NULL, '0.0000', NULL, 'cooked', NULL, '', NULL, '2021-01-20 14:12:43', '2021-01-20 14:58:41', NULL, NULL),
(113, 58, 41, 41, '5.0000', '0.0000', '0.0000', '1000.0000', '1000.0000', 'fixed', '0.0000', '1000.0000', '0.0000', NULL, NULL, NULL, '', NULL, '0.0000', NULL, 'cooked', NULL, '', NULL, '2021-01-20 14:42:35', '2021-01-21 13:50:49', NULL, NULL),
(114, 58, 37, 37, '1.0000', '0.0000', '0.0000', '1200.0000', '1200.0000', 'fixed', '0.0000', '1200.0000', '0.0000', NULL, NULL, NULL, '', NULL, '0.0000', NULL, 'cooked', NULL, '', NULL, '2021-01-20 14:42:35', '2021-01-21 13:50:49', NULL, NULL),
(115, 59, 41, 41, '1.0000', '0.0000', '0.0000', '1000.0000', '1000.0000', 'fixed', '0.0000', '1000.0000', '0.0000', NULL, NULL, NULL, '', NULL, '0.0000', NULL, 'served', NULL, '', NULL, '2021-01-20 14:43:08', '2021-01-20 14:45:11', NULL, NULL),
(116, 59, 37, 37, '1.0000', '0.0000', '0.0000', '1200.0000', '1200.0000', 'fixed', '0.0000', '1200.0000', '0.0000', NULL, NULL, NULL, '', NULL, '0.0000', NULL, 'served', NULL, '', NULL, '2021-01-20 14:43:08', '2021-01-20 14:45:11', NULL, NULL),
(117, 61, 31, 31, '2500.0000', '0.0000', '0.0000', '8.0000', '8.0000', NULL, '0.0000', '8.0000', '0.0000', NULL, NULL, NULL, '', NULL, '0.0000', NULL, NULL, NULL, '', NULL, '2021-01-20 17:28:16', '2021-01-20 17:28:16', NULL, NULL),
(118, 61, 32, 32, '50.0000', '0.0000', '0.0000', '0.5500', '0.5500', NULL, '0.0000', '0.5500', '0.0000', NULL, NULL, NULL, '', NULL, '0.0000', NULL, NULL, NULL, '', NULL, '2021-01-20 17:28:16', '2021-01-20 17:28:16', NULL, NULL),
(119, 61, 33, 33, '62.5000', '0.0000', '0.0000', '8.8100', '8.8100', NULL, '0.0000', '8.8100', '0.0000', NULL, NULL, NULL, '', NULL, '0.0000', NULL, NULL, NULL, '', NULL, '2021-01-20 17:28:16', '2021-01-20 17:28:16', NULL, NULL),
(120, 61, 35, 35, '750.0000', '0.0000', '0.0000', '0.1900', '0.1900', NULL, '0.0000', '0.1900', '0.0000', NULL, NULL, NULL, '', NULL, '0.0000', NULL, NULL, NULL, '', NULL, '2021-01-20 17:28:16', '2021-01-20 17:28:16', NULL, NULL),
(121, 61, 34, 34, '750.0000', '0.0000', '0.0000', '0.1900', '0.1900', NULL, '0.0000', '0.1900', '0.0000', NULL, NULL, NULL, '', NULL, '0.0000', NULL, NULL, NULL, '', NULL, '2021-01-20 17:28:16', '2021-01-20 17:28:16', NULL, NULL),
(122, 61, 36, 36, '25.0000', '0.0000', '0.0000', '243.3300', '243.3300', NULL, '0.0000', '243.3300', '0.0000', NULL, NULL, NULL, '', NULL, '0.0000', NULL, NULL, NULL, '', NULL, '2021-01-20 17:28:16', '2021-01-20 17:28:16', NULL, NULL),
(123, 62, 37, 37, '10.0000', '0.0000', '0.0000', '1200.0000', '1200.0000', 'fixed', '0.0000', '1200.0000', '0.0000', NULL, NULL, NULL, '', NULL, '0.0000', NULL, 'cooked', NULL, '', NULL, '2021-01-20 17:30:46', '2021-01-21 13:50:42', NULL, NULL),
(124, 69, 45, 45, '10000.0000', '0.0000', '0.0000', '1.2000', '1.2000', NULL, '0.0000', '1.2000', '0.0000', NULL, NULL, NULL, '', NULL, '0.0000', NULL, NULL, NULL, '', NULL, '2021-01-21 13:18:46', '2021-01-21 13:18:46', NULL, NULL),
(125, 69, 32, 32, '100.0000', '0.0000', '0.0000', '0.5500', '0.5500', NULL, '0.0000', '0.5500', '0.0000', NULL, NULL, NULL, '', NULL, '0.0000', NULL, NULL, NULL, '', NULL, '2021-01-21 13:18:46', '2021-01-21 13:18:46', NULL, NULL),
(126, 69, 43, 43, '2000.0000', '0.0000', '0.0000', '2.4000', '2.4000', NULL, '0.0000', '2.4000', '0.0000', NULL, NULL, NULL, '', NULL, '0.0000', NULL, NULL, NULL, '', NULL, '2021-01-21 13:18:46', '2021-01-21 13:18:46', NULL, NULL),
(127, 69, 39, 39, '750.0000', '0.0000', '0.0000', '4.6000', '4.6000', NULL, '0.0000', '4.6000', '0.0000', NULL, NULL, NULL, '', NULL, '0.0000', NULL, NULL, NULL, '', NULL, '2021-01-21 13:18:46', '2021-01-21 13:18:46', NULL, NULL),
(128, 69, 40, 40, '5000.0000', '0.0000', '0.0000', '2.0000', '2.0000', NULL, '0.0000', '2.0000', '0.0000', NULL, NULL, NULL, '', NULL, '0.0000', NULL, NULL, NULL, '', NULL, '2021-01-21 13:18:46', '2021-01-21 13:18:46', NULL, NULL),
(129, 69, 46, 46, '250.0000', '0.0000', '0.0000', '12.0000', '12.0000', NULL, '0.0000', '12.0000', '0.0000', NULL, NULL, NULL, '', NULL, '0.0000', NULL, NULL, NULL, '', NULL, '2021-01-21 13:18:46', '2021-01-21 13:18:46', NULL, NULL),
(131, 71, 44, 44, '100.0000', '0.0000', '0.0000', '1000.0000', '1000.0000', 'fixed', '0.0000', '1000.0000', '0.0000', NULL, NULL, NULL, '', NULL, '0.0000', NULL, 'cooked', NULL, '', NULL, '2021-01-21 13:30:24', '2021-01-21 13:50:30', NULL, NULL),
(132, 72, 41, 41, '1.0000', '0.0000', '0.0000', '1000.0000', '1000.0000', 'fixed', '0.0000', '1000.0000', '0.0000', NULL, NULL, NULL, '', NULL, '0.0000', NULL, NULL, NULL, '', NULL, '2021-01-21 14:12:43', '2021-01-21 14:12:43', NULL, NULL),
(133, 72, 37, 37, '1.0000', '0.0000', '0.0000', '1200.0000', '1200.0000', 'fixed', '0.0000', '1200.0000', '0.0000', NULL, NULL, NULL, '', NULL, '0.0000', NULL, NULL, NULL, '', NULL, '2021-01-21 14:12:43', '2021-01-21 14:12:43', NULL, NULL),
(134, 72, 44, 44, '1.0000', '0.0000', '0.0000', '1000.0000', '1000.0000', 'fixed', '0.0000', '1000.0000', '0.0000', NULL, NULL, NULL, '', NULL, '0.0000', NULL, NULL, NULL, '', NULL, '2021-01-21 14:12:43', '2021-01-21 14:12:43', NULL, NULL),
(135, 73, 41, 41, '1.0000', '0.0000', '0.0000', '1000.0000', '1000.0000', 'fixed', '0.0000', '1000.0000', '0.0000', NULL, NULL, NULL, '', NULL, '0.0000', NULL, NULL, NULL, '', NULL, '2021-01-21 14:12:59', '2021-01-21 14:12:59', NULL, NULL),
(136, 73, 37, 37, '1.0000', '0.0000', '0.0000', '1200.0000', '1200.0000', 'fixed', '0.0000', '1200.0000', '0.0000', NULL, NULL, NULL, '', NULL, '0.0000', NULL, NULL, NULL, '', NULL, '2021-01-21 14:12:59', '2021-01-21 14:12:59', NULL, NULL),
(137, 73, 44, 44, '1.0000', '0.0000', '0.0000', '1000.0000', '1000.0000', 'fixed', '0.0000', '1000.0000', '0.0000', NULL, NULL, NULL, '', NULL, '0.0000', NULL, NULL, NULL, '', NULL, '2021-01-21 14:12:59', '2021-01-21 14:12:59', NULL, NULL),
(138, 74, 41, 41, '1.0000', '0.0000', '0.0000', '1000.0000', '1000.0000', 'fixed', '0.0000', '1000.0000', '0.0000', NULL, NULL, NULL, '', NULL, '0.0000', NULL, NULL, NULL, '', NULL, '2021-01-21 14:13:20', '2021-01-21 14:13:20', NULL, NULL),
(139, 75, 41, 41, '1.0000', '0.0000', '0.0000', '1000.0000', '1000.0000', 'fixed', '0.0000', '1000.0000', '0.0000', NULL, NULL, NULL, '', NULL, '0.0000', NULL, NULL, NULL, '', NULL, '2021-01-21 19:55:34', '2021-01-21 19:55:34', NULL, NULL),
(140, 76, 41, 41, '1.0000', '0.0000', '0.0000', '1000.0000', '1000.0000', 'fixed', '0.0000', '1000.0000', '0.0000', NULL, NULL, NULL, '', NULL, '0.0000', NULL, NULL, NULL, '', NULL, '2021-01-21 19:56:30', '2021-01-21 19:56:30', NULL, NULL),
(146, 80, 41, 41, '1.0000', '0.0000', '0.0000', '1000.0000', '1000.0000', 'fixed', '0.0000', '1000.0000', '0.0000', NULL, NULL, NULL, '', NULL, '0.0000', NULL, NULL, NULL, '', NULL, '2021-01-22 13:45:13', '2021-01-22 13:45:13', NULL, NULL),
(147, 81, 41, 41, '1.0000', '0.0000', '0.0000', '1000.0000', '1000.0000', 'fixed', '0.0000', '1000.0000', '0.0000', NULL, NULL, NULL, '', NULL, '0.0000', NULL, NULL, NULL, '', NULL, '2021-01-22 13:51:35', '2021-01-22 13:51:35', NULL, NULL),
(149, 83, 1, 1, '1.0000', '0.0000', '0.0000', '1416000.0000', '1416000.0000', 'fixed', '0.0000', '1416000.0000', '0.0000', NULL, NULL, NULL, '', NULL, '0.0000', NULL, NULL, NULL, '', NULL, '2021-01-29 21:40:53', '2021-01-29 21:48:27', NULL, NULL),
(150, 83, 2, 2, '1.0000', '0.0000', '0.0000', '10000.0000', '10000.0000', 'fixed', '0.0000', '10000.0000', '0.0000', NULL, NULL, NULL, '', NULL, '0.0000', NULL, NULL, NULL, '', NULL, '2021-01-29 21:40:53', '2021-01-29 21:48:27', NULL, NULL),
(151, 84, 1, 1, '1.0000', '0.0000', '0.0000', '1416000.0000', '1416000.0000', 'fixed', '0.0000', '1416000.0000', '0.0000', NULL, NULL, NULL, '', NULL, '0.0000', NULL, NULL, NULL, '', NULL, '2021-01-29 21:45:15', '2021-01-29 21:45:15', NULL, NULL),
(152, 85, 1, 1, '1.0000', '0.0000', '0.0000', '1416000.0000', '1416000.0000', 'fixed', '0.0000', '1416000.0000', '0.0000', NULL, NULL, NULL, '', NULL, '0.0000', NULL, NULL, NULL, '', NULL, '2021-01-29 21:47:19', '2021-01-29 21:47:19', NULL, NULL),
(153, 85, 1, 1, '1.0000', '0.0000', '0.0000', '1416000.0000', '1416000.0000', 'fixed', '0.0000', '1416000.0000', '0.0000', NULL, NULL, NULL, '', NULL, '0.0000', NULL, NULL, NULL, '', NULL, '2021-01-29 21:47:19', '2021-01-29 21:47:19', NULL, NULL),
(154, 86, 1, 1, '1.0000', '0.0000', '0.0000', '1416000.0000', '1416000.0000', 'fixed', '0.0000', '1416000.0000', '0.0000', NULL, NULL, NULL, '', NULL, '0.0000', NULL, NULL, NULL, '', NULL, '2021-01-29 22:00:05', '2021-01-29 22:00:05', NULL, NULL),
(155, 86, 1, 1, '1.0000', '0.0000', '0.0000', '1416000.0000', '1416000.0000', 'fixed', '0.0000', '1416000.0000', '0.0000', NULL, NULL, NULL, '', NULL, '0.0000', NULL, NULL, NULL, '', NULL, '2021-01-29 22:00:05', '2021-01-29 22:00:05', NULL, NULL),
(156, 86, 1, 1, '1.0000', '0.0000', '0.0000', '1416000.0000', '1416000.0000', 'fixed', '0.0000', '1416000.0000', '0.0000', NULL, NULL, NULL, '', NULL, '0.0000', NULL, NULL, NULL, '', NULL, '2021-01-29 22:00:05', '2021-01-29 22:00:05', NULL, NULL),
(157, 86, 1, 1, '1.0000', '0.0000', '0.0000', '1416000.0000', '1416000.0000', 'fixed', '0.0000', '1416000.0000', '0.0000', NULL, NULL, NULL, '', NULL, '0.0000', NULL, NULL, NULL, '', NULL, '2021-01-29 22:00:05', '2021-01-29 22:00:05', NULL, NULL),
(158, 86, 1, 1, '1.0000', '0.0000', '0.0000', '1416000.0000', '1416000.0000', 'fixed', '0.0000', '1416000.0000', '0.0000', NULL, NULL, NULL, '', NULL, '0.0000', NULL, NULL, NULL, '', NULL, '2021-01-29 22:00:05', '2021-01-29 22:00:05', NULL, NULL),
(159, 92, 53, 53, '50.0000', '0.0000', '0.0000', '1.5600', '1.5600', NULL, '0.0000', '1.5600', '0.0000', NULL, NULL, NULL, '', NULL, '0.0000', NULL, NULL, NULL, '', NULL, '2021-01-30 21:27:10', '2021-01-30 21:27:10', NULL, NULL),
(160, 92, 48, 48, '30.0000', '0.0000', '0.0000', '0.5500', '0.5500', NULL, '0.0000', '0.5500', '0.0000', NULL, NULL, NULL, '', NULL, '0.0000', NULL, NULL, NULL, '', NULL, '2021-01-30 21:27:10', '2021-01-30 21:27:10', NULL, NULL),
(161, 92, 82, 82, '3000.0000', '0.0000', '0.0000', '0.0000', '0.0000', NULL, '0.0000', '0.0000', '0.0000', NULL, NULL, NULL, '', NULL, '0.0000', NULL, NULL, NULL, '', NULL, '2021-01-30 21:27:10', '2021-01-30 21:27:10', NULL, NULL),
(162, 93, 173, 173, '5.0000', '0.0000', '0.0000', '7000.0000', '7000.0000', 'fixed', '0.0000', '7000.0000', '0.0000', NULL, NULL, NULL, '', NULL, '0.0000', NULL, 'cooked', NULL, '', NULL, '2021-01-30 21:31:32', '2021-02-02 11:38:01', NULL, NULL),
(163, 94, 173, 173, '1.0000', '0.0000', '0.0000', '7000.0000', '7000.0000', 'fixed', '0.0000', '7000.0000', '0.0000', NULL, NULL, NULL, '', NULL, '0.0000', NULL, NULL, NULL, '', NULL, '2021-01-30 21:38:58', '2021-01-30 21:40:01', NULL, NULL),
(164, 95, 173, 173, '1.0000', '0.0000', '0.0000', '7000.0000', '7000.0000', 'fixed', '0.0000', '7000.0000', '0.0000', NULL, NULL, NULL, '', NULL, '0.0000', NULL, 'cooked', NULL, '', NULL, '2021-01-30 21:47:22', '2021-02-05 18:39:58', NULL, NULL),
(165, 96, 173, 173, '1.0000', '0.0000', '0.0000', '7000.0000', '7000.0000', 'fixed', '0.0000', '7000.0000', '0.0000', NULL, NULL, NULL, '', NULL, '0.0000', NULL, 'cooked', NULL, '', NULL, '2021-01-30 21:59:34', '2021-02-05 18:39:33', NULL, NULL),
(166, 97, 172, 172, '1.0000', '0.0000', '0.0000', '2000.0000', '2000.0000', 'fixed', '0.0000', '2000.0000', '0.0000', NULL, NULL, NULL, '', NULL, '0.0000', NULL, 'cooked', NULL, '', NULL, '2021-02-02 11:36:37', '2021-02-02 11:37:53', NULL, NULL),
(167, 97, 173, 173, '1.0000', '0.0000', '0.0000', '7000.0000', '7000.0000', 'fixed', '0.0000', '7000.0000', '0.0000', NULL, NULL, NULL, '', NULL, '0.0000', NULL, 'cooked', NULL, '', NULL, '2021-02-02 11:36:37', '2021-02-02 11:37:53', NULL, NULL),
(168, 99, 53, 53, '50.0000', '0.0000', '0.0000', '1.5600', '1.5600', NULL, '0.0000', '1.5600', '0.0000', NULL, NULL, NULL, '', NULL, '0.0000', NULL, NULL, NULL, '', NULL, '2021-02-05 18:18:31', '2021-02-05 18:18:31', NULL, NULL),
(169, 99, 48, 48, '30.0000', '0.0000', '0.0000', '0.5500', '0.5500', NULL, '0.0000', '0.5500', '0.0000', NULL, NULL, NULL, '', NULL, '0.0000', NULL, NULL, NULL, '', NULL, '2021-02-05 18:18:31', '2021-02-05 18:18:31', NULL, NULL),
(170, 99, 82, 82, '3000.0000', '0.0000', '0.0000', '0.0000', '0.0000', NULL, '0.0000', '0.0000', '0.0000', NULL, NULL, NULL, '', NULL, '0.0000', NULL, NULL, NULL, '', NULL, '2021-02-05 18:18:31', '2021-02-05 18:18:31', NULL, NULL),
(171, 100, 173, 173, '6.0000', '0.0000', '0.0000', '7000.0000', '7000.0000', 'fixed', '0.0000', '7000.0000', '0.0000', NULL, NULL, NULL, '', NULL, '0.0000', NULL, 'cooked', NULL, '', NULL, '2021-02-05 18:34:34', '2021-02-05 18:39:29', NULL, NULL),
(172, 101, 173, 173, '2.0000', '0.0000', '0.0000', '7000.0000', '7000.0000', 'fixed', '0.0000', '7000.0000', '0.0000', NULL, NULL, NULL, '', NULL, '0.0000', NULL, 'cooked', NULL, '', NULL, '2021-02-05 18:34:56', '2021-02-05 18:39:22', NULL, NULL),
(173, 102, 173, 173, '1.0000', '0.0000', '0.0000', '7000.0000', '7000.0000', 'fixed', '0.0000', '7000.0000', '0.0000', NULL, NULL, NULL, '', NULL, '0.0000', NULL, 'cooked', NULL, '', NULL, '2021-02-05 18:37:11', '2021-02-05 18:39:13', NULL, NULL),
(174, 105, 172, 172, '1.0000', '0.0000', '0.0000', '2000.0000', '2000.0000', 'fixed', '0.0000', '2000.0000', '0.0000', NULL, NULL, NULL, '', NULL, '0.0000', NULL, NULL, NULL, '', NULL, '2021-02-06 13:56:32', '2021-02-06 13:56:32', NULL, NULL),
(175, 105, 173, 173, '1.0000', '0.0000', '0.0000', '7000.0000', '7000.0000', 'fixed', '0.0000', '7000.0000', '0.0000', NULL, NULL, NULL, '', NULL, '0.0000', NULL, NULL, NULL, '', NULL, '2021-02-06 13:56:32', '2021-02-06 13:56:32', NULL, NULL),
(176, 106, 173, 173, '2.0000', '0.0000', '0.0000', '7000.0000', '7000.0000', 'fixed', '0.0000', '7000.0000', '0.0000', NULL, NULL, NULL, '', NULL, '0.0000', NULL, NULL, NULL, '', NULL, '2021-02-15 16:07:04', '2021-02-15 16:07:04', NULL, NULL),
(177, 107, 173, 173, '1.0000', '0.0000', '0.0000', '7000.0000', '7000.0000', 'fixed', '0.0000', '7000.0000', '0.0000', NULL, NULL, NULL, '', NULL, '0.0000', NULL, NULL, NULL, '', NULL, '2021-02-15 16:23:06', '2021-02-15 16:23:06', NULL, NULL),
(178, 108, 99, 99, '1.0000', '0.0000', '0.0000', '6000.0000', '6000.0000', 'fixed', '0.0000', '6000.0000', '0.0000', NULL, NULL, NULL, '', NULL, '0.0000', NULL, 'cooked', NULL, '', NULL, '2021-02-16 11:37:10', '2021-02-17 15:09:28', NULL, NULL),
(179, 110, 99, 99, '1.0000', '0.0000', '0.0000', '6000.0000', '6000.0000', 'fixed', '0.0000', '6000.0000', '0.0000', NULL, NULL, NULL, '', NULL, '0.0000', NULL, NULL, NULL, '', NULL, '2021-02-17 12:14:11', '2021-02-17 12:14:11', NULL, NULL),
(180, 111, 172, 172, '2.0000', '0.0000', '0.0000', '2000.0000', '2000.0000', 'fixed', '0.0000', '2000.0000', '0.0000', NULL, NULL, NULL, '', NULL, '0.0000', NULL, NULL, NULL, '', NULL, '2021-02-18 07:43:18', '2021-02-18 07:43:18', NULL, NULL),
(181, 112, 172, 172, '1.0000', '0.0000', '0.0000', '2000.0000', '2000.0000', 'fixed', '0.0000', '2000.0000', '0.0000', NULL, NULL, NULL, '', NULL, '0.0000', NULL, NULL, NULL, '', NULL, '2021-02-18 09:59:28', '2021-02-18 09:59:28', NULL, NULL),
(182, 115, 172, 172, '1.0000', '0.0000', '0.0000', '2000.0000', '2000.0000', 'fixed', '0.0000', '2000.0000', '0.0000', NULL, NULL, NULL, '', NULL, '0.0000', NULL, NULL, NULL, '', NULL, '2021-02-18 11:03:07', '2021-02-18 11:03:07', NULL, NULL),
(183, 116, 172, 172, '1.0000', '0.0000', '0.0000', '2000.0000', '2000.0000', 'fixed', '0.0000', '2000.0000', '0.0000', NULL, NULL, NULL, '', NULL, '0.0000', NULL, NULL, NULL, '', NULL, '2021-02-18 11:06:13', '2021-02-18 11:06:13', NULL, NULL),
(192, 120, 37, 37, '1.0000', '0.0000', '0.0000', '1200.0000', '1200.0000', 'fixed', '0.0000', '1200.0000', '0.0000', NULL, NULL, NULL, '', NULL, '0.0000', NULL, NULL, NULL, '', NULL, '2021-02-18 11:36:54', '2021-02-18 11:36:54', NULL, NULL),
(193, 121, 37, 37, '1.0000', '0.0000', '0.0000', '1200.0000', '1200.0000', 'fixed', '0.0000', '1200.0000', '0.0000', NULL, NULL, NULL, '', NULL, '0.0000', NULL, NULL, NULL, '', NULL, '2021-02-18 13:05:09', '2021-02-18 13:05:09', NULL, NULL),
(194, 122, 41, 41, '3.0000', '0.0000', '0.0000', '1000.0000', '1000.0000', 'fixed', '0.0000', '1000.0000', '0.0000', NULL, NULL, NULL, '', NULL, '0.0000', NULL, NULL, NULL, '', NULL, '2021-02-18 13:28:04', '2021-02-18 13:28:04', NULL, NULL),
(195, 122, 37, 37, '1.0000', '0.0000', '0.0000', '1200.0000', '1200.0000', 'fixed', '0.0000', '1200.0000', '0.0000', NULL, NULL, NULL, '', NULL, '0.0000', NULL, NULL, NULL, '', NULL, '2021-02-18 13:28:04', '2021-02-18 13:28:04', NULL, NULL),
(196, 123, 172, 172, '1.0000', '0.0000', '0.0000', '2000.0000', '2000.0000', 'fixed', '0.0000', '2000.0000', '0.0000', NULL, NULL, NULL, '', NULL, '0.0000', NULL, NULL, NULL, '', NULL, '2021-02-24 11:50:31', '2021-02-24 11:50:31', NULL, NULL),
(197, 125, 189, 191, '4.0000', '0.0000', '0.0000', '1500.0000', '1500.0000', 'fixed', '0.0000', '1500.0000', '0.0000', NULL, NULL, NULL, '', NULL, '0.0000', NULL, NULL, NULL, '', NULL, '2021-02-25 11:02:07', '2021-02-25 11:02:07', NULL, NULL),
(198, 126, 189, 191, '1.0000', '0.0000', '0.0000', '1500.0000', '1500.0000', 'fixed', '0.0000', '1500.0000', '0.0000', NULL, NULL, NULL, '', NULL, '0.0000', NULL, NULL, NULL, '', NULL, '2021-02-25 11:02:48', '2021-02-25 11:02:48', NULL, NULL),
(199, 128, 172, 172, '5.0000', '0.0000', '0.0000', '2000.0000', '2000.0000', 'fixed', '0.0000', '2000.0000', '0.0000', NULL, NULL, NULL, '', NULL, '0.0000', NULL, NULL, NULL, '', NULL, '2021-02-25 13:45:44', '2021-03-19 08:06:22', NULL, NULL),
(200, 132, 82, 82, '20.0000', '0.0000', '0.0000', '0.0000', '0.0000', NULL, '0.0000', '0.0000', '0.0000', NULL, NULL, NULL, '', NULL, '0.0000', NULL, NULL, NULL, '', NULL, '2021-02-25 14:55:57', '2021-02-25 14:55:57', NULL, NULL),
(201, 132, 181, 183, '20.0000', '0.0000', '0.0000', '1000.0000', '1000.0000', NULL, '0.0000', '1000.0000', '0.0000', NULL, NULL, NULL, '', NULL, '0.0000', NULL, NULL, NULL, '', NULL, '2021-02-25 14:55:57', '2021-02-25 14:55:57', NULL, NULL),
(202, 133, 180, 182, '1.0000', '0.0000', '0.0000', '5000.0000', '5000.0000', 'fixed', '0.0000', '5000.0000', '0.0000', NULL, NULL, NULL, '', NULL, '0.0000', NULL, NULL, NULL, '', NULL, '2021-02-26 15:33:17', '2021-02-26 15:33:17', NULL, NULL),
(203, 133, 172, 172, '1.0000', '0.0000', '0.0000', '2000.0000', '2000.0000', 'fixed', '0.0000', '2000.0000', '0.0000', NULL, NULL, NULL, '', NULL, '0.0000', NULL, NULL, NULL, '', NULL, '2021-02-26 15:33:17', '2021-02-26 15:33:17', NULL, NULL),
(204, 134, 180, 182, '1.0000', '0.0000', '0.0000', '5000.0000', '5000.0000', 'fixed', '0.0000', '5000.0000', '0.0000', NULL, NULL, NULL, '', NULL, '0.0000', NULL, NULL, NULL, '', NULL, '2021-02-26 15:34:52', '2021-02-26 15:34:52', NULL, NULL),
(205, 134, 172, 172, '1.0000', '0.0000', '0.0000', '2000.0000', '2000.0000', 'fixed', '0.0000', '2000.0000', '0.0000', NULL, NULL, NULL, '', NULL, '0.0000', NULL, NULL, NULL, '', NULL, '2021-02-26 15:34:52', '2021-02-26 15:34:52', NULL, NULL),
(206, 135, 180, 182, '1.0000', '0.0000', '0.0000', '5000.0000', '5000.0000', 'fixed', '0.0000', '5000.0000', '0.0000', NULL, NULL, NULL, '', NULL, '0.0000', NULL, NULL, NULL, '', NULL, '2021-02-26 15:35:27', '2021-02-26 15:35:27', NULL, NULL),
(207, 135, 172, 172, '1.0000', '0.0000', '0.0000', '2000.0000', '2000.0000', 'fixed', '0.0000', '2000.0000', '0.0000', NULL, NULL, NULL, '', NULL, '0.0000', NULL, NULL, NULL, '', NULL, '2021-02-26 15:35:27', '2021-02-26 15:35:27', NULL, NULL),
(208, 138, 148, 148, '1.0000', '0.0000', '0.0000', '2500.0000', '2500.0000', 'fixed', '0.0000', '2500.0000', '0.0000', NULL, NULL, NULL, '', NULL, '0.0000', NULL, NULL, NULL, '', NULL, '2021-02-26 15:42:51', '2021-02-26 15:42:51', NULL, NULL),
(209, 139, 172, 172, '2.0000', '0.0000', '0.0000', '2000.0000', '2000.0000', 'fixed', '0.0000', '2000.0000', '0.0000', NULL, NULL, NULL, '', NULL, '0.0000', NULL, NULL, NULL, '', NULL, '2021-02-27 00:57:00', '2021-03-03 15:50:57', NULL, NULL),
(211, 140, 180, 182, '3.0000', '0.0000', '0.0000', '5000.0000', '5000.0000', 'fixed', '0.0000', '5000.0000', '0.0000', NULL, NULL, NULL, '', NULL, '0.0000', NULL, NULL, NULL, '', NULL, '2021-02-27 00:59:33', '2021-02-27 00:59:33', NULL, NULL),
(212, 141, 180, 182, '1.0000', '0.0000', '0.0000', '5000.0000', '5000.0000', 'fixed', '0.0000', '5000.0000', '0.0000', NULL, NULL, NULL, '', NULL, '0.0000', NULL, NULL, NULL, '', NULL, '2021-02-27 01:02:52', '2021-02-27 01:02:52', NULL, NULL),
(213, 142, 172, 172, '1.0000', '0.0000', '0.0000', '2000.0000', '2000.0000', 'fixed', '0.0000', '2000.0000', '0.0000', NULL, NULL, NULL, '', NULL, '0.0000', NULL, NULL, NULL, '', NULL, '2021-03-02 20:53:45', '2021-03-02 20:53:45', NULL, NULL),
(214, 143, 180, 182, '3.0000', '0.0000', '0.0000', '5000.0000', '5000.0000', 'fixed', '0.0000', '5000.0000', '0.0000', NULL, NULL, NULL, '', NULL, '0.0000', NULL, NULL, NULL, '', NULL, '2021-03-03 07:13:52', '2021-03-03 07:13:52', NULL, NULL),
(215, 144, 180, 182, '1.0000', '0.0000', '0.0000', '5000.0000', '5000.0000', 'fixed', '0.0000', '5000.0000', '0.0000', NULL, NULL, 65, '', NULL, '0.0000', NULL, NULL, NULL, '', NULL, '2021-03-03 07:19:53', '2021-03-03 07:19:53', NULL, NULL),
(217, 146, 180, 182, '1.0000', '0.0000', '0.0000', '5000.0000', '5000.0000', 'fixed', '0.0000', '5000.0000', '0.0000', NULL, NULL, NULL, '', NULL, '0.0000', NULL, NULL, NULL, '', NULL, '2021-03-03 07:29:39', '2021-03-03 07:29:39', NULL, NULL),
(218, 147, 180, 182, '1.0000', '0.0000', '0.0000', '5000.0000', '5000.0000', 'fixed', '0.0000', '5000.0000', '0.0000', NULL, NULL, NULL, '', NULL, '0.0000', NULL, NULL, NULL, '', NULL, '2021-03-03 07:36:19', '2021-03-03 07:36:19', NULL, NULL),
(219, 148, 180, 182, '1.0000', '0.0000', '0.0000', '5000.0000', '5000.0000', 'fixed', '0.0000', '5000.0000', '0.0000', NULL, NULL, NULL, '', NULL, '0.0000', NULL, NULL, NULL, '', NULL, '2021-03-03 07:37:21', '2021-03-03 07:37:21', NULL, NULL),
(220, 149, 180, 182, '1.0000', '0.0000', '0.0000', '5000.0000', '5000.0000', 'fixed', '0.0000', '5000.0000', '0.0000', NULL, NULL, NULL, '', NULL, '0.0000', NULL, 'cooked', NULL, '', NULL, '2021-03-03 07:37:48', '2021-03-03 07:52:29', NULL, NULL),
(221, 152, 82, 82, '3000.0000', '0.0000', '0.0000', '0.0000', '0.0000', NULL, '0.0000', '0.0000', '0.0000', NULL, NULL, NULL, '', NULL, '0.0000', NULL, NULL, NULL, '', 31, '2021-03-03 08:19:09', '2021-03-03 08:19:09', NULL, NULL),
(222, 152, 48, 48, '3000.0000', '0.0000', '0.0000', '0.5500', '0.5500', NULL, '0.0000', '0.5500', '0.0000', NULL, NULL, NULL, '', NULL, '0.0000', NULL, NULL, NULL, '', 29, '2021-03-03 08:19:09', '2021-03-03 08:19:09', NULL, NULL),
(223, 152, 53, 53, '3000.0000', '0.0000', '0.0000', '1.5600', '1.5600', NULL, '0.0000', '1.5600', '0.0000', NULL, NULL, NULL, '', NULL, '0.0000', NULL, NULL, NULL, '', 29, '2021-03-03 08:19:09', '2021-03-03 08:19:09', NULL, NULL),
(224, 153, 186, 188, '1.0000', '0.0000', '0.0000', '5000.0000', '5000.0000', 'fixed', '0.0000', '5000.0000', '0.0000', NULL, NULL, NULL, '', NULL, '0.0000', NULL, NULL, NULL, '', NULL, '2021-03-03 10:44:38', '2021-03-03 10:44:38', NULL, NULL),
(225, 154, 180, 182, '1.0000', '0.0000', '0.0000', '5000.0000', '5000.0000', 'fixed', '0.0000', '5000.0000', '0.0000', NULL, NULL, NULL, '', NULL, '0.0000', NULL, NULL, NULL, '', NULL, '2021-03-03 14:13:23', '2021-03-03 14:13:23', NULL, NULL),
(226, 154, 191, 194, '1.0000', '0.0000', '0.0000', '500.0000', '500.0000', NULL, '0.0000', '500.0000', '0.0000', NULL, NULL, NULL, NULL, NULL, '0.0000', NULL, NULL, 225, 'modifier', NULL, '2021-03-03 14:13:23', '2021-03-03 14:13:23', NULL, NULL),
(227, 155, 180, 182, '1.0000', '0.0000', '0.0000', '5000.0000', '5000.0000', 'fixed', '0.0000', '5000.0000', '0.0000', NULL, NULL, NULL, '', NULL, '0.0000', NULL, 'cooked', NULL, '', NULL, '2021-03-03 14:19:31', '2021-03-03 14:20:18', NULL, NULL),
(228, 155, 191, 194, '1.0000', '0.0000', '0.0000', '500.0000', '500.0000', NULL, '0.0000', '500.0000', '0.0000', NULL, NULL, NULL, NULL, NULL, '0.0000', NULL, 'cooked', 227, 'modifier', NULL, '2021-03-03 14:19:31', '2021-03-03 14:20:18', NULL, NULL),
(229, 157, 172, 172, '3.0000', '0.0000', '3.0000', '2000.0000', '2000.0000', 'fixed', '0.0000', '2000.0000', '0.0000', NULL, NULL, NULL, '', NULL, '0.0000', NULL, NULL, NULL, '', NULL, '2021-03-03 14:26:22', '2021-03-03 15:54:33', NULL, NULL),
(233, 160, 53, 53, '5.0000', '0.0000', '0.0000', '1.5600', '1.5600', NULL, '0.0000', '1.5600', '0.0000', NULL, NULL, NULL, '', NULL, '0.0000', NULL, NULL, NULL, '', NULL, '2021-03-03 14:55:30', '2021-03-03 14:55:30', NULL, NULL),
(234, 160, 48, 48, '3.0000', '0.0000', '0.0000', '0.5500', '0.5500', NULL, '0.0000', '0.5500', '0.0000', NULL, NULL, NULL, '', NULL, '0.0000', NULL, NULL, NULL, '', NULL, '2021-03-03 14:55:30', '2021-03-03 14:55:30', NULL, NULL),
(235, 160, 82, 82, '300.0000', '0.0000', '0.0000', '0.0000', '0.0000', NULL, '0.0000', '0.0000', '0.0000', NULL, NULL, NULL, '', NULL, '0.0000', NULL, NULL, NULL, '', NULL, '2021-03-03 14:55:30', '2021-03-03 14:55:30', NULL, NULL),
(236, 163, 180, 182, '1.0000', '0.0000', '0.0000', '5000.0000', '5000.0000', 'fixed', '0.0000', '5000.0000', '0.0000', NULL, NULL, NULL, '', NULL, '0.0000', NULL, NULL, NULL, '', NULL, '2021-03-03 16:00:19', '2021-03-03 16:00:19', NULL, NULL),
(237, 164, 172, 172, '1.0000', '0.0000', '0.0000', '2000.0000', '2000.0000', 'fixed', '0.0000', '2000.0000', '0.0000', NULL, NULL, NULL, '', NULL, '0.0000', NULL, NULL, NULL, '', NULL, '2021-03-03 18:32:38', '2021-03-03 18:32:38', NULL, NULL),
(238, 165, 180, 182, '1.0000', '0.0000', '0.0000', '5000.0000', '5000.0000', 'fixed', '0.0000', '5000.0000', '0.0000', NULL, NULL, NULL, '', NULL, '0.0000', NULL, NULL, NULL, '', NULL, '2021-03-03 18:37:22', '2021-03-03 18:37:22', NULL, NULL);
INSERT INTO `transaction_sell_lines` (`id`, `transaction_id`, `product_id`, `variation_id`, `quantity`, `mfg_waste_percent`, `quantity_returned`, `unit_price_before_discount`, `unit_price`, `line_discount_type`, `line_discount_amount`, `unit_price_inc_tax`, `item_tax`, `tax_id`, `discount_id`, `lot_no_line_id`, `sell_line_note`, `so_line_id`, `so_quantity_invoiced`, `res_service_staff_id`, `res_line_order_status`, `parent_sell_line_id`, `children_type`, `sub_unit_id`, `created_at`, `updated_at`, `carryout_date`, `carryout_outdetails`) VALUES
(239, 165, 191, 194, '1.0000', '0.0000', '0.0000', '500.0000', '500.0000', NULL, '0.0000', '500.0000', '0.0000', NULL, NULL, NULL, NULL, NULL, '0.0000', NULL, NULL, 238, 'modifier', NULL, '2021-03-03 18:37:22', '2021-03-03 18:37:22', NULL, NULL),
(240, 166, 172, 172, '3.0000', '0.0000', '1.0000', '2000.0000', '2000.0000', 'fixed', '0.0000', '2000.0000', '0.0000', NULL, NULL, NULL, '', NULL, '0.0000', NULL, NULL, NULL, '', NULL, '2021-03-03 19:00:14', '2021-03-03 20:31:38', NULL, NULL),
(241, 167, 172, 172, '1.0000', '0.0000', '0.0000', '2000.0000', '2000.0000', 'fixed', '0.0000', '2000.0000', '0.0000', NULL, NULL, NULL, '', NULL, '0.0000', NULL, NULL, NULL, '', NULL, '2021-03-03 19:01:38', '2021-03-03 19:01:38', NULL, NULL),
(242, 168, 172, 172, '1.0000', '0.0000', '0.0000', '2000.0000', '2000.0000', 'fixed', '0.0000', '2000.0000', '0.0000', NULL, NULL, NULL, '', NULL, '0.0000', NULL, NULL, NULL, '', NULL, '2021-03-03 19:04:47', '2021-03-03 19:09:58', NULL, NULL),
(243, 171, 180, 182, '1.0000', '0.0000', '0.0000', '5000.0000', '5000.0000', 'fixed', '0.0000', '5000.0000', '0.0000', NULL, NULL, NULL, '', NULL, '0.0000', NULL, NULL, NULL, '', NULL, '2021-03-13 09:56:51', '2021-03-13 09:56:51', NULL, NULL),
(244, 172, 180, 182, '1.0000', '0.0000', '0.0000', '5000.0000', '5000.0000', 'fixed', '0.0000', '5000.0000', '0.0000', NULL, NULL, NULL, '', NULL, '0.0000', NULL, NULL, NULL, '', NULL, '2021-03-15 11:34:23', '2021-03-15 11:34:23', NULL, NULL),
(245, 173, 173, 173, '1.0000', '0.0000', '0.0000', '7000.0000', '7000.0000', 'fixed', '0.0000', '7000.0000', '0.0000', NULL, NULL, NULL, '', NULL, '0.0000', NULL, NULL, NULL, '', NULL, '2021-03-15 11:34:48', '2021-03-15 11:34:48', NULL, NULL),
(246, 174, 180, 182, '1.0000', '0.0000', '0.0000', '5000.0000', '5000.0000', 'fixed', '0.0000', '5000.0000', '0.0000', NULL, NULL, NULL, '', NULL, '0.0000', NULL, NULL, NULL, '', NULL, '2021-03-15 11:35:17', '2021-03-15 11:43:14', NULL, NULL),
(247, 174, 180, 182, '1.0000', '0.0000', '0.0000', '5000.0000', '5000.0000', 'fixed', '0.0000', '5000.0000', '0.0000', NULL, NULL, NULL, '', NULL, '0.0000', NULL, NULL, NULL, '', NULL, '2021-03-15 11:43:14', '2021-03-15 11:43:14', NULL, NULL),
(248, 175, 180, 182, '5.0000', '0.0000', '0.0000', '5000.0000', '5000.0000', 'fixed', '0.0000', '5000.0000', '0.0000', NULL, NULL, NULL, '', NULL, '0.0000', NULL, NULL, NULL, '', NULL, '2021-03-17 01:21:51', '2021-03-17 01:21:51', NULL, NULL),
(249, 176, 180, 182, '2.0000', '0.0000', '0.0000', '5000.0000', '5000.0000', 'fixed', '0.0000', '5000.0000', '0.0000', NULL, NULL, NULL, '', NULL, '0.0000', NULL, NULL, NULL, '', NULL, '2021-03-17 16:29:55', '2021-03-17 16:29:55', NULL, NULL),
(250, 176, 191, 194, '2.0000', '0.0000', '0.0000', '500.0000', '500.0000', NULL, '0.0000', '500.0000', '0.0000', NULL, NULL, NULL, NULL, NULL, '0.0000', NULL, NULL, 249, 'modifier', NULL, '2021-03-17 16:29:55', '2021-03-17 16:29:55', NULL, NULL),
(251, 177, 172, 172, '1.0000', '0.0000', '0.0000', '2000.0000', '2000.0000', 'fixed', '0.0000', '2000.0000', '0.0000', NULL, NULL, NULL, '', NULL, '0.0000', NULL, NULL, NULL, '', NULL, '2021-03-17 16:31:56', '2021-03-17 16:31:56', NULL, NULL),
(252, 178, 172, 172, '1.0000', '0.0000', '0.0000', '2000.0000', '2000.0000', 'fixed', '0.0000', '2000.0000', '0.0000', NULL, NULL, NULL, '', NULL, '0.0000', NULL, NULL, NULL, '', NULL, '2021-03-18 13:54:08', '2021-03-18 13:54:08', NULL, NULL),
(253, 128, 180, 182, '1.0000', '0.0000', '0.0000', '5000.0000', '5000.0000', 'fixed', '0.0000', '5000.0000', '0.0000', NULL, NULL, NULL, '', NULL, '0.0000', NULL, NULL, NULL, '', NULL, '2021-03-19 08:06:22', '2021-03-19 08:06:22', NULL, NULL),
(254, 128, 191, 194, '1.0000', '0.0000', '0.0000', '500.0000', '500.0000', NULL, '0.0000', '500.0000', '0.0000', NULL, NULL, NULL, NULL, NULL, '0.0000', NULL, NULL, 253, 'modifier', NULL, '2021-03-19 08:06:22', '2021-03-19 08:06:22', NULL, NULL),
(255, 179, 180, 182, '1.0000', '0.0000', '0.0000', '5000.0000', '5000.0000', 'fixed', '0.0000', '5000.0000', '0.0000', NULL, NULL, NULL, '', NULL, '0.0000', NULL, NULL, NULL, '', NULL, '2021-03-22 15:46:14', '2021-03-22 15:46:14', NULL, NULL),
(256, 179, 191, 194, '1.0000', '0.0000', '0.0000', '500.0000', '500.0000', NULL, '0.0000', '500.0000', '0.0000', NULL, NULL, NULL, NULL, NULL, '0.0000', NULL, NULL, 255, 'modifier', NULL, '2021-03-22 15:46:14', '2021-03-22 15:46:14', NULL, NULL),
(257, 180, 186, 188, '1.0000', '0.0000', '0.0000', '5000.0000', '5000.0000', 'fixed', '0.0000', '5000.0000', '0.0000', NULL, NULL, NULL, '', NULL, '0.0000', NULL, NULL, NULL, '', NULL, '2021-03-22 16:03:40', '2021-03-22 16:03:40', NULL, NULL),
(258, 181, 180, 182, '1.0000', '0.0000', '0.0000', '5000.0000', '5000.0000', 'fixed', '0.0000', '5000.0000', '0.0000', NULL, NULL, NULL, '', NULL, '0.0000', NULL, NULL, NULL, '', NULL, '2021-03-23 11:24:08', '2021-03-23 11:24:08', NULL, NULL),
(259, 181, 191, 194, '1.0000', '0.0000', '0.0000', '500.0000', '500.0000', NULL, '0.0000', '500.0000', '0.0000', NULL, NULL, NULL, NULL, NULL, '0.0000', NULL, NULL, 258, 'modifier', NULL, '2021-03-23 11:24:08', '2021-03-23 11:24:08', NULL, NULL),
(260, 182, 180, 182, '1.0000', '0.0000', '0.0000', '5000.0000', '5000.0000', 'fixed', '0.0000', '5000.0000', '0.0000', NULL, NULL, NULL, '', NULL, '0.0000', NULL, NULL, NULL, '', NULL, '2021-03-23 15:06:08', '2021-03-23 15:06:08', NULL, NULL),
(261, 182, 180, 182, '1.0000', '0.0000', '0.0000', '5000.0000', '5000.0000', 'fixed', '0.0000', '5000.0000', '0.0000', NULL, NULL, NULL, '', NULL, '0.0000', NULL, NULL, NULL, '', NULL, '2021-03-23 15:06:08', '2021-03-23 15:06:08', NULL, NULL),
(262, 183, 180, 182, '1.0000', '0.0000', '0.0000', '5000.0000', '5000.0000', 'fixed', '0.0000', '5000.0000', '0.0000', NULL, NULL, NULL, '', NULL, '0.0000', NULL, NULL, NULL, '', NULL, '2021-03-23 17:05:22', '2021-03-23 17:05:22', NULL, NULL),
(263, 184, 180, 182, '1.0000', '0.0000', '0.0000', '5000.0000', '5000.0000', 'fixed', '0.0000', '5000.0000', '0.0000', NULL, NULL, NULL, '', NULL, '0.0000', NULL, NULL, NULL, '', NULL, '2021-03-23 19:04:22', '2021-03-23 19:04:22', NULL, NULL),
(264, 185, 180, 182, '1.0000', '0.0000', '0.0000', '5000.0000', '5000.0000', 'fixed', '0.0000', '5000.0000', '0.0000', NULL, NULL, NULL, '', NULL, '0.0000', NULL, NULL, NULL, '', NULL, '2021-03-23 19:07:12', '2021-03-23 19:07:12', NULL, NULL),
(265, 186, 180, 182, '1.0000', '0.0000', '0.0000', '5000.0000', '5000.0000', 'fixed', '0.0000', '5000.0000', '0.0000', NULL, NULL, NULL, '', NULL, '0.0000', NULL, NULL, NULL, '', NULL, '2021-03-23 19:28:42', '2021-03-23 19:28:42', NULL, NULL),
(266, 186, 191, 194, '1.0000', '0.0000', '0.0000', '500.0000', '500.0000', NULL, '0.0000', '500.0000', '0.0000', NULL, NULL, NULL, NULL, NULL, '0.0000', NULL, NULL, 265, 'modifier', NULL, '2021-03-23 19:28:42', '2021-03-23 19:28:42', NULL, NULL),
(267, 187, 180, 182, '1.0000', '0.0000', '0.0000', '5000.0000', '5000.0000', 'fixed', '0.0000', '5000.0000', '0.0000', NULL, NULL, NULL, '', NULL, '0.0000', NULL, NULL, NULL, '', NULL, '2021-03-23 19:30:30', '2021-03-23 19:30:30', NULL, NULL),
(268, 188, 180, 182, '1.0000', '0.0000', '0.0000', '5000.0000', '5000.0000', 'fixed', '0.0000', '5000.0000', '0.0000', NULL, NULL, NULL, '', NULL, '0.0000', NULL, NULL, NULL, '', NULL, '2021-03-23 19:32:12', '2021-03-23 19:32:12', NULL, NULL),
(269, 189, 180, 182, '1.0000', '0.0000', '0.0000', '5000.0000', '5000.0000', 'fixed', '0.0000', '5000.0000', '0.0000', NULL, NULL, NULL, '', NULL, '0.0000', NULL, NULL, NULL, '', NULL, '2021-03-23 19:46:52', '2021-03-23 19:46:52', NULL, NULL),
(270, 190, 180, 182, '1.0000', '0.0000', '0.0000', '5000.0000', '5000.0000', 'fixed', '0.0000', '5000.0000', '0.0000', NULL, NULL, NULL, '', NULL, '0.0000', NULL, NULL, NULL, '', NULL, '2021-03-23 19:48:26', '2021-03-23 19:48:26', NULL, NULL),
(271, 191, 172, 172, '1.0000', '0.0000', '0.0000', '2000.0000', '2000.0000', 'fixed', '0.0000', '2000.0000', '0.0000', NULL, NULL, NULL, '', NULL, '0.0000', NULL, NULL, NULL, '', NULL, '2021-03-23 19:53:07', '2021-03-23 19:53:07', NULL, NULL),
(272, 192, 172, 172, '1.0000', '0.0000', '0.0000', '2000.0000', '2000.0000', 'fixed', '0.0000', '2000.0000', '0.0000', NULL, NULL, NULL, '', NULL, '0.0000', NULL, NULL, NULL, '', NULL, '2021-03-23 19:56:06', '2021-03-23 19:58:40', NULL, NULL),
(273, 193, 172, 172, '2.0000', '0.0000', '0.0000', '2000.0000', '2000.0000', 'fixed', '0.0000', '2000.0000', '0.0000', NULL, NULL, NULL, '', NULL, '0.0000', NULL, NULL, NULL, '', NULL, '2021-03-23 20:16:29', '2021-03-23 20:16:29', NULL, NULL),
(274, 193, 180, 182, '1.0000', '0.0000', '0.0000', '5000.0000', '5000.0000', 'fixed', '0.0000', '5000.0000', '0.0000', NULL, NULL, NULL, '', NULL, '0.0000', NULL, NULL, NULL, '', NULL, '2021-03-23 20:16:29', '2021-03-23 20:16:29', NULL, NULL),
(275, 194, 186, 188, '1.0000', '0.0000', '0.0000', '5000.0000', '5000.0000', 'fixed', '0.0000', '5000.0000', '0.0000', NULL, NULL, NULL, '', NULL, '0.0000', NULL, NULL, NULL, '', NULL, '2021-03-24 18:01:50', '2021-03-24 18:01:50', NULL, NULL),
(276, 195, 172, 172, '1.0000', '0.0000', '0.0000', '2000.0000', '2000.0000', 'fixed', '0.0000', '2000.0000', '0.0000', NULL, NULL, NULL, '', NULL, '0.0000', NULL, NULL, NULL, '', NULL, '2021-03-24 18:05:56', '2021-03-24 18:05:56', NULL, NULL),
(277, 196, 172, 172, '1.0000', '0.0000', '0.0000', '2000.0000', '2000.0000', 'fixed', '0.0000', '2000.0000', '0.0000', NULL, NULL, NULL, '', NULL, '0.0000', NULL, NULL, NULL, '', NULL, '2021-03-24 18:52:05', '2021-03-24 18:52:05', NULL, NULL),
(278, 197, 180, 182, '1.0000', '0.0000', '0.0000', '5000.0000', '5000.0000', 'fixed', '0.0000', '5000.0000', '0.0000', NULL, NULL, NULL, '', NULL, '0.0000', NULL, NULL, NULL, '', NULL, '2021-03-24 18:54:42', '2021-03-24 18:54:42', NULL, NULL),
(279, 197, 172, 172, '1.0000', '0.0000', '0.0000', '2000.0000', '2000.0000', 'fixed', '0.0000', '2000.0000', '0.0000', NULL, NULL, NULL, '', NULL, '0.0000', NULL, NULL, NULL, '', NULL, '2021-03-24 18:54:42', '2021-03-24 18:54:42', NULL, NULL),
(280, 198, 180, 182, '1.0000', '0.0000', '0.0000', '5000.0000', '5000.0000', 'fixed', '0.0000', '5000.0000', '0.0000', NULL, NULL, NULL, '', NULL, '0.0000', NULL, NULL, NULL, '', NULL, '2021-03-24 19:02:56', '2021-03-24 19:02:56', NULL, NULL),
(281, 201, 319, 323, '1.0000', '0.0000', '1.0000', '300000.0000', '300000.0000', 'fixed', '0.0000', '300000.0000', '0.0000', NULL, NULL, NULL, '', NULL, '0.0000', NULL, NULL, NULL, '', NULL, '2021-04-14 15:20:26', '2021-04-14 15:24:28', NULL, NULL),
(282, 205, 327, 331, '1.0000', '0.0000', '1.0000', '330000.0000', '330000.0000', 'fixed', '0.0000', '330000.0000', '0.0000', NULL, NULL, NULL, '', NULL, '0.0000', NULL, NULL, NULL, '', NULL, '2021-04-17 11:06:04', '2021-04-22 10:05:27', NULL, NULL),
(283, 206, 327, 331, '1.0000', '0.0000', '1.0000', '330000.0000', '330000.0000', 'fixed', '0.0000', '330000.0000', '0.0000', NULL, NULL, NULL, '', NULL, '0.0000', NULL, NULL, NULL, '', NULL, '2021-04-17 11:19:59', '2021-04-22 10:06:03', NULL, NULL),
(284, 259, 419, 423, '1.0000', '0.0000', '0.0000', '27000000.0000', '27000000.0000', 'fixed', '0.0000', '27000000.0000', '0.0000', NULL, NULL, NULL, '', NULL, '0.0000', NULL, NULL, NULL, '', NULL, '2021-05-01 12:59:46', '2021-05-01 14:04:19', NULL, NULL),
(286, 261, 420, 424, '1.0000', '0.0000', '0.0000', '3000000.0000', '3000000.0000', 'fixed', '0.0000', '3000000.0000', '0.0000', NULL, NULL, NULL, '', NULL, '0.0000', NULL, NULL, NULL, '', NULL, '2021-05-08 13:44:29', '2021-05-08 13:58:05', NULL, NULL),
(287, 263, 421, 425, '7.0000', '0.0000', '0.0000', '1000.0000', '1000.0000', 'fixed', '0.0000', '1000.0000', '0.0000', NULL, NULL, NULL, '', NULL, '0.0000', NULL, NULL, NULL, '', NULL, '2021-06-21 14:34:45', '2021-06-21 14:34:45', NULL, NULL),
(288, 264, 421, 425, '1.0000', '0.0000', '0.0000', '1000.0000', '1000.0000', 'fixed', '0.0000', '1000.0000', '0.0000', NULL, NULL, NULL, '', NULL, '0.0000', NULL, NULL, NULL, '', NULL, '2021-07-14 20:51:50', '2021-07-14 20:51:50', NULL, NULL),
(289, 265, 421, 425, '1.0000', '0.0000', '0.0000', '1000.0000', '1000.0000', 'fixed', '0.0000', '1000.0000', '0.0000', NULL, NULL, NULL, '', NULL, '0.0000', NULL, NULL, NULL, '', NULL, '2021-07-14 20:53:24', '2021-07-14 20:53:24', NULL, NULL),
(290, 267, 422, 426, '1.0000', '0.0000', '0.0000', '16000.0000', '16000.0000', 'fixed', '0.0000', '16000.0000', '0.0000', NULL, NULL, 129, '', NULL, '0.0000', NULL, NULL, NULL, '', NULL, '2021-07-14 21:14:30', '2021-07-14 21:14:30', NULL, NULL),
(291, 268, 422, 426, '1.0000', '0.0000', '0.0000', '16000.0000', '16000.0000', 'fixed', '0.0000', '16000.0000', '0.0000', NULL, NULL, NULL, '', NULL, '0.0000', NULL, NULL, NULL, '', NULL, '2021-07-14 21:15:07', '2021-07-14 21:15:07', NULL, NULL),
(292, 271, 99, 99, '1.0000', '0.0000', '0.0000', '6000.0000', '6000.0000', 'fixed', '0.0000', '6000.0000', '0.0000', NULL, NULL, NULL, '', NULL, '0.0000', NULL, NULL, NULL, '', NULL, '2021-11-16 16:01:04', '2021-11-16 16:01:04', NULL, NULL),
(293, 272, 99, 99, '1.0000', '0.0000', '0.0000', '6000.0000', '6000.0000', 'fixed', '0.0000', '6000.0000', '0.0000', NULL, NULL, NULL, '', NULL, '0.0000', NULL, NULL, NULL, '', NULL, '2021-11-16 16:01:46', '2021-11-16 16:01:46', NULL, NULL),
(294, 273, 99, 99, '1.0000', '0.0000', '0.0000', '6000.0000', '6000.0000', 'fixed', '0.0000', '6000.0000', '0.0000', NULL, NULL, NULL, '', NULL, '0.0000', NULL, NULL, NULL, '', NULL, '2021-11-16 16:08:14', '2021-11-16 16:08:14', NULL, NULL),
(295, 274, 41, 41, '1.0000', '0.0000', '0.0000', '1000.0000', '1000.0000', 'fixed', '0.0000', '1000.0000', '0.0000', NULL, NULL, NULL, '', NULL, '0.0000', NULL, NULL, NULL, '', NULL, '2022-01-08 12:40:03', '2022-01-08 12:40:03', NULL, NULL),
(296, 274, 37, 37, '1.0000', '0.0000', '0.0000', '1200.0000', '1200.0000', 'fixed', '0.0000', '1200.0000', '0.0000', NULL, NULL, NULL, '', NULL, '0.0000', NULL, NULL, NULL, '', NULL, '2022-01-08 12:40:03', '2022-01-08 12:40:03', NULL, NULL),
(297, 275, 41, 41, '1.0000', '0.0000', '0.0000', '1000.0000', '1000.0000', 'fixed', '0.0000', '1000.0000', '0.0000', NULL, NULL, NULL, '', NULL, '0.0000', NULL, NULL, NULL, '', NULL, '2022-01-13 15:54:46', '2022-01-13 15:54:46', NULL, NULL),
(298, 276, 41, 41, '7.0000', '0.0000', '0.0000', '1000.0000', '1000.0000', 'fixed', '0.0000', '1000.0000', '0.0000', NULL, NULL, NULL, '', NULL, '0.0000', NULL, NULL, NULL, '', NULL, '2022-01-13 15:55:12', '2022-01-13 15:55:12', NULL, NULL),
(299, 277, 41, 41, '1.0000', '0.0000', '0.0000', '1000.0000', '1000.0000', 'fixed', '0.0000', '1000.0000', '0.0000', NULL, NULL, NULL, '', NULL, '0.0000', NULL, NULL, NULL, '', NULL, '2022-01-30 18:55:01', '2022-01-30 18:55:01', NULL, NULL),
(300, 278, 41, 41, '1.0000', '0.0000', '0.0000', '1000.0000', '1000.0000', 'fixed', '0.0000', '1000.0000', '0.0000', NULL, NULL, NULL, '', NULL, '0.0000', NULL, NULL, NULL, '', NULL, '2022-01-30 19:08:26', '2022-01-30 19:08:26', NULL, NULL),
(301, 280, 41, 41, '2.0000', '0.0000', '0.0000', '1000.0000', '1000.0000', 'fixed', '0.0000', '1000.0000', '0.0000', NULL, NULL, NULL, '', NULL, '0.0000', NULL, NULL, NULL, '', NULL, '2022-01-30 19:17:26', '2022-01-30 19:17:26', NULL, NULL),
(302, 281, 41, 41, '1.0000', '0.0000', '0.0000', '1000.0000', '1000.0000', 'fixed', '0.0000', '1000.0000', '0.0000', NULL, NULL, NULL, '', NULL, '0.0000', NULL, NULL, NULL, '', NULL, '2022-01-30 19:20:45', '2022-01-30 19:20:45', NULL, NULL),
(303, 282, 41, 41, '1.0000', '0.0000', '0.0000', '1000.0000', '1000.0000', 'fixed', '0.0000', '1000.0000', '0.0000', NULL, NULL, NULL, '', NULL, '0.0000', NULL, NULL, NULL, '', NULL, '2022-01-30 19:22:21', '2022-01-30 19:22:21', NULL, NULL),
(307, 284, 41, 41, '1.0000', '0.0000', '1.0000', '1000.0000', '1000.0000', 'fixed', '0.0000', '1000.0000', '0.0000', NULL, NULL, NULL, '', NULL, '0.0000', NULL, NULL, NULL, '', NULL, '2022-01-30 19:24:10', '2022-02-10 18:48:22', NULL, NULL),
(308, 284, 37, 37, '1.0000', '0.0000', '0.0000', '1200.0000', '1200.0000', 'fixed', '0.0000', '1200.0000', '0.0000', NULL, NULL, NULL, '', NULL, '0.0000', NULL, NULL, NULL, '', NULL, '2022-01-30 19:24:10', '2022-02-10 18:48:22', NULL, NULL),
(309, 285, 41, 41, '1.0000', '0.0000', '0.0000', '1000.0000', '1000.0000', 'fixed', '0.0000', '1000.0000', '0.0000', NULL, NULL, NULL, '', NULL, '0.0000', NULL, NULL, NULL, '', NULL, '2022-01-30 19:47:15', '2022-01-30 19:47:15', NULL, NULL),
(310, 286, 41, 41, '2.0000', '0.0000', '0.0000', '1000.0000', '1000.0000', 'fixed', '0.0000', '1000.0000', '0.0000', NULL, NULL, NULL, '', NULL, '0.0000', NULL, NULL, NULL, '', NULL, '2022-02-10 14:48:13', '2022-02-10 14:51:11', NULL, NULL),
(311, 287, 41, 41, '1.0000', '0.0000', '0.0000', '1000.0000', '1000.0000', 'fixed', '0.0000', '1000.0000', '0.0000', NULL, NULL, NULL, '', NULL, '0.0000', NULL, NULL, NULL, '', NULL, '2022-02-10 17:26:26', '2022-02-10 17:31:49', NULL, NULL),
(312, 288, 41, 41, '1.0000', '0.0000', '0.0000', '1000.0000', '1000.0000', 'fixed', '0.0000', '1000.0000', '0.0000', NULL, NULL, NULL, '', NULL, '0.0000', NULL, NULL, NULL, '', NULL, '2022-02-10 17:30:00', '2022-02-10 17:30:00', NULL, NULL),
(314, 291, 41, 41, '1.0000', '0.0000', '1.0000', '1000.0000', '1000.0000', 'fixed', '0.0000', '1000.0000', '0.0000', NULL, NULL, NULL, '', NULL, '0.0000', NULL, NULL, NULL, '', NULL, '2022-02-10 18:53:06', '2022-02-10 18:53:46', NULL, NULL),
(326, 313, 423, 427, '1.0000', '0.0000', '0.0000', '2142.9000', '2142.9000', 'fixed', '0.0000', '2528.6200', '385.7200', 3, NULL, NULL, '', NULL, '0.0000', NULL, NULL, NULL, '', NULL, '2022-03-05 19:22:18', '2022-03-05 19:22:18', NULL, NULL),
(327, 314, 423, 427, '1.0000', '0.0000', '0.0000', '2142.9000', '2142.9000', 'fixed', '0.0000', '2528.6200', '385.7200', 3, NULL, NULL, '', NULL, '0.0000', NULL, NULL, NULL, '', NULL, '2022-03-05 19:24:56', '2022-03-05 21:37:21', NULL, NULL),
(328, 317, 424, 428, '1.0000', '0.0000', '0.0000', '14160.0000', '14160.0000', 'fixed', '0.0000', '14160.0000', '0.0000', NULL, NULL, NULL, '', NULL, '0.0000', NULL, NULL, NULL, '', NULL, '2022-03-08 11:05:31', '2022-03-08 11:05:31', NULL, NULL),
(329, 318, 424, 428, '1.0000', '0.0000', '0.0000', '11625.0000', '11625.0000', 'fixed', '0.0000', '13717.5000', '2092.5000', 3, NULL, NULL, '', NULL, '0.0000', NULL, NULL, NULL, '', NULL, '2022-03-19 11:10:40', '2022-03-19 11:10:40', NULL, NULL);

-- --------------------------------------------------------

--
-- Table structure for table `transaction_sell_lines_purchase_lines`
--

CREATE TABLE `transaction_sell_lines_purchase_lines` (
  `id` int(10) UNSIGNED NOT NULL,
  `sell_line_id` int(10) UNSIGNED DEFAULT NULL COMMENT 'id from transaction_sell_lines',
  `stock_adjustment_line_id` int(10) UNSIGNED DEFAULT NULL COMMENT 'id from stock_adjustment_lines',
  `purchase_line_id` int(10) UNSIGNED NOT NULL COMMENT 'id from purchase_lines',
  `quantity` decimal(22,4) NOT NULL,
  `qty_returned` decimal(22,4) NOT NULL DEFAULT '0.0000',
  `created_at` timestamp NULL DEFAULT NULL,
  `updated_at` timestamp NULL DEFAULT NULL
) ENGINE=InnoDB DEFAULT CHARSET=utf8mb4 COLLATE=utf8mb4_unicode_ci;

--
-- Dumping data for table `transaction_sell_lines_purchase_lines`
--

INSERT INTO `transaction_sell_lines_purchase_lines` (`id`, `sell_line_id`, `stock_adjustment_line_id`, `purchase_line_id`, `quantity`, `qty_returned`, `created_at`, `updated_at`) VALUES
(1, 1, NULL, 1, '1.0000', '0.0000', '2020-03-27 23:43:05', '2020-03-27 23:43:05'),
(2, 2, NULL, 3, '20.0000', '0.0000', '2020-04-01 00:33:07', '2020-04-01 00:33:07'),
(3, 3, NULL, 5, '10.0000', '0.0000', '2020-04-01 00:33:07', '2020-04-01 00:33:07'),
(4, 4, NULL, 14, '50.0000', '0.0000', '2020-04-01 00:33:07', '2020-04-01 00:33:07'),
(5, 5, NULL, 16, '2.0000', '0.0000', '2020-04-01 00:34:12', '2020-04-01 00:34:12'),
(6, 6, NULL, 11, '2.0000', '0.0000', '2020-04-01 00:34:12', '2020-04-01 00:34:12'),
(7, 7, NULL, 5, '15.0000', '0.0000', '2020-04-01 00:34:12', '2020-04-01 00:34:12'),
(8, 8, NULL, 9, '45.0000', '0.0000', '2020-04-01 00:34:12', '2020-04-01 00:34:12'),
(9, 9, NULL, 12, '48.0000', '0.0000', '2020-04-01 00:34:12', '2020-04-01 00:34:12'),
(10, 10, NULL, 17, '34.0000', '0.0000', '2020-04-01 00:34:12', '2020-04-01 00:34:12'),
(11, 16, NULL, 9, '9.0000', '0.0000', '2020-04-01 11:48:18', '2020-04-01 11:48:18'),
(12, 17, NULL, 10, '7.0000', '0.0000', '2020-04-01 11:48:18', '2020-04-01 11:48:18'),
(13, 12, NULL, 3, '44.0000', '0.0000', '2020-04-01 13:41:29', '2020-04-01 13:41:29'),
(14, 13, NULL, 5, '7.0000', '0.0000', '2020-04-01 13:41:29', '2020-04-01 13:41:29'),
(15, 14, NULL, 10, '27.0000', '0.0000', '2020-04-01 13:41:29', '2020-04-01 13:41:29'),
(16, 18, NULL, 3, '7.0000', '0.0000', '2020-04-02 06:58:49', '2020-04-02 06:58:49'),
(17, 19, NULL, 5, '4.0000', '0.0000', '2020-04-02 06:58:49', '2020-04-02 06:58:49'),
(18, 20, NULL, 6, '2.0000', '0.0000', '2020-04-02 06:58:49', '2020-04-02 06:58:49'),
(19, 21, NULL, 16, '2.0000', '0.0000', '2020-04-02 06:58:49', '2020-04-02 06:58:49'),
(20, 22, NULL, 15, '2.0000', '0.0000', '2020-04-02 06:58:49', '2020-04-02 06:58:49'),
(21, 23, NULL, 14, '4.0000', '0.0000', '2020-04-02 06:58:49', '2020-04-02 06:58:49'),
(22, 24, NULL, 13, '2.0000', '0.0000', '2020-04-02 06:58:49', '2020-04-02 06:58:49'),
(23, 25, NULL, 4, '2.0000', '0.0000', '2020-04-02 06:58:49', '2020-04-02 06:58:49'),
(24, 26, NULL, 17, '2.0000', '0.0000', '2020-04-02 06:58:49', '2020-04-02 06:58:49'),
(25, 27, NULL, 12, '2.0000', '0.0000', '2020-04-02 06:58:49', '2020-04-02 06:58:49'),
(26, 28, NULL, 3, '1.0000', '0.0000', '2020-04-17 00:58:08', '2020-04-17 00:58:08'),
(27, 29, NULL, 9, '1.0000', '0.0000', '2020-04-17 00:58:08', '2020-04-17 00:58:08'),
(28, 30, NULL, 10, '1.0000', '0.0000', '2020-04-17 00:58:08', '2020-04-17 00:58:08'),
(29, 31, NULL, 11, '1.0000', '0.0000', '2020-04-17 00:58:08', '2020-04-17 00:58:08'),
(30, 32, NULL, 16, '1.0000', '0.0000', '2020-04-17 00:58:08', '2020-04-17 00:58:08'),
(31, 33, NULL, 15, '31.0000', '0.0000', '2020-04-17 00:58:08', '2020-04-17 00:58:08'),
(32, 34, NULL, 17, '16.0000', '0.0000', '2020-04-17 00:59:02', '2020-04-17 00:59:02'),
(33, 35, NULL, 14, '23.0000', '0.0000', '2020-04-17 00:59:02', '2020-04-17 00:59:02'),
(34, 36, NULL, 10, '33.0000', '0.0000', '2020-04-17 00:59:02', '2020-04-17 00:59:02'),
(35, 37, NULL, 11, '24.0000', '0.0000', '2020-04-17 00:59:02', '2020-04-17 00:59:02'),
(36, 38, NULL, 19, '1.0000', '0.0000', '2020-04-17 01:36:11', '2020-04-17 01:36:11'),
(37, 39, NULL, 20, '1.0000', '0.0000', '2020-04-17 01:40:17', '2020-04-17 01:40:17'),
(38, 40, NULL, 20, '1.0000', '0.0000', '2020-04-17 01:40:17', '2020-04-17 01:40:17'),
(39, 41, NULL, 20, '1.0000', '0.0000', '2020-04-17 01:40:17', '2020-04-17 01:40:17'),
(40, 42, NULL, 20, '1.0000', '0.0000', '2020-04-17 01:40:17', '2020-04-17 01:40:17'),
(41, 43, NULL, 20, '1.0000', '0.0000', '2020-04-17 01:40:17', '2020-04-17 01:40:17'),
(42, 44, NULL, 20, '1.0000', '0.0000', '2020-04-17 01:40:17', '2020-04-17 01:40:17'),
(43, 45, NULL, 20, '1.0000', '0.0000', '2020-04-17 01:40:17', '2020-04-17 01:40:17'),
(44, 46, NULL, 20, '1.0000', '0.0000', '2020-04-17 01:40:17', '2020-04-17 01:40:17'),
(45, 47, NULL, 20, '1.0000', '0.0000', '2020-04-17 01:40:17', '2020-04-17 01:40:17'),
(46, 48, NULL, 20, '1.0000', '0.0000', '2020-04-17 01:40:17', '2020-04-17 01:40:17'),
(47, 49, NULL, 20, '1.0000', '0.0000', '2020-04-17 01:40:17', '2020-04-17 01:40:17'),
(48, 50, NULL, 20, '1.0000', '0.0000', '2020-04-17 01:40:17', '2020-04-17 01:40:17'),
(49, 51, NULL, 20, '1.0000', '0.0000', '2020-04-17 01:40:17', '2020-04-17 01:40:17'),
(50, 52, NULL, 20, '1.0000', '0.0000', '2020-04-17 01:40:17', '2020-04-17 01:40:17'),
(51, 53, NULL, 20, '1.0000', '0.0000', '2020-04-17 01:40:17', '2020-04-17 01:40:17'),
(52, 54, NULL, 20, '1.0000', '0.0000', '2020-04-17 01:40:17', '2020-04-17 01:40:17'),
(53, 55, NULL, 20, '1.0000', '0.0000', '2020-04-17 01:40:17', '2020-04-17 01:40:17'),
(54, 56, NULL, 20, '1.0000', '0.0000', '2020-04-17 01:40:17', '2020-04-17 01:40:17'),
(55, 57, NULL, 20, '1.0000', '0.0000', '2020-04-17 01:40:17', '2020-04-17 01:40:17'),
(56, 58, NULL, 20, '1.0000', '0.0000', '2020-04-17 01:40:17', '2020-04-17 01:40:17'),
(57, 59, NULL, 20, '1.0000', '0.0000', '2020-04-17 01:40:17', '2020-04-17 01:40:17'),
(58, 60, NULL, 20, '1.0000', '0.0000', '2020-04-17 01:40:17', '2020-04-17 01:40:17'),
(59, 61, NULL, 20, '1.0000', '0.0000', '2020-04-17 01:40:17', '2020-04-17 01:40:17'),
(60, 62, NULL, 20, '1.0000', '0.0000', '2020-04-17 01:40:17', '2020-04-17 01:40:17'),
(61, 63, NULL, 20, '1.0000', '0.0000', '2020-04-17 01:40:17', '2020-04-17 01:40:17'),
(62, 64, NULL, 20, '1.0000', '0.0000', '2020-04-17 01:40:17', '2020-04-17 01:40:17'),
(63, 65, NULL, 20, '1.0000', '0.0000', '2020-04-17 01:40:17', '2020-04-17 01:40:17'),
(64, 66, NULL, 20, '1.0000', '0.0000', '2020-04-17 01:40:17', '2020-04-17 01:40:17'),
(65, 67, NULL, 20, '1.0000', '0.0000', '2020-04-17 01:40:17', '2020-04-17 01:40:17'),
(66, 68, NULL, 20, '1.0000', '0.0000', '2020-04-17 01:40:17', '2020-04-17 01:40:17'),
(67, 69, NULL, 20, '1.0000', '0.0000', '2020-04-17 01:40:17', '2020-04-17 01:40:17'),
(68, 70, NULL, 20, '1.0000', '0.0000', '2020-04-17 01:40:17', '2020-04-17 01:40:17'),
(69, 71, NULL, 20, '1.0000', '0.0000', '2020-04-17 01:40:17', '2020-04-17 01:40:17'),
(70, 72, NULL, 20, '1.0000', '0.0000', '2020-04-17 01:40:17', '2020-04-17 01:40:17'),
(71, 73, NULL, 20, '1.0000', '0.0000', '2020-04-17 01:40:17', '2020-04-17 01:40:17'),
(72, 74, NULL, 20, '1.0000', '0.0000', '2020-04-17 01:40:17', '2020-04-17 01:40:17'),
(73, 75, NULL, 20, '1.0000', '0.0000', '2020-04-17 01:40:17', '2020-04-17 01:40:17'),
(74, 76, NULL, 20, '1.0000', '0.0000', '2020-04-17 01:40:17', '2020-04-17 01:40:17'),
(75, 77, NULL, 20, '1.0000', '0.0000', '2020-04-17 01:40:17', '2020-04-17 01:40:17'),
(76, 78, NULL, 20, '1.0000', '0.0000', '2020-04-17 01:40:17', '2020-04-17 01:40:17'),
(77, 79, NULL, 20, '1.0000', '0.0000', '2020-04-17 01:40:17', '2020-04-17 01:40:17'),
(78, 80, NULL, 20, '1.0000', '0.0000', '2020-04-17 01:40:17', '2020-04-17 01:40:17'),
(79, 81, NULL, 20, '1.0000', '0.0000', '2020-04-17 01:40:17', '2020-04-17 01:40:17'),
(80, 82, NULL, 20, '1.0000', '0.0000', '2020-04-17 01:40:17', '2020-04-17 01:40:17'),
(81, 83, NULL, 20, '1.0000', '0.0000', '2020-04-17 01:40:17', '2020-04-17 01:40:17'),
(82, 84, NULL, 20, '1.0000', '0.0000', '2020-04-17 01:40:17', '2020-04-17 01:40:17'),
(83, 85, NULL, 20, '1.0000', '0.0000', '2020-04-17 01:40:17', '2020-04-17 01:40:17'),
(84, 86, NULL, 20, '1.0000', '0.0000', '2020-04-17 01:40:17', '2020-04-17 01:40:17'),
(85, 87, NULL, 20, '1.0000', '0.0000', '2020-04-17 01:40:17', '2020-04-17 01:40:17'),
(86, 88, NULL, 20, '1.0000', '0.0000', '2020-04-17 01:40:17', '2020-04-17 01:40:17'),
(87, 89, NULL, 20, '1.0000', '0.0000', '2020-04-17 01:40:17', '2020-04-17 01:40:17'),
(88, 90, NULL, 20, '1.0000', '0.0000', '2020-04-17 01:40:17', '2020-04-17 01:40:17'),
(89, 91, NULL, 20, '1.0000', '0.0000', '2020-04-17 01:40:17', '2020-04-17 01:40:17'),
(92, 95, NULL, 28, '2500.0000', '0.0000', '2021-01-20 13:48:04', '2021-01-20 13:48:04'),
(93, 96, NULL, 29, '50.0000', '0.0000', '2021-01-20 13:48:04', '2021-01-20 13:48:04'),
(94, 97, NULL, 30, '62.5000', '0.0000', '2021-01-20 13:48:04', '2021-01-20 13:48:04'),
(95, 98, NULL, 32, '750.0000', '0.0000', '2021-01-20 13:48:04', '2021-01-20 13:48:04'),
(96, 99, NULL, 31, '750.0000', '0.0000', '2021-01-20 13:48:04', '2021-01-20 13:48:04'),
(97, 100, NULL, 33, '25.0000', '0.0000', '2021-01-20 13:48:04', '2021-01-20 13:48:04'),
(98, 107, NULL, 35, '30.0000', '0.0000', '2021-01-20 13:51:18', '2021-01-20 13:51:18'),
(99, 108, NULL, 36, '16660.0000', '0.0000', '2021-01-20 14:11:29', '2021-01-20 14:11:29'),
(100, 109, NULL, 37, '1660.0000', '0.0000', '2021-01-20 14:11:29', '2021-01-20 14:11:29'),
(101, 110, NULL, 38, '8340.0000', '0.0000', '2021-01-20 14:11:29', '2021-01-20 14:11:29'),
(102, 111, NULL, 29, '168.0000', '0.0000', '2021-01-20 14:11:29', '2021-01-20 14:11:29'),
(103, 112, NULL, 39, '50.0000', '0.0000', '2021-01-20 14:12:43', '2021-01-20 14:12:43'),
(104, 113, NULL, 39, '5.0000', '0.0000', '2021-01-20 14:42:35', '2021-01-20 14:42:35'),
(105, 114, NULL, 35, '1.0000', '0.0000', '2021-01-20 14:42:35', '2021-01-20 14:42:35'),
(106, 115, NULL, 39, '1.0000', '0.0000', '2021-01-20 14:43:08', '2021-01-20 14:43:08'),
(107, 116, NULL, 35, '1.0000', '0.0000', '2021-01-20 14:43:08', '2021-01-20 14:43:08'),
(108, 117, NULL, 28, '2500.0000', '0.0000', '2021-01-20 17:28:16', '2021-01-20 17:28:16'),
(109, 118, NULL, 29, '50.0000', '0.0000', '2021-01-20 17:28:16', '2021-01-20 17:28:16'),
(110, 119, NULL, 30, '62.5000', '0.0000', '2021-01-20 17:28:16', '2021-01-20 17:28:16'),
(111, 120, NULL, 32, '750.0000', '0.0000', '2021-01-20 17:28:16', '2021-01-20 17:28:16'),
(112, 121, NULL, 31, '750.0000', '0.0000', '2021-01-20 17:28:16', '2021-01-20 17:28:16'),
(113, 122, NULL, 33, '25.0000', '0.0000', '2021-01-20 17:28:16', '2021-01-20 17:28:16'),
(114, 123, NULL, 35, '10.0000', '0.0000', '2021-01-20 17:30:46', '2021-01-20 17:30:46'),
(115, 124, NULL, 45, '10000.0000', '0.0000', '2021-01-21 13:18:46', '2021-01-21 13:18:46'),
(116, 125, NULL, 29, '100.0000', '0.0000', '2021-01-21 13:18:46', '2021-01-21 13:18:46'),
(117, 126, NULL, 42, '2000.0000', '0.0000', '2021-01-21 13:18:46', '2021-01-21 13:18:46'),
(118, 127, NULL, 37, '750.0000', '0.0000', '2021-01-21 13:18:46', '2021-01-21 13:18:46'),
(119, 128, NULL, 38, '5000.0000', '0.0000', '2021-01-21 13:18:46', '2021-01-21 13:18:46'),
(120, 129, NULL, 44, '250.0000', '0.0000', '2021-01-21 13:18:46', '2021-01-21 13:18:46'),
(121, 131, NULL, 47, '100.0000', '0.0000', '2021-01-21 13:30:24', '2021-01-21 13:30:24'),
(122, 132, NULL, 39, '1.0000', '0.0000', '2021-01-21 14:12:43', '2021-01-21 14:12:43'),
(123, 133, NULL, 35, '1.0000', '0.0000', '2021-01-21 14:12:43', '2021-01-21 14:12:43'),
(124, 134, NULL, 47, '1.0000', '0.0000', '2021-01-21 14:12:43', '2021-01-21 14:12:43'),
(125, 135, NULL, 39, '1.0000', '0.0000', '2021-01-21 14:12:59', '2021-01-21 14:12:59'),
(126, 136, NULL, 35, '1.0000', '0.0000', '2021-01-21 14:12:59', '2021-01-21 14:12:59'),
(127, 137, NULL, 47, '1.0000', '0.0000', '2021-01-21 14:12:59', '2021-01-21 14:12:59'),
(128, 138, NULL, 39, '1.0000', '0.0000', '2021-01-21 14:13:20', '2021-01-21 14:13:20'),
(129, 139, NULL, 39, '1.0000', '0.0000', '2021-01-21 19:55:34', '2021-01-21 19:55:34'),
(130, 140, NULL, 39, '1.0000', '0.0000', '2021-01-21 19:56:30', '2021-01-21 19:56:30'),
(131, 146, NULL, 39, '1.0000', '0.0000', '2021-01-22 13:45:13', '2021-01-22 13:45:13'),
(132, 147, NULL, 39, '1.0000', '0.0000', '2021-01-22 13:51:35', '2021-01-22 13:51:35'),
(133, 151, NULL, 1, '1.0000', '0.0000', '2021-01-29 21:45:15', '2021-01-29 21:45:15'),
(134, 152, NULL, 1, '1.0000', '0.0000', '2021-01-29 21:47:19', '2021-01-29 21:47:19'),
(135, 153, NULL, 1, '1.0000', '0.0000', '2021-01-29 21:47:19', '2021-01-29 21:47:19'),
(136, 149, NULL, 1, '1.0000', '0.0000', '2021-01-29 21:48:27', '2021-01-29 21:48:27'),
(137, 150, NULL, 2, '1.0000', '0.0000', '2021-01-29 21:48:27', '2021-01-29 21:48:27'),
(138, 154, NULL, 1, '1.0000', '0.0000', '2021-01-29 22:00:05', '2021-01-29 22:00:05'),
(139, 155, NULL, 1, '1.0000', '0.0000', '2021-01-29 22:00:05', '2021-01-29 22:00:05'),
(140, 156, NULL, 1, '1.0000', '0.0000', '2021-01-29 22:00:05', '2021-01-29 22:00:05'),
(141, 157, NULL, 1, '1.0000', '0.0000', '2021-01-29 22:00:05', '2021-01-29 22:00:05'),
(142, 158, NULL, 1, '1.0000', '0.0000', '2021-01-29 22:00:05', '2021-01-29 22:00:05'),
(143, 159, NULL, 49, '50.0000', '0.0000', '2021-01-30 21:27:10', '2021-01-30 21:27:10'),
(144, 160, NULL, 50, '30.0000', '0.0000', '2021-01-30 21:27:10', '2021-01-30 21:27:10'),
(145, 161, NULL, 51, '3000.0000', '0.0000', '2021-01-30 21:27:10', '2021-01-30 21:27:10'),
(146, 162, NULL, 52, '5.0000', '0.0000', '2021-01-30 21:31:32', '2021-01-30 21:31:32'),
(148, 165, NULL, 52, '1.0000', '0.0000', '2021-01-30 21:59:34', '2021-01-30 21:59:34'),
(149, 164, NULL, 52, '1.0000', '0.0000', '2021-01-30 22:01:32', '2021-01-30 22:01:32'),
(150, 166, NULL, 48, '1.0000', '0.0000', '2021-02-02 11:36:37', '2021-02-02 11:36:37'),
(151, 167, NULL, 52, '1.0000', '0.0000', '2021-02-02 11:36:37', '2021-02-02 11:36:37'),
(152, 168, NULL, 49, '50.0000', '0.0000', '2021-02-05 18:18:31', '2021-02-05 18:18:31'),
(153, 169, NULL, 50, '30.0000', '0.0000', '2021-02-05 18:18:31', '2021-02-05 18:18:31'),
(154, 170, NULL, 51, '3000.0000', '0.0000', '2021-02-05 18:18:31', '2021-02-05 18:18:31'),
(155, 171, NULL, 52, '2.0000', '0.0000', '2021-02-05 18:34:34', '2021-02-05 18:34:34'),
(156, 171, NULL, 53, '4.0000', '0.0000', '2021-02-05 18:34:34', '2021-02-05 18:34:34'),
(157, 172, NULL, 53, '2.0000', '0.0000', '2021-02-05 18:34:56', '2021-02-05 18:34:56'),
(158, 173, NULL, 53, '1.0000', '0.0000', '2021-02-05 18:37:11', '2021-02-05 18:37:11'),
(159, 176, NULL, 53, '2.0000', '0.0000', '2021-02-15 16:07:04', '2021-02-15 16:07:04'),
(160, 177, NULL, 53, '1.0000', '0.0000', '2021-02-15 16:23:06', '2021-02-15 16:23:06'),
(161, 180, NULL, 48, '2.0000', '0.0000', '2021-02-18 07:43:18', '2021-02-18 07:43:18'),
(162, NULL, 1, 48, '2.0000', '0.0000', '2021-02-18 10:35:12', '2021-02-18 10:35:12'),
(163, NULL, 2, 48, '1.0000', '0.0000', '2021-02-18 10:36:52', '2021-02-18 10:36:52'),
(164, 182, NULL, 48, '1.0000', '0.0000', '2021-02-18 11:03:07', '2021-02-18 11:03:07'),
(165, 183, NULL, 48, '1.0000', '0.0000', '2021-02-18 11:06:13', '2021-02-18 11:06:13'),
(166, 192, NULL, 35, '1.0000', '0.0000', '2021-02-18 11:36:55', '2021-02-18 11:36:55'),
(167, 193, NULL, 35, '1.0000', '0.0000', '2021-02-18 13:05:09', '2021-02-18 13:05:09'),
(168, 194, NULL, 39, '3.0000', '0.0000', '2021-02-18 13:28:04', '2021-02-18 13:28:04'),
(169, 195, NULL, 35, '1.0000', '0.0000', '2021-02-18 13:28:04', '2021-02-18 13:28:04'),
(170, 196, NULL, 48, '1.0000', '0.0000', '2021-02-24 11:50:31', '2021-02-24 11:50:31'),
(171, 197, NULL, 60, '4.0000', '0.0000', '2021-02-25 11:02:07', '2021-02-25 11:02:07'),
(172, 198, NULL, 60, '1.0000', '0.0000', '2021-02-25 11:02:48', '2021-02-25 11:02:48'),
(173, 199, NULL, 48, '5.0000', '0.0000', '2021-02-25 13:45:44', '2021-02-25 13:45:44'),
(174, 200, NULL, 51, '20.0000', '0.0000', '2021-02-25 14:55:57', '2021-02-25 14:55:57'),
(175, 201, NULL, 63, '20.0000', '0.0000', '2021-02-25 14:55:57', '2021-02-25 14:55:57'),
(176, 202, NULL, 65, '1.0000', '0.0000', '2021-02-26 15:33:17', '2021-02-26 15:33:17'),
(177, 203, NULL, 48, '1.0000', '0.0000', '2021-02-26 15:33:17', '2021-02-26 15:33:17'),
(178, 204, NULL, 65, '1.0000', '0.0000', '2021-02-26 15:34:52', '2021-02-26 15:34:52'),
(179, 205, NULL, 48, '1.0000', '0.0000', '2021-02-26 15:34:52', '2021-02-26 15:34:52'),
(180, 206, NULL, 65, '1.0000', '0.0000', '2021-02-26 15:35:27', '2021-02-26 15:35:27'),
(181, 207, NULL, 48, '1.0000', '0.0000', '2021-02-26 15:35:27', '2021-02-26 15:35:27'),
(182, 208, NULL, 67, '1.0000', '0.0000', '2021-02-26 15:42:51', '2021-02-26 15:42:51'),
(183, 209, NULL, 48, '2.0000', '0.0000', '2021-02-27 00:57:00', '2021-02-27 00:57:00'),
(185, 212, NULL, 65, '1.0000', '0.0000', '2021-02-27 01:02:52', '2021-02-27 01:02:52'),
(186, 213, NULL, 48, '1.0000', '0.0000', '2021-03-02 20:53:45', '2021-03-02 20:53:45'),
(188, 219, NULL, 65, '1.0000', '0.0000', '2021-03-03 07:37:21', '2021-03-03 07:37:21'),
(189, 220, NULL, 65, '1.0000', '0.0000', '2021-03-03 07:37:48', '2021-03-03 07:37:48'),
(190, 221, NULL, 51, '3000.0000', '0.0000', '2021-03-03 08:19:09', '2021-03-03 08:19:09'),
(191, 222, NULL, 50, '40.0000', '0.0000', '2021-03-03 08:19:09', '2021-03-03 08:19:09'),
(192, 222, NULL, 62, '2960.0000', '0.0000', '2021-03-03 08:19:09', '2021-03-03 08:19:09'),
(193, 223, NULL, 68, '3000.0000', '0.0000', '2021-03-03 08:19:09', '2021-03-03 08:19:09'),
(194, 224, NULL, 69, '1.0000', '0.0000', '2021-03-03 10:44:38', '2021-03-03 10:44:38'),
(195, 227, NULL, 65, '1.0000', '0.0000', '2021-03-03 14:19:31', '2021-03-03 14:19:31'),
(196, 229, NULL, 70, '3.0000', '3.0000', '2021-03-03 14:26:22', '2021-03-03 15:54:33'),
(197, NULL, 3, 65, '3.0000', '0.0000', '2021-03-03 14:40:03', '2021-03-03 14:40:03'),
(198, 230, NULL, 68, '5.0000', '0.0000', '2021-03-03 14:55:30', '2021-03-03 14:55:30'),
(199, 231, NULL, 62, '3.0000', '0.0000', '2021-03-03 14:55:30', '2021-03-03 14:55:30'),
(200, 232, NULL, 51, '300.0000', '0.0000', '2021-03-03 14:55:30', '2021-03-03 14:55:30'),
(201, 237, NULL, 70, '1.0000', '0.0000', '2021-03-03 18:32:38', '2021-03-03 18:32:38'),
(202, 238, NULL, 65, '1.0000', '0.0000', '2021-03-03 18:37:22', '2021-03-03 18:37:22'),
(203, 240, NULL, 70, '3.0000', '1.0000', '2021-03-03 19:00:14', '2021-03-03 20:31:38'),
(204, 242, NULL, 70, '1.0000', '0.0000', '2021-03-03 19:04:47', '2021-03-03 19:04:47'),
(205, 244, NULL, 65, '1.0000', '0.0000', '2021-03-15 11:34:23', '2021-03-15 11:34:23'),
(206, 245, NULL, 72, '1.0000', '0.0000', '2021-03-15 11:34:48', '2021-03-15 11:34:48'),
(207, 246, NULL, 65, '1.0000', '0.0000', '2021-03-15 11:35:17', '2021-03-15 11:35:17'),
(208, 247, NULL, 65, '1.0000', '0.0000', '2021-03-15 11:43:14', '2021-03-15 11:43:14'),
(209, 248, NULL, 65, '5.0000', '0.0000', '2021-03-17 01:21:51', '2021-03-17 01:21:51'),
(210, 249, NULL, 65, '1.0000', '0.0000', '2021-03-17 16:29:55', '2021-03-17 16:29:55'),
(211, 249, NULL, 66, '1.0000', '0.0000', '2021-03-17 16:29:55', '2021-03-17 16:29:55'),
(212, 251, NULL, 70, '1.0000', '0.0000', '2021-03-17 16:31:56', '2021-03-17 16:31:56'),
(213, 252, NULL, 70, '1.0000', '0.0000', '2021-03-18 13:54:08', '2021-03-18 13:54:08'),
(214, 253, NULL, 66, '1.0000', '0.0000', '2021-03-19 08:06:22', '2021-03-19 08:06:22'),
(215, 255, NULL, 66, '1.0000', '0.0000', '2021-03-22 15:46:14', '2021-03-22 15:46:14'),
(216, 257, NULL, 69, '1.0000', '0.0000', '2021-03-22 16:03:40', '2021-03-22 16:03:40'),
(217, 258, NULL, 66, '1.0000', '0.0000', '2021-03-23 11:24:08', '2021-03-23 11:24:08'),
(218, 260, NULL, 66, '1.0000', '0.0000', '2021-03-23 15:06:08', '2021-03-23 15:06:08'),
(219, 261, NULL, 66, '1.0000', '0.0000', '2021-03-23 15:06:08', '2021-03-23 15:06:08'),
(220, 262, NULL, 66, '1.0000', '0.0000', '2021-03-23 17:05:22', '2021-03-23 17:05:22'),
(221, 263, NULL, 66, '1.0000', '0.0000', '2021-03-23 19:04:22', '2021-03-23 19:04:22'),
(222, 264, NULL, 66, '1.0000', '0.0000', '2021-03-23 19:07:12', '2021-03-23 19:07:12'),
(223, 265, NULL, 66, '1.0000', '0.0000', '2021-03-23 19:28:42', '2021-03-23 19:28:42'),
(224, 267, NULL, 66, '1.0000', '0.0000', '2021-03-23 19:30:30', '2021-03-23 19:30:30'),
(225, 268, NULL, 66, '1.0000', '0.0000', '2021-03-23 19:32:12', '2021-03-23 19:32:12'),
(226, 269, NULL, 66, '1.0000', '0.0000', '2021-03-23 19:46:52', '2021-03-23 19:46:52'),
(227, 270, NULL, 66, '1.0000', '0.0000', '2021-03-23 19:48:26', '2021-03-23 19:48:26'),
(228, 271, NULL, 70, '1.0000', '0.0000', '2021-03-23 19:53:07', '2021-03-23 19:53:07'),
(230, 273, NULL, 70, '2.0000', '0.0000', '2021-03-23 20:16:29', '2021-03-23 20:16:29'),
(231, 274, NULL, 66, '1.0000', '0.0000', '2021-03-23 20:16:29', '2021-03-23 20:16:29'),
(232, 275, NULL, 69, '1.0000', '0.0000', '2021-03-24 18:01:50', '2021-03-24 18:01:50'),
(233, 276, NULL, 70, '1.0000', '0.0000', '2021-03-24 18:05:56', '2021-03-24 18:05:56'),
(234, 277, NULL, 70, '1.0000', '0.0000', '2021-03-24 18:52:05', '2021-03-24 18:52:05'),
(235, 278, NULL, 66, '1.0000', '0.0000', '2021-03-24 18:54:42', '2021-03-24 18:54:42'),
(236, 279, NULL, 70, '1.0000', '0.0000', '2021-03-24 18:54:42', '2021-03-24 18:54:42'),
(237, 281, NULL, 74, '1.0000', '1.0000', '2021-04-14 15:20:26', '2021-04-14 15:24:28'),
(238, 282, NULL, 76, '1.0000', '1.0000', '2021-04-17 11:06:04', '2021-04-22 10:05:27'),
(239, 283, NULL, 76, '1.0000', '1.0000', '2021-04-17 11:19:59', '2021-04-22 10:06:03'),
(240, 287, NULL, 127, '7.0000', '0.0000', '2021-06-21 14:34:45', '2021-06-21 14:34:45'),
(241, 288, NULL, 127, '1.0000', '0.0000', '2021-07-14 20:51:50', '2021-07-14 20:51:50'),
(242, 289, NULL, 127, '1.0000', '0.0000', '2021-07-14 20:53:24', '2021-07-14 20:53:24'),
(243, 290, NULL, 129, '1.0000', '0.0000', '2021-07-14 21:14:30', '2021-07-14 21:14:30'),
(244, NULL, 4, 129, '10.0000', '0.0000', '2021-07-14 21:20:45', '2021-07-14 21:20:45'),
(245, 297, NULL, 39, '1.0000', '0.0000', '2022-01-13 15:54:46', '2022-01-13 15:54:46'),
(246, 298, NULL, 39, '7.0000', '0.0000', '2022-01-13 15:55:12', '2022-01-13 15:55:12'),
(247, 301, NULL, 39, '2.0000', '0.0000', '2022-01-30 19:17:26', '2022-01-30 19:17:26'),
(248, 302, NULL, 39, '1.0000', '0.0000', '2022-01-30 19:20:45', '2022-01-30 19:20:45'),
(249, 303, NULL, 39, '1.0000', '0.0000', '2022-01-30 19:22:21', '2022-01-30 19:22:21'),
(252, 307, NULL, 39, '1.0000', '1.0000', '2022-01-30 19:24:10', '2022-02-10 18:48:22'),
(253, 308, NULL, 35, '1.0000', '0.0000', '2022-01-30 19:24:10', '2022-01-30 19:24:10'),
(254, 311, NULL, 39, '1.0000', '0.0000', '2022-02-10 17:26:26', '2022-02-10 17:26:26'),
(255, 312, NULL, 39, '1.0000', '0.0000', '2022-02-10 17:30:00', '2022-02-10 17:30:00'),
(256, 314, NULL, 39, '1.0000', '1.0000', '2022-02-10 18:53:06', '2022-02-10 18:53:46'),
(258, 327, NULL, 134, '1.0000', '0.0000', '2022-03-05 21:37:21', '2022-03-05 21:37:21'),
(259, 329, NULL, 135, '1.0000', '0.0000', '2022-03-19 11:10:40', '2022-03-19 11:10:40');

-- --------------------------------------------------------

--
-- Table structure for table `types_of_services`
--

CREATE TABLE `types_of_services` (
  `id` int(10) UNSIGNED NOT NULL,
  `name` varchar(191) COLLATE utf8mb4_unicode_ci NOT NULL,
  `description` text COLLATE utf8mb4_unicode_ci,
  `business_id` int(11) NOT NULL,
  `location_price_group` text COLLATE utf8mb4_unicode_ci,
  `packing_charge` decimal(22,4) DEFAULT NULL,
  `packing_charge_type` enum('fixed','percent') COLLATE utf8mb4_unicode_ci DEFAULT NULL,
  `enable_custom_fields` tinyint(1) NOT NULL DEFAULT '0',
  `created_at` timestamp NULL DEFAULT NULL,
  `updated_at` timestamp NULL DEFAULT NULL
) ENGINE=InnoDB DEFAULT CHARSET=utf8mb4 COLLATE=utf8mb4_unicode_ci;

--
-- Dumping data for table `types_of_services`
--

INSERT INTO `types_of_services` (`id`, `name`, `description`, `business_id`, `location_price_group`, `packing_charge`, `packing_charge_type`, `enable_custom_fields`, `created_at`, `updated_at`) VALUES
(1, 'Dine In', 'Dine in', 1, '{\"1\":\"0\"}', '0.0000', 'fixed', 0, '2021-01-21 21:05:52', '2021-01-21 21:05:52'),
(2, 'Home Derivery', 'Delivery', 1, '{\"1\":\"0\"}', '1000.0000', 'fixed', 0, '2021-01-21 21:06:09', '2021-02-27 17:28:38'),
(3, 'Delivery', NULL, 10, '{\"10\":\"0\"}', '1000.0000', 'fixed', 0, '2021-03-03 06:59:56', '2021-03-03 06:59:56'),
(4, 'Dine In', NULL, 10, '{\"10\":\"0\"}', '0.0000', 'fixed', 0, '2021-03-03 07:00:33', '2021-03-03 07:00:33');

-- --------------------------------------------------------

--
-- Table structure for table `units`
--

CREATE TABLE `units` (
  `id` int(10) UNSIGNED NOT NULL,
  `business_id` int(10) UNSIGNED NOT NULL,
  `actual_name` varchar(191) COLLATE utf8mb4_unicode_ci NOT NULL,
  `short_name` varchar(191) COLLATE utf8mb4_unicode_ci NOT NULL,
  `allow_decimal` tinyint(1) NOT NULL,
  `base_unit_id` int(11) DEFAULT NULL,
  `base_unit_multiplier` decimal(20,4) DEFAULT NULL,
  `created_by` int(10) UNSIGNED NOT NULL,
  `deleted_at` timestamp NULL DEFAULT NULL,
  `created_at` timestamp NULL DEFAULT NULL,
  `updated_at` timestamp NULL DEFAULT NULL
) ENGINE=InnoDB DEFAULT CHARSET=utf8mb4 COLLATE=utf8mb4_unicode_ci;

--
-- Dumping data for table `units`
--

INSERT INTO `units` (`id`, `business_id`, `actual_name`, `short_name`, `allow_decimal`, `base_unit_id`, `base_unit_multiplier`, `created_by`, `deleted_at`, `created_at`, `updated_at`) VALUES
(1, 1, 'Pieces', 'Pc(s)', 0, NULL, NULL, 1, '2021-01-20 11:10:53', '2020-03-28 01:01:40', '2021-01-20 11:10:53'),
(2, 2, 'Pieces', 'Pc(s)', 0, NULL, NULL, 2, NULL, '2020-03-28 01:10:32', '2020-03-28 01:10:32'),
(3, 3, 'Pieces', 'Pc(s)', 0, NULL, NULL, 3, NULL, '2020-03-28 01:30:01', '2020-03-28 01:30:01'),
(4, 4, 'Pieces', 'Pc(s)', 0, NULL, NULL, 4, NULL, '2020-03-28 01:44:34', '2020-03-28 01:44:34'),
(5, 5, 'Pieces', 'Pc(s)', 0, NULL, NULL, 5, NULL, '2020-03-28 20:57:56', '2020-03-28 20:57:56'),
(6, 6, 'Pieces', 'Pc(s)', 0, NULL, NULL, 9, NULL, '2020-04-23 16:07:44', '2020-04-23 16:07:44'),
(7, 7, 'Pieces', 'Pc(s)', 0, NULL, NULL, 10, NULL, '2020-11-28 16:59:51', '2020-11-28 16:59:51'),
(8, 7, 'Service', 'ws', 0, NULL, NULL, 10, NULL, '2020-11-28 15:46:19', '2020-11-28 15:46:19'),
(10, 1, 'Kilogram', 'kg', 1, 13, '1000.0000', 1, '2021-01-20 11:10:47', '2021-01-17 20:25:25', '2021-01-20 11:10:47'),
(11, 1, 'plates', 'plt', 0, NULL, NULL, 1, '2021-01-20 11:10:56', '2021-01-17 20:58:59', '2021-01-20 11:10:56'),
(12, 1, 'litre', 'ltr', 1, NULL, NULL, 1, '2021-01-20 11:10:49', '2021-01-17 21:00:36', '2021-01-20 11:10:49'),
(13, 1, 'Gram', 'gm', 1, 16, '1000.0000', 1, '2021-01-20 11:10:43', '2021-01-17 21:11:46', '2021-01-20 11:10:43'),
(14, 1, 'Egg', 'egg', 0, NULL, NULL, 1, '2021-01-20 11:10:40', '2021-01-17 21:13:25', '2021-01-20 11:10:40'),
(15, 1, 'Tray of eggs', 'tray', 0, 14, '30.0000', 1, '2021-01-20 11:10:59', '2021-01-17 21:14:13', '2021-01-20 11:10:59'),
(16, 1, 'milligram', 'mg', 1, NULL, NULL, 1, '2021-01-17 21:52:21', '2021-01-17 21:49:04', '2021-01-17 21:52:21'),
(17, 1, 'Kilogram', 'kg', 1, NULL, NULL, 1, '2021-01-20 11:03:28', '2021-01-20 10:04:28', '2021-01-20 11:03:28'),
(18, 1, 'Gram', 'g', 1, NULL, NULL, 1, '2021-01-20 11:04:07', '2021-01-20 10:05:05', '2021-01-20 11:04:07'),
(19, 1, 'Gram', 'gm', 1, NULL, NULL, 1, NULL, '2021-01-20 11:11:20', '2021-01-20 11:11:20'),
(20, 1, 'Kilogram', 'Kg', 1, 19, '1000.0000', 1, NULL, '2021-01-20 11:11:55', '2021-01-20 11:11:55'),
(21, 1, 'Eggs', 'eggs', 0, NULL, NULL, 1, NULL, '2021-01-20 13:30:03', '2021-01-20 13:30:03'),
(22, 1, 'Tray', 'tray', 0, 21, '30.0000', 1, NULL, '2021-01-20 13:30:44', '2021-01-20 13:30:44'),
(23, 1, 'pieces', 'pieces', 0, NULL, NULL, 1, NULL, '2021-01-20 13:35:06', '2021-01-20 13:35:06'),
(24, 1, 'milliter', 'ml', 1, NULL, NULL, 1, NULL, '2021-01-20 14:02:24', '2021-01-20 14:02:24'),
(25, 1, 'litres', 'lt', 1, 24, '1000.0000', 1, NULL, '2021-01-20 14:05:19', '2021-01-20 14:05:19'),
(27, 10, 'Pieces', 'Pc(s)', 0, NULL, NULL, 18, NULL, '2021-01-29 19:43:36', '2021-01-29 19:43:36'),
(28, 10, 'Gram', 'g', 1, NULL, NULL, 18, NULL, '2021-01-29 21:06:20', '2021-01-29 21:06:20'),
(29, 10, 'Kilogram', 'Kg', 1, 28, '1000.0000', 18, NULL, '2021-01-29 21:06:42', '2021-01-29 21:06:42'),
(30, 10, 'Milliliter', 'ml', 1, NULL, NULL, 18, NULL, '2021-01-29 21:07:06', '2021-01-29 21:07:06'),
(31, 10, 'Litre', 'lt', 1, 30, '1000.0000', 18, NULL, '2021-01-29 21:07:34', '2021-01-29 21:07:34'),
(32, 10, 'Eggs', 'Eggs', 0, NULL, NULL, 18, NULL, '2021-01-29 21:07:53', '2021-01-29 21:07:53'),
(33, 10, 'Tray', 'tray', 0, 32, '30.0000', 18, NULL, '2021-01-29 21:08:13', '2021-01-29 21:08:13'),
(34, 11, 'Pieces', 'Pc(s)', 0, NULL, NULL, 19, NULL, '2021-02-17 10:42:17', '2021-02-17 10:42:17'),
(35, 12, 'Pieces', 'Pc(s)', 0, NULL, NULL, 20, NULL, '2021-02-24 20:59:33', '2021-02-24 20:59:33'),
(36, 13, 'Pieces', 'Pc(s)', 0, NULL, NULL, 21, NULL, '2021-02-27 17:52:49', '2021-02-27 17:52:49'),
(37, 14, 'Pieces', 'Pc(s)', 0, NULL, NULL, 23, NULL, '2021-03-22 17:28:03', '2021-03-22 17:28:03'),
(39, 14, 'Weight', 'Kg', 1, NULL, NULL, 23, NULL, '2021-03-30 07:33:31', '2021-03-30 07:33:31'),
(40, 14, 'Volume', 'l', 1, NULL, NULL, 23, '2021-03-30 20:24:50', '2021-03-30 07:44:10', '2021-03-30 20:24:50'),
(41, 14, 'Volume', 'ltr', 1, NULL, NULL, 23, NULL, '2021-03-30 07:44:33', '2021-03-30 07:44:33'),
(42, 16, 'Pieces', 'Pc(s)', 0, NULL, NULL, 25, NULL, '2021-04-12 19:06:10', '2021-04-12 19:06:10'),
(43, 17, 'Pieces', 'Pc(s)', 0, NULL, NULL, 26, NULL, '2021-04-13 14:22:01', '2021-04-13 14:22:01'),
(44, 17, 'Pair', 'Pair', 1, NULL, NULL, 26, NULL, '2021-04-15 09:31:04', '2021-04-15 09:31:04'),
(45, 17, 'Set', 'sets', 1, NULL, NULL, 26, NULL, '2021-04-15 09:43:20', '2021-04-15 09:43:20'),
(46, 18, 'Pieces', 'Pc(s)', 0, NULL, NULL, 28, NULL, '2021-04-23 16:28:34', '2021-04-23 16:28:34'),
(47, 19, 'Pieces', 'Pc(s)', 0, NULL, NULL, 29, NULL, '2021-05-01 13:44:51', '2021-05-01 13:44:51'),
(48, 7, 'Licence', 'L', 0, NULL, NULL, 10, NULL, '2021-05-08 13:38:42', '2021-05-08 13:38:42'),
(49, 20, 'Pieces', 'Pc(s)', 0, NULL, NULL, 33, NULL, '2022-02-18 09:44:26', '2022-02-18 09:44:26');

-- --------------------------------------------------------

--
-- Table structure for table `users`
--

CREATE TABLE `users` (
  `id` int(10) UNSIGNED NOT NULL,
  `user_type` varchar(191) COLLATE utf8mb4_unicode_ci NOT NULL DEFAULT 'user',
  `surname` char(10) COLLATE utf8mb4_unicode_ci DEFAULT NULL,
  `first_name` varchar(191) COLLATE utf8mb4_unicode_ci NOT NULL,
  `last_name` varchar(191) COLLATE utf8mb4_unicode_ci DEFAULT NULL,
  `username` varchar(191) COLLATE utf8mb4_unicode_ci DEFAULT NULL,
  `email` varchar(191) COLLATE utf8mb4_unicode_ci DEFAULT NULL,
  `password` varchar(191) COLLATE utf8mb4_unicode_ci DEFAULT NULL,
  `language` char(7) COLLATE utf8mb4_unicode_ci NOT NULL DEFAULT 'en',
  `contact_no` char(15) COLLATE utf8mb4_unicode_ci DEFAULT NULL,
  `address` text COLLATE utf8mb4_unicode_ci,
  `remember_token` varchar(100) COLLATE utf8mb4_unicode_ci DEFAULT NULL,
  `business_id` int(10) UNSIGNED DEFAULT NULL,
  `max_sales_discount_percent` decimal(5,2) DEFAULT NULL,
  `allow_login` tinyint(1) NOT NULL DEFAULT '1',
  `status` enum('active','inactive','terminated') COLLATE utf8mb4_unicode_ci NOT NULL DEFAULT 'active',
  `crm_contact_id` int(10) UNSIGNED DEFAULT NULL,
  `is_cmmsn_agnt` tinyint(1) NOT NULL DEFAULT '0',
  `cmmsn_percent` decimal(4,2) NOT NULL DEFAULT '0.00',
  `selected_contacts` tinyint(1) NOT NULL DEFAULT '0',
  `dob` date DEFAULT NULL,
  `gender` varchar(191) COLLATE utf8mb4_unicode_ci DEFAULT NULL,
  `marital_status` enum('married','unmarried','divorced') COLLATE utf8mb4_unicode_ci DEFAULT NULL,
  `blood_group` char(10) COLLATE utf8mb4_unicode_ci DEFAULT NULL,
  `contact_number` char(20) COLLATE utf8mb4_unicode_ci DEFAULT NULL,
  `alt_number` varchar(191) COLLATE utf8mb4_unicode_ci DEFAULT NULL,
  `family_number` varchar(191) COLLATE utf8mb4_unicode_ci DEFAULT NULL,
  `fb_link` varchar(191) COLLATE utf8mb4_unicode_ci DEFAULT NULL,
  `twitter_link` varchar(191) COLLATE utf8mb4_unicode_ci DEFAULT NULL,
  `social_media_1` varchar(191) COLLATE utf8mb4_unicode_ci DEFAULT NULL,
  `social_media_2` varchar(191) COLLATE utf8mb4_unicode_ci DEFAULT NULL,
  `permanent_address` text COLLATE utf8mb4_unicode_ci,
  `current_address` text COLLATE utf8mb4_unicode_ci,
  `guardian_name` varchar(191) COLLATE utf8mb4_unicode_ci DEFAULT NULL,
  `custom_field_1` varchar(191) COLLATE utf8mb4_unicode_ci DEFAULT NULL,
  `custom_field_2` varchar(191) COLLATE utf8mb4_unicode_ci DEFAULT NULL,
  `custom_field_3` varchar(191) COLLATE utf8mb4_unicode_ci DEFAULT NULL,
  `custom_field_4` varchar(191) COLLATE utf8mb4_unicode_ci DEFAULT NULL,
  `bank_details` longtext COLLATE utf8mb4_unicode_ci,
  `id_proof_name` varchar(191) COLLATE utf8mb4_unicode_ci DEFAULT NULL,
  `id_proof_number` varchar(191) COLLATE utf8mb4_unicode_ci DEFAULT NULL,
  `crm_department` varchar(191) COLLATE utf8mb4_unicode_ci DEFAULT NULL COMMENT 'Contact person''s department',
  `crm_designation` varchar(191) COLLATE utf8mb4_unicode_ci DEFAULT NULL COMMENT 'Contact person''s designation',
  `deleted_at` timestamp NULL DEFAULT NULL,
  `created_at` timestamp NULL DEFAULT NULL,
  `updated_at` timestamp NULL DEFAULT NULL
) ENGINE=InnoDB DEFAULT CHARSET=utf8mb4 COLLATE=utf8mb4_unicode_ci;

--
-- Dumping data for table `users`
--

INSERT INTO `users` (`id`, `user_type`, `surname`, `first_name`, `last_name`, `username`, `email`, `password`, `language`, `contact_no`, `address`, `remember_token`, `business_id`, `max_sales_discount_percent`, `allow_login`, `status`, `crm_contact_id`, `is_cmmsn_agnt`, `cmmsn_percent`, `selected_contacts`, `dob`, `gender`, `marital_status`, `blood_group`, `contact_number`, `alt_number`, `family_number`, `fb_link`, `twitter_link`, `social_media_1`, `social_media_2`, `permanent_address`, `current_address`, `guardian_name`, `custom_field_1`, `custom_field_2`, `custom_field_3`, `custom_field_4`, `bank_details`, `id_proof_name`, `id_proof_number`, `crm_department`, `crm_designation`, `deleted_at`, `created_at`, `updated_at`) VALUES
(1, 'user', 'Mr', 'Venance', 'Edson', 'robilin', 'robilin2@yahoo.com', '$2y$10$6mz.bFsnoicp5yCYLHvqu.RSrgHUYDCd7LgJkXzG3iVis/qkHNVDu', 'en', NULL, NULL, 'fVGxF8yFznNJ67IGYiDW058KvusYR9ESGSYWDne33LkKaNnWyh0Tq6baefwm', 1, NULL, 1, 'active', NULL, 0, '0.00', 0, NULL, NULL, NULL, NULL, NULL, NULL, NULL, NULL, NULL, NULL, NULL, NULL, NULL, NULL, NULL, NULL, NULL, NULL, NULL, NULL, NULL, NULL, NULL, NULL, '2020-03-28 01:01:40', '2021-05-08 12:55:24'),
(2, 'user', 'Mr', 'Kevin', 'Zilimu', 'zilic', 'zilimuk@gmail.com', '$2y$10$y.m0yDJbtXZZA9PkB5.6HOfCk3eLuAJx5Lw538TZcGP1mDCxXQEt.', 'en', NULL, NULL, 'fKnFZRB7y9SZDI8NZx3zOunOATxWnvDFVAB20WiuF98c4BQ8BnrWFCXIC4uh', 2, NULL, 1, 'active', NULL, 0, '0.00', 0, NULL, NULL, NULL, NULL, NULL, NULL, NULL, NULL, NULL, NULL, NULL, NULL, NULL, NULL, NULL, NULL, NULL, NULL, NULL, NULL, NULL, NULL, NULL, NULL, '2020-03-28 01:10:32', '2020-03-28 01:10:32'),
(3, 'user', 'Mr', 'Kevin', 'Zilimu', 'zilimu', 'kevzilimu@outlook.com', '$2y$10$hz8/yHgVVbbM5AJysz1TmepBS5ZceziwmrVG2kRKN9aLF3kMdb3ka', 'en', NULL, NULL, NULL, 3, NULL, 1, 'active', NULL, 0, '0.00', 0, NULL, NULL, NULL, NULL, NULL, NULL, NULL, NULL, NULL, NULL, NULL, NULL, NULL, NULL, NULL, NULL, NULL, NULL, NULL, NULL, NULL, NULL, NULL, NULL, '2020-03-28 01:30:01', '2020-03-28 01:30:01'),
(4, 'user', 'Mr', 'payless', 'payless', 'payless', 'pay@payless.com', '$2y$10$88iZZ85Go7m.BvX49suXKOX/zb/MMhZvsLvs3s7ZIy61lCVOaBXXu', 'en', NULL, NULL, 'M8RqR5mThWYNCvmpRQi7weQZUHA0O31dG0XXRKsrIPNQ1JkASKkZLC0hjSLr', 4, NULL, 1, 'active', NULL, 0, '0.00', 0, NULL, NULL, NULL, NULL, NULL, NULL, NULL, NULL, NULL, NULL, NULL, NULL, NULL, NULL, NULL, NULL, NULL, NULL, NULL, NULL, NULL, NULL, NULL, NULL, '2020-03-28 01:44:34', '2020-03-28 01:44:34'),
(5, 'user', 'Mr', 'ZiliC', 'Zilimu', 'jzilimu', 'johnmjohn87@gmail.com', '$2y$10$MSwPx9GRugaKf4RRXlV4/eZTwDb0MJbCSYuiD9.6jFTpdL/MhTBH2', 'en', NULL, NULL, 'gZ4R2Q4soCMCONq1Gc8fea7iXsKZeErfJA77dXOpKFoSJqeNDyq2Xq8MWtZK', 5, NULL, 1, 'active', NULL, 0, '0.00', 0, NULL, NULL, NULL, NULL, NULL, NULL, NULL, NULL, NULL, NULL, NULL, NULL, NULL, NULL, NULL, NULL, NULL, NULL, '{\"account_holder_name\":null,\"account_number\":null,\"bank_name\":null,\"bank_code\":null,\"branch\":null,\"tax_payer_id\":null}', NULL, NULL, NULL, NULL, NULL, '2020-03-28 20:57:56', '2020-04-02 06:44:09'),
(6, 'user', 'Mr', 'Kevin', 'Zilic', 'kevin', 'zilimu@gmail.com', '$2y$10$hvEQeF34MMZhgajO650ZP.XfChAzDq.UbRrtepgKrex.qLhUKp7hi', 'en', NULL, NULL, NULL, 5, NULL, 1, 'active', NULL, 0, '0.00', 0, NULL, 'male', 'unmarried', NULL, NULL, NULL, NULL, 'Kevin Zilimu', NULL, NULL, NULL, NULL, NULL, NULL, NULL, NULL, NULL, NULL, '{\"account_holder_name\":null,\"account_number\":null,\"bank_name\":null,\"bank_code\":null,\"branch\":null,\"tax_payer_id\":null}', NULL, NULL, NULL, NULL, NULL, '2020-03-30 00:06:43', '2020-03-30 00:06:43'),
(7, 'user', 'Ms', 'Kitty', 'Yummy', 'radhiana', 'ridowa@ekos.com', '$2y$10$/jpGpSwKNuWTk86uOeT6f.HaiB1dDGAbLPMcINV4bzADydLNA/0kW', 'en', NULL, NULL, NULL, 5, NULL, 1, 'active', NULL, 0, '0.00', 0, NULL, 'female', 'unmarried', NULL, NULL, NULL, NULL, NULL, NULL, NULL, NULL, NULL, NULL, NULL, NULL, NULL, NULL, NULL, '{\"account_holder_name\":null,\"account_number\":null,\"bank_name\":null,\"bank_code\":null,\"branch\":null,\"tax_payer_id\":null}', NULL, NULL, NULL, NULL, NULL, '2020-03-30 00:09:55', '2020-04-02 06:40:58'),
(9, 'user', NULL, 'chaesara', NULL, 'tuan2fay', 'x@s.id', '$2y$10$0bfEcIPJEMXDiiWUF4VS6.Oj1G/.iIDq4sUg2NDvtkgJp.9DvhWEy', 'en', NULL, NULL, NULL, 6, NULL, 1, 'active', NULL, 0, '0.00', 0, NULL, NULL, NULL, NULL, NULL, NULL, NULL, NULL, NULL, NULL, NULL, NULL, NULL, NULL, NULL, NULL, NULL, NULL, NULL, NULL, NULL, NULL, NULL, NULL, '2020-04-23 16:07:44', '2020-04-23 16:07:44'),
(10, 'user', 'Mr', 'Venance', 'Edson', 'riverton', 'venance.edson@riverton.co.tz', '$2y$10$I9IsqCUrjSYllqKzRBxh1.9B3y.9QaYqe.YBUx6NTmn55q1916/DK', 'en', NULL, NULL, NULL, 7, NULL, 1, 'active', NULL, 0, '0.00', 0, NULL, NULL, NULL, NULL, NULL, NULL, NULL, NULL, NULL, NULL, NULL, NULL, NULL, NULL, NULL, NULL, NULL, NULL, NULL, NULL, NULL, NULL, NULL, NULL, '2020-11-28 16:59:51', '2020-11-28 16:59:51'),
(15, 'user', 'miss', 'mariam', 'Njau', 'mariam', 'mary@tembotel.co.tz', '$2y$10$KC8TrWZhYox90KznCqe7VutFK5LRkNePNVTK2O5JBuOyioaJL/hlG', 'en', NULL, NULL, NULL, 1, NULL, 1, 'active', NULL, 0, '0.00', 0, NULL, NULL, NULL, NULL, NULL, NULL, NULL, NULL, NULL, NULL, NULL, NULL, NULL, NULL, NULL, NULL, NULL, NULL, '{\"account_holder_name\":null,\"account_number\":null,\"bank_name\":null,\"bank_code\":null,\"branch\":null,\"tax_payer_id\":null}', NULL, NULL, NULL, NULL, NULL, '2021-01-20 14:32:40', '2021-01-20 14:32:40'),
(18, 'user', 'Mr', 'Edson', NULL, 'Edson', NULL, '$2y$10$uGYkJg.SrHw77pX4w6tV2uBKpO0vDMQVFCsnvF.ILraD86WBfmHji', 'en', NULL, NULL, 'C84xuoEBGxWYMTgs005ZnummSqTG3EMHEQrDhk60BE1tCBHnHpxDbCCKdhEr', 10, NULL, 1, 'active', NULL, 0, '0.00', 0, NULL, NULL, NULL, NULL, NULL, NULL, NULL, NULL, NULL, NULL, NULL, NULL, NULL, NULL, NULL, NULL, NULL, NULL, NULL, NULL, NULL, NULL, NULL, NULL, '2021-01-29 19:43:36', '2021-01-29 23:28:47'),
(19, 'user', 'Mr', 'Solution', NULL, 'solver', NULL, '$2y$10$9piOSIR3xw2iEN9ZJf19j.5a0nqUneaK6rtKHU1Av8mKRD0vZmvia', 'en', NULL, NULL, 'VzQzjhyEgGw6jwiuC0KUoaV6uVd6qaCdPH0HRQfruscNQGf8omubkdE3SsLG', 11, NULL, 1, 'active', NULL, 0, '0.00', 0, NULL, NULL, NULL, NULL, NULL, NULL, NULL, NULL, NULL, NULL, NULL, NULL, NULL, NULL, NULL, NULL, NULL, NULL, NULL, NULL, NULL, NULL, NULL, NULL, '2021-02-17 10:42:17', '2021-02-17 10:42:17'),
(20, 'user', 'Mr', 'Abdallah', 'Hamisi', 'abdallah', 'abdallahhamisi45@gmail.com', '$2y$10$GlSzUsEiJbXyyBIJ6ZTi6u2TjUHajANesygGT90BoLXsrkDZnTR4a', 'en', NULL, NULL, 'SswsX082foT02CldmwuAT5gXVLQp4hPMGS7g2WRbiDPiWqXQ9rtgWUWA9Qs1', 12, NULL, 1, 'active', NULL, 0, '0.00', 0, NULL, NULL, NULL, NULL, NULL, NULL, NULL, NULL, NULL, NULL, NULL, NULL, NULL, NULL, NULL, NULL, NULL, NULL, NULL, NULL, NULL, NULL, NULL, NULL, '2021-02-24 20:59:33', '2021-04-13 11:35:13'),
(21, 'user', 'mr', 'rebman', 'sunzu', 'finahost', 'rsunzur@gmail.com', '$2y$10$02q1M0eyVkoAEO2BOIfS8eIhH.v5QvXQSAOxb3kE2SYzhV6UwwBUu', 'en', NULL, NULL, 'hE8EBmMoeYmFSqb9enwIDxmq9448U1fLz3NMQvQfKv5e0DOCxInU1cjfFqPD', 13, NULL, 1, 'active', NULL, 0, '0.00', 0, NULL, NULL, NULL, NULL, NULL, NULL, NULL, NULL, NULL, NULL, NULL, NULL, NULL, NULL, NULL, NULL, NULL, NULL, NULL, NULL, NULL, NULL, NULL, NULL, '2021-02-27 17:52:49', '2021-02-27 17:52:49'),
(23, 'user', NULL, 'Admin', 'Truehealth', 'truehealth', NULL, '$2y$10$Z3OGwRUk6kcklleWBEFM0eNUR8GdBGzdBAY7nrh0RpvprAMeqrgHS', 'en', NULL, NULL, NULL, 14, NULL, 1, 'active', NULL, 0, '0.00', 0, NULL, NULL, NULL, NULL, NULL, NULL, NULL, NULL, NULL, NULL, NULL, NULL, NULL, NULL, NULL, NULL, NULL, NULL, '{\"account_holder_name\":null,\"account_number\":null,\"bank_name\":null,\"bank_code\":null,\"branch\":null,\"tax_payer_id\":null}', NULL, NULL, NULL, NULL, NULL, '2021-03-22 17:28:03', '2021-03-22 15:03:33'),
(25, 'user', NULL, 'Venance', NULL, 'xchange', 'info@xchagewallet.com', '$2y$10$ebv7srkuTnLmjg1RroLfp.ygJOD.PXqHyvu8ek5p3RmTFZUGPnbeK', 'en', NULL, NULL, NULL, 16, NULL, 1, 'active', NULL, 0, '0.00', 0, NULL, NULL, NULL, NULL, NULL, NULL, NULL, NULL, NULL, NULL, NULL, NULL, NULL, NULL, NULL, NULL, NULL, NULL, NULL, NULL, NULL, NULL, NULL, NULL, '2021-04-12 19:06:10', '2021-04-12 19:06:10'),
(26, 'user', 'Mr', 'Saeed', 'Ghalib', 'alfaqee', 'sales@alfaqeeivestment.com', '$2y$10$/IBbNHEXGovyqS/3rFsLGuooHurO1ewkgEGaPzosqZykTis1dhdrO', 'en', NULL, NULL, NULL, 17, NULL, 1, 'active', NULL, 0, '0.00', 0, NULL, NULL, NULL, NULL, NULL, NULL, NULL, NULL, NULL, NULL, NULL, NULL, NULL, NULL, NULL, NULL, NULL, NULL, NULL, NULL, NULL, NULL, NULL, NULL, '2021-04-13 14:22:01', '2021-04-13 14:22:01'),
(28, 'user', 'Nsjsn', 'Hsja', 'Iro', 'admin', 'gideon.mugalula@yahoo.com', '$2y$10$Zst5fHmYVv4pc94LJ7GLPOpMvE7Bxm/iN1/uAZQ6dCg7MS2T6ns4e', 'en', NULL, NULL, NULL, 18, NULL, 1, 'active', NULL, 0, '0.00', 0, NULL, NULL, NULL, NULL, NULL, NULL, NULL, NULL, NULL, NULL, NULL, NULL, NULL, NULL, NULL, NULL, NULL, NULL, NULL, NULL, NULL, NULL, NULL, NULL, '2021-04-23 16:28:34', '2021-04-23 16:28:34'),
(29, 'user', NULL, 'Venance', 'Edson', 'vedson', 'noreply@mia.co.tz', '$2y$10$9uBWUePS0jUXqwyDUOf4uOd.jex/uQI8CMzoMkFWbh80r0bJnIxNK', 'en', NULL, NULL, NULL, 19, NULL, 1, 'active', NULL, 0, '0.00', 0, NULL, NULL, NULL, NULL, NULL, NULL, NULL, NULL, NULL, NULL, NULL, NULL, NULL, NULL, NULL, NULL, NULL, NULL, NULL, NULL, NULL, NULL, NULL, NULL, '2021-05-01 13:44:50', '2021-05-01 13:44:50'),
(32, 'user_customer', 'Mr', 'KEVIN', 'ZILIMU', 'zimozimo', 'zilimutest@gmail.com', '$2y$10$6/zo/JD4pp0rue0hsAeniOn68aeLswPO1QOjp9ZCXNkFxGhhMrngW', 'en', NULL, NULL, NULL, 1, NULL, 1, 'active', 35, 0, '0.00', 0, NULL, NULL, NULL, NULL, '+255714340649', NULL, '+255714340649', NULL, NULL, NULL, NULL, NULL, NULL, NULL, NULL, NULL, NULL, NULL, NULL, NULL, NULL, 'IT', 'HR', NULL, '2022-02-10 14:35:39', '2022-02-10 14:35:39'),
(33, 'user', 'Mr', 'Admin', 'Proin', 'proin', 'admin@proinmotors.co.tz', '$2y$10$RNVIwhyJbPllSEbNBtBt1.4inn.kfLzYXUj7OYeRcM53ObBWFsJbu', 'en', NULL, NULL, NULL, 20, NULL, 1, 'active', NULL, 0, '0.00', 0, NULL, NULL, NULL, NULL, NULL, NULL, NULL, NULL, NULL, NULL, NULL, NULL, NULL, NULL, NULL, NULL, NULL, NULL, '{\"account_holder_name\":null,\"account_number\":null,\"bank_name\":null,\"bank_code\":null,\"branch\":null,\"tax_payer_id\":null}', NULL, NULL, NULL, NULL, NULL, '2022-02-18 09:44:26', '2022-02-18 10:21:05'),
(34, 'user', 'Mr', 'Juma', NULL, 'jumaxyz', 'info@proin.co.tz', '$2y$10$mrd8juLKxRjBeOIKHHNhkenxjOTWTIU2S.RuBXwtCni.Wg7D3eBxS', 'en', NULL, NULL, NULL, 20, NULL, 1, 'active', NULL, 0, '0.00', 0, NULL, NULL, NULL, NULL, NULL, NULL, NULL, NULL, NULL, NULL, NULL, NULL, NULL, NULL, NULL, NULL, NULL, NULL, '{\"account_holder_name\":null,\"account_number\":null,\"bank_name\":null,\"bank_code\":null,\"branch\":null,\"tax_payer_id\":null}', NULL, NULL, NULL, NULL, NULL, '2022-03-08 10:03:17', '2022-03-08 10:03:17');

-- --------------------------------------------------------

--
-- Table structure for table `user_contact_access`
--

CREATE TABLE `user_contact_access` (
  `id` int(10) UNSIGNED NOT NULL,
  `user_id` int(11) NOT NULL,
  `contact_id` int(11) NOT NULL
) ENGINE=InnoDB DEFAULT CHARSET=utf8mb4 COLLATE=utf8mb4_unicode_ci;

-- --------------------------------------------------------

--
-- Table structure for table `variations`
--

CREATE TABLE `variations` (
  `id` int(10) UNSIGNED NOT NULL,
  `name` varchar(191) COLLATE utf8mb4_unicode_ci NOT NULL,
  `product_id` int(10) UNSIGNED NOT NULL,
  `sub_sku` varchar(191) COLLATE utf8mb4_unicode_ci DEFAULT NULL,
  `product_variation_id` int(10) UNSIGNED NOT NULL,
  `variation_value_id` int(11) DEFAULT NULL,
  `default_purchase_price` decimal(22,4) DEFAULT NULL,
  `dpp_inc_tax` decimal(22,4) NOT NULL DEFAULT '0.0000',
  `profit_percent` decimal(22,4) NOT NULL DEFAULT '0.0000',
  `default_sell_price` decimal(22,4) DEFAULT NULL,
  `sell_price_inc_tax` decimal(22,4) DEFAULT NULL COMMENT 'Sell price including tax',
  `created_at` timestamp NULL DEFAULT NULL,
  `updated_at` timestamp NULL DEFAULT NULL,
  `deleted_at` timestamp NULL DEFAULT NULL,
  `combo_variations` text COLLATE utf8mb4_unicode_ci COMMENT 'Contains the combo variation details'
) ENGINE=InnoDB DEFAULT CHARSET=utf8mb4 COLLATE=utf8mb4_unicode_ci;

--
-- Dumping data for table `variations`
--

INSERT INTO `variations` (`id`, `name`, `product_id`, `sub_sku`, `product_variation_id`, `variation_value_id`, `default_purchase_price`, `dpp_inc_tax`, `profit_percent`, `default_sell_price`, `sell_price_inc_tax`, `created_at`, `updated_at`, `deleted_at`, `combo_variations`) VALUES
(1, 'DUMMY', 1, '0001', 1, NULL, '1200000.0000', '1200000.0000', '18.0000', '1416000.0000', '1416000.0000', '2020-03-27 23:40:14', '2020-03-27 23:42:08', NULL, '[]'),
(2, 'DUMMY', 2, '0002', 2, NULL, '10000.0000', '10000.0000', '0.0000', '10000.0000', '10000.0000', '2020-03-27 23:49:54', '2020-03-27 23:49:54', NULL, '[]'),
(3, 'DUMMY', 3, '0003', 3, NULL, '10.0000', '10.0000', '10.0000', '11.0000', '11.0000', '2020-03-30 00:20:39', '2020-03-30 00:23:01', NULL, '[]'),
(4, 'DUMMY', 4, '0004', 4, NULL, '12.0000', '12.0000', '18.0000', '14.1600', '14.1600', '2020-03-30 00:21:42', '2020-03-30 00:21:42', NULL, '[]'),
(5, 'DUMMY', 5, '0005', 5, NULL, '14.0000', '14.0000', '18.0000', '16.5200', '16.5200', '2020-03-30 00:24:22', '2020-03-30 00:24:22', NULL, '[]'),
(6, 'DUMMY', 6, '0006', 6, NULL, '8.0000', '8.0000', '18.0000', '9.4400', '9.4400', '2020-03-30 00:25:32', '2020-03-30 00:25:32', NULL, '[]'),
(7, 'DUMMY', 7, '0007', 7, NULL, '15.0000', '15.0000', '18.0000', '17.7000', '17.7000', '2020-03-30 00:26:47', '2020-03-30 00:26:47', NULL, '[]'),
(8, 'DUMMY', 8, '0008', 8, NULL, '6.0000', '6.0000', '18.0000', '7.0800', '7.0800', '2020-03-30 00:28:13', '2020-03-30 00:28:13', NULL, '[]'),
(9, 'DUMMY', 9, '0009', 9, NULL, '10.0000', '10.0000', '18.0000', '11.8000', '11.8000', '2020-03-30 00:29:27', '2020-03-30 00:30:30', NULL, '[]'),
(10, 'DUMMY', 10, '0010', 10, NULL, '15.0000', '15.0000', '18.0000', '17.7000', '17.7000', '2020-03-30 00:31:34', '2020-03-30 00:31:34', NULL, '[]'),
(11, 'DUMMY', 11, '0011', 11, NULL, '15.0000', '15.0000', '18.0000', '17.7000', '17.7000', '2020-03-30 00:33:03', '2020-03-30 00:33:03', NULL, '[]'),
(12, 'DUMMY', 12, '0012', 12, NULL, '5.0000', '5.0000', '18.0000', '5.9000', '5.9000', '2020-03-30 00:34:38', '2020-03-30 00:34:38', NULL, '[]'),
(13, 'DUMMY', 13, '0013', 13, NULL, '50.0000', '50.0000', '25.0000', '62.5000', '62.5000', '2020-03-30 00:36:08', '2020-03-30 00:36:08', NULL, '[]'),
(14, 'DUMMY', 14, '0014', 14, NULL, '35.0000', '35.0000', '18.0000', '41.3000', '41.3000', '2020-03-30 00:38:24', '2020-03-30 00:38:24', NULL, '[]'),
(15, 'DUMMY', 15, '0015', 15, NULL, '60.0000', '60.0000', '18.0000', '70.8000', '70.8000', '2020-03-30 00:40:29', '2020-03-30 00:40:29', NULL, '[]'),
(16, 'DUMMY', 16, '0016', 16, NULL, '25.0000', '25.0000', '18.0000', '29.5000', '29.5000', '2020-03-30 00:45:54', '2020-03-30 00:45:54', NULL, '[]'),
(17, 'DUMMY', 17, '0017', 17, NULL, '12.0000', '12.0000', '18.0000', '14.1600', '14.1600', '2020-03-30 00:47:33', '2020-03-30 00:47:33', NULL, '[]'),
(19, 'DUMMY', 19, '0019', 19, NULL, '50000.0000', '50000.0000', '0.0000', '50000.0000', '50000.0000', '2020-04-17 01:02:02', '2020-04-17 01:02:02', NULL, '[]'),
(20, 'DUMMY', 20, '0020', 20, NULL, '200.0000', '200.0000', '6500.0000', '13200.0000', '13200.0000', '2020-04-17 01:04:26', '2020-04-17 01:09:44', NULL, '[]'),
(21, 'DUMMY', 21, '0021', 21, NULL, '10.0000', '10.0000', '50.0000', '15.0000', '15.0000', '2020-04-17 01:33:42', '2020-04-17 01:34:46', NULL, '[]'),
(22, 'DUMMY', 22, 'DEV10001', 22, NULL, '300000.0000', '300000.0000', '0.0000', '300000.0000', '300000.0000', '2020-11-28 15:48:03', '2020-11-28 15:48:03', NULL, '[]'),
(31, 'DUMMY', 31, '0031', 31, NULL, '8.0000', '8.0000', '0.0000', '8.0000', '8.0000', '2021-01-20 12:34:05', '2021-01-20 13:42:12', NULL, '[]'),
(32, 'DUMMY', 32, '0032', 32, NULL, '0.5500', '0.5500', '0.0000', '0.5500', '0.5500', '2021-01-20 12:39:10', '2021-01-20 12:42:48', NULL, '[]'),
(33, 'DUMMY', 33, '0033', 33, NULL, '8.8100', '8.8100', '0.0000', '8.8100', '8.8100', '2021-01-20 13:25:21', '2022-02-10 17:00:23', NULL, '[]'),
(34, 'DUMMY', 34, '0034', 34, NULL, '0.1900', '0.1900', '0.0000', '0.1900', '0.1900', '2021-01-20 13:27:27', '2021-01-20 13:27:27', NULL, '[]'),
(35, 'DUMMY', 35, '0035', 35, NULL, '0.1900', '0.1900', '0.0000', '0.1900', '0.1900', '2021-01-20 13:29:07', '2021-01-20 13:29:07', NULL, '[]'),
(36, 'DUMMY', 36, '0036', 36, NULL, '243.3300', '243.3300', '0.0000', '243.3300', '243.3300', '2021-01-20 13:31:35', '2021-01-20 13:31:35', NULL, '[]'),
(37, 'DUMMY', 37, '0037', 37, NULL, '269.4600', '269.4600', '345.3351', '1200.0000', '1200.0000', '2021-01-20 13:36:40', '2021-01-20 13:48:04', NULL, '[]'),
(38, 'DUMMY', 38, '0038', 38, NULL, '1.5600', '1.5600', '0.0000', '1.5600', '1.5600', '2021-01-20 13:57:50', '2021-01-20 13:57:50', NULL, '[]'),
(39, 'DUMMY', 39, '0039', 39, NULL, '4.6000', '4.6000', '0.0000', '4.6000', '4.6000', '2021-01-20 14:00:43', '2021-01-20 14:00:43', NULL, '[]'),
(40, 'DUMMY', 40, '0040', 40, NULL, '2.0000', '2.0000', '0.0000', '2.0000', '2.0000', '2021-01-20 14:04:20', '2021-01-20 14:07:33', NULL, '[]'),
(41, 'DUMMY', 41, '0041', 41, NULL, '251.9900', '251.9900', '296.8400', '1000.0000', '1000.0000', '2021-01-20 14:07:03', '2022-02-18 07:01:09', NULL, '[]'),
(42, 'DUMMY', 42, '0042', 42, NULL, '189.0000', '189.0000', '429.1000', '1000.0000', '1000.0000', '2021-01-20 19:43:38', '2021-01-20 19:44:54', NULL, '[]'),
(43, 'DUMMY', 43, '0043', 43, NULL, '2.4000', '2.4000', '0.0000', '2.4000', '2.4000', '2021-01-20 19:46:41', '2021-01-20 19:46:41', NULL, '[]'),
(44, 'DUMMY', 44, '0044', 44, NULL, '166.5300', '166.5300', '500.4924', '1000.0000', '1000.0000', '2021-01-21 12:31:51', '2021-01-21 13:18:46', NULL, '[]'),
(45, 'DUMMY', 45, '0045', 45, NULL, '1.2000', '1.2000', '0.0000', '1.2000', '1.2000', '2021-01-21 12:33:51', '2021-01-21 12:40:15', NULL, '[]'),
(46, 'DUMMY', 46, '0046', 46, NULL, '12.0000', '12.0000', '0.0000', '12.0000', '12.0000', '2021-01-21 12:35:54', '2021-01-21 12:35:54', NULL, '[]'),
(47, 'DUMMY', 47, '0047', 47, NULL, '8.0000', '8.0000', '0.0000', '8.0000', '8.0000', '2021-01-29 21:09:46', '2021-01-29 21:09:46', NULL, '[]'),
(48, 'DUMMY', 48, '0048', 48, NULL, '0.5500', '0.5500', '0.0000', '0.5500', '0.5500', '2021-01-29 21:10:57', '2021-02-25 14:31:32', NULL, '[]'),
(49, 'DUMMY', 49, '0049', 49, NULL, '8.8100', '8.8100', '0.0000', '8.8100', '8.8100', '2021-01-29 21:12:38', '2021-02-05 17:58:50', NULL, '[]'),
(50, 'DUMMY', 50, '0050', 50, NULL, '0.1900', '0.1900', '0.0000', '0.1900', '0.1900', '2021-01-29 21:13:30', '2021-01-29 21:13:30', NULL, '[]'),
(51, 'DUMMY', 51, '0051', 51, NULL, '0.1900', '0.1900', '0.0000', '0.1900', '0.1900', '2021-01-29 21:14:08', '2021-01-29 21:14:08', NULL, '[]'),
(52, 'DUMMY', 52, '0052', 52, NULL, '243.3300', '243.3300', '0.0000', '243.3300', '243.3300', '2021-01-29 21:15:02', '2021-01-29 21:15:02', NULL, '[]'),
(53, 'DUMMY', 53, '0053', 53, NULL, '1.5600', '1.5600', '0.0000', '1.5600', '1.5600', '2021-01-29 21:15:55', '2021-01-30 21:19:57', NULL, '[]'),
(54, 'DUMMY', 54, '0054', 54, NULL, '4.6000', '4.6000', '0.0000', '4.6000', '4.6000', '2021-01-29 21:16:55', '2021-01-29 21:16:55', NULL, '[]'),
(55, 'DUMMY', 55, '0055', 55, NULL, '2.0000', '2.0000', '0.0000', '2.0000', '2.0000', '2021-01-29 21:17:48', '2021-01-29 21:17:48', NULL, '[]'),
(56, 'DUMMY', 56, '((((((((((((', 56, NULL, '2.4000', '2.4000', '0.0000', '2.4000', '2.4000', '2021-01-29 21:18:58', '2021-01-29 21:18:58', NULL, '[]'),
(57, 'DUMMY', 57, '0057', 57, NULL, '10.0000', '10.0000', '0.0000', '10.0000', '10.0000', '2021-01-29 21:20:25', '2021-01-29 21:20:25', NULL, '[]'),
(58, 'DUMMY', 58, '0058', 58, NULL, '3.5000', '3.5000', '0.0000', '3.5000', '3.5000', '2021-01-29 22:02:48', '2021-01-29 22:02:48', NULL, '[]'),
(59, 'DUMMY', 59, '0059', 59, NULL, '10.0000', '10.0000', '0.0000', '10.0000', '10.0000', '2021-01-29 22:04:11', '2021-01-29 22:04:11', NULL, '[]'),
(60, 'DUMMY', 60, '0060', 60, NULL, '1.2000', '1.2000', '0.0000', '1.2000', '1.2000', '2021-01-29 22:05:12', '2021-01-29 22:05:12', NULL, '[]'),
(61, 'DUMMY', 61, '0061', 61, NULL, '4.4400', '4.4400', '0.0000', '4.4400', '4.4400', '2021-01-29 22:06:04', '2021-01-29 22:06:04', NULL, '[]'),
(62, 'DUMMY', 62, '0062', 62, NULL, '12.0000', '12.0000', '0.0000', '12.0000', '12.0000', '2021-01-29 22:07:00', '2021-01-29 22:07:00', NULL, '[]'),
(63, 'DUMMY', 63, '0063', 63, NULL, '3.0000', '3.0000', '0.0000', '3.0000', '3.0000', '2021-01-29 22:08:10', '2021-01-29 22:08:10', NULL, '[]'),
(64, 'DUMMY', 64, '0064', 64, NULL, '1.0000', '1.0000', '0.0000', '1.0000', '1.0000', '2021-01-29 22:09:03', '2021-01-29 22:09:03', NULL, '[]'),
(65, 'DUMMY', 65, '0065', 65, NULL, '2.0000', '2.0000', '0.0000', '2.0000', '2.0000', '2021-01-29 22:09:54', '2021-01-29 22:09:54', NULL, '[]'),
(68, 'DUMMY', 68, '0068', 68, NULL, '14.0000', '14.0000', '0.0000', '14.0000', '14.0000', '2021-01-30 09:07:47', '2021-01-30 09:07:47', NULL, '[]'),
(69, 'DUMMY', 69, '0069', 69, NULL, '1.5000', '1.5000', '0.0000', '1.5000', '1.5000', '2021-01-30 09:28:31', '2021-01-30 09:28:31', NULL, '[]'),
(70, 'DUMMY', 70, '0070', 70, NULL, '7.1400', '7.1400', '0.0000', '7.1400', '7.1400', '2021-01-30 09:29:29', '2021-01-30 09:29:29', NULL, '[]'),
(71, 'DUMMY', 71, '0071', 71, NULL, '20.0000', '20.0000', '0.0000', '20.0000', '20.0000', '2021-01-30 09:30:18', '2021-01-30 09:30:18', NULL, '[]'),
(72, 'DUMMY', 72, '0072', 72, NULL, '2.0000', '2.0000', '0.0000', '2.0000', '2.0000', '2021-01-30 09:31:02', '2021-01-30 09:31:02', NULL, '[]'),
(73, 'DUMMY', 73, '0073', 73, NULL, '8.0000', '8.0000', '0.0000', '8.0000', '8.0000', '2021-01-30 09:31:49', '2021-01-30 09:31:49', NULL, '[]'),
(74, 'DUMMY', 74, '0074', 74, NULL, '5.0000', '5.0000', '0.0000', '5.0000', '5.0000', '2021-01-30 09:33:19', '2021-01-30 09:33:19', NULL, '[]'),
(75, 'DUMMY', 75, '0075', 75, NULL, '1.0000', '1.0000', '0.0000', '1.0000', '1.0000', '2021-01-30 09:34:25', '2021-01-30 09:34:25', NULL, '[]'),
(76, 'DUMMY', 76, '0076', 76, NULL, '19.2600', '19.2600', '0.0000', '19.2600', '19.2600', '2021-01-30 09:35:29', '2021-01-30 09:35:29', NULL, '[]'),
(77, 'DUMMY', 77, '0077', 77, NULL, '6.0000', '6.0000', '0.0000', '6.0000', '6.0000', '2021-01-30 09:36:56', '2021-01-30 09:36:56', NULL, '[]'),
(78, 'DUMMY', 78, '((((((((((((((((', 78, NULL, '12.4000', '12.4000', '0.0000', '12.4000', '12.4000', '2021-01-30 09:37:44', '2021-01-30 09:37:44', NULL, '[]'),
(79, 'DUMMY', 79, '0079', 79, NULL, '62.5000', '62.5000', '0.0000', '62.5000', '62.5000', '2021-01-30 09:38:51', '2021-01-30 09:38:51', NULL, '[]'),
(80, 'DUMMY', 80, '0080', 80, NULL, '10.0000', '10.0000', '0.0000', '10.0000', '10.0000', '2021-01-30 09:40:35', '2021-01-30 09:40:35', NULL, '[]'),
(81, 'DUMMY', 81, '0081', 81, NULL, '10.0000', '10.0000', '0.0000', '10.0000', '10.0000', '2021-01-30 09:41:26', '2021-01-30 09:41:26', NULL, '[]'),
(82, 'DUMMY', 82, '0082', 82, NULL, '0.0000', '0.0000', '0.0000', '0.0000', '0.0000', '2021-01-30 09:49:23', '2021-01-30 21:22:54', NULL, '[]'),
(83, 'DUMMY', 83, '0083', 83, NULL, '1.9600', '1.9600', '0.0000', '1.9600', '1.9600', '2021-01-30 09:50:28', '2021-01-30 09:50:28', NULL, '[]'),
(84, 'DUMMY', 84, '0084', 84, NULL, '1.2000', '1.2000', '0.0000', '1.2000', '1.2000', '2021-01-30 09:51:42', '2021-01-30 09:51:42', NULL, '[]'),
(85, 'DUMMY', 85, '0085', 85, NULL, '20.0000', '20.0000', '0.0000', '20.0000', '20.0000', '2021-01-30 09:52:35', '2021-01-30 09:52:35', NULL, '[]'),
(86, 'DUMMY', 86, '0086', 86, NULL, '38.0000', '38.0000', '0.0000', '38.0000', '38.0000', '2021-01-30 09:53:28', '2021-01-30 09:53:28', NULL, '[]'),
(87, 'DUMMY', 87, '0087', 87, NULL, '12.0000', '12.0000', '0.0000', '12.0000', '12.0000', '2021-01-30 09:54:15', '2021-01-30 09:54:15', NULL, '[]'),
(88, 'DUMMY', 88, '0088', 88, NULL, '2.8000', '2.8000', '0.0000', '2.8000', '2.8000', '2021-01-30 09:55:34', '2021-01-30 09:55:34', NULL, '[]'),
(89, 'DUMMY', 89, '0089', 89, NULL, '4.0000', '4.0000', '0.0000', '4.0000', '4.0000', '2021-01-30 09:56:21', '2021-01-30 09:56:21', NULL, '[]'),
(90, 'DUMMY', 90, '0090', 90, NULL, '4.0000', '4.0000', '0.0000', '4.0000', '4.0000', '2021-01-30 09:57:16', '2021-01-30 09:57:16', NULL, '[]'),
(91, 'DUMMY', 91, '0091', 91, NULL, '3.0000', '3.0000', '0.0000', '3.0000', '3.0000', '2021-01-30 09:58:36', '2021-01-30 09:58:36', NULL, '[]'),
(92, 'DUMMY', 92, '0092', 92, NULL, '9.5000', '9.5000', '0.0000', '9.5000', '9.5000', '2021-01-30 09:59:27', '2021-01-30 09:59:27', NULL, '[]'),
(93, 'DUMMY', 93, '0093', 93, NULL, '8.0000', '8.0000', '0.0000', '8.0000', '8.0000', '2021-01-30 10:00:26', '2021-01-30 10:00:26', NULL, '[]'),
(94, 'DUMMY', 94, '0094', 94, NULL, '24.0000', '24.0000', '0.0000', '24.0000', '24.0000', '2021-01-30 10:01:14', '2021-01-30 10:01:14', NULL, '[]'),
(95, 'DUMMY', 95, '0095', 95, NULL, '18.0000', '18.0000', '0.0000', '18.0000', '18.0000', '2021-01-30 10:02:27', '2021-01-30 10:02:27', NULL, '[]'),
(96, 'DUMMY', 96, '0096', 96, NULL, '0.8470', '0.8500', '0.0000', '0.8500', '0.8500', '2021-01-30 10:13:11', '2021-01-30 10:13:11', NULL, '[]'),
(97, 'DUMMY', 97, '0097', 97, NULL, '10.0000', '10.0000', '0.0000', '10.0000', '10.0000', '2021-01-30 10:14:10', '2021-01-30 10:14:10', NULL, '[]'),
(98, 'DUMMY', 98, '0098', 98, NULL, '22.0000', '22.0000', '0.0000', '22.0000', '22.0000', '2021-01-30 10:15:11', '2021-01-30 10:15:11', NULL, '[]'),
(99, 'DUMMY', 99, '0099', 99, NULL, '6000.0000', '6000.0000', '0.0000', '6000.0000', '6000.0000', '2021-01-30 10:16:21', '2021-01-30 10:16:21', NULL, '[]'),
(100, 'DUMMY', 100, '0100', 100, NULL, '6.6700', '6.6700', '0.0000', '6.6700', '6.6700', '2021-01-30 10:39:07', '2021-01-30 10:39:07', NULL, '[]'),
(101, 'DUMMY', 101, '0101', 101, NULL, '7.5000', '7.5000', '0.0000', '7.5000', '7.5000', '2021-01-30 10:40:10', '2021-01-30 10:40:10', NULL, '[]'),
(102, 'DUMMY', 102, '0102', 102, NULL, '6.0000', '6.0000', '0.0000', '6.0000', '6.0000', '2021-01-30 10:41:01', '2021-01-30 10:41:01', NULL, '[]'),
(103, 'DUMMY', 103, '0103', 103, NULL, '2.0000', '2.0000', '0.0000', '2.0000', '2.0000', '2021-01-30 10:41:48', '2021-01-30 10:41:48', NULL, '[]'),
(104, 'DUMMY', 104, '0104', 104, NULL, '23.5300', '23.5300', '0.0000', '23.5300', '23.5300', '2021-01-30 10:42:58', '2021-01-30 10:42:58', NULL, '[]'),
(105, 'DUMMY', 105, '0105', 105, NULL, '200.0000', '200.0000', '0.0000', '200.0000', '200.0000', '2021-01-30 10:43:39', '2021-01-30 10:43:39', NULL, '[]'),
(106, 'DUMMY', 106, '0106', 106, NULL, '683.0000', '683.0000', '0.0000', '683.0000', '683.0000', '2021-01-30 10:49:37', '2021-01-30 10:49:37', NULL, '[]'),
(107, 'DUMMY', 107, '0107', 107, NULL, '10.0000', '10.0000', '0.0000', '10.0000', '10.0000', '2021-01-30 10:50:15', '2021-01-30 10:50:15', NULL, '[]'),
(108, 'DUMMY', 108, '0108', 108, NULL, '3.0000', '3.0000', '0.0000', '3.0000', '3.0000', '2021-01-30 10:51:44', '2021-01-30 10:51:44', NULL, '[]'),
(109, 'DUMMY', 109, '0109', 109, NULL, '250.0000', '250.0000', '0.0000', '250.0000', '250.0000', '2021-01-30 10:54:48', '2021-01-30 10:54:48', NULL, '[]'),
(110, 'DUMMY', 110, '0110', 110, NULL, '6.0000', '6.0000', '0.0000', '6.0000', '6.0000', '2021-01-30 10:57:43', '2021-01-30 10:57:43', NULL, '[]'),
(111, 'DUMMY', 111, '0111', 111, NULL, '114.2900', '114.2900', '0.0000', '114.2900', '114.2900', '2021-01-30 10:58:23', '2021-01-30 10:58:23', NULL, '[]'),
(112, 'DUMMY', 112, '0112', 112, NULL, '2.8000', '2.8000', '0.0000', '2.8000', '2.8000', '2021-01-30 10:59:54', '2021-01-30 10:59:54', NULL, '[]'),
(113, 'DUMMY', 113, '0113', 113, NULL, '200.0000', '200.0000', '0.0000', '200.0000', '200.0000', '2021-01-30 11:00:30', '2021-01-30 11:00:30', NULL, '[]'),
(114, 'DUMMY', 114, '0114', 114, NULL, '100.0000', '100.0000', '0.0000', '100.0000', '100.0000', '2021-01-30 11:01:17', '2021-01-30 11:01:17', NULL, '[]'),
(115, 'DUMMY', 115, '0115', 115, NULL, '1500.0000', '1500.0000', '0.0000', '1500.0000', '1500.0000', '2021-01-30 11:02:10', '2021-01-30 11:02:10', NULL, '[]'),
(116, 'DUMMY', 116, '0116', 116, NULL, '1500.0000', '1500.0000', '0.0000', '1500.0000', '1500.0000', '2021-01-30 11:02:34', '2021-01-30 11:02:34', NULL, '[]'),
(117, 'DUMMY', 117, '0117', 117, NULL, '1500.0000', '1500.0000', '0.0000', '1500.0000', '1500.0000', '2021-01-30 11:03:03', '2021-01-30 11:03:03', NULL, '[]'),
(118, 'DUMMY', 118, '0118', 118, NULL, '500.0000', '500.0000', '0.0000', '500.0000', '500.0000', '2021-01-30 11:03:59', '2021-01-30 11:03:59', NULL, '[]'),
(119, 'DUMMY', 119, '0119', 119, NULL, '250.0000', '250.0000', '0.0000', '250.0000', '250.0000', '2021-01-30 11:04:57', '2021-01-30 11:04:57', NULL, '[]'),
(120, 'DUMMY', 120, '0120', 120, NULL, '500.0000', '500.0000', '0.0000', '500.0000', '500.0000', '2021-01-30 11:05:52', '2021-01-30 11:05:52', NULL, '[]'),
(121, 'DUMMY', 121, '0121', 121, NULL, '0.0000', '0.0000', '0.0000', '0.0000', '0.0000', '2021-01-30 11:06:52', '2021-01-30 11:06:52', NULL, '[]'),
(122, 'DUMMY', 122, '0122', 122, NULL, '0.0000', '0.0000', '0.0000', '0.0000', '0.0000', '2021-01-30 11:07:38', '2021-01-30 11:07:38', NULL, '[]'),
(123, 'DUMMY', 123, '0123', 123, NULL, '1.0000', '1.0000', '119900.0000', '1200.0000', '1200.0000', '2021-01-30 11:12:49', '2021-01-30 11:12:49', NULL, '[]'),
(124, 'DUMMY', 124, '0124', 124, NULL, '1.0000', '1.0000', '99900.0000', '1000.0000', '1000.0000', '2021-01-30 11:13:28', '2021-01-30 11:13:28', NULL, '[]'),
(125, 'DUMMY', 125, '0125', 125, NULL, '1.0000', '1.0000', '99900.0000', '1000.0000', '1000.0000', '2021-01-30 11:13:56', '2021-01-30 11:13:56', NULL, '[]'),
(126, 'DUMMY', 126, '0126', 126, NULL, '1.0000', '1.0000', '99900.0000', '1000.0000', '1000.0000', '2021-01-30 11:14:29', '2021-01-30 11:14:29', NULL, '[]'),
(127, 'DUMMY', 127, '0127', 127, NULL, '1.0000', '1.0000', '99900.0000', '1000.0000', '1000.0000', '2021-01-30 11:14:57', '2021-01-30 11:14:57', NULL, '[]'),
(128, 'DUMMY', 128, '0128', 128, NULL, '1.0000', '1.0000', '99900.0000', '1000.0000', '1000.0000', '2021-01-30 11:16:30', '2021-01-30 11:16:30', NULL, '[]'),
(129, 'DUMMY', 129, '0129', 129, NULL, '1.0000', '1.0000', '99900.0000', '1000.0000', '1000.0000', '2021-01-30 11:16:54', '2021-01-30 11:16:54', NULL, '[]'),
(130, 'DUMMY', 130, '0130', 130, NULL, '1.0000', '1.0000', '149900.0000', '1500.0000', '1500.0000', '2021-01-30 11:17:26', '2021-01-30 11:17:26', NULL, '[]'),
(131, 'DUMMY', 131, '0131', 131, NULL, '1.0000', '1.0000', '99900.0000', '1000.0000', '1000.0000', '2021-01-30 11:17:59', '2021-01-30 11:17:59', NULL, '[]'),
(132, 'DUMMY', 132, '0132', 132, NULL, '1.0000', '1.0000', '149900.0000', '1500.0000', '1500.0000', '2021-01-30 11:18:35', '2021-01-30 11:18:35', NULL, '[]'),
(133, 'DUMMY', 133, '0133', 133, NULL, '677.9650', '800.0000', '25.0000', '847.4600', '1000.0000', '2021-01-30 11:19:06', '2021-02-18 10:20:00', NULL, '[]'),
(134, 'DUMMY', 134, '0134', 134, NULL, '1.0000', '1.0000', '99900.0000', '1000.0000', '1000.0000', '2021-01-30 11:19:29', '2021-01-30 11:19:29', NULL, '[]'),
(135, 'DUMMY', 135, '0135', 135, NULL, '1.0000', '1.0000', '149900.0000', '1500.0000', '1500.0000', '2021-01-30 11:20:02', '2021-01-30 11:20:02', NULL, '[]'),
(136, 'DUMMY', 136, '0136', 136, NULL, '1.0000', '1.0000', '449900.0000', '4500.0000', '4500.0000', '2021-01-30 11:20:30', '2021-01-30 11:20:30', NULL, '[]'),
(137, 'DUMMY', 137, '0137', 137, NULL, '1.0000', '1.0000', '449900.0000', '4500.0000', '4500.0000', '2021-01-30 11:20:59', '2021-01-30 11:20:59', NULL, '[]'),
(138, 'DUMMY', 138, '0138', 138, NULL, '1.0000', '1.0000', '299900.0000', '3000.0000', '3000.0000', '2021-01-30 11:21:30', '2021-01-30 11:21:30', NULL, '[]'),
(139, 'DUMMY', 139, '0139', 139, NULL, '1.0000', '1.0000', '249900.0000', '2500.0000', '2500.0000', '2021-01-30 11:22:02', '2021-01-30 11:22:02', NULL, '[]'),
(140, 'DUMMY', 140, '0140', 140, NULL, '1.0000', '1.0000', '349900.0000', '3500.0000', '3500.0000', '2021-01-30 11:22:30', '2021-01-30 11:22:30', NULL, '[]'),
(141, 'DUMMY', 141, '0141', 141, NULL, '1.0000', '1.0000', '299900.0000', '3000.0000', '3000.0000', '2021-01-30 11:22:53', '2021-01-30 11:22:53', NULL, '[]'),
(142, 'DUMMY', 142, '0142', 142, NULL, '1.0000', '1.0000', '349900.0000', '3500.0000', '3500.0000', '2021-01-30 11:23:25', '2021-01-30 11:23:25', NULL, '[]'),
(143, 'DUMMY', 143, '0143', 143, NULL, '1.0000', '1.0000', '249900.0000', '2500.0000', '2500.0000', '2021-01-30 11:24:01', '2021-01-30 11:24:01', NULL, '[]'),
(144, 'DUMMY', 144, '0144', 144, NULL, '1.0000', '1.0000', '249900.0000', '2500.0000', '2500.0000', '2021-01-30 11:24:40', '2021-01-30 11:24:40', NULL, '[]'),
(145, 'DUMMY', 145, '0145', 145, NULL, '1.0000', '1.0000', '199900.0000', '2000.0000', '2000.0000', '2021-01-30 11:25:01', '2021-01-30 11:25:01', NULL, '[]'),
(146, 'DUMMY', 146, '0146', 146, NULL, '1.0000', '1.0000', '249900.0000', '2500.0000', '2500.0000', '2021-01-30 11:25:25', '2021-01-30 11:25:25', NULL, '[]'),
(147, 'DUMMY', 147, '0147', 147, NULL, '1.0000', '1.0000', '199900.0000', '2000.0000', '2000.0000', '2021-01-30 11:25:56', '2021-01-30 11:25:56', NULL, '[]'),
(148, 'DUMMY', 148, '0148', 148, NULL, '5000.0000', '5000.0000', '-50.0000', '2500.0000', '2500.0000', '2021-01-30 11:26:23', '2021-02-26 15:42:15', NULL, '[]'),
(149, 'DUMMY', 149, '0149', 149, NULL, '1.0000', '1.0000', '299900.0000', '3000.0000', '3000.0000', '2021-01-30 11:27:09', '2021-01-30 11:27:09', NULL, '[]'),
(150, 'DUMMY', 150, '0150', 150, NULL, '1.0000', '1.0000', '0.0000', '1.0000', '1.0000', '2021-01-30 11:27:46', '2021-01-30 11:27:46', NULL, '[]'),
(151, 'DUMMY', 151, '0151', 151, NULL, '1.0000', '1.0000', '0.0000', '1.0000', '1.0000', '2021-01-30 11:28:18', '2021-01-30 11:28:18', NULL, '[]'),
(152, 'DUMMY', 152, '0152', 152, NULL, '1.0000', '1.0000', '0.0000', '1.0000', '1.0000', '2021-01-30 11:40:16', '2021-01-30 11:40:16', NULL, '[]'),
(153, 'DUMMY', 153, '0153', 153, NULL, '1.0000', '1.0000', '0.0000', '1.0000', '1.0000', '2021-01-30 11:40:42', '2021-01-30 11:40:42', NULL, '[]'),
(154, 'DUMMY', 154, '0154', 154, NULL, '1.0000', '1.0000', '1649900.0000', '16500.0000', '16500.0000', '2021-01-30 11:41:35', '2021-01-30 11:41:35', NULL, '[]'),
(155, 'DUMMY', 155, '0155', 155, NULL, '1.0000', '1.0000', '1499900.0000', '15000.0000', '15000.0000', '2021-01-30 11:42:03', '2021-01-30 11:42:03', NULL, '[]'),
(156, 'DUMMY', 156, '0156', 156, NULL, '1.0000', '1.0000', '1499900.0000', '15000.0000', '15000.0000', '2021-01-30 11:42:32', '2021-01-30 11:42:32', NULL, '[]'),
(157, 'DUMMY', 157, '0157', 157, NULL, '1.0000', '1.0000', '1499900.0000', '15000.0000', '15000.0000', '2021-01-30 11:43:08', '2021-01-30 11:43:08', NULL, '[]'),
(158, 'DUMMY', 158, '0158', 158, NULL, '1.0000', '1.0000', '1499900.0000', '15000.0000', '15000.0000', '2021-01-30 11:43:44', '2021-01-30 11:43:44', NULL, '[]'),
(159, 'DUMMY', 159, '0159', 159, NULL, '1.0000', '1.0000', '1499900.0000', '15000.0000', '15000.0000', '2021-01-30 11:44:49', '2021-01-30 11:44:49', NULL, '[]'),
(160, 'DUMMY', 160, '0160', 160, NULL, '1.0000', '1.0000', '1499900.0000', '15000.0000', '15000.0000', '2021-01-30 11:45:20', '2021-01-30 11:45:20', NULL, '[]'),
(161, 'DUMMY', 161, '0161', 161, NULL, '1.0000', '1.0000', '1499900.0000', '15000.0000', '15000.0000', '2021-01-30 11:45:54', '2021-01-30 11:45:54', NULL, '[]'),
(162, 'DUMMY', 162, '0162', 162, NULL, '1.0000', '1.0000', '1499900.0000', '15000.0000', '15000.0000', '2021-01-30 11:46:29', '2021-01-30 11:46:29', NULL, '[]'),
(163, 'DUMMY', 163, '0163', 163, NULL, '1.0000', '1.0000', '1499900.0000', '15000.0000', '15000.0000', '2021-01-30 11:47:06', '2021-01-30 11:47:06', NULL, '[]'),
(164, 'DUMMY', 164, '0164', 164, NULL, '1.0000', '1.0000', '1499900.0000', '15000.0000', '15000.0000', '2021-01-30 11:47:38', '2021-01-30 11:47:38', NULL, '[]'),
(165, 'DUMMY', 165, '0165', 165, NULL, '1.0000', '1.0000', '999900.0000', '10000.0000', '10000.0000', '2021-01-30 11:48:07', '2021-01-30 11:48:07', NULL, '[]'),
(166, 'DUMMY', 166, '0166', 166, NULL, '1.0000', '1.0000', '799900.0000', '8000.0000', '8000.0000', '2021-01-30 11:48:46', '2021-01-30 11:48:46', NULL, '[]'),
(167, 'DUMMY', 167, '0167', 167, NULL, '1.0000', '1.0000', '1499900.0000', '15000.0000', '15000.0000', '2021-01-30 11:49:16', '2021-01-30 11:49:16', NULL, '[]'),
(168, 'DUMMY', 168, '0168', 168, NULL, '1.0000', '1.0000', '0.0000', '1.0000', '1.0000', '2021-01-30 11:49:38', '2021-01-30 11:49:38', NULL, '[]'),
(169, 'DUMMY', 169, '0169', 169, NULL, '6000.0000', '6000.0000', '0.0000', '6000.0000', '6000.0000', '2021-01-30 14:07:39', '2021-01-30 14:07:39', NULL, '[]'),
(170, 'DUMMY', 170, '0170', 170, NULL, '0.8470', '0.8500', '0.0000', '0.8500', '0.8500', '2021-01-30 15:24:29', '2021-01-30 15:24:29', NULL, '[]'),
(171, 'DUMMY', 171, '0171', 171, NULL, '10.0000', '10.0000', '0.0000', '10.0000', '10.0000', '2021-01-30 15:29:07', '2021-01-30 15:29:07', NULL, '[]'),
(172, 'DUMMY', 172, '&&', 172, NULL, '450.0000', '450.0000', '344.4400', '2000.0000', '2000.0000', '2021-01-30 21:02:30', '2021-01-30 21:02:30', NULL, '[]'),
(173, 'DUMMY', 173, '0173', 173, NULL, '2.0000', '2.0000', '349900.0000', '7000.0000', '7000.0000', '2021-01-30 21:09:48', '2021-01-30 21:09:48', NULL, '[]'),
(175, 'm', 175, '10010175-1', 175, 1, '30.0000', '30.0000', '0.0000', '30.0000', '30.0000', '2021-02-06 03:26:40', '2021-02-06 03:26:40', NULL, NULL),
(176, 'x', 175, '10010175-2', 175, 2, '20.0000', '20.0000', '0.0000', '20.0000', '20.0000', '2021-02-06 03:26:40', '2021-02-06 03:26:40', NULL, NULL),
(177, 'xxl', 175, '10010175-3', 175, 3, '10.0000', '10.0000', '0.0000', '10.0000', '10.0000', '2021-02-06 03:26:40', '2021-02-06 03:26:40', NULL, NULL),
(178, 'DUMMY', 176, '10010176', 176, NULL, '1.0000', '1.0000', '0.0000', '1.0000', '1.0000', '2021-02-08 10:35:21', '2021-02-08 10:35:21', NULL, '[]'),
(179, 'DUMMY', 177, '10010177', 177, NULL, '530.0000', '530.0000', '0.0000', '530.0000', '530.0000', '2021-02-16 10:17:30', '2021-02-16 10:17:30', NULL, '[]'),
(180, 'DUMMY', 178, '10010178', 178, NULL, '500.0000', '500.0000', '0.0000', '500.0000', '500.0000', '2021-02-16 10:21:05', '2021-02-16 10:21:05', NULL, '[]'),
(181, 'DUMMY', 179, '10010179', 179, NULL, '1.6220', '1.6220', '801379.6547', '13000.0000', '13000.0000', '2021-02-16 10:32:54', '2021-02-16 10:37:29', NULL, '[]'),
(182, 'DUMMY', 180, '10010180', 180, NULL, '5000.0000', '5000.0000', '0.0000', '5000.0000', '5000.0000', '2021-02-17 09:58:15', '2021-02-17 09:58:15', NULL, '[]'),
(183, 'DUMMY', 181, '10010181', 181, NULL, '1000.0000', '1000.0000', '0.0000', '1000.0000', '1000.0000', '2021-02-17 10:06:14', '2021-02-17 10:06:14', NULL, '[]'),
(184, 'cheese', 182, '10010182-1', 182, NULL, '2000.0000', '2000.0000', '0.0000', '2000.0000', '2000.0000', '2021-02-17 14:55:24', '2021-02-17 14:55:24', NULL, NULL),
(185, 'DUMMY', 183, '10010183', 183, NULL, '5000.0000', '5000.0000', '0.0000', '5000.0000', '5000.0000', '2021-02-17 15:51:47', '2021-02-17 15:51:47', NULL, '[]'),
(186, 'DUMMY', 184, '10010184', 184, NULL, '1000.0000', '1000.0000', '0.0000', '1000.0000', '1000.0000', '2021-02-17 16:06:12', '2021-02-17 16:06:12', NULL, '[]'),
(187, 'DUMMY', 185, '10010185', 185, NULL, '1000.0000', '1000.0000', '0.0000', '1000.0000', '1000.0000', '2021-02-18 08:38:48', '2021-02-18 08:38:48', NULL, '[]'),
(188, 'DUMMY', 186, '10010186', 186, NULL, '5000.0000', '5000.0000', '0.0000', '5000.0000', '5000.0000', '2021-02-18 08:50:07', '2021-02-18 08:50:07', NULL, '[]'),
(189, 'DUMMY', 187, '10010187', 187, NULL, '530.0000', '625.4000', '50.0000', '795.0000', '938.1000', '2021-02-23 09:42:49', '2021-02-23 09:42:49', NULL, '[]'),
(190, 'DUMMY', 188, '0188', 188, NULL, '10000.0000', '10000.0000', '25.0000', '12500.0000', '12500.0000', '2021-02-25 10:20:50', '2021-02-25 10:20:50', NULL, '[]'),
(191, 'DUMMY', 189, 'DEV10001', 189, NULL, '1000.0000', '1000.0000', '50.0000', '1500.0000', '1500.0000', '2021-02-25 10:56:40', '2021-02-25 10:56:40', NULL, '[]'),
(192, 'DUMMY', 190, '10010190', 190, NULL, '2000.0000', '2000.0000', '0.0000', '2000.0000', '2000.0000', '2021-02-25 15:10:49', '2021-02-25 15:10:49', NULL, '[]'),
(193, 'Extra large', 191, '10010191-1', 191, NULL, '1000.0000', '1000.0000', '0.0000', '1000.0000', '1000.0000', '2021-03-03 07:42:50', '2021-03-03 07:42:50', NULL, NULL),
(194, 'Small', 191, '10010191-2', 191, NULL, '500.0000', '500.0000', '0.0000', '500.0000', '500.0000', '2021-03-03 07:42:50', '2021-03-03 07:42:50', NULL, NULL),
(195, 'DUMMY', 192, '10010192', 192, NULL, '0.0000', '0.0000', '0.0000', '0.0000', '0.0000', '2021-03-03 14:59:09', '2021-03-03 14:59:09', NULL, '[]'),
(196, 'mahar', 193, '10010193-1', 193, NULL, '700.0000', '700.0000', '0.0000', '700.0000', '700.0000', '2021-03-03 15:53:45', '2021-03-03 15:53:45', NULL, NULL),
(197, 'ftytf', 193, '10010193-2', 193, NULL, '66.0000', '66.0000', '0.0000', '66.0000', '66.0000', '2021-03-03 15:53:45', '2021-03-03 15:53:45', NULL, NULL),
(198, 'DUMMY', 194, '10010194', 194, NULL, '0.0000', '0.0000', '0.0000', '0.0000', '0.0000', '2021-03-15 13:19:50', '2021-03-15 13:19:50', NULL, '[]'),
(199, 'DUMMY', 195, '0195', 195, NULL, '0.0000', '0.0000', '0.0000', '0.0000', '0.0000', '2021-03-30 07:33:44', '2021-03-30 07:33:44', NULL, '[]'),
(200, 'DUMMY', 196, '0196', 196, NULL, '0.0000', '0.0000', '0.0000', '0.0000', '0.0000', '2021-03-30 07:34:16', '2021-03-30 07:34:16', NULL, '[]'),
(201, 'DUMMY', 197, '0197', 197, NULL, '0.0000', '0.0000', '0.0000', '0.0000', '0.0000', '2021-03-30 07:35:00', '2021-03-30 07:35:00', NULL, '[]'),
(202, 'DUMMY', 198, '0198', 198, NULL, '0.0000', '0.0000', '0.0000', '0.0000', '0.0000', '2021-03-30 07:35:26', '2021-03-30 07:35:26', NULL, '[]'),
(203, 'DUMMY', 199, '0199', 199, NULL, '0.0000', '0.0000', '0.0000', '0.0000', '0.0000', '2021-03-30 07:35:52', '2021-03-30 08:25:24', NULL, '[]'),
(204, 'DUMMY', 200, '0200', 200, NULL, '0.0000', '0.0000', '0.0000', '0.0000', '0.0000', '2021-03-30 07:36:19', '2021-03-30 07:54:56', NULL, '[]'),
(205, 'DUMMY', 201, '0201', 201, NULL, '1200.0000', '1200.0000', '0.0000', '1200.0000', '1200.0000', '2021-03-30 07:37:08', '2021-03-30 07:37:08', NULL, '[]'),
(206, 'DUMMY', 202, '0202', 202, NULL, '0.0000', '0.0000', '0.0000', '0.0000', '0.0000', '2021-03-30 07:43:15', '2021-03-30 07:43:15', NULL, '[]'),
(207, 'DUMMY', 203, '0203', 203, NULL, '0.0000', '0.0000', '0.0000', '0.0000', '0.0000', '2021-03-30 07:43:49', '2021-03-30 07:43:49', NULL, '[]'),
(208, 'DUMMY', 204, '0204', 204, NULL, '0.0000', '0.0000', '0.0000', '0.0000', '0.0000', '2021-03-30 07:44:59', '2021-03-30 07:44:59', NULL, '[]'),
(209, 'DUMMY', 205, '0205', 205, NULL, '1000.0000', '1000.0000', '0.0000', '1000.0000', '1000.0000', '2021-03-30 07:45:48', '2021-03-30 07:45:48', NULL, '[]'),
(210, 'DUMMY', 206, '0206', 206, NULL, '0.0000', '0.0000', '0.0000', '0.0000', '0.0000', '2021-03-30 07:46:35', '2021-03-30 07:46:35', NULL, '[]'),
(211, 'DUMMY', 207, '0207', 207, NULL, '1000.0000', '1000.0000', '0.0000', '1000.0000', '1000.0000', '2021-03-30 07:47:02', '2021-03-30 07:47:02', NULL, '[]'),
(212, 'DUMMY', 208, '0208', 208, NULL, '0.0000', '0.0000', '0.0000', '0.0000', '0.0000', '2021-03-30 07:47:55', '2021-03-30 07:47:55', NULL, '[]'),
(213, 'DUMMY', 209, '0209', 209, NULL, '1000.0000', '1000.0000', '0.0000', '1000.0000', '1000.0000', '2021-03-30 07:48:24', '2021-03-30 07:48:24', NULL, '[]'),
(214, 'DUMMY', 210, '0210', 210, NULL, '0.0000', '0.0000', '0.0000', '0.0000', '0.0000', '2021-03-30 07:49:22', '2021-03-30 07:49:22', NULL, '[]'),
(215, 'DUMMY', 211, '0211', 211, NULL, '0.0000', '0.0000', '0.0000', '0.0000', '0.0000', '2021-03-30 07:49:55', '2021-03-30 07:49:55', NULL, '[]'),
(216, 'DUMMY', 212, '0212', 212, NULL, '1000.0000', '1000.0000', '0.0000', '1000.0000', '1000.0000', '2021-03-30 07:50:18', '2021-03-30 07:50:18', NULL, '[]'),
(217, 'DUMMY', 213, '0213', 213, NULL, '0.0000', '0.0000', '0.0000', '0.0000', '0.0000', '2021-03-30 07:51:12', '2021-03-30 07:51:12', NULL, '[]'),
(218, 'DUMMY', 214, '0214', 214, NULL, '0.0000', '0.0000', '0.0000', '0.0000', '0.0000', '2021-03-30 07:51:50', '2021-03-30 20:44:55', NULL, '[]'),
(219, 'DUMMY', 215, '0215', 215, NULL, '0.0000', '0.0000', '0.0000', '0.0000', '0.0000', '2021-03-30 07:52:55', '2021-03-30 07:52:55', NULL, '[]'),
(220, 'DUMMY', 216, '0216', 216, NULL, '1000.0000', '1000.0000', '0.0000', '1000.0000', '1000.0000', '2021-03-30 07:53:28', '2021-03-30 07:53:28', NULL, '[]'),
(221, 'DUMMY', 217, '0217', 217, NULL, '0.0000', '0.0000', '0.0000', '0.0000', '0.0000', '2021-03-30 08:03:01', '2021-03-30 08:03:01', NULL, '[]'),
(222, 'DUMMY', 218, '0218', 218, NULL, '1000.0000', '1000.0000', '0.0000', '1000.0000', '1000.0000', '2021-03-30 08:03:37', '2021-03-30 08:03:37', NULL, '[]'),
(223, 'DUMMY', 219, '0219', 219, NULL, '1500.0000', '1500.0000', '0.0000', '1500.0000', '1500.0000', '2021-03-30 08:04:07', '2021-03-30 08:04:07', NULL, '[]'),
(224, 'DUMMY', 220, '0220', 220, NULL, '1000.0000', '1000.0000', '0.0000', '1000.0000', '1000.0000', '2021-03-30 08:04:50', '2021-03-30 08:04:50', NULL, '[]'),
(225, 'DUMMY', 221, '0221', 221, NULL, '1000.0000', '1000.0000', '0.0000', '1000.0000', '1000.0000', '2021-03-30 08:05:21', '2021-03-30 08:05:21', NULL, '[]'),
(226, 'DUMMY', 222, '0222', 222, NULL, '0.0000', '0.0000', '0.0000', '0.0000', '0.0000', '2021-03-30 08:07:03', '2021-03-30 08:13:24', NULL, '[]'),
(227, 'DUMMY', 223, '0223', 223, NULL, '0.0000', '0.0000', '0.0000', '0.0000', '0.0000', '2021-03-30 08:07:34', '2021-03-30 08:07:34', NULL, '[]'),
(228, 'DUMMY', 224, '0224', 224, NULL, '1000.0000', '1000.0000', '0.0000', '1000.0000', '1000.0000', '2021-03-30 08:08:08', '2021-03-30 20:30:32', NULL, '[]'),
(229, 'DUMMY', 225, '0225', 225, NULL, '0.0000', '0.0000', '0.0000', '0.0000', '0.0000', '2021-03-30 08:09:52', '2021-03-30 08:09:52', NULL, '[]'),
(230, 'DUMMY', 226, '0226', 226, NULL, '1000.0000', '1000.0000', '0.0000', '1000.0000', '1000.0000', '2021-03-30 08:10:22', '2021-03-30 08:10:22', NULL, '[]'),
(231, 'DUMMY', 227, '0227', 227, NULL, '0.0000', '0.0000', '0.0000', '0.0000', '0.0000', '2021-03-30 08:10:56', '2021-03-30 08:10:56', NULL, '[]'),
(232, 'DUMMY', 228, '0228', 228, NULL, '1000.0000', '1000.0000', '0.0000', '1000.0000', '1000.0000', '2021-03-30 08:11:38', '2021-03-30 08:11:38', NULL, '[]'),
(233, 'DUMMY', 229, '0229', 229, NULL, '0.0000', '0.0000', '0.0000', '0.0000', '0.0000', '2021-03-30 08:12:24', '2021-03-30 08:12:24', NULL, '[]'),
(234, 'DUMMY', 230, '0230', 230, NULL, '1000.0000', '1000.0000', '0.0000', '1000.0000', '1000.0000', '2021-03-30 08:12:51', '2021-03-30 08:12:51', NULL, '[]'),
(235, 'DUMMY', 231, '0231', 231, NULL, '0.0000', '0.0000', '0.0000', '0.0000', '0.0000', '2021-03-30 08:14:24', '2021-03-30 08:14:24', NULL, '[]'),
(236, 'DUMMY', 232, '0232', 232, NULL, '1500.0000', '1500.0000', '0.0000', '1500.0000', '1500.0000', '2021-03-30 08:15:58', '2021-03-30 08:15:58', NULL, '[]'),
(237, 'DUMMY', 233, '0233', 233, NULL, '0.0000', '0.0000', '0.0000', '0.0000', '0.0000', '2021-03-30 08:16:39', '2021-03-30 08:16:39', NULL, '[]'),
(238, 'DUMMY', 234, '0234', 234, NULL, '0.0000', '0.0000', '0.0000', '0.0000', '0.0000', '2021-03-30 08:17:18', '2021-03-30 08:17:18', NULL, '[]'),
(239, 'DUMMY', 235, '0235', 235, NULL, '0.0000', '0.0000', '0.0000', '0.0000', '0.0000', '2021-03-30 08:17:43', '2021-03-30 08:17:43', NULL, '[]'),
(240, 'DUMMY', 236, '0236', 236, NULL, '4500.0000', '4500.0000', '0.0000', '4500.0000', '4500.0000', '2021-03-30 08:18:26', '2021-03-30 08:18:26', NULL, '[]'),
(241, 'DUMMY', 237, '0237', 237, NULL, '0.0000', '0.0000', '0.0000', '0.0000', '0.0000', '2021-03-30 08:19:25', '2021-03-30 08:19:25', NULL, '[]'),
(242, 'DUMMY', 238, '0238', 238, NULL, '5000.0000', '5000.0000', '0.0000', '5000.0000', '5000.0000', '2021-03-30 08:19:59', '2021-03-30 08:19:59', NULL, '[]'),
(243, 'DUMMY', 239, '0239', 239, NULL, '0.0000', '0.0000', '0.0000', '0.0000', '0.0000', '2021-03-30 08:21:38', '2021-03-30 08:21:38', NULL, '[]'),
(244, 'DUMMY', 240, '0240', 240, NULL, '0.0000', '0.0000', '0.0000', '0.0000', '0.0000', '2021-03-30 08:22:48', '2021-03-30 08:22:48', NULL, '[]'),
(245, 'DUMMY', 241, '0241', 241, NULL, '3000.0000', '3000.0000', '0.0000', '3000.0000', '3000.0000', '2021-03-30 08:23:14', '2021-03-30 08:23:14', NULL, '[]'),
(246, 'DUMMY', 242, '0242', 242, NULL, '0.0000', '0.0000', '0.0000', '0.0000', '0.0000', '2021-03-30 08:24:06', '2021-03-30 08:24:06', NULL, '[]'),
(247, 'DUMMY', 243, '0243', 243, NULL, '2500.0000', '2500.0000', '0.0000', '2500.0000', '2500.0000', '2021-03-30 08:25:00', '2021-03-30 08:25:00', NULL, '[]'),
(248, 'DUMMY', 244, '0244', 244, NULL, '0.0000', '0.0000', '0.0000', '0.0000', '0.0000', '2021-03-30 20:35:49', '2021-03-30 20:35:49', NULL, '[]'),
(249, 'DUMMY', 245, '0245', 245, NULL, '0.0000', '0.0000', '0.0000', '0.0000', '0.0000', '2021-03-30 20:36:33', '2021-03-30 20:36:33', NULL, '[]'),
(250, 'DUMMY', 246, '0246', 246, NULL, '0.0000', '0.0000', '0.0000', '0.0000', '0.0000', '2021-03-30 20:38:00', '2021-03-30 20:38:00', NULL, '[]'),
(251, 'DUMMY', 247, '0247', 247, NULL, '3500.0000', '3500.0000', '0.0000', '3500.0000', '3500.0000', '2021-03-30 20:39:56', '2021-03-30 20:39:56', NULL, '[]'),
(252, 'DUMMY', 248, '0248', 248, NULL, '3000.0000', '3000.0000', '0.0000', '3000.0000', '3000.0000', '2021-03-30 20:42:35', '2021-03-30 20:42:35', NULL, '[]'),
(253, 'DUMMY', 249, '0249', 249, NULL, '3500.0000', '3500.0000', '0.0000', '3500.0000', '3500.0000', '2021-03-30 20:43:05', '2021-03-30 20:43:05', NULL, '[]'),
(254, 'DUMMY', 250, '0250', 250, NULL, '2500.0000', '2500.0000', '0.0000', '2500.0000', '2500.0000', '2021-03-30 20:43:48', '2021-03-30 20:43:48', NULL, '[]'),
(255, 'DUMMY', 251, '0251', 251, NULL, '2500.0000', '2500.0000', '0.0000', '2500.0000', '2500.0000', '2021-03-30 20:44:15', '2021-03-30 20:44:15', NULL, '[]'),
(256, 'DUMMY', 252, '0252', 252, NULL, '2500.0000', '2500.0000', '0.0000', '2500.0000', '2500.0000', '2021-03-30 20:45:32', '2021-03-30 20:45:32', NULL, '[]'),
(257, 'DUMMY', 253, '0253', 253, NULL, '0.0000', '0.0000', '0.0000', '0.0000', '0.0000', '2021-03-30 20:46:07', '2021-03-30 20:46:07', NULL, '[]'),
(258, 'DUMMY', 254, '0254', 254, NULL, '2500.0000', '2500.0000', '0.0000', '2500.0000', '2500.0000', '2021-03-30 20:46:55', '2021-03-30 20:46:55', NULL, '[]'),
(259, 'DUMMY', 255, '0255', 255, NULL, '0.0000', '0.0000', '0.0000', '0.0000', '0.0000', '2021-03-30 20:47:29', '2021-03-30 20:47:29', NULL, '[]'),
(260, 'DUMMY', 256, '0256', 256, NULL, '2000.0000', '2000.0000', '0.0000', '2000.0000', '2000.0000', '2021-03-30 20:48:26', '2021-03-30 20:48:26', NULL, '[]'),
(261, 'DUMMY', 257, '0257', 257, NULL, '2000.0000', '2000.0000', '0.0000', '2000.0000', '2000.0000', '2021-03-30 20:50:24', '2021-03-30 20:51:18', NULL, '[]'),
(262, 'DUMMY', 258, '0258', 258, NULL, '0.0000', '0.0000', '0.0000', '0.0000', '0.0000', '2021-03-30 20:53:28', '2021-03-30 20:53:28', NULL, '[]'),
(263, 'DUMMY', 259, '0259', 259, NULL, '3000.0000', '3000.0000', '0.0000', '3000.0000', '3000.0000', '2021-03-30 20:54:12', '2021-03-30 20:54:12', NULL, '[]'),
(264, 'DUMMY', 260, '0260', 260, NULL, '60000.0000', '60000.0000', '0.0000', '60000.0000', '60000.0000', '2021-03-30 20:54:51', '2021-03-30 20:54:51', NULL, '[]'),
(265, 'DUMMY', 261, '0261', 261, NULL, '0.0000', '0.0000', '0.0000', '0.0000', '0.0000', '2021-03-30 20:55:44', '2021-03-30 20:55:44', NULL, '[]'),
(266, 'DUMMY', 262, '0262', 262, NULL, '0.0000', '0.0000', '0.0000', '0.0000', '0.0000', '2021-03-30 20:56:27', '2021-03-30 20:56:27', NULL, '[]'),
(267, 'DUMMY', 263, '0263', 263, NULL, '0.0000', '0.0000', '0.0000', '0.0000', '0.0000', '2021-03-30 20:56:51', '2021-03-30 20:56:51', NULL, '[]'),
(268, 'DUMMY', 264, '0264', 264, NULL, '0.0000', '0.0000', '0.0000', '0.0000', '0.0000', '2021-03-30 20:57:19', '2021-03-30 20:57:19', NULL, '[]'),
(269, 'DUMMY', 265, '0265', 265, NULL, '16000.0000', '16000.0000', '0.0000', '16000.0000', '16000.0000', '2021-03-30 20:57:45', '2021-03-30 20:57:45', NULL, '[]'),
(270, 'DUMMY', 266, '0266', 266, NULL, '0.0000', '0.0000', '0.0000', '0.0000', '0.0000', '2021-03-30 20:58:31', '2021-03-30 20:58:31', NULL, '[]'),
(271, 'DUMMY', 267, '0267', 267, NULL, '0.0000', '0.0000', '0.0000', '0.0000', '0.0000', '2021-03-30 20:59:19', '2021-03-30 20:59:19', NULL, '[]'),
(272, 'DUMMY', 268, '0268', 268, NULL, '15000.0000', '15000.0000', '0.0000', '15000.0000', '15000.0000', '2021-03-30 21:00:24', '2021-03-30 21:00:24', NULL, '[]'),
(273, 'DUMMY', 269, '0269', 269, NULL, '0.0000', '0.0000', '0.0000', '0.0000', '0.0000', '2021-03-30 21:01:24', '2021-03-30 21:01:24', NULL, '[]'),
(274, 'DUMMY', 270, '0270', 270, NULL, '0.0000', '0.0000', '0.0000', '0.0000', '0.0000', '2021-03-30 21:02:00', '2021-03-30 21:02:00', NULL, '[]'),
(275, 'DUMMY', 271, '0271', 271, NULL, '15000.0000', '15000.0000', '0.0000', '15000.0000', '15000.0000', '2021-03-30 21:02:36', '2021-03-30 21:02:36', NULL, '[]'),
(276, 'DUMMY', 272, '0272', 272, NULL, '0.0000', '0.0000', '0.0000', '0.0000', '0.0000', '2021-03-30 21:03:22', '2021-03-30 21:03:22', NULL, '[]'),
(277, 'DUMMY', 273, '0273', 273, NULL, '16500.0000', '16500.0000', '0.0000', '16500.0000', '16500.0000', '2021-03-30 21:04:33', '2021-03-30 21:04:33', NULL, '[]'),
(278, 'DUMMY', 274, '0274', 274, NULL, '0.0000', '0.0000', '0.0000', '0.0000', '0.0000', '2021-03-30 21:23:23', '2021-03-30 21:23:23', NULL, '[]'),
(279, 'DUMMY', 275, '0275', 275, NULL, '0.0000', '0.0000', '0.0000', '0.0000', '0.0000', '2021-03-30 21:24:59', '2021-03-30 21:24:59', NULL, '[]'),
(280, 'DUMMY', 276, '0276', 276, NULL, '15000.0000', '15000.0000', '0.0000', '15000.0000', '15000.0000', '2021-03-30 21:27:37', '2021-03-30 21:27:37', NULL, '[]'),
(281, 'DUMMY', 277, '0277', 277, NULL, '0.0000', '0.0000', '0.0000', '0.0000', '0.0000', '2021-03-30 21:30:19', '2021-03-30 21:30:19', NULL, '[]'),
(282, 'DUMMY', 278, '0278', 278, NULL, '0.0000', '0.0000', '0.0000', '0.0000', '0.0000', '2021-03-30 21:30:43', '2021-03-30 21:30:43', NULL, '[]'),
(283, 'DUMMY', 279, '0279', 279, NULL, '15000.0000', '15000.0000', '0.0000', '15000.0000', '15000.0000', '2021-03-30 21:31:10', '2021-03-30 21:31:10', NULL, '[]'),
(284, 'DUMMY', 280, '0280', 280, NULL, '0.0000', '0.0000', '0.0000', '0.0000', '0.0000', '2021-03-30 21:39:02', '2021-03-30 21:39:02', NULL, '[]'),
(285, 'DUMMY', 281, '0281', 281, NULL, '0.0000', '0.0000', '0.0000', '0.0000', '0.0000', '2021-03-30 21:39:30', '2021-03-30 21:39:30', NULL, '[]'),
(286, 'DUMMY', 282, '0282', 282, NULL, '15000.0000', '15000.0000', '0.0000', '15000.0000', '15000.0000', '2021-03-30 21:40:25', '2021-03-30 21:40:25', NULL, '[]'),
(287, 'DUMMY', 283, '0283', 283, NULL, '0.0000', '0.0000', '0.0000', '0.0000', '0.0000', '2021-03-30 21:41:09', '2021-03-30 21:41:09', NULL, '[]'),
(288, 'DUMMY', 284, '0284', 284, NULL, '15000.0000', '15000.0000', '0.0000', '15000.0000', '15000.0000', '2021-03-30 21:41:33', '2021-03-30 21:41:33', NULL, '[]'),
(289, 'DUMMY', 285, '0285', 285, NULL, '0.0000', '0.0000', '0.0000', '0.0000', '0.0000', '2021-03-30 21:43:55', '2021-03-30 21:43:55', NULL, '[]'),
(290, 'DUMMY', 286, '0286', 286, NULL, '0.0000', '0.0000', '0.0000', '0.0000', '0.0000', '2021-03-30 21:44:26', '2021-03-30 21:44:26', NULL, '[]'),
(291, 'DUMMY', 287, '0287', 287, NULL, '0.0000', '0.0000', '0.0000', '0.0000', '0.0000', '2021-03-30 21:45:38', '2021-03-30 21:45:38', NULL, '[]'),
(292, 'DUMMY', 288, '0288', 288, NULL, '15000.0000', '15000.0000', '0.0000', '15000.0000', '15000.0000', '2021-03-30 21:46:53', '2021-03-30 21:46:53', NULL, '[]'),
(293, 'DUMMY', 289, '0289', 289, NULL, '0.0000', '0.0000', '0.0000', '0.0000', '0.0000', '2021-03-30 21:47:27', '2021-03-30 21:47:27', NULL, '[]'),
(294, 'DUMMY', 290, '0290', 290, NULL, '15000.0000', '15000.0000', '0.0000', '15000.0000', '15000.0000', '2021-03-30 21:48:05', '2021-03-30 21:48:05', NULL, '[]'),
(295, 'DUMMY', 291, '0291', 291, NULL, '0.0000', '0.0000', '0.0000', '0.0000', '0.0000', '2021-03-30 21:48:54', '2021-03-30 21:48:54', NULL, '[]'),
(296, 'DUMMY', 292, '0292', 292, NULL, '15000.0000', '15000.0000', '0.0000', '15000.0000', '15000.0000', '2021-03-30 21:56:02', '2021-03-30 21:56:02', NULL, '[]'),
(297, 'DUMMY', 293, '0293', 293, NULL, '0.0000', '0.0000', '0.0000', '0.0000', '0.0000', '2021-03-30 21:56:30', '2021-03-30 21:56:30', NULL, '[]'),
(298, 'DUMMY', 294, '0294', 294, NULL, '0.0000', '0.0000', '0.0000', '0.0000', '0.0000', '2021-03-30 21:57:00', '2021-03-30 21:57:00', NULL, '[]'),
(299, 'DUMMY', 295, '0295', 295, NULL, '0.0000', '0.0000', '0.0000', '0.0000', '0.0000', '2021-03-30 21:57:42', '2021-03-30 21:57:42', NULL, '[]'),
(300, 'DUMMY', 296, '0296', 296, NULL, '0.0000', '0.0000', '0.0000', '0.0000', '0.0000', '2021-03-30 21:58:06', '2021-03-30 21:58:06', NULL, '[]'),
(301, 'DUMMY', 297, '0297', 297, NULL, '0.0000', '0.0000', '0.0000', '0.0000', '0.0000', '2021-03-30 21:58:42', '2021-03-30 21:58:42', NULL, '[]'),
(302, 'DUMMY', 298, '0298', 298, NULL, '0.0000', '0.0000', '0.0000', '0.0000', '0.0000', '2021-03-30 22:00:31', '2021-03-30 22:00:31', NULL, '[]'),
(303, 'DUMMY', 299, '0299', 299, NULL, '0.0000', '0.0000', '0.0000', '0.0000', '0.0000', '2021-03-30 22:01:01', '2021-03-30 22:01:01', NULL, '[]'),
(304, 'DUMMY', 300, '0300', 300, NULL, '15000.0000', '15000.0000', '0.0000', '15000.0000', '15000.0000', '2021-03-30 22:01:29', '2021-03-30 22:01:29', NULL, '[]'),
(305, 'DUMMY', 301, '0301', 301, NULL, '0.0000', '0.0000', '0.0000', '0.0000', '0.0000', '2021-03-30 22:02:10', '2021-03-30 22:02:10', NULL, '[]'),
(306, 'DUMMY', 302, '0302', 302, NULL, '0.0000', '0.0000', '0.0000', '0.0000', '0.0000', '2021-03-30 22:02:37', '2021-03-30 22:02:37', NULL, '[]'),
(307, 'DUMMY', 303, '0303', 303, NULL, '0.0000', '0.0000', '0.0000', '0.0000', '0.0000', '2021-03-30 22:04:29', '2021-03-30 22:04:29', NULL, '[]'),
(308, 'DUMMY', 304, '0304', 304, NULL, '10000.0000', '10000.0000', '0.0000', '10000.0000', '10000.0000', '2021-03-30 22:04:56', '2021-03-30 22:04:56', NULL, '[]'),
(310, 'DUMMY', 306, '0306', 306, NULL, '52000.0000', '52000.0000', '25.0000', '65000.0000', '65000.0000', '2021-04-13 16:25:57', '2021-04-13 16:25:57', NULL, '[]'),
(311, 'DUMMY', 307, '0307', 307, NULL, '52000.0000', '52000.0000', '25.0000', '65000.0000', '65000.0000', '2021-04-14 13:34:54', '2021-04-14 13:37:43', NULL, '[]'),
(312, 'DUMMY', 308, '0308', 308, NULL, '52000.0000', '52000.0000', '25.0000', '65000.0000', '65000.0000', '2021-04-14 13:35:35', '2021-04-14 13:38:30', NULL, '[]'),
(313, 'DUMMY', 309, '0309', 309, NULL, '0.0000', '0.0000', '0.0000', '1700000.0000', '1700000.0000', '2021-04-14 14:21:56', '2021-04-14 14:22:59', NULL, '[]'),
(314, 'DUMMY', 310, '0310', 310, NULL, '0.0000', '0.0000', '0.0000', '0.0000', '0.0000', '2021-04-14 14:24:06', '2021-04-14 14:24:06', NULL, '[]'),
(315, 'DUMMY', 311, '0311', 311, NULL, '0.0000', '0.0000', '0.0000', '0.0000', '0.0000', '2021-04-14 14:24:50', '2021-04-14 15:14:41', NULL, '[]'),
(316, 'DUMMY', 312, '0312', 312, NULL, '0.0000', '0.0000', '0.0000', '25000.0000', '25000.0000', '2021-04-14 14:27:28', '2021-04-14 14:27:28', NULL, '[]'),
(317, 'DUMMY', 313, '0313', 313, NULL, '0.0000', '0.0000', '0.0000', '15000.0000', '15000.0000', '2021-04-14 14:28:17', '2021-04-14 14:28:17', NULL, '[]'),
(318, 'DUMMY', 314, '0314', 314, NULL, '0.0000', '0.0000', '0.0000', '25000.0000', '25000.0000', '2021-04-14 14:29:06', '2021-04-14 14:29:06', NULL, '[]'),
(319, 'DUMMY', 315, '0315', 315, NULL, '0.0000', '0.0000', '0.0000', '750000.0000', '750000.0000', '2021-04-14 14:30:23', '2021-04-14 14:30:23', NULL, '[]'),
(320, 'DUMMY', 316, '0316', 316, NULL, '0.0000', '0.0000', '0.0000', '300000.0000', '300000.0000', '2021-04-14 14:31:35', '2021-04-14 14:31:35', NULL, '[]'),
(321, 'DUMMY', 317, '0317', 317, NULL, '0.0000', '0.0000', '0.0000', '180000.0000', '180000.0000', '2021-04-14 14:32:50', '2021-04-14 14:32:50', NULL, '[]'),
(322, 'DUMMY', 318, '0318', 318, NULL, '0.0000', '0.0000', '0.0000', '750000.0000', '750000.0000', '2021-04-14 14:34:30', '2021-04-14 14:45:53', NULL, '[]'),
(323, 'DUMMY', 319, '0319', 319, NULL, '0.0000', '0.0000', '0.0000', '300000.0000', '300000.0000', '2021-04-14 14:44:44', '2021-04-14 14:44:44', NULL, '[]'),
(324, 'DUMMY', 320, '0320', 320, NULL, '0.0000', '0.0000', '0.0000', '1950000.0000', '1950000.0000', '2021-04-14 14:49:55', '2021-04-15 10:43:12', NULL, '[]'),
(325, 'DUMMY', 321, '0321', 321, NULL, '0.0000', '0.0000', '0.0000', '2150000.0000', '2150000.0000', '2021-04-14 14:50:53', '2021-04-15 10:42:47', NULL, '[]'),
(326, 'DUMMY', 322, '0322', 322, NULL, '0.0000', '0.0000', '0.0000', '1350000.0000', '1350000.0000', '2021-04-14 14:51:48', '2021-04-15 10:44:05', NULL, '[]'),
(327, 'DUMMY', 323, '0323', 323, NULL, '0.0000', '0.0000', '0.0000', '235000.0000', '235000.0000', '2021-04-14 14:52:26', '2021-04-14 14:52:26', NULL, '[]'),
(328, 'DUMMY', 324, '0324', 324, NULL, '0.0000', '0.0000', '0.0000', '190000.0000', '190000.0000', '2021-04-14 14:52:54', '2021-04-14 14:52:54', NULL, '[]'),
(329, 'DUMMY', 325, '0325', 325, NULL, '0.0000', '0.0000', '0.0000', '20000.0000', '20000.0000', '2021-04-14 14:53:36', '2021-04-14 14:53:36', NULL, '[]'),
(330, 'DUMMY', 326, '0326', 326, NULL, '0.0000', '0.0000', '0.0000', '75000.0000', '75000.0000', '2021-04-14 14:54:44', '2021-04-14 14:54:44', NULL, '[]'),
(331, 'DUMMY', 327, '0327', 327, NULL, '150000.0000', '150000.0000', '120.0000', '330000.0000', '330000.0000', '2021-04-14 14:55:21', '2021-04-17 11:04:32', NULL, '[]'),
(332, 'DUMMY', 328, '0328', 328, NULL, '0.0000', '0.0000', '0.0000', '35000.0000', '35000.0000', '2021-04-14 14:57:03', '2021-04-14 14:57:03', NULL, '[]'),
(333, 'DUMMY', 329, '0329', 329, NULL, '0.0000', '0.0000', '0.0000', '35000.0000', '35000.0000', '2021-04-14 14:57:49', '2021-04-14 14:57:49', NULL, '[]'),
(334, 'DUMMY', 330, '0330', 330, NULL, '0.0000', '0.0000', '0.0000', '35000.0000', '35000.0000', '2021-04-14 14:58:24', '2021-04-14 14:58:24', NULL, '[]'),
(335, 'DUMMY', 331, '0331', 331, NULL, '0.0000', '0.0000', '0.0000', '30000.0000', '30000.0000', '2021-04-14 14:59:55', '2021-04-14 14:59:55', NULL, '[]'),
(336, 'DUMMY', 332, '0332', 332, NULL, '0.0000', '0.0000', '0.0000', '35000.0000', '35000.0000', '2021-04-14 15:00:22', '2021-04-14 15:00:22', NULL, '[]'),
(337, 'DUMMY', 333, '0333', 333, NULL, '0.0000', '0.0000', '0.0000', '45000.0000', '45000.0000', '2021-04-14 15:01:04', '2021-04-14 15:01:04', NULL, '[]'),
(338, 'DUMMY', 334, '0334', 334, NULL, '0.0000', '0.0000', '0.0000', '45000.0000', '45000.0000', '2021-04-14 15:02:20', '2021-04-14 15:02:20', NULL, '[]'),
(339, 'DUMMY', 335, '0335', 335, NULL, '0.0000', '0.0000', '0.0000', '55000.0000', '55000.0000', '2021-04-14 15:03:23', '2021-04-14 15:03:23', NULL, '[]'),
(340, 'DUMMY', 336, '0336', 336, NULL, '0.0000', '0.0000', '0.0000', '45000.0000', '45000.0000', '2021-04-14 15:03:53', '2021-04-14 15:03:53', NULL, '[]');
INSERT INTO `variations` (`id`, `name`, `product_id`, `sub_sku`, `product_variation_id`, `variation_value_id`, `default_purchase_price`, `dpp_inc_tax`, `profit_percent`, `default_sell_price`, `sell_price_inc_tax`, `created_at`, `updated_at`, `deleted_at`, `combo_variations`) VALUES
(341, 'DUMMY', 337, '0337', 337, NULL, '0.0000', '0.0000', '0.0000', '35000.0000', '35000.0000', '2021-04-14 15:04:23', '2021-04-14 15:04:23', NULL, '[]'),
(342, 'DUMMY', 338, '0338', 338, NULL, '0.0000', '0.0000', '0.0000', '160000.0000', '160000.0000', '2021-04-14 15:05:48', '2021-04-14 15:05:48', NULL, '[]'),
(343, 'DUMMY', 339, '0339', 339, NULL, '0.0000', '0.0000', '0.0000', '90000.0000', '90000.0000', '2021-04-14 15:06:29', '2021-04-14 15:06:29', NULL, '[]'),
(344, 'DUMMY', 340, '0340', 340, NULL, '0.0000', '0.0000', '0.0000', '180000.0000', '180000.0000', '2021-04-14 15:07:10', '2021-04-14 15:07:10', NULL, '[]'),
(345, 'DUMMY', 341, '0341', 341, NULL, '0.0000', '0.0000', '0.0000', '35000.0000', '35000.0000', '2021-04-14 15:07:59', '2021-04-14 15:07:59', NULL, '[]'),
(346, 'DUMMY', 342, '0342', 342, NULL, '0.0000', '0.0000', '0.0000', '45000.0000', '45000.0000', '2021-04-14 15:08:30', '2021-04-14 15:08:30', NULL, '[]'),
(347, 'DUMMY', 343, '0343', 343, NULL, '0.0000', '0.0000', '0.0000', '35000.0000', '35000.0000', '2021-04-14 15:09:03', '2021-04-14 15:09:03', NULL, '[]'),
(348, 'DUMMY', 344, '0344', 344, NULL, '0.0000', '0.0000', '0.0000', '10000.0000', '10000.0000', '2021-04-15 09:20:10', '2021-04-15 09:20:10', NULL, '[]'),
(349, 'DUMMY', 345, '0345', 345, NULL, '0.0000', '0.0000', '0.0000', '5000.0000', '5000.0000', '2021-04-15 09:20:37', '2021-04-15 09:20:37', NULL, '[]'),
(350, 'DUMMY', 346, '0346', 346, NULL, '0.0000', '0.0000', '0.0000', '7000.0000', '7000.0000', '2021-04-15 09:21:05', '2021-04-15 09:21:05', NULL, '[]'),
(351, 'DUMMY', 347, '0347', 347, NULL, '0.0000', '0.0000', '0.0000', '1200000.0000', '1200000.0000', '2021-04-15 09:22:11', '2021-04-15 09:22:11', NULL, '[]'),
(352, 'DUMMY', 348, '0348', 348, NULL, '0.0000', '0.0000', '0.0000', '30000.0000', '30000.0000', '2021-04-15 09:23:22', '2021-04-15 09:23:22', NULL, '[]'),
(353, 'DUMMY', 349, '0349', 349, NULL, '0.0000', '0.0000', '0.0000', '45000.0000', '45000.0000', '2021-04-15 09:23:41', '2021-04-15 09:23:41', NULL, '[]'),
(354, 'DUMMY', 350, '0350', 350, NULL, '0.0000', '0.0000', '0.0000', '45000.0000', '45000.0000', '2021-04-15 09:24:05', '2021-04-15 09:24:05', NULL, '[]'),
(355, 'DUMMY', 351, '0351', 351, NULL, '0.0000', '0.0000', '0.0000', '45000.0000', '45000.0000', '2021-04-15 09:25:57', '2021-04-15 09:25:57', NULL, '[]'),
(356, 'DUMMY', 352, '0352', 352, NULL, '0.0000', '0.0000', '0.0000', '75000.0000', '75000.0000', '2021-04-15 09:27:00', '2021-04-15 09:27:00', NULL, '[]'),
(357, 'DUMMY', 353, '0353', 353, NULL, '0.0000', '0.0000', '0.0000', '150000.0000', '150000.0000', '2021-04-15 09:27:35', '2021-04-15 09:27:35', NULL, '[]'),
(358, 'DUMMY', 354, '0354', 354, NULL, '0.0000', '0.0000', '0.0000', '650000.0000', '650000.0000', '2021-04-15 09:28:39', '2021-04-15 09:28:39', NULL, '[]'),
(359, 'DUMMY', 355, '0355', 355, NULL, '0.0000', '0.0000', '0.0000', '10000.0000', '10000.0000', '2021-04-15 09:29:43', '2021-04-15 09:29:43', NULL, '[]'),
(360, 'DUMMY', 356, '0356', 356, NULL, '0.0000', '0.0000', '0.0000', '40000.0000', '40000.0000', '2021-04-15 09:32:09', '2021-04-15 09:32:09', NULL, '[]'),
(361, 'DUMMY', 357, '0357', 357, NULL, '0.0000', '0.0000', '0.0000', '60000.0000', '60000.0000', '2021-04-15 09:33:00', '2021-04-15 09:33:00', NULL, '[]'),
(362, 'DUMMY', 358, '0358', 358, NULL, '0.0000', '0.0000', '0.0000', '120000.0000', '120000.0000', '2021-04-15 09:34:18', '2021-04-15 09:34:18', NULL, '[]'),
(363, 'DUMMY', 359, '0359', 359, NULL, '0.0000', '0.0000', '0.0000', '180000.0000', '180000.0000', '2021-04-15 09:35:01', '2021-04-15 09:35:01', NULL, '[]'),
(364, 'DUMMY', 360, '0360', 360, NULL, '0.0000', '0.0000', '0.0000', '240000.0000', '240000.0000', '2021-04-15 09:35:54', '2021-04-15 09:35:54', NULL, '[]'),
(365, 'DUMMY', 361, '0361', 361, NULL, '0.0000', '0.0000', '0.0000', '300000.0000', '300000.0000', '2021-04-15 09:37:05', '2021-04-15 09:37:05', NULL, '[]'),
(366, 'DUMMY', 362, '0362', 362, NULL, '0.0000', '0.0000', '0.0000', '360000.0000', '360000.0000', '2021-04-15 09:38:11', '2021-04-15 09:38:11', NULL, '[]'),
(367, 'DUMMY', 363, '0363', 363, NULL, '0.0000', '0.0000', '0.0000', '480000.0000', '480000.0000', '2021-04-15 09:39:33', '2021-04-15 09:39:33', NULL, '[]'),
(368, 'DUMMY', 364, '0364', 364, NULL, '0.0000', '0.0000', '0.0000', '600000.0000', '600000.0000', '2021-04-15 09:40:29', '2021-04-15 09:40:29', NULL, '[]'),
(369, 'DUMMY', 365, '0365', 365, NULL, '0.0000', '0.0000', '0.0000', '280000.0000', '280000.0000', '2021-04-15 09:41:53', '2021-04-15 09:41:53', NULL, '[]'),
(370, 'DUMMY', 366, '0366', 366, NULL, '0.0000', '0.0000', '0.0000', '135000.0000', '135000.0000', '2021-04-15 09:43:45', '2021-04-15 09:43:45', NULL, '[]'),
(371, 'DUMMY', 367, '0367', 367, NULL, '0.0000', '0.0000', '0.0000', '20000.0000', '20000.0000', '2021-04-15 09:44:55', '2021-04-15 09:44:55', NULL, '[]'),
(372, 'DUMMY', 368, '0368', 368, NULL, '0.0000', '0.0000', '0.0000', '15000.0000', '15000.0000', '2021-04-15 09:45:36', '2021-04-15 09:45:36', NULL, '[]'),
(373, 'DUMMY', 369, '0369', 369, NULL, '0.0000', '0.0000', '0.0000', '40000.0000', '40000.0000', '2021-04-15 09:46:16', '2021-04-15 09:46:16', NULL, '[]'),
(374, 'DUMMY', 370, '0370', 370, NULL, '0.0000', '0.0000', '0.0000', '20000.0000', '20000.0000', '2021-04-15 09:46:51', '2021-04-15 09:46:51', NULL, '[]'),
(375, 'DUMMY', 371, '0371', 371, NULL, '0.0000', '0.0000', '0.0000', '60000.0000', '60000.0000', '2021-04-15 09:47:17', '2021-04-15 09:47:17', NULL, '[]'),
(376, 'DUMMY', 372, '0372', 372, NULL, '0.0000', '0.0000', '0.0000', '65000.0000', '65000.0000', '2021-04-15 09:48:12', '2021-04-15 09:48:12', NULL, '[]'),
(377, 'DUMMY', 373, '0373', 373, NULL, '0.0000', '0.0000', '0.0000', '65000.0000', '65000.0000', '2021-04-15 09:48:52', '2021-04-15 09:48:52', NULL, '[]'),
(378, 'DUMMY', 374, '0374', 374, NULL, '0.0000', '0.0000', '0.0000', '45000.0000', '45000.0000', '2021-04-15 09:49:45', '2021-04-15 09:49:45', NULL, '[]'),
(379, 'DUMMY', 375, '0375', 375, NULL, '0.0000', '0.0000', '0.0000', '15000.0000', '15000.0000', '2021-04-15 09:50:58', '2021-04-15 09:50:58', NULL, '[]'),
(380, 'DUMMY', 376, '0376', 376, NULL, '0.0000', '0.0000', '0.0000', '10000.0000', '10000.0000', '2021-04-15 09:51:28', '2021-04-15 09:51:28', NULL, '[]'),
(381, 'DUMMY', 377, '0377', 377, NULL, '0.0000', '0.0000', '0.0000', '45000.0000', '45000.0000', '2021-04-15 09:52:45', '2021-04-15 09:52:45', NULL, '[]'),
(382, 'DUMMY', 378, '0378', 378, NULL, '0.0000', '0.0000', '0.0000', '15000.0000', '15000.0000', '2021-04-15 09:53:35', '2021-04-15 09:53:35', NULL, '[]'),
(383, 'DUMMY', 379, '0379', 379, NULL, '0.0000', '0.0000', '0.0000', '60000.0000', '60000.0000', '2021-04-15 09:54:11', '2021-04-15 09:54:11', NULL, '[]'),
(384, 'DUMMY', 380, '0380', 380, NULL, '0.0000', '0.0000', '0.0000', '75000.0000', '75000.0000', '2021-04-15 09:54:35', '2021-04-15 09:54:35', NULL, '[]'),
(385, 'DUMMY', 381, '0381', 381, NULL, '0.0000', '0.0000', '0.0000', '75000.0000', '75000.0000', '2021-04-15 09:55:25', '2021-04-15 09:55:25', NULL, '[]'),
(386, 'DUMMY', 382, '0382', 382, NULL, '0.0000', '0.0000', '0.0000', '10000.0000', '10000.0000', '2021-04-15 09:57:11', '2021-04-15 09:57:11', NULL, '[]'),
(387, 'DUMMY', 383, '0383', 383, NULL, '0.0000', '0.0000', '0.0000', '225000.0000', '225000.0000', '2021-04-15 09:59:22', '2021-04-15 09:59:22', NULL, '[]'),
(388, 'DUMMY', 384, '0384', 384, NULL, '0.0000', '0.0000', '0.0000', '300000.0000', '300000.0000', '2021-04-15 09:59:59', '2021-04-15 09:59:59', NULL, '[]'),
(389, 'DUMMY', 385, '0385', 385, NULL, '0.0000', '0.0000', '0.0000', '450000.0000', '450000.0000', '2021-04-15 10:00:55', '2021-04-15 10:00:55', NULL, '[]'),
(390, 'DUMMY', 386, '0386', 386, NULL, '0.0000', '0.0000', '0.0000', '15000.0000', '15000.0000', '2021-04-15 10:03:10', '2021-04-15 10:03:10', NULL, '[]'),
(391, 'DUMMY', 387, '0387', 387, NULL, '0.0000', '0.0000', '0.0000', '350000.0000', '350000.0000', '2021-04-15 10:11:03', '2021-04-15 10:11:03', NULL, '[]'),
(392, 'DUMMY', 388, '0388', 388, NULL, '0.0000', '0.0000', '0.0000', '35000.0000', '35000.0000', '2021-04-15 10:11:43', '2021-04-15 10:11:43', NULL, '[]'),
(393, 'DUMMY', 389, '0389', 389, NULL, '0.0000', '0.0000', '0.0000', '20000.0000', '20000.0000', '2021-04-15 10:12:26', '2021-04-15 10:12:26', NULL, '[]'),
(394, 'DUMMY', 390, '0390', 390, NULL, '0.0000', '0.0000', '0.0000', '25000.0000', '25000.0000', '2021-04-15 10:13:05', '2021-04-15 10:13:05', NULL, '[]'),
(395, 'DUMMY', 391, '0391', 391, NULL, '0.0000', '0.0000', '0.0000', '300000.0000', '300000.0000', '2021-04-15 10:13:54', '2021-04-15 10:13:54', NULL, '[]'),
(396, 'DUMMY', 392, '0392', 392, NULL, '0.0000', '0.0000', '0.0000', '5000.0000', '5000.0000', '2021-04-15 10:14:51', '2021-04-15 10:14:51', NULL, '[]'),
(397, 'DUMMY', 393, '0393', 393, NULL, '0.0000', '0.0000', '0.0000', '10000.0000', '10000.0000', '2021-04-15 10:15:25', '2021-04-15 10:15:25', NULL, '[]'),
(398, 'DUMMY', 394, '0394', 394, NULL, '0.0000', '0.0000', '0.0000', '20000.0000', '20000.0000', '2021-04-15 10:16:13', '2021-04-15 10:16:13', NULL, '[]'),
(399, 'DUMMY', 395, '0395', 395, NULL, '0.0000', '0.0000', '0.0000', '55000.0000', '55000.0000', '2021-04-15 10:16:52', '2021-04-15 10:16:52', NULL, '[]'),
(400, 'DUMMY', 396, '0396', 396, NULL, '0.0000', '0.0000', '0.0000', '30000.0000', '30000.0000', '2021-04-15 10:17:47', '2021-04-15 10:17:47', NULL, '[]'),
(401, 'DUMMY', 397, '0397', 397, NULL, '0.0000', '0.0000', '0.0000', '25000.0000', '25000.0000', '2021-04-15 10:18:34', '2021-04-15 10:18:34', NULL, '[]'),
(402, 'DUMMY', 398, '0398', 398, NULL, '0.0000', '0.0000', '0.0000', '10000.0000', '10000.0000', '2021-04-15 10:19:40', '2021-04-15 10:19:40', NULL, '[]'),
(403, 'DUMMY', 399, '0399', 399, NULL, '0.0000', '0.0000', '0.0000', '10000.0000', '10000.0000', '2021-04-15 10:20:24', '2021-04-15 10:20:24', NULL, '[]'),
(404, 'DUMMY', 400, '0400', 400, NULL, '0.0000', '0.0000', '0.0000', '10000.0000', '10000.0000', '2021-04-15 10:20:58', '2021-04-15 10:20:58', NULL, '[]'),
(405, 'DUMMY', 401, '0401', 401, NULL, '0.0000', '0.0000', '0.0000', '35000.0000', '35000.0000', '2021-04-15 10:22:10', '2021-04-15 10:22:10', NULL, '[]'),
(406, 'DUMMY', 402, '0402', 402, NULL, '0.0000', '0.0000', '0.0000', '45000.0000', '45000.0000', '2021-04-15 10:22:46', '2021-04-15 10:22:46', NULL, '[]'),
(407, 'DUMMY', 403, '0403', 403, NULL, '0.0000', '0.0000', '0.0000', '45000.0000', '45000.0000', '2021-04-15 10:23:32', '2021-04-15 10:23:32', NULL, '[]'),
(408, 'DUMMY', 404, '0404', 404, NULL, '0.0000', '0.0000', '0.0000', '45000.0000', '45000.0000', '2021-04-15 10:24:03', '2021-04-15 10:24:03', NULL, '[]'),
(409, 'DUMMY', 405, '0405', 405, NULL, '0.0000', '0.0000', '0.0000', '65000.0000', '65000.0000', '2021-04-15 10:25:12', '2021-04-15 10:25:12', NULL, '[]'),
(410, 'DUMMY', 406, '0406', 406, NULL, '0.0000', '0.0000', '0.0000', '60000.0000', '60000.0000', '2021-04-15 10:26:14', '2021-04-15 10:26:14', NULL, '[]'),
(411, 'DUMMY', 407, '0407', 407, NULL, '0.0000', '0.0000', '0.0000', '100000.0000', '100000.0000', '2021-04-15 10:26:42', '2021-04-15 10:26:42', NULL, '[]'),
(412, 'DUMMY', 408, '0408', 408, NULL, '0.0000', '0.0000', '0.0000', '200000.0000', '200000.0000', '2021-04-15 10:27:06', '2021-04-15 10:27:06', NULL, '[]'),
(413, 'DUMMY', 409, '0409', 409, NULL, '0.0000', '0.0000', '0.0000', '45000.0000', '45000.0000', '2021-04-15 10:27:51', '2021-04-15 10:27:51', NULL, '[]'),
(414, 'DUMMY', 410, '0410', 410, NULL, '0.0000', '0.0000', '0.0000', '850000.0000', '850000.0000', '2021-04-15 10:28:34', '2021-04-15 10:28:34', NULL, '[]'),
(415, 'DUMMY', 411, '0411', 411, NULL, '0.0000', '0.0000', '0.0000', '120000.0000', '120000.0000', '2021-04-15 10:29:08', '2021-04-15 10:29:08', NULL, '[]'),
(416, 'DUMMY', 412, '0412', 412, NULL, '0.0000', '0.0000', '0.0000', '110000.0000', '110000.0000', '2021-04-15 10:29:38', '2021-04-15 10:29:38', NULL, '[]'),
(417, 'DUMMY', 413, '0413', 413, NULL, '0.0000', '0.0000', '0.0000', '10000.0000', '10000.0000', '2021-04-20 13:57:19', '2021-04-20 13:57:19', NULL, '[]'),
(418, 'DUMMY', 414, '0414', 414, NULL, '0.0000', '0.0000', '0.0000', '350000.0000', '350000.0000', '2021-04-24 11:18:41', '2021-04-24 11:18:41', NULL, '[]'),
(419, 'DUMMY', 415, '0415', 415, NULL, '0.0000', '0.0000', '0.0000', '90000.0000', '90000.0000', '2021-04-24 11:19:30', '2021-04-24 11:19:30', NULL, '[]'),
(420, 'DUMMY', 416, '0416', 416, NULL, '0.0000', '0.0000', '0.0000', '350000.0000', '350000.0000', '2021-04-24 13:49:55', '2021-04-24 13:49:55', NULL, '[]'),
(421, 'DUMMY', 417, '0417', 417, NULL, '0.0000', '0.0000', '0.0000', '240000.0000', '240000.0000', '2021-04-24 13:51:52', '2021-04-24 13:51:52', NULL, '[]'),
(422, 'DUMMY', 418, '0418', 418, NULL, '0.0000', '0.0000', '0.0000', '55000.0000', '55000.0000', '2021-04-24 13:52:44', '2021-04-24 13:52:44', NULL, '[]'),
(423, 'DUMMY', 419, 'DEV0002', 419, NULL, '27000000.0000', '27000000.0000', '0.0000', '27000000.0000', '27000000.0000', '2021-05-01 12:57:15', '2021-05-01 12:57:15', NULL, '[]'),
(424, 'DUMMY', 420, '202010508139', 420, NULL, '3000000.0000', '3000000.0000', '0.0000', '3000000.0000', '3000000.0000', '2021-05-08 13:42:00', '2021-05-08 13:42:00', NULL, '[]'),
(425, 'DUMMY', 421, '100001', 421, NULL, '1000.0000', '1000.0000', '0.0000', '1000.0000', '1000.0000', '2021-06-21 14:33:55', '2021-06-21 14:37:08', NULL, '[]'),
(426, 'DUMMY', 422, '100001001', 422, NULL, '10000.0000', '10000.0000', '60.0000', '16000.0000', '16000.0000', '2021-07-14 21:09:13', '2021-07-14 21:09:13', NULL, '[]'),
(427, 'DUMMY', 423, 'PRM0423', 423, NULL, '1500.0000', '1770.0000', '20.0000', '1800.0000', '2124.0000', '2022-02-18 07:31:33', '2022-03-08 10:43:23', NULL, '[]'),
(428, 'DUMMY', 424, '26ETGAAJ12', 424, NULL, '9300.0000', '10974.0000', '25.0000', '11625.0000', '13717.5000', '2022-02-19 14:30:27', '2022-02-19 14:39:16', NULL, '[]');

-- --------------------------------------------------------

--
-- Table structure for table `variation_group_prices`
--

CREATE TABLE `variation_group_prices` (
  `id` int(10) UNSIGNED NOT NULL,
  `variation_id` int(10) UNSIGNED NOT NULL,
  `price_group_id` int(10) UNSIGNED NOT NULL,
  `price_inc_tax` decimal(22,4) NOT NULL,
  `created_at` timestamp NULL DEFAULT NULL,
  `updated_at` timestamp NULL DEFAULT NULL
) ENGINE=InnoDB DEFAULT CHARSET=utf8mb4 COLLATE=utf8mb4_unicode_ci;

-- --------------------------------------------------------

--
-- Table structure for table `variation_location_details`
--

CREATE TABLE `variation_location_details` (
  `id` int(10) UNSIGNED NOT NULL,
  `product_id` int(10) UNSIGNED NOT NULL,
  `product_variation_id` int(10) UNSIGNED NOT NULL COMMENT 'id from product_variations table',
  `variation_id` int(10) UNSIGNED NOT NULL,
  `location_id` int(10) UNSIGNED NOT NULL,
  `qty_available` decimal(22,4) NOT NULL DEFAULT '0.0000',
  `created_at` timestamp NULL DEFAULT NULL,
  `updated_at` timestamp NULL DEFAULT NULL
) ENGINE=InnoDB DEFAULT CHARSET=utf8mb4 COLLATE=utf8mb4_unicode_ci;

--
-- Dumping data for table `variation_location_details`
--

INSERT INTO `variation_location_details` (`id`, `product_id`, `product_variation_id`, `variation_id`, `location_id`, `qty_available`, `created_at`, `updated_at`) VALUES
(1, 1, 1, 1, 2, '190.0000', '2020-03-27 23:40:26', '2021-01-29 22:00:05'),
(2, 2, 2, 2, 2, '2.0000', '2020-03-27 23:50:14', '2021-01-29 21:48:27'),
(3, 4, 4, 4, 5, '928.0000', '2020-03-30 00:22:11', '2020-04-17 00:58:08'),
(4, 3, 3, 3, 5, '9998.0000', '2020-03-30 00:23:14', '2020-04-02 06:58:49'),
(5, 5, 5, 5, 5, '464.0000', '2020-03-30 00:24:33', '2020-04-02 06:58:49'),
(6, 6, 6, 6, 5, '7998.0000', '2020-03-30 00:25:43', '2020-04-02 06:58:49'),
(7, 7, 7, 7, 5, '10000.0000', '2020-03-30 00:27:00', '2020-03-30 00:27:00'),
(8, 8, 8, 8, 5, '100000.0000', '2020-03-30 00:28:24', '2020-03-30 00:28:24'),
(9, 9, 9, 9, 5, '645.0000', '2020-03-30 00:29:41', '2020-04-17 00:58:08'),
(10, 10, 10, 10, 5, '82.0000', '2020-03-30 00:31:52', '2020-04-17 00:59:02'),
(11, 11, 11, 11, 5, '973.0000', '2020-03-30 00:33:14', '2020-04-17 00:59:02'),
(12, 12, 12, 12, 5, '4950.0000', '2020-03-30 00:34:57', '2020-04-02 06:58:49'),
(13, 13, 13, 13, 5, '4998.0000', '2020-03-30 00:36:23', '2020-04-02 06:58:49'),
(14, 14, 14, 14, 5, '7923.0000', '2020-03-30 00:38:38', '2020-04-17 00:59:02'),
(15, 15, 15, 15, 5, '11967.0000', '2020-03-30 00:40:47', '2020-04-17 00:58:08'),
(16, 16, 16, 16, 5, '14995.0000', '2020-03-30 00:46:06', '2020-04-17 00:58:08'),
(17, 17, 17, 17, 5, '4948.0000', '2020-03-30 00:47:44', '2020-04-17 00:59:02'),
(19, 20, 20, 20, 5, '999999.0000', '2020-04-17 01:13:10', '2020-04-17 01:36:11'),
(20, 21, 21, 21, 5, '999947.0000', '2020-04-17 01:39:11', '2020-04-17 01:40:17'),
(27, 31, 31, 31, 1, '45000.0000', '2021-01-20 12:36:51', '2021-01-20 17:28:16'),
(28, 32, 32, 32, 1, '29632.0000', '2021-01-20 12:41:55', '2021-01-21 13:18:46'),
(29, 33, 33, 33, 1, '1000.0000', '2021-01-20 13:26:09', '2022-01-12 18:23:29'),
(30, 34, 34, 34, 1, '48500.0000', '2021-01-20 13:27:53', '2021-01-20 17:28:16'),
(31, 35, 35, 35, 1, '48500.0000', '2021-01-20 13:29:22', '2021-01-20 17:28:16'),
(32, 36, 36, 36, 1, '150.0000', '2021-01-20 13:32:01', '2021-01-20 17:28:16'),
(33, 37, 37, 37, 1, '152.0000', '2021-01-20 13:48:04', '2022-01-30 19:24:10'),
(34, 38, 38, 38, 1, '133340.0000', '2021-01-20 13:58:05', '2021-01-21 12:57:33'),
(35, 39, 39, 39, 1, '47590.0000', '2021-01-20 14:01:20', '2021-01-21 13:18:46'),
(36, 40, 40, 40, 1, '36660.0000', '2021-01-20 14:04:36', '2021-01-21 13:18:46'),
(37, 41, 41, 41, 1, '1104.0000', '2021-01-20 14:11:29', '2022-02-10 18:53:46'),
(38, 43, 43, 43, 1, '98000.0000', '2021-01-20 20:28:26', '2021-01-21 13:18:46'),
(39, 46, 46, 46, 1, '19750.0000', '2021-01-21 12:36:35', '2021-01-21 13:18:46'),
(40, 45, 45, 45, 1, '20000.0000', '2021-01-21 12:40:26', '2021-01-21 13:18:46'),
(41, 44, 44, 44, 1, '99.0000', '2021-01-21 13:18:46', '2022-02-18 07:10:57'),
(42, 172, 172, 172, 10, '68.0000', '2021-01-30 21:03:04', '2021-03-24 18:54:42'),
(43, 53, 53, 53, 10, '996995.0000', '2021-01-30 21:20:12', '2021-03-03 14:55:30'),
(44, 48, 48, 48, 10, '97037.0000', '2021-01-30 21:22:02', '2021-03-03 14:55:30'),
(45, 82, 82, 82, 10, '680.0000', '2021-01-30 21:23:25', '2021-03-03 14:55:30'),
(46, 173, 173, 173, 10, '0.0000', '2021-01-30 21:27:10', '2021-03-15 11:34:48'),
(48, 175, 175, 175, 10, '6.0000', '2021-02-06 03:27:58', '2021-02-06 03:27:58'),
(49, 175, 175, 176, 10, '7.0000', '2021-02-06 03:27:58', '2021-02-06 03:27:58'),
(50, 175, 175, 177, 10, '10.0000', '2021-02-06 03:27:58', '2021-02-06 03:27:58'),
(51, 189, 189, 191, 12, '100.0000', '2021-02-25 10:57:04', '2021-02-25 11:09:13'),
(52, 181, 181, 183, 10, '99980.0000', '2021-02-25 14:50:16', '2021-02-25 14:55:57'),
(53, 184, 184, 186, 10, '100000.0000', '2021-02-25 14:50:16', '2021-02-25 14:50:16'),
(54, 180, 180, 182, 10, '44.0000', '2021-02-25 14:55:57', '2021-03-24 18:54:42'),
(55, 148, 148, 148, 10, '49.0000', '2021-02-26 15:42:15', '2021-02-26 15:42:51'),
(56, 186, 186, 188, 10, '0.0000', '2021-03-03 08:19:09', '2021-03-24 18:01:50'),
(57, 311, 311, 315, 17, '7.0000', '2021-04-14 15:13:18', '2021-04-14 15:13:18'),
(58, 319, 319, 323, 17, '1.0000', '2021-04-14 15:16:57', '2021-04-14 15:24:28'),
(59, 312, 312, 316, 17, '130.0000', '2021-04-15 10:47:51', '2021-04-22 10:02:53'),
(60, 327, 327, 331, 17, '87.0000', '2021-04-17 11:04:32', '2021-04-24 14:08:11'),
(61, 323, 323, 327, 17, '55.0000', '2021-04-20 14:00:15', '2021-04-20 14:00:15'),
(62, 321, 321, 325, 17, '10.0000', '2021-04-20 14:00:58', '2021-04-20 14:00:58'),
(63, 320, 320, 324, 17, '14.0000', '2021-04-20 14:01:18', '2021-04-20 14:01:18'),
(64, 322, 322, 326, 17, '1.0000', '2021-04-20 14:01:46', '2021-04-20 14:01:46'),
(65, 315, 315, 319, 17, '35.0000', '2021-04-20 14:02:22', '2021-04-20 14:02:22'),
(66, 309, 309, 313, 17, '16.0000', '2021-04-20 14:03:17', '2021-04-20 14:03:17'),
(67, 310, 310, 314, 17, '6.0000', '2021-04-20 14:03:27', '2021-04-20 14:03:27'),
(68, 324, 324, 328, 17, '21.0000', '2021-04-20 14:04:02', '2021-04-20 14:04:02'),
(69, 358, 358, 362, 17, '8.0000', '2021-04-20 14:04:51', '2021-04-20 14:04:51'),
(70, 314, 314, 318, 17, '173.0000', '2021-04-20 14:07:49', '2021-04-20 14:07:49'),
(71, 306, 306, 310, 17, '40.0000', '2021-04-20 14:08:42', '2021-04-20 14:08:42'),
(72, 307, 307, 311, 17, '48.0000', '2021-04-20 14:09:05', '2021-04-20 14:09:05'),
(73, 308, 308, 312, 17, '43.0000', '2021-04-20 14:09:20', '2021-04-20 14:09:20'),
(74, 413, 413, 417, 17, '168.0000', '2021-04-20 14:09:54', '2021-04-20 14:09:54'),
(75, 344, 344, 348, 17, '70.0000', '2021-04-20 14:10:25', '2021-04-20 14:10:25'),
(76, 347, 347, 351, 17, '2.0000', '2021-04-20 14:53:36', '2021-04-20 14:53:36'),
(77, 365, 365, 369, 17, '2.0000', '2021-04-21 15:05:59', '2021-04-21 15:05:59'),
(78, 330, 330, 334, 17, '21.0000', '2021-04-24 11:15:34', '2021-04-24 11:15:34'),
(79, 334, 334, 338, 17, '50.0000', '2021-04-24 11:15:57', '2021-04-24 11:15:57'),
(80, 377, 377, 381, 17, '10.0000', '2021-04-24 11:16:44', '2021-04-24 11:16:44'),
(81, 339, 339, 343, 17, '22.0000', '2021-04-24 11:17:14', '2021-04-24 13:55:43'),
(82, 415, 415, 419, 17, '10.0000', '2021-04-24 11:19:38', '2021-04-24 11:19:38'),
(83, 414, 414, 418, 17, '6.0000', '2021-04-24 11:20:10', '2021-04-24 11:20:10'),
(84, 372, 372, 376, 17, '4.0000', '2021-04-24 11:20:31', '2021-04-24 11:20:31'),
(85, 373, 373, 377, 17, '4.0000', '2021-04-24 11:20:44', '2021-04-24 11:20:44'),
(86, 329, 329, 333, 17, '145.0000', '2021-04-24 13:38:38', '2021-04-24 13:38:38'),
(87, 378, 378, 382, 17, '116.0000', '2021-04-24 13:39:14', '2021-04-24 13:39:14'),
(88, 328, 328, 332, 17, '77.0000', '2021-04-24 13:39:38', '2021-04-24 13:39:38'),
(89, 352, 352, 356, 17, '8.0000', '2021-04-24 13:40:06', '2021-04-24 13:40:06'),
(90, 362, 362, 366, 17, '3.0000', '2021-04-24 13:40:28', '2021-04-24 13:40:28'),
(91, 350, 350, 354, 17, '80.0000', '2021-04-24 13:40:54', '2021-04-24 13:40:54'),
(92, 380, 380, 384, 17, '1.0000', '2021-04-24 13:41:15', '2021-04-24 13:41:15'),
(93, 379, 379, 383, 17, '8.0000', '2021-04-24 13:41:31', '2021-04-24 13:41:31'),
(94, 341, 341, 345, 17, '144.0000', '2021-04-24 13:42:04', '2021-04-24 13:42:04'),
(95, 369, 369, 373, 17, '5.0000', '2021-04-24 13:42:27', '2021-04-24 13:42:27'),
(96, 395, 395, 399, 17, '5.0000', '2021-04-24 13:42:50', '2021-04-24 13:42:50'),
(97, 367, 367, 371, 17, '103.0000', '2021-04-24 13:43:10', '2021-04-24 13:43:10'),
(98, 325, 325, 329, 17, '47.0000', '2021-04-24 13:44:06', '2021-04-24 13:44:06'),
(99, 313, 313, 317, 17, '92.0000', '2021-04-24 13:44:30', '2021-04-24 13:44:30'),
(100, 376, 376, 380, 17, '94.0000', '2021-04-24 13:44:48', '2021-04-24 13:44:48'),
(101, 375, 375, 379, 17, '108.0000', '2021-04-24 13:45:04', '2021-04-24 13:45:04'),
(102, 397, 397, 401, 17, '5.0000', '2021-04-24 13:45:36', '2021-04-24 13:45:36'),
(103, 368, 368, 372, 17, '32.0000', '2021-04-24 13:46:11', '2021-04-24 13:46:11'),
(104, 416, 416, 420, 17, '3.0000', '2021-04-24 13:50:06', '2021-04-24 13:50:06'),
(105, 417, 417, 421, 17, '2.0000', '2021-04-24 13:52:00', '2021-04-24 13:52:00'),
(106, 418, 418, 422, 17, '1.0000', '2021-04-24 13:52:50', '2021-04-24 13:52:50'),
(107, 333, 333, 337, 17, '581.0000', '2021-04-24 13:53:46', '2021-04-24 13:53:46'),
(108, 338, 338, 342, 17, '35.0000', '2021-04-24 13:56:01', '2021-04-24 13:56:01'),
(109, 340, 340, 344, 17, '28.0000', '2021-04-24 13:56:13', '2021-04-24 13:56:13'),
(110, 421, 421, 425, 10, '998.0000', '2021-06-21 14:34:23', '2021-07-14 20:53:24'),
(111, 422, 422, 426, 20, '139.0000', '2021-07-14 21:11:18', '2021-07-14 21:20:45'),
(112, 423, 423, 427, 21, '-1.0000', '2022-02-18 07:32:41', '2022-03-08 10:57:04'),
(113, 424, 424, 428, 21, '0.0000', '2022-02-19 14:32:33', '2022-03-19 11:10:40');

-- --------------------------------------------------------

--
-- Table structure for table `variation_templates`
--

CREATE TABLE `variation_templates` (
  `id` int(10) UNSIGNED NOT NULL,
  `name` varchar(191) COLLATE utf8mb4_unicode_ci NOT NULL,
  `business_id` int(10) UNSIGNED NOT NULL,
  `created_at` timestamp NULL DEFAULT NULL,
  `updated_at` timestamp NULL DEFAULT NULL
) ENGINE=InnoDB DEFAULT CHARSET=utf8mb4 COLLATE=utf8mb4_unicode_ci;

--
-- Dumping data for table `variation_templates`
--

INSERT INTO `variation_templates` (`id`, `name`, `business_id`, `created_at`, `updated_at`) VALUES
(1, 'Size', 10, '2021-02-06 03:19:50', '2021-02-06 03:19:50');

-- --------------------------------------------------------

--
-- Table structure for table `variation_value_templates`
--

CREATE TABLE `variation_value_templates` (
  `id` int(10) UNSIGNED NOT NULL,
  `name` varchar(191) COLLATE utf8mb4_unicode_ci NOT NULL,
  `variation_template_id` int(10) UNSIGNED NOT NULL,
  `created_at` timestamp NULL DEFAULT NULL,
  `updated_at` timestamp NULL DEFAULT NULL
) ENGINE=InnoDB DEFAULT CHARSET=utf8mb4 COLLATE=utf8mb4_unicode_ci;

--
-- Dumping data for table `variation_value_templates`
--

INSERT INTO `variation_value_templates` (`id`, `name`, `variation_template_id`, `created_at`, `updated_at`) VALUES
(1, 'm', 1, '2021-02-06 03:19:50', '2021-02-06 03:19:50'),
(2, 'x', 1, '2021-02-06 03:19:50', '2021-02-06 03:19:50'),
(3, 'xxl', 1, '2021-02-06 03:19:50', '2021-02-06 03:19:50');

-- --------------------------------------------------------

--
-- Table structure for table `warranties`
--

CREATE TABLE `warranties` (
  `id` int(10) UNSIGNED NOT NULL,
  `name` varchar(191) COLLATE utf8mb4_unicode_ci NOT NULL,
  `business_id` int(11) NOT NULL,
  `description` text COLLATE utf8mb4_unicode_ci,
  `duration` int(11) NOT NULL,
  `duration_type` enum('days','months','years') COLLATE utf8mb4_unicode_ci NOT NULL,
  `created_at` timestamp NULL DEFAULT NULL,
  `updated_at` timestamp NULL DEFAULT NULL
) ENGINE=InnoDB DEFAULT CHARSET=utf8mb4 COLLATE=utf8mb4_unicode_ci;

--
-- Indexes for dumped tables
--

--
-- Indexes for table `accounts`
--
ALTER TABLE `accounts`
  ADD PRIMARY KEY (`id`),
  ADD KEY `accounts_business_id_index` (`business_id`),
  ADD KEY `accounts_account_type_id_index` (`account_type_id`),
  ADD KEY `accounts_created_by_index` (`created_by`);

--
-- Indexes for table `account_transactions`
--
ALTER TABLE `account_transactions`
  ADD PRIMARY KEY (`id`),
  ADD KEY `account_transactions_account_id_index` (`account_id`),
  ADD KEY `account_transactions_transaction_id_index` (`transaction_id`),
  ADD KEY `account_transactions_transaction_payment_id_index` (`transaction_payment_id`),
  ADD KEY `account_transactions_transfer_transaction_id_index` (`transfer_transaction_id`),
  ADD KEY `account_transactions_created_by_index` (`created_by`),
  ADD KEY `account_transactions_type_index` (`type`),
  ADD KEY `account_transactions_sub_type_index` (`sub_type`),
  ADD KEY `account_transactions_operation_date_index` (`operation_date`);

--
-- Indexes for table `account_types`
--
ALTER TABLE `account_types`
  ADD PRIMARY KEY (`id`),
  ADD KEY `account_types_parent_account_type_id_index` (`parent_account_type_id`),
  ADD KEY `account_types_business_id_index` (`business_id`);

--
-- Indexes for table `activity_log`
--
ALTER TABLE `activity_log`
  ADD PRIMARY KEY (`id`),
  ADD KEY `activity_log_log_name_index` (`log_name`);

--
-- Indexes for table `barcodes`
--
ALTER TABLE `barcodes`
  ADD PRIMARY KEY (`id`),
  ADD KEY `barcodes_business_id_foreign` (`business_id`);

--
-- Indexes for table `bookings`
--
ALTER TABLE `bookings`
  ADD PRIMARY KEY (`id`),
  ADD KEY `bookings_contact_id_foreign` (`contact_id`),
  ADD KEY `bookings_business_id_foreign` (`business_id`),
  ADD KEY `bookings_created_by_foreign` (`created_by`),
  ADD KEY `bookings_table_id_index` (`table_id`),
  ADD KEY `bookings_waiter_id_index` (`waiter_id`),
  ADD KEY `bookings_location_id_index` (`location_id`),
  ADD KEY `bookings_booking_status_index` (`booking_status`),
  ADD KEY `bookings_correspondent_id_index` (`correspondent_id`);

--
-- Indexes for table `brands`
--
ALTER TABLE `brands`
  ADD PRIMARY KEY (`id`),
  ADD KEY `brands_business_id_foreign` (`business_id`),
  ADD KEY `brands_created_by_foreign` (`created_by`);

--
-- Indexes for table `business`
--
ALTER TABLE `business`
  ADD PRIMARY KEY (`id`),
  ADD KEY `business_owner_id_foreign` (`owner_id`),
  ADD KEY `business_currency_id_foreign` (`currency_id`),
  ADD KEY `business_default_sales_tax_foreign` (`default_sales_tax`);

--
-- Indexes for table `business_locations`
--
ALTER TABLE `business_locations`
  ADD PRIMARY KEY (`id`),
  ADD KEY `business_locations_business_id_index` (`business_id`),
  ADD KEY `business_locations_invoice_scheme_id_foreign` (`invoice_scheme_id`),
  ADD KEY `business_locations_invoice_layout_id_foreign` (`invoice_layout_id`),
  ADD KEY `business_locations_sale_invoice_layout_id_index` (`sale_invoice_layout_id`),
  ADD KEY `business_locations_selling_price_group_id_index` (`selling_price_group_id`),
  ADD KEY `business_locations_receipt_printer_type_index` (`receipt_printer_type`),
  ADD KEY `business_locations_printer_id_index` (`printer_id`);

--
-- Indexes for table `cash_registers`
--
ALTER TABLE `cash_registers`
  ADD PRIMARY KEY (`id`),
  ADD KEY `cash_registers_business_id_foreign` (`business_id`),
  ADD KEY `cash_registers_user_id_foreign` (`user_id`),
  ADD KEY `cash_registers_location_id_index` (`location_id`);

--
-- Indexes for table `cash_register_transactions`
--
ALTER TABLE `cash_register_transactions`
  ADD PRIMARY KEY (`id`),
  ADD KEY `cash_register_transactions_cash_register_id_foreign` (`cash_register_id`),
  ADD KEY `cash_register_transactions_transaction_id_index` (`transaction_id`),
  ADD KEY `cash_register_transactions_type_index` (`type`),
  ADD KEY `cash_register_transactions_transaction_type_index` (`transaction_type`);

--
-- Indexes for table `categories`
--
ALTER TABLE `categories`
  ADD PRIMARY KEY (`id`),
  ADD KEY `categories_business_id_foreign` (`business_id`),
  ADD KEY `categories_created_by_foreign` (`created_by`),
  ADD KEY `categories_parent_id_index` (`parent_id`);

--
-- Indexes for table `categorizables`
--
ALTER TABLE `categorizables`
  ADD KEY `categorizables_categorizable_type_categorizable_id_index` (`categorizable_type`,`categorizable_id`);

--
-- Indexes for table `contacts`
--
ALTER TABLE `contacts`
  ADD PRIMARY KEY (`id`),
  ADD KEY `contacts_business_id_foreign` (`business_id`),
  ADD KEY `contacts_created_by_foreign` (`created_by`),
  ADD KEY `contacts_contact_status_index` (`contact_status`),
  ADD KEY `contacts_crm_source_index` (`crm_source`),
  ADD KEY `contacts_crm_life_stage_index` (`crm_life_stage`),
  ADD KEY `contacts_converted_by_index` (`converted_by`);

--
-- Indexes for table `crm_call_logs`
--
ALTER TABLE `crm_call_logs`
  ADD PRIMARY KEY (`id`),
  ADD KEY `crm_call_logs_business_id_index` (`business_id`),
  ADD KEY `crm_call_logs_user_id_index` (`user_id`),
  ADD KEY `crm_call_logs_contact_id_index` (`contact_id`),
  ADD KEY `crm_call_logs_created_by_index` (`created_by`);

--
-- Indexes for table `crm_campaigns`
--
ALTER TABLE `crm_campaigns`
  ADD PRIMARY KEY (`id`),
  ADD KEY `crm_campaigns_business_id_foreign` (`business_id`),
  ADD KEY `crm_campaigns_created_by_index` (`created_by`);

--
-- Indexes for table `crm_lead_users`
--
ALTER TABLE `crm_lead_users`
  ADD PRIMARY KEY (`id`),
  ADD KEY `crm_lead_users_user_id_index` (`user_id`),
  ADD KEY `crm_lead_users_contact_id_index` (`contact_id`);

--
-- Indexes for table `crm_proposals`
--
ALTER TABLE `crm_proposals`
  ADD PRIMARY KEY (`id`),
  ADD KEY `crm_proposals_business_id_foreign` (`business_id`),
  ADD KEY `crm_proposals_contact_id_foreign` (`contact_id`),
  ADD KEY `crm_proposals_sent_by_index` (`sent_by`);

--
-- Indexes for table `crm_proposal_templates`
--
ALTER TABLE `crm_proposal_templates`
  ADD PRIMARY KEY (`id`),
  ADD KEY `crm_proposal_templates_business_id_foreign` (`business_id`),
  ADD KEY `crm_proposal_templates_created_by_index` (`created_by`);

--
-- Indexes for table `crm_schedules`
--
ALTER TABLE `crm_schedules`
  ADD PRIMARY KEY (`id`),
  ADD KEY `crm_schedules_created_by_index` (`created_by`),
  ADD KEY `crm_schedules_business_id_index` (`business_id`),
  ADD KEY `crm_schedules_contact_id_index` (`contact_id`),
  ADD KEY `crm_schedules_schedule_type_index` (`schedule_type`),
  ADD KEY `crm_schedules_notify_type_index` (`notify_type`);

--
-- Indexes for table `crm_schedule_logs`
--
ALTER TABLE `crm_schedule_logs`
  ADD PRIMARY KEY (`id`),
  ADD KEY `crm_schedule_logs_schedule_id_foreign` (`schedule_id`),
  ADD KEY `crm_schedule_logs_created_by_index` (`created_by`);

--
-- Indexes for table `crm_schedule_users`
--
ALTER TABLE `crm_schedule_users`
  ADD PRIMARY KEY (`id`),
  ADD KEY `crm_schedule_users_schedule_id_foreign` (`schedule_id`),
  ADD KEY `crm_schedule_users_user_id_index` (`user_id`);

--
-- Indexes for table `currencies`
--
ALTER TABLE `currencies`
  ADD PRIMARY KEY (`id`);

--
-- Indexes for table `customer_groups`
--
ALTER TABLE `customer_groups`
  ADD PRIMARY KEY (`id`),
  ADD KEY `customer_groups_business_id_foreign` (`business_id`),
  ADD KEY `customer_groups_created_by_index` (`created_by`),
  ADD KEY `customer_groups_price_calculation_type_index` (`price_calculation_type`),
  ADD KEY `customer_groups_selling_price_group_id_index` (`selling_price_group_id`);

--
-- Indexes for table `dashboard_configurations`
--
ALTER TABLE `dashboard_configurations`
  ADD PRIMARY KEY (`id`),
  ADD KEY `dashboard_configurations_business_id_foreign` (`business_id`);

--
-- Indexes for table `discounts`
--
ALTER TABLE `discounts`
  ADD PRIMARY KEY (`id`),
  ADD KEY `discounts_business_id_index` (`business_id`),
  ADD KEY `discounts_brand_id_index` (`brand_id`),
  ADD KEY `discounts_category_id_index` (`category_id`),
  ADD KEY `discounts_location_id_index` (`location_id`),
  ADD KEY `discounts_priority_index` (`priority`),
  ADD KEY `discounts_spg_index` (`spg`);

--
-- Indexes for table `discount_variations`
--
ALTER TABLE `discount_variations`
  ADD KEY `discount_variations_discount_id_index` (`discount_id`),
  ADD KEY `discount_variations_variation_id_index` (`variation_id`);

--
-- Indexes for table `document_and_notes`
--
ALTER TABLE `document_and_notes`
  ADD PRIMARY KEY (`id`),
  ADD KEY `document_and_notes_business_id_index` (`business_id`),
  ADD KEY `document_and_notes_notable_id_index` (`notable_id`),
  ADD KEY `document_and_notes_created_by_index` (`created_by`);

--
-- Indexes for table `expense_categories`
--
ALTER TABLE `expense_categories`
  ADD PRIMARY KEY (`id`),
  ADD KEY `expense_categories_business_id_foreign` (`business_id`);

--
-- Indexes for table `group_sub_taxes`
--
ALTER TABLE `group_sub_taxes`
  ADD KEY `group_sub_taxes_group_tax_id_foreign` (`group_tax_id`),
  ADD KEY `group_sub_taxes_tax_id_foreign` (`tax_id`);

--
-- Indexes for table `invoice_layouts`
--
ALTER TABLE `invoice_layouts`
  ADD PRIMARY KEY (`id`),
  ADD KEY `invoice_layouts_business_id_foreign` (`business_id`);

--
-- Indexes for table `invoice_schemes`
--
ALTER TABLE `invoice_schemes`
  ADD PRIMARY KEY (`id`),
  ADD KEY `invoice_schemes_business_id_foreign` (`business_id`),
  ADD KEY `invoice_schemes_scheme_type_index` (`scheme_type`);

--
-- Indexes for table `media`
--
ALTER TABLE `media`
  ADD PRIMARY KEY (`id`),
  ADD KEY `media_model_type_model_id_index` (`model_type`,`model_id`),
  ADD KEY `media_business_id_index` (`business_id`),
  ADD KEY `media_uploaded_by_index` (`uploaded_by`);

--
-- Indexes for table `mfg_ingredient_groups`
--
ALTER TABLE `mfg_ingredient_groups`
  ADD PRIMARY KEY (`id`);

--
-- Indexes for table `mfg_recipes`
--
ALTER TABLE `mfg_recipes`
  ADD PRIMARY KEY (`id`),
  ADD KEY `mfg_recipes_product_id_index` (`product_id`),
  ADD KEY `mfg_recipes_variation_id_index` (`variation_id`);

--
-- Indexes for table `mfg_recipe_ingredients`
--
ALTER TABLE `mfg_recipe_ingredients`
  ADD PRIMARY KEY (`id`),
  ADD KEY `mfg_recipe_ingredients_mfg_recipe_id_foreign` (`mfg_recipe_id`);

--
-- Indexes for table `migrations`
--
ALTER TABLE `migrations`
  ADD PRIMARY KEY (`id`);

--
-- Indexes for table `model_has_permissions`
--
ALTER TABLE `model_has_permissions`
  ADD PRIMARY KEY (`permission_id`,`model_id`,`model_type`),
  ADD KEY `model_has_permissions_model_type_model_id_index` (`model_type`,`model_id`);

--
-- Indexes for table `model_has_roles`
--
ALTER TABLE `model_has_roles`
  ADD PRIMARY KEY (`role_id`,`model_id`,`model_type`),
  ADD KEY `model_has_roles_model_type_model_id_index` (`model_type`,`model_id`);

--
-- Indexes for table `notifications`
--
ALTER TABLE `notifications`
  ADD PRIMARY KEY (`id`),
  ADD KEY `notifications_notifiable_type_notifiable_id_index` (`notifiable_type`,`notifiable_id`);

--
-- Indexes for table `notification_templates`
--
ALTER TABLE `notification_templates`
  ADD PRIMARY KEY (`id`);

--
-- Indexes for table `oauth_access_tokens`
--
ALTER TABLE `oauth_access_tokens`
  ADD PRIMARY KEY (`id`),
  ADD KEY `oauth_access_tokens_user_id_index` (`user_id`);

--
-- Indexes for table `oauth_auth_codes`
--
ALTER TABLE `oauth_auth_codes`
  ADD PRIMARY KEY (`id`);

--
-- Indexes for table `oauth_clients`
--
ALTER TABLE `oauth_clients`
  ADD PRIMARY KEY (`id`),
  ADD KEY `oauth_clients_user_id_index` (`user_id`);

--
-- Indexes for table `oauth_personal_access_clients`
--
ALTER TABLE `oauth_personal_access_clients`
  ADD PRIMARY KEY (`id`),
  ADD KEY `oauth_personal_access_clients_client_id_index` (`client_id`);

--
-- Indexes for table `oauth_refresh_tokens`
--
ALTER TABLE `oauth_refresh_tokens`
  ADD PRIMARY KEY (`id`),
  ADD KEY `oauth_refresh_tokens_access_token_id_index` (`access_token_id`);

--
-- Indexes for table `packages`
--
ALTER TABLE `packages`
  ADD PRIMARY KEY (`id`);

--
-- Indexes for table `password_resets`
--
ALTER TABLE `password_resets`
  ADD KEY `password_resets_email_index` (`email`);

--
-- Indexes for table `permissions`
--
ALTER TABLE `permissions`
  ADD PRIMARY KEY (`id`);

--
-- Indexes for table `printers`
--
ALTER TABLE `printers`
  ADD PRIMARY KEY (`id`),
  ADD KEY `printers_business_id_foreign` (`business_id`);

--
-- Indexes for table `products`
--
ALTER TABLE `products`
  ADD PRIMARY KEY (`id`),
  ADD KEY `products_brand_id_foreign` (`brand_id`),
  ADD KEY `products_category_id_foreign` (`category_id`),
  ADD KEY `products_sub_category_id_foreign` (`sub_category_id`),
  ADD KEY `products_tax_foreign` (`tax`),
  ADD KEY `products_name_index` (`name`),
  ADD KEY `products_business_id_index` (`business_id`),
  ADD KEY `products_unit_id_index` (`unit_id`),
  ADD KEY `products_created_by_index` (`created_by`),
  ADD KEY `products_warranty_id_index` (`warranty_id`),
  ADD KEY `products_type_index` (`type`),
  ADD KEY `products_tax_type_index` (`tax_type`),
  ADD KEY `products_barcode_type_index` (`barcode_type`);

--
-- Indexes for table `product_locations`
--
ALTER TABLE `product_locations`
  ADD KEY `product_locations_product_id_index` (`product_id`),
  ADD KEY `product_locations_location_id_index` (`location_id`);

--
-- Indexes for table `product_racks`
--
ALTER TABLE `product_racks`
  ADD PRIMARY KEY (`id`),
  ADD KEY `product_racks_business_id_index` (`business_id`),
  ADD KEY `product_racks_location_id_index` (`location_id`),
  ADD KEY `product_racks_product_id_index` (`product_id`);

--
-- Indexes for table `product_variations`
--
ALTER TABLE `product_variations`
  ADD PRIMARY KEY (`id`),
  ADD KEY `product_variations_name_index` (`name`),
  ADD KEY `product_variations_product_id_index` (`product_id`);

--
-- Indexes for table `purchase_lines`
--
ALTER TABLE `purchase_lines`
  ADD PRIMARY KEY (`id`),
  ADD KEY `purchase_lines_transaction_id_foreign` (`transaction_id`),
  ADD KEY `purchase_lines_product_id_foreign` (`product_id`),
  ADD KEY `purchase_lines_variation_id_foreign` (`variation_id`),
  ADD KEY `purchase_lines_tax_id_foreign` (`tax_id`),
  ADD KEY `purchase_lines_sub_unit_id_index` (`sub_unit_id`),
  ADD KEY `purchase_lines_lot_number_index` (`lot_number`);

--
-- Indexes for table `reference_counts`
--
ALTER TABLE `reference_counts`
  ADD PRIMARY KEY (`id`),
  ADD KEY `reference_counts_business_id_index` (`business_id`);

--
-- Indexes for table `res_product_modifier_sets`
--
ALTER TABLE `res_product_modifier_sets`
  ADD KEY `res_product_modifier_sets_modifier_set_id_foreign` (`modifier_set_id`);

--
-- Indexes for table `res_tables`
--
ALTER TABLE `res_tables`
  ADD PRIMARY KEY (`id`),
  ADD KEY `res_tables_business_id_foreign` (`business_id`);

--
-- Indexes for table `roles`
--
ALTER TABLE `roles`
  ADD PRIMARY KEY (`id`),
  ADD KEY `roles_business_id_foreign` (`business_id`);

--
-- Indexes for table `role_has_permissions`
--
ALTER TABLE `role_has_permissions`
  ADD PRIMARY KEY (`permission_id`,`role_id`),
  ADD KEY `role_has_permissions_role_id_foreign` (`role_id`);

--
-- Indexes for table `selling_price_groups`
--
ALTER TABLE `selling_price_groups`
  ADD PRIMARY KEY (`id`),
  ADD KEY `selling_price_groups_business_id_foreign` (`business_id`);

--
-- Indexes for table `sessions`
--
ALTER TABLE `sessions`
  ADD UNIQUE KEY `sessions_id_unique` (`id`);

--
-- Indexes for table `stock_adjustment_lines`
--
ALTER TABLE `stock_adjustment_lines`
  ADD PRIMARY KEY (`id`),
  ADD KEY `stock_adjustment_lines_product_id_foreign` (`product_id`),
  ADD KEY `stock_adjustment_lines_variation_id_foreign` (`variation_id`),
  ADD KEY `stock_adjustment_lines_transaction_id_index` (`transaction_id`),
  ADD KEY `stock_adjustment_lines_lot_no_line_id_index` (`lot_no_line_id`);

--
-- Indexes for table `subscriptions`
--
ALTER TABLE `subscriptions`
  ADD PRIMARY KEY (`id`),
  ADD KEY `subscriptions_business_id_foreign` (`business_id`),
  ADD KEY `subscriptions_package_id_index` (`package_id`),
  ADD KEY `subscriptions_created_id_index` (`created_id`);

--
-- Indexes for table `superadmin_communicator_logs`
--
ALTER TABLE `superadmin_communicator_logs`
  ADD PRIMARY KEY (`id`);

--
-- Indexes for table `superadmin_frontend_pages`
--
ALTER TABLE `superadmin_frontend_pages`
  ADD PRIMARY KEY (`id`);

--
-- Indexes for table `system`
--
ALTER TABLE `system`
  ADD PRIMARY KEY (`id`);

--
-- Indexes for table `tax_rates`
--
ALTER TABLE `tax_rates`
  ADD PRIMARY KEY (`id`),
  ADD KEY `tax_rates_business_id_foreign` (`business_id`),
  ADD KEY `tax_rates_created_by_foreign` (`created_by`);

--
-- Indexes for table `transactions`
--
ALTER TABLE `transactions`
  ADD PRIMARY KEY (`id`),
  ADD KEY `transactions_tax_id_foreign` (`tax_id`),
  ADD KEY `transactions_business_id_index` (`business_id`),
  ADD KEY `transactions_type_index` (`type`),
  ADD KEY `transactions_contact_id_index` (`contact_id`),
  ADD KEY `transactions_transaction_date_index` (`transaction_date`),
  ADD KEY `transactions_created_by_index` (`created_by`),
  ADD KEY `transactions_location_id_index` (`location_id`),
  ADD KEY `transactions_expense_for_foreign` (`expense_for`),
  ADD KEY `transactions_expense_category_id_index` (`expense_category_id`),
  ADD KEY `transactions_sub_type_index` (`sub_type`),
  ADD KEY `transactions_return_parent_id_index` (`return_parent_id`),
  ADD KEY `type` (`type`),
  ADD KEY `transactions_status_index` (`status`),
  ADD KEY `transactions_sub_status_index` (`sub_status`),
  ADD KEY `transactions_res_table_id_index` (`res_table_id`),
  ADD KEY `transactions_res_waiter_id_index` (`res_waiter_id`),
  ADD KEY `transactions_res_order_status_index` (`res_order_status`),
  ADD KEY `transactions_payment_status_index` (`payment_status`),
  ADD KEY `transactions_discount_type_index` (`discount_type`),
  ADD KEY `transactions_commission_agent_index` (`commission_agent`),
  ADD KEY `transactions_transfer_parent_id_index` (`transfer_parent_id`),
  ADD KEY `transactions_types_of_service_id_index` (`types_of_service_id`),
  ADD KEY `transactions_packing_charge_type_index` (`packing_charge_type`),
  ADD KEY `transactions_recur_parent_id_index` (`recur_parent_id`),
  ADD KEY `transactions_selling_price_group_id_index` (`selling_price_group_id`);

--
-- Indexes for table `transaction_payments`
--
ALTER TABLE `transaction_payments`
  ADD PRIMARY KEY (`id`),
  ADD KEY `transaction_payments_transaction_id_foreign` (`transaction_id`),
  ADD KEY `transaction_payments_created_by_index` (`created_by`),
  ADD KEY `transaction_payments_parent_id_index` (`parent_id`);

--
-- Indexes for table `transaction_sell_lines`
--
ALTER TABLE `transaction_sell_lines`
  ADD PRIMARY KEY (`id`),
  ADD KEY `transaction_sell_lines_transaction_id_foreign` (`transaction_id`),
  ADD KEY `transaction_sell_lines_product_id_foreign` (`product_id`),
  ADD KEY `transaction_sell_lines_variation_id_foreign` (`variation_id`),
  ADD KEY `transaction_sell_lines_tax_id_foreign` (`tax_id`),
  ADD KEY `transaction_sell_lines_children_type_index` (`children_type`),
  ADD KEY `transaction_sell_lines_parent_sell_line_id_index` (`parent_sell_line_id`),
  ADD KEY `transaction_sell_lines_line_discount_type_index` (`line_discount_type`),
  ADD KEY `transaction_sell_lines_discount_id_index` (`discount_id`),
  ADD KEY `transaction_sell_lines_lot_no_line_id_index` (`lot_no_line_id`),
  ADD KEY `transaction_sell_lines_sub_unit_id_index` (`sub_unit_id`);

--
-- Indexes for table `transaction_sell_lines_purchase_lines`
--
ALTER TABLE `transaction_sell_lines_purchase_lines`
  ADD PRIMARY KEY (`id`),
  ADD KEY `sell_line_id` (`sell_line_id`),
  ADD KEY `stock_adjustment_line_id` (`stock_adjustment_line_id`),
  ADD KEY `purchase_line_id` (`purchase_line_id`);

--
-- Indexes for table `types_of_services`
--
ALTER TABLE `types_of_services`
  ADD PRIMARY KEY (`id`),
  ADD KEY `types_of_services_business_id_index` (`business_id`);

--
-- Indexes for table `units`
--
ALTER TABLE `units`
  ADD PRIMARY KEY (`id`),
  ADD KEY `units_business_id_foreign` (`business_id`),
  ADD KEY `units_created_by_foreign` (`created_by`),
  ADD KEY `units_base_unit_id_index` (`base_unit_id`);

--
-- Indexes for table `users`
--
ALTER TABLE `users`
  ADD PRIMARY KEY (`id`),
  ADD UNIQUE KEY `users_username_unique` (`username`),
  ADD KEY `users_business_id_foreign` (`business_id`),
  ADD KEY `users_user_type_index` (`user_type`),
  ADD KEY `users_crm_contact_id_foreign` (`crm_contact_id`),
  ADD KEY `users_crm_contact_id_index` (`crm_contact_id`);

--
-- Indexes for table `user_contact_access`
--
ALTER TABLE `user_contact_access`
  ADD PRIMARY KEY (`id`),
  ADD KEY `user_contact_access_user_id_index` (`user_id`),
  ADD KEY `user_contact_access_contact_id_index` (`contact_id`);

--
-- Indexes for table `variations`
--
ALTER TABLE `variations`
  ADD PRIMARY KEY (`id`),
  ADD KEY `variations_product_id_foreign` (`product_id`),
  ADD KEY `variations_product_variation_id_foreign` (`product_variation_id`),
  ADD KEY `variations_name_index` (`name`),
  ADD KEY `variations_sub_sku_index` (`sub_sku`),
  ADD KEY `variations_variation_value_id_index` (`variation_value_id`);

--
-- Indexes for table `variation_group_prices`
--
ALTER TABLE `variation_group_prices`
  ADD PRIMARY KEY (`id`),
  ADD KEY `variation_group_prices_variation_id_foreign` (`variation_id`),
  ADD KEY `variation_group_prices_price_group_id_foreign` (`price_group_id`);

--
-- Indexes for table `variation_location_details`
--
ALTER TABLE `variation_location_details`
  ADD PRIMARY KEY (`id`),
  ADD KEY `variation_location_details_location_id_foreign` (`location_id`),
  ADD KEY `variation_location_details_product_id_index` (`product_id`),
  ADD KEY `variation_location_details_product_variation_id_index` (`product_variation_id`),
  ADD KEY `variation_location_details_variation_id_index` (`variation_id`);

--
-- Indexes for table `variation_templates`
--
ALTER TABLE `variation_templates`
  ADD PRIMARY KEY (`id`),
  ADD KEY `variation_templates_business_id_foreign` (`business_id`);

--
-- Indexes for table `variation_value_templates`
--
ALTER TABLE `variation_value_templates`
  ADD PRIMARY KEY (`id`),
  ADD KEY `variation_value_templates_name_index` (`name`),
  ADD KEY `variation_value_templates_variation_template_id_index` (`variation_template_id`);

--
-- Indexes for table `warranties`
--
ALTER TABLE `warranties`
  ADD PRIMARY KEY (`id`),
  ADD KEY `warranties_business_id_index` (`business_id`),
  ADD KEY `warranties_duration_type_index` (`duration_type`);

--
-- AUTO_INCREMENT for dumped tables
--

--
-- AUTO_INCREMENT for table `accounts`
--
ALTER TABLE `accounts`
  MODIFY `id` int(10) UNSIGNED NOT NULL AUTO_INCREMENT, AUTO_INCREMENT=3;

--
-- AUTO_INCREMENT for table `account_transactions`
--
ALTER TABLE `account_transactions`
  MODIFY `id` int(10) UNSIGNED NOT NULL AUTO_INCREMENT, AUTO_INCREMENT=4;

--
-- AUTO_INCREMENT for table `account_types`
--
ALTER TABLE `account_types`
  MODIFY `id` int(10) UNSIGNED NOT NULL AUTO_INCREMENT, AUTO_INCREMENT=5;

--
-- AUTO_INCREMENT for table `activity_log`
--
ALTER TABLE `activity_log`
  MODIFY `id` int(10) UNSIGNED NOT NULL AUTO_INCREMENT, AUTO_INCREMENT=301;

--
-- AUTO_INCREMENT for table `barcodes`
--
ALTER TABLE `barcodes`
  MODIFY `id` int(10) UNSIGNED NOT NULL AUTO_INCREMENT, AUTO_INCREMENT=7;

--
-- AUTO_INCREMENT for table `bookings`
--
ALTER TABLE `bookings`
  MODIFY `id` int(10) UNSIGNED NOT NULL AUTO_INCREMENT, AUTO_INCREMENT=6;

--
-- AUTO_INCREMENT for table `brands`
--
ALTER TABLE `brands`
  MODIFY `id` int(10) UNSIGNED NOT NULL AUTO_INCREMENT, AUTO_INCREMENT=5;

--
-- AUTO_INCREMENT for table `business`
--
ALTER TABLE `business`
  MODIFY `id` int(10) UNSIGNED NOT NULL AUTO_INCREMENT, AUTO_INCREMENT=21;

--
-- AUTO_INCREMENT for table `business_locations`
--
ALTER TABLE `business_locations`
  MODIFY `id` int(10) UNSIGNED NOT NULL AUTO_INCREMENT, AUTO_INCREMENT=22;

--
-- AUTO_INCREMENT for table `cash_registers`
--
ALTER TABLE `cash_registers`
  MODIFY `id` int(10) UNSIGNED NOT NULL AUTO_INCREMENT, AUTO_INCREMENT=23;

--
-- AUTO_INCREMENT for table `cash_register_transactions`
--
ALTER TABLE `cash_register_transactions`
  MODIFY `id` int(10) UNSIGNED NOT NULL AUTO_INCREMENT, AUTO_INCREMENT=191;

--
-- AUTO_INCREMENT for table `categories`
--
ALTER TABLE `categories`
  MODIFY `id` int(10) UNSIGNED NOT NULL AUTO_INCREMENT, AUTO_INCREMENT=38;

--
-- AUTO_INCREMENT for table `contacts`
--
ALTER TABLE `contacts`
  MODIFY `id` int(10) UNSIGNED NOT NULL AUTO_INCREMENT, AUTO_INCREMENT=45;

--
-- AUTO_INCREMENT for table `crm_call_logs`
--
ALTER TABLE `crm_call_logs`
  MODIFY `id` bigint(20) UNSIGNED NOT NULL AUTO_INCREMENT;

--
-- AUTO_INCREMENT for table `crm_campaigns`
--
ALTER TABLE `crm_campaigns`
  MODIFY `id` bigint(20) UNSIGNED NOT NULL AUTO_INCREMENT, AUTO_INCREMENT=2;

--
-- AUTO_INCREMENT for table `crm_lead_users`
--
ALTER TABLE `crm_lead_users`
  MODIFY `id` bigint(20) UNSIGNED NOT NULL AUTO_INCREMENT, AUTO_INCREMENT=6;

--
-- AUTO_INCREMENT for table `crm_proposals`
--
ALTER TABLE `crm_proposals`
  MODIFY `id` bigint(20) UNSIGNED NOT NULL AUTO_INCREMENT;

--
-- AUTO_INCREMENT for table `crm_proposal_templates`
--
ALTER TABLE `crm_proposal_templates`
  MODIFY `id` bigint(20) UNSIGNED NOT NULL AUTO_INCREMENT, AUTO_INCREMENT=3;

--
-- AUTO_INCREMENT for table `crm_schedules`
--
ALTER TABLE `crm_schedules`
  MODIFY `id` bigint(20) UNSIGNED NOT NULL AUTO_INCREMENT, AUTO_INCREMENT=5;

--
-- AUTO_INCREMENT for table `crm_schedule_logs`
--
ALTER TABLE `crm_schedule_logs`
  MODIFY `id` bigint(20) UNSIGNED NOT NULL AUTO_INCREMENT, AUTO_INCREMENT=4;

--
-- AUTO_INCREMENT for table `crm_schedule_users`
--
ALTER TABLE `crm_schedule_users`
  MODIFY `id` bigint(20) UNSIGNED NOT NULL AUTO_INCREMENT, AUTO_INCREMENT=7;

--
-- AUTO_INCREMENT for table `currencies`
--
ALTER TABLE `currencies`
  MODIFY `id` int(10) UNSIGNED NOT NULL AUTO_INCREMENT, AUTO_INCREMENT=141;

--
-- AUTO_INCREMENT for table `customer_groups`
--
ALTER TABLE `customer_groups`
  MODIFY `id` int(10) UNSIGNED NOT NULL AUTO_INCREMENT;

--
-- AUTO_INCREMENT for table `dashboard_configurations`
--
ALTER TABLE `dashboard_configurations`
  MODIFY `id` int(10) UNSIGNED NOT NULL AUTO_INCREMENT;

--
-- AUTO_INCREMENT for table `discounts`
--
ALTER TABLE `discounts`
  MODIFY `id` int(10) UNSIGNED NOT NULL AUTO_INCREMENT;

--
-- AUTO_INCREMENT for table `document_and_notes`
--
ALTER TABLE `document_and_notes`
  MODIFY `id` int(10) UNSIGNED NOT NULL AUTO_INCREMENT;

--
-- AUTO_INCREMENT for table `expense_categories`
--
ALTER TABLE `expense_categories`
  MODIFY `id` int(10) UNSIGNED NOT NULL AUTO_INCREMENT, AUTO_INCREMENT=6;

--
-- AUTO_INCREMENT for table `invoice_layouts`
--
ALTER TABLE `invoice_layouts`
  MODIFY `id` int(10) UNSIGNED NOT NULL AUTO_INCREMENT, AUTO_INCREMENT=21;

--
-- AUTO_INCREMENT for table `invoice_schemes`
--
ALTER TABLE `invoice_schemes`
  MODIFY `id` int(10) UNSIGNED NOT NULL AUTO_INCREMENT, AUTO_INCREMENT=22;

--
-- AUTO_INCREMENT for table `media`
--
ALTER TABLE `media`
  MODIFY `id` int(10) UNSIGNED NOT NULL AUTO_INCREMENT, AUTO_INCREMENT=22;

--
-- AUTO_INCREMENT for table `mfg_ingredient_groups`
--
ALTER TABLE `mfg_ingredient_groups`
  MODIFY `id` int(10) UNSIGNED NOT NULL AUTO_INCREMENT, AUTO_INCREMENT=2;

--
-- AUTO_INCREMENT for table `mfg_recipes`
--
ALTER TABLE `mfg_recipes`
  MODIFY `id` int(10) UNSIGNED NOT NULL AUTO_INCREMENT, AUTO_INCREMENT=57;

--
-- AUTO_INCREMENT for table `mfg_recipe_ingredients`
--
ALTER TABLE `mfg_recipe_ingredients`
  MODIFY `id` int(10) UNSIGNED NOT NULL AUTO_INCREMENT, AUTO_INCREMENT=374;

--
-- AUTO_INCREMENT for table `migrations`
--
ALTER TABLE `migrations`
  MODIFY `id` int(10) UNSIGNED NOT NULL AUTO_INCREMENT, AUTO_INCREMENT=331;

--
-- AUTO_INCREMENT for table `notification_templates`
--
ALTER TABLE `notification_templates`
  MODIFY `id` int(10) UNSIGNED NOT NULL AUTO_INCREMENT, AUTO_INCREMENT=175;

--
-- AUTO_INCREMENT for table `oauth_clients`
--
ALTER TABLE `oauth_clients`
  MODIFY `id` int(10) UNSIGNED NOT NULL AUTO_INCREMENT;

--
-- AUTO_INCREMENT for table `oauth_personal_access_clients`
--
ALTER TABLE `oauth_personal_access_clients`
  MODIFY `id` int(10) UNSIGNED NOT NULL AUTO_INCREMENT;

--
-- AUTO_INCREMENT for table `packages`
--
ALTER TABLE `packages`
  MODIFY `id` int(10) UNSIGNED NOT NULL AUTO_INCREMENT, AUTO_INCREMENT=6;

--
-- AUTO_INCREMENT for table `permissions`
--
ALTER TABLE `permissions`
  MODIFY `id` int(10) UNSIGNED NOT NULL AUTO_INCREMENT, AUTO_INCREMENT=116;

--
-- AUTO_INCREMENT for table `printers`
--
ALTER TABLE `printers`
  MODIFY `id` int(10) UNSIGNED NOT NULL AUTO_INCREMENT;

--
-- AUTO_INCREMENT for table `products`
--
ALTER TABLE `products`
  MODIFY `id` int(10) UNSIGNED NOT NULL AUTO_INCREMENT, AUTO_INCREMENT=425;

--
-- AUTO_INCREMENT for table `product_racks`
--
ALTER TABLE `product_racks`
  MODIFY `id` int(10) UNSIGNED NOT NULL AUTO_INCREMENT, AUTO_INCREMENT=142;

--
-- AUTO_INCREMENT for table `product_variations`
--
ALTER TABLE `product_variations`
  MODIFY `id` int(10) UNSIGNED NOT NULL AUTO_INCREMENT, AUTO_INCREMENT=425;

--
-- AUTO_INCREMENT for table `purchase_lines`
--
ALTER TABLE `purchase_lines`
  MODIFY `id` int(10) UNSIGNED NOT NULL AUTO_INCREMENT, AUTO_INCREMENT=138;

--
-- AUTO_INCREMENT for table `reference_counts`
--
ALTER TABLE `reference_counts`
  MODIFY `id` int(10) UNSIGNED NOT NULL AUTO_INCREMENT, AUTO_INCREMENT=83;

--
-- AUTO_INCREMENT for table `res_tables`
--
ALTER TABLE `res_tables`
  MODIFY `id` int(10) UNSIGNED NOT NULL AUTO_INCREMENT, AUTO_INCREMENT=14;

--
-- AUTO_INCREMENT for table `roles`
--
ALTER TABLE `roles`
  MODIFY `id` int(10) UNSIGNED NOT NULL AUTO_INCREMENT, AUTO_INCREMENT=46;

--
-- AUTO_INCREMENT for table `selling_price_groups`
--
ALTER TABLE `selling_price_groups`
  MODIFY `id` int(10) UNSIGNED NOT NULL AUTO_INCREMENT;

--
-- AUTO_INCREMENT for table `stock_adjustment_lines`
--
ALTER TABLE `stock_adjustment_lines`
  MODIFY `id` int(10) UNSIGNED NOT NULL AUTO_INCREMENT, AUTO_INCREMENT=5;

--
-- AUTO_INCREMENT for table `subscriptions`
--
ALTER TABLE `subscriptions`
  MODIFY `id` int(10) UNSIGNED NOT NULL AUTO_INCREMENT, AUTO_INCREMENT=23;

--
-- AUTO_INCREMENT for table `superadmin_communicator_logs`
--
ALTER TABLE `superadmin_communicator_logs`
  MODIFY `id` int(10) UNSIGNED NOT NULL AUTO_INCREMENT;

--
-- AUTO_INCREMENT for table `superadmin_frontend_pages`
--
ALTER TABLE `superadmin_frontend_pages`
  MODIFY `id` int(10) UNSIGNED NOT NULL AUTO_INCREMENT;

--
-- AUTO_INCREMENT for table `system`
--
ALTER TABLE `system`
  MODIFY `id` int(10) UNSIGNED NOT NULL AUTO_INCREMENT, AUTO_INCREMENT=29;

--
-- AUTO_INCREMENT for table `tax_rates`
--
ALTER TABLE `tax_rates`
  MODIFY `id` int(10) UNSIGNED NOT NULL AUTO_INCREMENT, AUTO_INCREMENT=4;

--
-- AUTO_INCREMENT for table `transactions`
--
ALTER TABLE `transactions`
  MODIFY `id` int(10) UNSIGNED NOT NULL AUTO_INCREMENT, AUTO_INCREMENT=319;

--
-- AUTO_INCREMENT for table `transaction_payments`
--
ALTER TABLE `transaction_payments`
  MODIFY `id` int(10) UNSIGNED NOT NULL AUTO_INCREMENT, AUTO_INCREMENT=135;

--
-- AUTO_INCREMENT for table `transaction_sell_lines`
--
ALTER TABLE `transaction_sell_lines`
  MODIFY `id` int(10) UNSIGNED NOT NULL AUTO_INCREMENT, AUTO_INCREMENT=330;

--
-- AUTO_INCREMENT for table `transaction_sell_lines_purchase_lines`
--
ALTER TABLE `transaction_sell_lines_purchase_lines`
  MODIFY `id` int(10) UNSIGNED NOT NULL AUTO_INCREMENT, AUTO_INCREMENT=260;

--
-- AUTO_INCREMENT for table `types_of_services`
--
ALTER TABLE `types_of_services`
  MODIFY `id` int(10) UNSIGNED NOT NULL AUTO_INCREMENT, AUTO_INCREMENT=5;

--
-- AUTO_INCREMENT for table `units`
--
ALTER TABLE `units`
  MODIFY `id` int(10) UNSIGNED NOT NULL AUTO_INCREMENT, AUTO_INCREMENT=50;

--
-- AUTO_INCREMENT for table `users`
--
ALTER TABLE `users`
  MODIFY `id` int(10) UNSIGNED NOT NULL AUTO_INCREMENT, AUTO_INCREMENT=35;

--
-- AUTO_INCREMENT for table `user_contact_access`
--
ALTER TABLE `user_contact_access`
  MODIFY `id` int(10) UNSIGNED NOT NULL AUTO_INCREMENT;

--
-- AUTO_INCREMENT for table `variations`
--
ALTER TABLE `variations`
  MODIFY `id` int(10) UNSIGNED NOT NULL AUTO_INCREMENT, AUTO_INCREMENT=429;

--
-- AUTO_INCREMENT for table `variation_group_prices`
--
ALTER TABLE `variation_group_prices`
  MODIFY `id` int(10) UNSIGNED NOT NULL AUTO_INCREMENT;

--
-- AUTO_INCREMENT for table `variation_location_details`
--
ALTER TABLE `variation_location_details`
  MODIFY `id` int(10) UNSIGNED NOT NULL AUTO_INCREMENT, AUTO_INCREMENT=114;

--
-- AUTO_INCREMENT for table `variation_templates`
--
ALTER TABLE `variation_templates`
  MODIFY `id` int(10) UNSIGNED NOT NULL AUTO_INCREMENT, AUTO_INCREMENT=2;

--
-- AUTO_INCREMENT for table `variation_value_templates`
--
ALTER TABLE `variation_value_templates`
  MODIFY `id` int(10) UNSIGNED NOT NULL AUTO_INCREMENT, AUTO_INCREMENT=4;

--
-- AUTO_INCREMENT for table `warranties`
--
ALTER TABLE `warranties`
  MODIFY `id` int(10) UNSIGNED NOT NULL AUTO_INCREMENT;

--
-- Constraints for dumped tables
--

--
-- Constraints for table `barcodes`
--
ALTER TABLE `barcodes`
  ADD CONSTRAINT `barcodes_business_id_foreign` FOREIGN KEY (`business_id`) REFERENCES `business` (`id`) ON DELETE CASCADE;

--
-- Constraints for table `bookings`
--
ALTER TABLE `bookings`
  ADD CONSTRAINT `bookings_business_id_foreign` FOREIGN KEY (`business_id`) REFERENCES `business` (`id`) ON DELETE CASCADE,
  ADD CONSTRAINT `bookings_contact_id_foreign` FOREIGN KEY (`contact_id`) REFERENCES `contacts` (`id`) ON DELETE CASCADE,
  ADD CONSTRAINT `bookings_created_by_foreign` FOREIGN KEY (`created_by`) REFERENCES `users` (`id`) ON DELETE CASCADE;

--
-- Constraints for table `brands`
--
ALTER TABLE `brands`
  ADD CONSTRAINT `brands_business_id_foreign` FOREIGN KEY (`business_id`) REFERENCES `business` (`id`) ON DELETE CASCADE,
  ADD CONSTRAINT `brands_created_by_foreign` FOREIGN KEY (`created_by`) REFERENCES `users` (`id`) ON DELETE CASCADE;

--
-- Constraints for table `business`
--
ALTER TABLE `business`
  ADD CONSTRAINT `business_currency_id_foreign` FOREIGN KEY (`currency_id`) REFERENCES `currencies` (`id`),
  ADD CONSTRAINT `business_default_sales_tax_foreign` FOREIGN KEY (`default_sales_tax`) REFERENCES `tax_rates` (`id`),
  ADD CONSTRAINT `business_owner_id_foreign` FOREIGN KEY (`owner_id`) REFERENCES `users` (`id`) ON DELETE CASCADE;

--
-- Constraints for table `business_locations`
--
ALTER TABLE `business_locations`
  ADD CONSTRAINT `business_locations_business_id_foreign` FOREIGN KEY (`business_id`) REFERENCES `business` (`id`) ON DELETE CASCADE,
  ADD CONSTRAINT `business_locations_invoice_layout_id_foreign` FOREIGN KEY (`invoice_layout_id`) REFERENCES `invoice_layouts` (`id`) ON DELETE CASCADE,
  ADD CONSTRAINT `business_locations_invoice_scheme_id_foreign` FOREIGN KEY (`invoice_scheme_id`) REFERENCES `invoice_schemes` (`id`) ON DELETE CASCADE;

--
-- Constraints for table `cash_registers`
--
ALTER TABLE `cash_registers`
  ADD CONSTRAINT `cash_registers_business_id_foreign` FOREIGN KEY (`business_id`) REFERENCES `business` (`id`) ON DELETE CASCADE,
  ADD CONSTRAINT `cash_registers_user_id_foreign` FOREIGN KEY (`user_id`) REFERENCES `users` (`id`) ON DELETE CASCADE;

--
-- Constraints for table `cash_register_transactions`
--
ALTER TABLE `cash_register_transactions`
  ADD CONSTRAINT `cash_register_transactions_cash_register_id_foreign` FOREIGN KEY (`cash_register_id`) REFERENCES `cash_registers` (`id`) ON DELETE CASCADE;

--
-- Constraints for table `categories`
--
ALTER TABLE `categories`
  ADD CONSTRAINT `categories_business_id_foreign` FOREIGN KEY (`business_id`) REFERENCES `business` (`id`) ON DELETE CASCADE,
  ADD CONSTRAINT `categories_created_by_foreign` FOREIGN KEY (`created_by`) REFERENCES `users` (`id`) ON DELETE CASCADE;

--
-- Constraints for table `contacts`
--
ALTER TABLE `contacts`
  ADD CONSTRAINT `contacts_business_id_foreign` FOREIGN KEY (`business_id`) REFERENCES `business` (`id`) ON DELETE CASCADE,
  ADD CONSTRAINT `contacts_created_by_foreign` FOREIGN KEY (`created_by`) REFERENCES `users` (`id`) ON DELETE CASCADE;

--
-- Constraints for table `crm_campaigns`
--
ALTER TABLE `crm_campaigns`
  ADD CONSTRAINT `crm_campaigns_business_id_foreign` FOREIGN KEY (`business_id`) REFERENCES `business` (`id`) ON DELETE CASCADE;

--
-- Constraints for table `crm_lead_users`
--
ALTER TABLE `crm_lead_users`
  ADD CONSTRAINT `crm_lead_users_contact_id_foreign` FOREIGN KEY (`contact_id`) REFERENCES `contacts` (`id`) ON DELETE CASCADE;

--
-- Constraints for table `crm_proposals`
--
ALTER TABLE `crm_proposals`
  ADD CONSTRAINT `crm_proposals_business_id_foreign` FOREIGN KEY (`business_id`) REFERENCES `business` (`id`) ON DELETE CASCADE,
  ADD CONSTRAINT `crm_proposals_contact_id_foreign` FOREIGN KEY (`contact_id`) REFERENCES `contacts` (`id`) ON DELETE CASCADE;

--
-- Constraints for table `crm_proposal_templates`
--
ALTER TABLE `crm_proposal_templates`
  ADD CONSTRAINT `crm_proposal_templates_business_id_foreign` FOREIGN KEY (`business_id`) REFERENCES `business` (`id`) ON DELETE CASCADE;

--
-- Constraints for table `crm_schedules`
--
ALTER TABLE `crm_schedules`
  ADD CONSTRAINT `crm_schedules_business_id_foreign` FOREIGN KEY (`business_id`) REFERENCES `business` (`id`) ON DELETE CASCADE;

--
-- Constraints for table `crm_schedule_logs`
--
ALTER TABLE `crm_schedule_logs`
  ADD CONSTRAINT `crm_schedule_logs_schedule_id_foreign` FOREIGN KEY (`schedule_id`) REFERENCES `crm_schedules` (`id`) ON DELETE CASCADE;

--
-- Constraints for table `crm_schedule_users`
--
ALTER TABLE `crm_schedule_users`
  ADD CONSTRAINT `crm_schedule_users_schedule_id_foreign` FOREIGN KEY (`schedule_id`) REFERENCES `crm_schedules` (`id`) ON DELETE CASCADE;

--
-- Constraints for table `customer_groups`
--
ALTER TABLE `customer_groups`
  ADD CONSTRAINT `customer_groups_business_id_foreign` FOREIGN KEY (`business_id`) REFERENCES `business` (`id`) ON DELETE CASCADE;

--
-- Constraints for table `dashboard_configurations`
--
ALTER TABLE `dashboard_configurations`
  ADD CONSTRAINT `dashboard_configurations_business_id_foreign` FOREIGN KEY (`business_id`) REFERENCES `business` (`id`) ON DELETE CASCADE;

--
-- Constraints for table `expense_categories`
--
ALTER TABLE `expense_categories`
  ADD CONSTRAINT `expense_categories_business_id_foreign` FOREIGN KEY (`business_id`) REFERENCES `business` (`id`) ON DELETE CASCADE;

--
-- Constraints for table `group_sub_taxes`
--
ALTER TABLE `group_sub_taxes`
  ADD CONSTRAINT `group_sub_taxes_group_tax_id_foreign` FOREIGN KEY (`group_tax_id`) REFERENCES `tax_rates` (`id`) ON DELETE CASCADE,
  ADD CONSTRAINT `group_sub_taxes_tax_id_foreign` FOREIGN KEY (`tax_id`) REFERENCES `tax_rates` (`id`) ON DELETE CASCADE;

--
-- Constraints for table `invoice_layouts`
--
ALTER TABLE `invoice_layouts`
  ADD CONSTRAINT `invoice_layouts_business_id_foreign` FOREIGN KEY (`business_id`) REFERENCES `business` (`id`) ON DELETE CASCADE;

--
-- Constraints for table `invoice_schemes`
--
ALTER TABLE `invoice_schemes`
  ADD CONSTRAINT `invoice_schemes_business_id_foreign` FOREIGN KEY (`business_id`) REFERENCES `business` (`id`) ON DELETE CASCADE;

--
-- Constraints for table `mfg_recipe_ingredients`
--
ALTER TABLE `mfg_recipe_ingredients`
  ADD CONSTRAINT `mfg_recipe_ingredients_mfg_recipe_id_foreign` FOREIGN KEY (`mfg_recipe_id`) REFERENCES `mfg_recipes` (`id`) ON DELETE CASCADE;

--
-- Constraints for table `model_has_permissions`
--
ALTER TABLE `model_has_permissions`
  ADD CONSTRAINT `model_has_permissions_permission_id_foreign` FOREIGN KEY (`permission_id`) REFERENCES `permissions` (`id`) ON DELETE CASCADE;

--
-- Constraints for table `model_has_roles`
--
ALTER TABLE `model_has_roles`
  ADD CONSTRAINT `model_has_roles_role_id_foreign` FOREIGN KEY (`role_id`) REFERENCES `roles` (`id`) ON DELETE CASCADE;

--
-- Constraints for table `printers`
--
ALTER TABLE `printers`
  ADD CONSTRAINT `printers_business_id_foreign` FOREIGN KEY (`business_id`) REFERENCES `business` (`id`) ON DELETE CASCADE;

--
-- Constraints for table `products`
--
ALTER TABLE `products`
  ADD CONSTRAINT `products_brand_id_foreign` FOREIGN KEY (`brand_id`) REFERENCES `brands` (`id`) ON DELETE CASCADE,
  ADD CONSTRAINT `products_business_id_foreign` FOREIGN KEY (`business_id`) REFERENCES `business` (`id`) ON DELETE CASCADE,
  ADD CONSTRAINT `products_category_id_foreign` FOREIGN KEY (`category_id`) REFERENCES `categories` (`id`) ON DELETE CASCADE,
  ADD CONSTRAINT `products_created_by_foreign` FOREIGN KEY (`created_by`) REFERENCES `users` (`id`) ON DELETE CASCADE,
  ADD CONSTRAINT `products_sub_category_id_foreign` FOREIGN KEY (`sub_category_id`) REFERENCES `categories` (`id`) ON DELETE CASCADE,
  ADD CONSTRAINT `products_tax_foreign` FOREIGN KEY (`tax`) REFERENCES `tax_rates` (`id`),
  ADD CONSTRAINT `products_unit_id_foreign` FOREIGN KEY (`unit_id`) REFERENCES `units` (`id`) ON DELETE CASCADE;

--
-- Constraints for table `product_variations`
--
ALTER TABLE `product_variations`
  ADD CONSTRAINT `product_variations_product_id_foreign` FOREIGN KEY (`product_id`) REFERENCES `products` (`id`) ON DELETE CASCADE;

--
-- Constraints for table `purchase_lines`
--
ALTER TABLE `purchase_lines`
  ADD CONSTRAINT `purchase_lines_product_id_foreign` FOREIGN KEY (`product_id`) REFERENCES `products` (`id`) ON DELETE CASCADE,
  ADD CONSTRAINT `purchase_lines_tax_id_foreign` FOREIGN KEY (`tax_id`) REFERENCES `tax_rates` (`id`) ON DELETE CASCADE,
  ADD CONSTRAINT `purchase_lines_transaction_id_foreign` FOREIGN KEY (`transaction_id`) REFERENCES `transactions` (`id`) ON DELETE CASCADE,
  ADD CONSTRAINT `purchase_lines_variation_id_foreign` FOREIGN KEY (`variation_id`) REFERENCES `variations` (`id`) ON DELETE CASCADE;

--
-- Constraints for table `res_product_modifier_sets`
--
ALTER TABLE `res_product_modifier_sets`
  ADD CONSTRAINT `res_product_modifier_sets_modifier_set_id_foreign` FOREIGN KEY (`modifier_set_id`) REFERENCES `products` (`id`) ON DELETE CASCADE;

--
-- Constraints for table `res_tables`
--
ALTER TABLE `res_tables`
  ADD CONSTRAINT `res_tables_business_id_foreign` FOREIGN KEY (`business_id`) REFERENCES `business` (`id`) ON DELETE CASCADE;

--
-- Constraints for table `roles`
--
ALTER TABLE `roles`
  ADD CONSTRAINT `roles_business_id_foreign` FOREIGN KEY (`business_id`) REFERENCES `business` (`id`) ON DELETE CASCADE;

--
-- Constraints for table `role_has_permissions`
--
ALTER TABLE `role_has_permissions`
  ADD CONSTRAINT `role_has_permissions_permission_id_foreign` FOREIGN KEY (`permission_id`) REFERENCES `permissions` (`id`) ON DELETE CASCADE,
  ADD CONSTRAINT `role_has_permissions_role_id_foreign` FOREIGN KEY (`role_id`) REFERENCES `roles` (`id`) ON DELETE CASCADE;

--
-- Constraints for table `selling_price_groups`
--
ALTER TABLE `selling_price_groups`
  ADD CONSTRAINT `selling_price_groups_business_id_foreign` FOREIGN KEY (`business_id`) REFERENCES `business` (`id`) ON DELETE CASCADE;

--
-- Constraints for table `stock_adjustment_lines`
--
ALTER TABLE `stock_adjustment_lines`
  ADD CONSTRAINT `stock_adjustment_lines_product_id_foreign` FOREIGN KEY (`product_id`) REFERENCES `products` (`id`) ON DELETE CASCADE,
  ADD CONSTRAINT `stock_adjustment_lines_transaction_id_foreign` FOREIGN KEY (`transaction_id`) REFERENCES `transactions` (`id`) ON DELETE CASCADE,
  ADD CONSTRAINT `stock_adjustment_lines_variation_id_foreign` FOREIGN KEY (`variation_id`) REFERENCES `variations` (`id`) ON DELETE CASCADE;

--
-- Constraints for table `subscriptions`
--
ALTER TABLE `subscriptions`
  ADD CONSTRAINT `subscriptions_business_id_foreign` FOREIGN KEY (`business_id`) REFERENCES `business` (`id`) ON DELETE CASCADE;

--
-- Constraints for table `tax_rates`
--
ALTER TABLE `tax_rates`
  ADD CONSTRAINT `tax_rates_business_id_foreign` FOREIGN KEY (`business_id`) REFERENCES `business` (`id`) ON DELETE CASCADE,
  ADD CONSTRAINT `tax_rates_created_by_foreign` FOREIGN KEY (`created_by`) REFERENCES `users` (`id`) ON DELETE CASCADE;

--
-- Constraints for table `transactions`
--
ALTER TABLE `transactions`
  ADD CONSTRAINT `transactions_business_id_foreign` FOREIGN KEY (`business_id`) REFERENCES `business` (`id`) ON DELETE CASCADE,
  ADD CONSTRAINT `transactions_contact_id_foreign` FOREIGN KEY (`contact_id`) REFERENCES `contacts` (`id`) ON DELETE CASCADE,
  ADD CONSTRAINT `transactions_created_by_foreign` FOREIGN KEY (`created_by`) REFERENCES `users` (`id`) ON DELETE CASCADE,
  ADD CONSTRAINT `transactions_expense_category_id_foreign` FOREIGN KEY (`expense_category_id`) REFERENCES `expense_categories` (`id`) ON DELETE CASCADE,
  ADD CONSTRAINT `transactions_expense_for_foreign` FOREIGN KEY (`expense_for`) REFERENCES `users` (`id`) ON DELETE CASCADE,
  ADD CONSTRAINT `transactions_location_id_foreign` FOREIGN KEY (`location_id`) REFERENCES `business_locations` (`id`),
  ADD CONSTRAINT `transactions_tax_id_foreign` FOREIGN KEY (`tax_id`) REFERENCES `tax_rates` (`id`) ON DELETE CASCADE;

--
-- Constraints for table `transaction_payments`
--
ALTER TABLE `transaction_payments`
  ADD CONSTRAINT `transaction_payments_transaction_id_foreign` FOREIGN KEY (`transaction_id`) REFERENCES `transactions` (`id`) ON DELETE CASCADE;

--
-- Constraints for table `transaction_sell_lines`
--
ALTER TABLE `transaction_sell_lines`
  ADD CONSTRAINT `transaction_sell_lines_product_id_foreign` FOREIGN KEY (`product_id`) REFERENCES `products` (`id`) ON DELETE CASCADE,
  ADD CONSTRAINT `transaction_sell_lines_tax_id_foreign` FOREIGN KEY (`tax_id`) REFERENCES `tax_rates` (`id`) ON DELETE CASCADE,
  ADD CONSTRAINT `transaction_sell_lines_transaction_id_foreign` FOREIGN KEY (`transaction_id`) REFERENCES `transactions` (`id`) ON DELETE CASCADE,
  ADD CONSTRAINT `transaction_sell_lines_variation_id_foreign` FOREIGN KEY (`variation_id`) REFERENCES `variations` (`id`) ON DELETE CASCADE;

--
-- Constraints for table `units`
--
ALTER TABLE `units`
  ADD CONSTRAINT `units_business_id_foreign` FOREIGN KEY (`business_id`) REFERENCES `business` (`id`) ON DELETE CASCADE,
  ADD CONSTRAINT `units_created_by_foreign` FOREIGN KEY (`created_by`) REFERENCES `users` (`id`) ON DELETE CASCADE;

--
-- Constraints for table `users`
--
ALTER TABLE `users`
  ADD CONSTRAINT `users_business_id_foreign` FOREIGN KEY (`business_id`) REFERENCES `business` (`id`) ON DELETE CASCADE,
  ADD CONSTRAINT `users_crm_contact_id_foreign` FOREIGN KEY (`crm_contact_id`) REFERENCES `contacts` (`id`) ON DELETE CASCADE;

--
-- Constraints for table `variations`
--
ALTER TABLE `variations`
  ADD CONSTRAINT `variations_product_id_foreign` FOREIGN KEY (`product_id`) REFERENCES `products` (`id`) ON DELETE CASCADE,
  ADD CONSTRAINT `variations_product_variation_id_foreign` FOREIGN KEY (`product_variation_id`) REFERENCES `product_variations` (`id`) ON DELETE CASCADE;

--
-- Constraints for table `variation_group_prices`
--
ALTER TABLE `variation_group_prices`
  ADD CONSTRAINT `variation_group_prices_price_group_id_foreign` FOREIGN KEY (`price_group_id`) REFERENCES `selling_price_groups` (`id`) ON DELETE CASCADE,
  ADD CONSTRAINT `variation_group_prices_variation_id_foreign` FOREIGN KEY (`variation_id`) REFERENCES `variations` (`id`) ON DELETE CASCADE;

--
-- Constraints for table `variation_location_details`
--
ALTER TABLE `variation_location_details`
  ADD CONSTRAINT `variation_location_details_location_id_foreign` FOREIGN KEY (`location_id`) REFERENCES `business_locations` (`id`),
  ADD CONSTRAINT `variation_location_details_variation_id_foreign` FOREIGN KEY (`variation_id`) REFERENCES `variations` (`id`);

--
-- Constraints for table `variation_templates`
--
ALTER TABLE `variation_templates`
  ADD CONSTRAINT `variation_templates_business_id_foreign` FOREIGN KEY (`business_id`) REFERENCES `business` (`id`) ON DELETE CASCADE;

--
-- Constraints for table `variation_value_templates`
--
ALTER TABLE `variation_value_templates`
  ADD CONSTRAINT `variation_value_templates_variation_template_id_foreign` FOREIGN KEY (`variation_template_id`) REFERENCES `variation_templates` (`id`) ON DELETE CASCADE;
COMMIT;

/*!40101 SET CHARACTER_SET_CLIENT=@OLD_CHARACTER_SET_CLIENT */;
/*!40101 SET CHARACTER_SET_RESULTS=@OLD_CHARACTER_SET_RESULTS */;
/*!40101 SET COLLATION_CONNECTION=@OLD_COLLATION_CONNECTION */;
